Timestamp,Campaign,Split,TT-1006.PV,FRC-1004.PV,FT-1004.PV,FT-1003.PV,total_flow_kgh,X_conv_r1_deployed,X_conv_r0,DP_reactor_kPa,PT-1004.PV,PT-1100.PV,AT-1100.PV,TT-1100.PV,FT-1300.PV,FT-1001.PV,FT-1201.PV,FT-1002.PV,dT_adiabatic_C
2025-10-12 15:00:00,10/12,정상운전검사,341.57,5.0,3000.0,15000.0,18000.0,0.6059825136598193,0.6154941961631916,29.22000000000025,2575.8,2521.58,37.378,440.571,9671.539,5328.461,5114.984,15000.0,99.00100000000003
2025-10-12 15:01:00,10/12,정상운전검사,341.57,5.0,3000.0,15000.0,18000.0,0.6059825136598193,0.6154941961631916,29.22000000000025,2575.8,2521.58,37.378,440.571,9671.539,5328.461,5114.984,15000.0,99.00100000000003
2025-10-12 15:02:00,10/12,정상운전검사,341.57,5.0,3000.0,15000.0,18000.0,0.6059825136598193,0.6154941961631916,29.22000000000025,2575.8,2521.58,37.378,440.571,9671.539,5328.461,5114.984,15000.0,99.00100000000003
2025-10-12 15:03:00,10/12,정상운전검사,341.57,5.0,3000.0,15000.0,18000.0,0.6059825136598193,0.6154941961631916,29.22000000000025,2575.8,2521.58,37.378,440.571,9671.539,5328.461,5114.984,15000.0,99.00100000000003
2025-10-12 15:04:00,10/12,정상운전검사,341.57,5.0,3000.0,15000.0,18000.0,0.6059825136598193,0.6154941961631916,29.22000000000025,2575.8,2521.58,37.378,440.571,9671.539,5328.461,5114.984,15000.0,99.00100000000003
2025-10-12 15:05:00,10/12,정상운전검사,341.57,5.0,3000.0,15000.0,18000.0,0.6059825136598193,0.6154941961631916,29.22000000000025,2575.8,2521.58,37.378,440.571,9671.539,5328.461,5114.984,15000.0,99.00100000000003
2025-10-12 15:06:00,10/12,정상운전검사,341.57,5.0,3000.0,15000.0,18000.0,0.6059825136598193,0.6154941961631916,29.22000000000025,2575.8,2521.58,37.378,440.571,9671.539,5328.461,5114.984,15000.0,99.00100000000003
2025-10-12 15:07:00,10/12,정상운전검사,341.57,5.0,3000.0,15000.0,18000.0,0.6059825136598193,0.6154941961631916,29.22000000000025,2575.8,2521.58,37.378,440.571,9671.539,5328.461,5114.984,15000.0,99.00100000000003
2025-10-12 15:08:00,10/12,정상운전검사,341.57,5.0,3000.0,15000.0,18000.0,0.6059825136598193,0.6154941961631916,29.22000000000025,2575.8,2521.58,37.378,440.571,9671.539,5328.461,5114.984,15000.0,99.00100000000003
2025-10-12 15:09:00,10/12,정상운전검사,341.57,5.0,3000.0,15000.0,18000.0,0.6059825136598193,0.6154941961631916,29.22000000000025,2575.8,2521.58,37.378,440.571,9671.539,5328.461,5114.984,15000.0,99.00100000000003
2025-10-12 15:10:00,10/12,정상운전검사,341.57,5.0,3000.0,15000.0,18000.0,0.6059825136598193,0.6154941961631916,29.22000000000025,2575.8,2521.58,37.378,440.571,9671.539,5328.461,5114.984,15000.0,99.00100000000003
2025-10-12 15:11:00,10/12,정상운전검사,341.57,5.0,3000.0,15000.0,18000.0,0.6059825136598193,0.6154941961631916,29.22000000000025,2575.8,2521.58,37.378,440.571,9671.539,5328.461,5114.984,15000.0,99.00100000000003
2025-10-12 15:12:00,10/12,정상운전검사,341.57,5.0,3000.0,15000.0,18000.0,0.6059825136598193,0.6154941961631916,29.22000000000025,2575.8,2521.58,37.378,440.571,9671.539,5328.461,5114.984,15000.0,99.00100000000003
2025-10-12 15:13:00,10/12,정상운전검사,341.57,5.0,3000.0,15000.0,18000.0,0.6059825136598193,0.6154941961631916,29.22000000000025,2575.8,2521.58,37.378,440.571,9671.539,5328.461,5114.984,15000.0,99.00100000000003
2025-10-12 15:14:00,10/12,정상운전검사,341.57,5.0,3000.0,15000.0,18000.0,0.6059825136598193,0.6154941961631916,29.22000000000025,2575.8,2521.58,37.378,440.571,9671.539,5328.461,5114.984,15000.0,99.00100000000003
2025-10-12 15:15:00,10/12,정상운전검사,341.57,5.0,3000.0,15000.0,18000.0,0.6059825136598193,0.6154941961631916,29.22000000000025,2575.8,2521.58,37.378,440.571,9671.539,5328.461,5114.984,15000.0,99.00100000000003
2025-10-12 15:16:00,10/12,정상운전검사,341.57,5.0,3000.0,15000.0,18000.0,0.6059825136598193,0.6154941961631916,29.22000000000025,2575.8,2521.58,37.378,440.571,9671.539,5328.461,5114.984,15000.0,99.00100000000003
2025-10-12 15:17:00,10/12,정상운전검사,341.57,5.0,3000.0,15000.0,18000.0,0.6059825136598193,0.6154941961631916,29.22000000000025,2575.8,2521.58,37.378,440.571,9671.539,5328.461,5114.984,15000.0,99.00100000000003
2025-10-12 15:18:00,10/12,정상운전검사,341.57,5.0,3000.0,15000.0,18000.0,0.6059825136598193,0.6154941961631916,29.22000000000025,2575.8,2521.58,37.378,440.571,9671.539,5328.461,5114.984,15000.0,99.00100000000003
2025-10-12 15:19:00,10/12,정상운전검사,341.57,5.0,3000.0,15000.0,18000.0,0.6059825136598193,0.6154941961631916,29.22000000000025,2575.8,2521.58,37.378,440.571,9671.539,5328.461,5114.984,15000.0,99.00100000000003
2025-10-12 15:20:00,10/12,정상운전검사,341.57,5.0,3000.0,15000.0,18000.0,0.6059825136598193,0.6154941961631916,29.22000000000025,2575.8,2521.58,37.378,440.571,9671.539,5328.461,5114.984,15000.0,99.00100000000003
2025-10-12 15:21:00,10/12,정상운전검사,341.57,5.0,3000.0,15000.0,18000.0,0.6059825136598193,0.6154941961631916,29.22000000000025,2575.8,2521.58,37.378,440.571,9671.539,5328.461,5114.984,15000.0,99.00100000000003
2025-10-12 15:22:00,10/12,정상운전검사,341.57,5.0,3000.0,15000.0,18000.0,0.6059825136598193,0.6154941961631916,29.22000000000025,2575.8,2521.58,37.378,440.571,9671.539,5328.461,5114.984,15000.0,99.00100000000003
2025-10-12 15:23:00,10/12,정상운전검사,341.57,5.0,3000.0,15000.0,18000.0,0.6059825136598193,0.6154941961631916,29.22000000000025,2575.8,2521.58,37.378,440.571,9671.539,5328.461,5114.984,15000.0,99.00100000000003
2025-10-12 15:24:00,10/12,정상운전검사,341.57,5.0,3000.0,15000.0,18000.0,0.6059825136598193,0.6154941961631916,29.22000000000025,2575.8,2521.58,37.378,440.571,9671.539,5328.461,5114.984,15000.0,99.00100000000003
2025-10-12 15:25:00,10/12,정상운전검사,341.57,5.0,3000.0,15000.0,18000.0,0.6059825136598193,0.6154941961631916,29.22000000000025,2575.8,2521.58,37.378,440.571,9671.539,5328.461,5114.984,15000.0,99.00100000000003
2025-10-12 15:26:00,10/12,정상운전검사,341.57,5.0,3000.0,15000.0,18000.0,0.6059825136598193,0.6154941961631916,29.22000000000025,2575.8,2521.58,37.378,440.571,9671.539,5328.461,5114.984,15000.0,99.00100000000003
2025-10-12 15:27:00,10/12,정상운전검사,341.57,5.0,3000.0,15000.0,18000.0,0.6059825136598193,0.6154941961631916,29.22000000000025,2575.8,2521.58,37.378,440.571,9671.539,5328.461,5114.984,15000.0,99.00100000000003
2025-10-12 15:28:00,10/12,정상운전검사,341.57,5.0,3000.0,15000.0,18000.0,0.6059825136598193,0.6154941961631916,29.22000000000025,2575.8,2521.58,37.378,440.571,9671.539,5328.461,5114.984,15000.0,99.00100000000003
2025-10-12 15:29:00,10/12,정상운전검사,341.57,5.0,3000.0,15000.0,18000.0,0.6059825136598193,0.6154941961631916,29.22000000000025,2575.8,2521.58,37.378,440.571,9671.539,5328.461,5114.984,15000.0,99.00100000000003
2025-10-12 15:30:00,10/12,정상운전검사,341.57,5.0,3000.0,15000.0,18000.0,0.6059825136598193,0.6154941961631916,29.22000000000025,2575.8,2521.58,37.378,440.571,9671.539,5328.461,5114.984,15000.0,99.00100000000003
2025-10-12 15:31:00,10/12,정상운전검사,341.57,5.0,3000.0,15000.0,18000.0,0.6059825136598193,0.6154941961631916,29.22000000000025,2575.8,2521.58,37.378,440.571,9671.539,5328.461,5114.984,15000.0,99.00100000000003
2025-10-12 15:32:00,10/12,정상운전검사,341.57,5.0,3000.0,15000.0,18000.0,0.6059825136598193,0.6154941961631916,29.22000000000025,2575.8,2521.58,37.378,440.571,9671.539,5328.461,5114.984,15000.0,99.00100000000003
2025-10-12 15:33:00,10/12,정상운전검사,341.57,5.0,3000.0,15000.0,18000.0,0.6059825136598193,0.6154941961631916,29.22000000000025,2575.8,2521.58,37.378,440.571,9671.539,5328.461,5114.984,15000.0,99.00100000000003
2025-10-12 15:34:00,10/12,정상운전검사,341.57,5.0,3000.0,15000.0,18000.0,0.6059825136598193,0.6154941961631916,29.22000000000025,2575.8,2521.58,37.378,440.571,9671.539,5328.461,5114.984,15000.0,99.00100000000003
2025-10-12 15:35:00,10/12,정상운전검사,341.57,5.0,3000.0,15000.0,18000.0,0.6059825136598193,0.6154941961631916,29.22000000000025,2575.8,2521.58,37.378,440.571,9671.539,5328.461,5114.984,15000.0,99.00100000000003
2025-10-12 15:36:00,10/12,정상운전검사,341.57,5.0,3000.0,15000.0,18000.0,0.6059825136598193,0.6154941961631916,29.22000000000025,2575.8,2521.58,37.378,440.571,9671.539,5328.461,5114.984,15000.0,99.00100000000003
2025-10-12 15:37:00,10/12,정상운전검사,341.57,5.0,3000.0,15000.0,18000.0,0.6059825136598193,0.6154941961631916,29.22000000000025,2575.8,2521.58,37.378,440.571,9671.539,5328.461,5114.984,15000.0,99.00100000000003
2025-10-12 15:38:00,10/12,정상운전검사,341.57,5.0,3000.0,15000.0,18000.0,0.6059825136598193,0.6154941961631916,29.22000000000025,2575.8,2521.58,37.378,440.571,9671.539,5328.461,5114.984,15000.0,99.00100000000003
2025-10-12 15:39:00,10/12,정상운전검사,341.57,5.0,3000.0,15000.0,18000.0,0.6059825136598193,0.6154941961631916,29.22000000000025,2575.8,2521.58,37.378,440.571,9671.539,5328.461,5114.984,15000.0,99.00100000000003
2025-10-12 15:40:00,10/12,정상운전검사,341.57,5.0,3000.0,15000.0,18000.0,0.6059825136598193,0.6154941961631916,29.22000000000025,2575.8,2521.58,37.378,440.571,9671.539,5328.461,5114.984,15000.0,99.00100000000003
2025-10-12 15:41:00,10/12,정상운전검사,341.57,5.0,3000.0,15000.0,18000.0,0.6059825136598193,0.6154941961631916,29.22000000000025,2575.8,2521.58,37.378,440.571,9671.539,5328.461,5114.984,15000.0,99.00100000000003
2025-10-12 15:42:00,10/12,정상운전검사,341.57,5.0,3000.0,15000.0,18000.0,0.6059825136598193,0.6154941961631916,29.22000000000025,2575.8,2521.58,37.378,440.571,9671.539,5328.461,5114.984,15000.0,99.00100000000003
2025-10-12 15:43:00,10/12,정상운전검사,341.57,5.0,3000.0,15000.0,18000.0,0.6059825136598193,0.6154941961631916,29.22000000000025,2575.8,2521.58,37.378,440.571,9671.539,5328.461,5114.984,15000.0,99.00100000000003
2025-10-12 15:44:00,10/12,정상운전검사,341.57,5.0,3000.0,15000.0,18000.0,0.6059825136598193,0.6154941961631916,29.22000000000025,2575.8,2521.58,37.378,440.571,9671.539,5328.461,5114.984,15000.0,99.00100000000003
2025-10-12 15:45:00,10/12,정상운전검사,341.57,5.0,3000.0,15000.0,18000.0,0.6059825136598193,0.6154941961631916,29.22000000000025,2575.8,2521.58,37.378,440.571,9671.539,5328.461,5114.984,15000.0,99.00100000000003
2025-10-12 15:46:00,10/12,정상운전검사,341.57,5.0,3000.0,15000.0,18000.0,0.6059825136598193,0.6154941961631916,29.22000000000025,2575.8,2521.58,37.378,440.571,9671.539,5328.461,5114.984,15000.0,99.00100000000003
2025-10-12 15:47:00,10/12,정상운전검사,341.57,5.0,3000.0,15000.0,18000.0,0.6059825136598193,0.6154941961631916,29.22000000000025,2575.8,2521.58,37.378,440.571,9671.539,5328.461,5114.984,15000.0,99.00100000000003
2025-10-12 15:48:00,10/12,정상운전검사,341.57,5.0,3000.0,15000.0,18000.0,0.6059825136598193,0.6154941961631916,29.22000000000025,2575.8,2521.58,37.378,440.571,9671.539,5328.461,5114.984,15000.0,99.00100000000003
2025-10-12 15:49:00,10/12,정상운전검사,341.57,5.0,3000.0,15000.0,18000.0,0.6059825136598193,0.6154941961631916,29.22000000000025,2575.8,2521.58,37.378,440.571,9671.539,5328.461,5114.984,15000.0,99.00100000000003
2025-10-12 15:50:00,10/12,정상운전검사,341.57,5.0,3000.0,15000.0,18000.0,0.6059825136598193,0.6154941961631916,29.22000000000025,2575.8,2521.58,37.378,440.571,9671.539,5328.461,5114.984,15000.0,99.00100000000003
2025-10-12 15:51:00,10/12,정상운전검사,341.57,5.0,3000.0,15000.0,18000.0,0.6059825136598193,0.6154941961631916,29.22000000000025,2575.8,2521.58,37.378,440.571,9671.539,5328.461,5114.984,15000.0,99.00100000000003
2025-10-12 15:52:00,10/12,정상운전검사,341.57,5.0,3000.0,15000.0,18000.0,0.6059825136598193,0.6154941961631916,29.22000000000025,2575.8,2521.58,37.378,440.571,9671.539,5328.461,5114.984,15000.0,99.00100000000003
2025-10-12 15:53:00,10/12,정상운전검사,341.57,5.0,3000.0,15000.0,18000.0,0.6059825136598193,0.6154941961631916,29.22000000000025,2575.8,2521.58,37.378,440.571,9671.539,5328.461,5114.984,15000.0,99.00100000000003
2025-10-12 15:54:00,10/12,정상운전검사,341.57,5.0,3000.0,15000.0,18000.0,0.6059825136598193,0.6154941961631916,29.22000000000025,2575.8,2521.58,37.378,440.571,9671.539,5328.461,5114.984,15000.0,99.00100000000003
2025-10-12 15:55:00,10/12,정상운전검사,341.57,5.0,3000.0,15000.0,18000.0,0.6059825136598193,0.6154941961631916,29.22000000000025,2575.8,2521.58,37.378,440.571,9671.539,5328.461,5114.984,15000.0,99.00100000000003
2025-10-12 15:56:00,10/12,정상운전검사,341.57,5.0,3000.0,15000.0,18000.0,0.6059825136598193,0.6154941961631916,29.22000000000025,2575.8,2521.58,37.378,440.571,9671.539,5328.461,5114.984,15000.0,99.00100000000003
2025-10-12 15:57:00,10/12,정상운전검사,341.57,5.0,3000.0,15000.0,18000.0,0.6059825136598193,0.6154941961631916,29.22000000000025,2575.8,2521.58,37.378,440.571,9671.539,5328.461,5114.984,15000.0,99.00100000000003
2025-10-12 15:58:00,10/12,정상운전검사,341.57,5.0,3000.0,15000.0,18000.0,0.6059825136598193,0.6154941961631916,29.22000000000025,2575.8,2521.58,37.378,440.571,9671.539,5328.461,5114.984,15000.0,99.00100000000003
2025-10-12 15:59:00,10/12,정상운전검사,341.57,5.0,3000.0,15000.0,18000.0,0.6059825136598193,0.6154941961631916,29.22000000000025,2575.8,2521.58,37.378,440.571,9671.539,5328.461,5114.984,15000.0,99.00100000000003
2025-10-12 16:00:00,10/12,정상운전검사,341.57,5.0,3000.0,15000.0,18000.0,0.6059825136598193,0.6154941961631916,29.22000000000025,2575.8,2521.58,37.378,440.571,9671.539,5328.461,5114.984,15000.0,99.00100000000003
2025-10-12 16:01:00,10/12,정상운전검사,341.57,5.0,3000.0,15000.0,18000.0,0.6059825136598193,0.6154941961631916,29.22000000000025,2575.8,2521.58,37.378,440.571,9671.539,5328.461,5114.984,15000.0,99.00100000000003
2025-10-12 16:02:00,10/12,정상운전검사,341.57,5.0,3000.0,15000.0,18000.0,0.6059825136598193,0.6154941961631916,29.22000000000025,2575.8,2521.58,37.378,440.571,9671.539,5328.461,5114.984,15000.0,99.00100000000003
2025-10-12 16:03:00,10/12,정상운전검사,341.57,5.0,3000.0,15000.0,18000.0,0.6059825136598193,0.6154941961631916,29.22000000000025,2575.8,2521.58,37.378,440.571,9671.539,5328.461,5114.984,15000.0,99.00100000000003
2025-10-12 16:04:00,10/12,정상운전검사,341.57,5.0,3000.0,15000.0,18000.0,0.6059825136598193,0.6154941961631916,29.22000000000025,2575.8,2521.58,37.378,440.571,9671.539,5328.461,5114.984,15000.0,99.00100000000003
2025-10-12 16:05:00,10/12,정상운전검사,341.57,5.0,3000.0,15000.0,18000.0,0.6059825136598193,0.6154941961631916,29.22000000000025,2575.8,2521.58,37.378,440.571,9671.539,5328.461,5114.984,15000.0,99.00100000000003
2025-10-12 16:06:00,10/12,정상운전검사,341.57,5.0,3000.0,15000.0,18000.0,0.6059825136598193,0.6154941961631916,29.22000000000025,2575.8,2521.58,37.378,440.571,9671.539,5328.461,5114.984,15000.0,99.00100000000003
2025-10-12 16:07:00,10/12,정상운전검사,341.57,5.0,3000.0,15000.0,18000.0,0.6059825136598193,0.6154941961631916,29.22000000000025,2575.8,2521.58,37.378,440.571,9671.539,5328.461,5114.984,15000.0,99.00100000000003
2025-10-12 16:08:00,10/12,정상운전검사,341.57,5.0,3000.0,15000.0,18000.0,0.6059825136598193,0.6154941961631916,29.22000000000025,2575.8,2521.58,37.378,440.571,9671.539,5328.461,5114.984,15000.0,99.00100000000003
2025-10-12 16:09:00,10/12,정상운전검사,341.57,5.0,3000.0,15000.0,18000.0,0.6059825136598193,0.6154941961631916,29.22000000000025,2575.8,2521.58,37.378,440.571,9671.539,5328.461,5114.984,15000.0,99.00100000000003
2025-10-12 16:10:00,10/12,정상운전검사,341.57,5.0,3000.0,15000.0,18000.0,0.6059825136598193,0.6154941961631916,29.22000000000025,2575.8,2521.58,37.378,440.571,9671.539,5328.461,5114.984,15000.0,99.00100000000003
2025-10-12 16:11:00,10/12,정상운전검사,341.57,5.0,3000.0,15000.0,18000.0,0.6059825136598193,0.6154941961631916,29.22000000000025,2575.8,2521.58,37.378,440.571,9671.539,5328.461,5114.984,15000.0,99.00100000000003
2025-10-12 16:12:00,10/12,정상운전검사,341.57,5.0,3000.0,15000.0,18000.0,0.6059825136598193,0.6154941961631916,29.22000000000025,2575.8,2521.58,37.378,440.571,9671.539,5328.461,5114.984,15000.0,99.00100000000003
2025-10-12 16:13:00,10/12,정상운전검사,341.57,5.0,3000.0,15000.0,18000.0,0.6059825136598193,0.6154941961631916,29.22000000000025,2575.8,2521.58,37.378,440.571,9671.539,5328.461,5114.984,15000.0,99.00100000000003
2025-10-12 16:14:00,10/12,정상운전검사,341.57,5.0,3000.0,15000.0,18000.0,0.6059825136598193,0.6154941961631916,29.22000000000025,2575.8,2521.58,37.378,440.571,9671.539,5328.461,5114.984,15000.0,99.00100000000003
2025-10-12 16:15:00,10/12,정상운전검사,341.57,5.0,3000.0,15000.0,18000.0,0.6059825136598193,0.6154941961631916,29.22000000000025,2575.8,2521.58,37.378,440.571,9671.539,5328.461,5114.984,15000.0,99.00100000000003
2025-10-12 16:16:00,10/12,정상운전검사,341.57,5.0,3000.0,15000.0,18000.0,0.6059825136598193,0.6154941961631916,29.22000000000025,2575.8,2521.58,37.378,440.571,9671.539,5328.461,5114.984,15000.0,99.00100000000003
2025-10-12 16:17:00,10/12,정상운전검사,341.57,5.0,3000.0,15000.0,18000.0,0.6059825136598193,0.6154941961631916,29.22000000000025,2575.8,2521.58,37.378,440.571,9671.539,5328.461,5114.984,15000.0,99.00100000000003
2025-10-12 16:18:00,10/12,정상운전검사,341.57,5.0,3000.0,15000.0,18000.0,0.6059825136598193,0.6154941961631916,29.22000000000025,2575.8,2521.58,37.378,440.571,9671.539,5328.461,5114.984,15000.0,99.00100000000003
2025-10-12 16:19:00,10/12,정상운전검사,341.57,5.0,3000.0,15000.0,18000.0,0.6059825136598193,0.6154941961631916,29.22000000000025,2575.8,2521.58,37.378,440.571,9671.539,5328.461,5114.984,15000.0,99.00100000000003
2025-10-12 16:20:00,10/12,정상운전검사,341.57,5.0,3000.0,15000.0,18000.0,0.6059825136598193,0.6154941961631916,29.22000000000025,2575.8,2521.58,37.378,440.571,9671.539,5328.461,5114.984,15000.0,99.00100000000003
2025-10-12 16:21:00,10/12,정상운전검사,341.57,5.0,3000.0,15000.0,18000.0,0.6059825136598193,0.6154941961631916,29.22000000000025,2575.8,2521.58,37.378,440.571,9671.539,5328.461,5114.984,15000.0,99.00100000000003
2025-10-12 16:22:00,10/12,정상운전검사,341.57,5.0,3000.0,15000.0,18000.0,0.6059825136598193,0.6154941961631916,29.22000000000025,2575.8,2521.58,37.378,440.571,9671.539,5328.461,5114.984,15000.0,99.00100000000003
2025-10-12 16:23:00,10/12,정상운전검사,341.57,5.0,3000.0,15000.0,18000.0,0.6059825136598193,0.6154941961631916,29.22000000000025,2575.8,2521.58,37.378,440.571,9671.539,5328.461,5114.984,15000.0,99.00100000000003
2025-10-12 16:24:00,10/12,정상운전검사,341.57,5.0,3000.0,15000.0,18000.0,0.6059825136598193,0.6154941961631916,29.22000000000025,2575.8,2521.58,37.378,440.571,9671.539,5328.461,5114.984,15000.0,99.00100000000003
2025-10-12 16:25:00,10/12,정상운전검사,341.57,5.0,3000.0,15000.0,18000.0,0.6059825136598193,0.6154941961631916,29.22000000000025,2575.8,2521.58,37.378,440.571,9671.539,5328.461,5114.984,15000.0,99.00100000000003
2025-10-12 16:26:00,10/12,정상운전검사,341.57,5.0,3000.0,15000.0,18000.0,0.6059825136598193,0.6154941961631916,29.22000000000025,2575.8,2521.58,37.378,440.571,9671.539,5328.461,5114.984,15000.0,99.00100000000003
2025-10-12 16:27:00,10/12,정상운전검사,341.57,5.0,3000.0,15000.0,18000.0,0.6059825136598193,0.6154941961631916,29.22000000000025,2575.8,2521.58,37.378,440.571,9671.539,5328.461,5114.984,15000.0,99.00100000000003
2025-10-12 16:28:00,10/12,정상운전검사,341.57,5.0,3000.0,15000.0,18000.0,0.6059825136598193,0.6154941961631916,29.22000000000025,2575.8,2521.58,37.378,440.571,9671.539,5328.461,5114.984,15000.0,99.00100000000003
2025-10-12 16:29:00,10/12,정상운전검사,341.57,5.0,3000.0,15000.0,18000.0,0.6059825136598193,0.6154941961631916,29.22000000000025,2575.8,2521.58,37.378,440.571,9671.539,5328.461,5114.984,15000.0,99.00100000000003
2025-10-12 16:30:00,10/12,정상운전검사,341.57,5.0,3000.0,15000.0,18000.0,0.6059825136598193,0.6154941961631916,29.22000000000025,2575.8,2521.58,37.378,440.571,9671.539,5328.461,5114.984,15000.0,99.00100000000003
2025-10-12 16:31:00,10/12,정상운전검사,341.57,5.0,3000.0,15000.0,18000.0,0.6059825136598193,0.6154941961631916,29.22000000000025,2575.8,2521.58,37.378,440.571,9671.539,5328.461,5114.984,15000.0,99.00100000000003
2025-10-12 16:32:00,10/12,정상운전검사,341.57,5.0,3000.0,15000.0,18000.0,0.6059825136598193,0.6154941961631916,29.22000000000025,2575.8,2521.58,37.378,440.571,9671.539,5328.461,5114.984,15000.0,99.00100000000003
2025-10-12 16:33:00,10/12,정상운전검사,341.57,5.0,3000.0,15000.0,18000.0,0.6059825136598193,0.6154941961631916,29.22000000000025,2575.8,2521.58,37.378,440.571,9671.539,5328.461,5114.984,15000.0,99.00100000000003
2025-10-12 16:34:00,10/12,정상운전검사,341.57,5.0,3000.0,15000.0,18000.0,0.6059825136598193,0.6154941961631916,29.22000000000025,2575.8,2521.58,37.378,440.571,9671.539,5328.461,5114.984,15000.0,99.00100000000003
2025-10-12 16:35:00,10/12,정상운전검사,341.57,5.0,3000.0,15000.0,18000.0,0.6059825136598193,0.6154941961631916,29.22000000000025,2575.8,2521.58,37.378,440.571,9671.539,5328.461,5114.984,15000.0,99.00100000000003
2025-10-12 16:36:00,10/12,정상운전검사,341.57,5.0,3000.0,15000.0,18000.0,0.6059825136598193,0.6154941961631916,29.22000000000025,2575.8,2521.58,37.378,440.571,9671.539,5328.461,5114.984,15000.0,99.00100000000003
2025-10-12 16:37:00,10/12,정상운전검사,341.57,5.0,3000.0,15000.0,18000.0,0.6059825136598193,0.6154941961631916,29.22000000000025,2575.8,2521.58,37.378,440.571,9671.539,5328.461,5114.984,15000.0,99.00100000000003
2025-10-12 16:38:00,10/12,정상운전검사,341.57,5.0,3000.0,15000.0,18000.0,0.6059825136598193,0.6154941961631916,29.22000000000025,2575.8,2521.58,37.378,440.571,9671.539,5328.461,5114.984,15000.0,99.00100000000003
2025-10-12 16:39:00,10/12,정상운전검사,341.57,5.0,3000.0,15000.0,18000.0,0.6059825136598193,0.6154941961631916,29.22000000000025,2575.8,2521.58,37.378,440.571,9671.539,5328.461,5114.984,15000.0,99.00100000000003
2025-10-12 16:40:00,10/12,정상운전검사,341.57,5.0,3000.0,15000.0,18000.0,0.6059825136598193,0.6154941961631916,29.22000000000025,2575.8,2521.58,37.378,440.571,9671.539,5328.461,5114.984,15000.0,99.00100000000003
2025-10-12 16:41:00,10/12,정상운전검사,341.57,5.0,3000.0,15000.0,18000.0,0.6059825136598193,0.6154941961631916,29.22000000000025,2575.8,2521.58,37.378,440.571,9671.539,5328.461,5114.984,15000.0,99.00100000000003
2025-10-12 16:42:00,10/12,정상운전검사,341.57,5.0,3000.0,15000.0,18000.0,0.6059825136598193,0.6154941961631916,29.22000000000025,2575.8,2521.58,37.378,440.571,9671.539,5328.461,5114.984,15000.0,99.00100000000003
2025-10-12 16:43:00,10/12,정상운전검사,341.57,5.0,3000.0,15000.0,18000.0,0.6059825136598193,0.6154941961631916,29.22000000000025,2575.8,2521.58,37.378,440.571,9671.539,5328.461,5114.984,15000.0,99.00100000000003
2025-10-12 16:44:00,10/12,정상운전검사,341.57,5.0,3000.0,15000.0,18000.0,0.6059825136598193,0.6154941961631916,29.22000000000025,2575.8,2521.58,37.378,440.571,9671.539,5328.461,5114.984,15000.0,99.00100000000003
2025-10-12 16:45:00,10/12,정상운전검사,341.57,5.0,3000.0,15000.0,18000.0,0.6059825136598193,0.6154941961631916,29.22000000000025,2575.8,2521.58,37.378,440.571,9671.539,5328.461,5114.984,15000.0,99.00100000000003
2025-10-12 16:46:00,10/12,정상운전검사,341.57,5.0,3000.0,15000.0,18000.0,0.6059825136598193,0.6154941961631916,29.22000000000025,2575.8,2521.58,37.378,440.571,9671.539,5328.461,5114.984,15000.0,99.00100000000003
2025-10-12 16:47:00,10/12,정상운전검사,341.57,5.0,3000.0,15000.0,18000.0,0.6059825136598193,0.6154941961631916,29.22000000000025,2575.8,2521.58,37.378,440.571,9671.539,5328.461,5114.984,15000.0,99.00100000000003
2025-10-12 16:48:00,10/12,정상운전검사,341.57,5.0,3000.0,15000.0,18000.0,0.6059825136598193,0.6154941961631916,29.22000000000025,2575.8,2521.58,37.378,440.571,9671.539,5328.461,5114.984,15000.0,99.00100000000003
2025-10-12 16:49:00,10/12,정상운전검사,341.57,5.0,3000.0,15000.0,18000.0,0.6059825136598193,0.6154941961631916,29.22000000000025,2575.8,2521.58,37.378,440.571,9671.539,5328.461,5114.984,15000.0,99.00100000000003
2025-10-12 16:50:00,10/12,정상운전검사,341.57,5.0,3000.0,15000.0,18000.0,0.6059825136598193,0.6154941961631916,29.22000000000025,2575.8,2521.58,37.378,440.571,9671.539,5328.461,5114.984,15000.0,99.00100000000003
2025-10-12 16:51:00,10/12,정상운전검사,341.57,5.0,3000.0,15000.0,18000.0,0.6059825136598193,0.6154941961631916,29.22000000000025,2575.8,2521.58,37.378,440.571,9671.539,5328.461,5114.984,15000.0,99.00100000000003
2025-10-12 16:52:00,10/12,정상운전검사,341.57,5.0,3000.0,15000.0,18000.0,0.6059825136598193,0.6154941961631916,29.22000000000025,2575.8,2521.58,37.378,440.571,9671.539,5328.461,5114.984,15000.0,99.00100000000003
2025-10-12 16:53:00,10/12,정상운전검사,341.57,5.0,3000.0,15000.0,18000.0,0.6059825136598193,0.6154941961631916,29.22000000000025,2575.8,2521.58,37.378,440.571,9671.539,5328.461,5114.984,15000.0,99.00100000000003
2025-10-12 16:54:00,10/12,정상운전검사,341.57,5.0,3000.0,15000.0,18000.0,0.6059825136598193,0.6154941961631916,29.22000000000025,2575.8,2521.58,37.378,440.571,9671.539,5328.461,5114.984,15000.0,99.00100000000003
2025-10-12 16:55:00,10/12,정상운전검사,341.57,5.0,3000.0,15000.0,18000.0,0.6059825136598193,0.6154941961631916,29.22000000000025,2575.8,2521.58,37.378,440.571,9671.539,5328.461,5114.984,15000.0,99.00100000000003
2025-10-12 16:56:00,10/12,정상운전검사,341.57,5.0,3000.0,15000.0,18000.0,0.6059825136598193,0.6154941961631916,29.22000000000025,2575.8,2521.58,37.378,440.571,9671.539,5328.461,5114.984,15000.0,99.00100000000003
2025-10-12 16:57:00,10/12,정상운전검사,341.57,5.0,3000.0,15000.0,18000.0,0.6059825136598193,0.6154941961631916,29.22000000000025,2575.8,2521.58,37.378,440.571,9671.539,5328.461,5114.984,15000.0,99.00100000000003
2025-10-12 16:58:00,10/12,정상운전검사,341.57,5.0,3000.0,15000.0,18000.0,0.6059825136598193,0.6154941961631916,29.22000000000025,2575.8,2521.58,37.378,440.571,9671.539,5328.461,5114.984,15000.0,99.00100000000003
2025-10-12 16:59:00,10/12,정상운전검사,341.57,5.0,3000.0,15000.0,18000.0,0.6059825136598193,0.6154941961631916,29.22000000000025,2575.8,2521.58,37.378,440.571,9671.539,5328.461,5114.984,15000.0,99.00100000000003
2025-10-12 17:00:00,10/12,정상운전검사,341.57,5.0,3000.0,15000.0,18000.0,0.6059825136598193,0.6154941961631916,29.22000000000025,2575.8,2521.58,37.378,440.571,9671.539,5328.461,5114.984,15000.0,99.00100000000003
2025-10-12 17:01:00,10/12,정상운전검사,341.57,5.0,3000.0,15000.0,18000.0,0.6059825136598193,0.6154941961631916,29.22000000000025,2575.8,2521.58,37.378,440.571,9671.539,5328.461,5114.984,15000.0,99.00100000000003
2025-10-12 17:02:00,10/12,정상운전검사,341.57,5.0,3000.0,15000.0,18000.0,0.6059825136598193,0.6154941961631916,29.22000000000025,2575.8,2521.58,37.378,440.571,9671.539,5328.461,5114.984,15000.0,99.00100000000003
2025-10-12 17:03:00,10/12,정상운전검사,341.57,5.0,3000.0,15000.0,18000.0,0.6059825136598193,0.6154941961631916,29.22000000000025,2575.8,2521.58,37.378,440.571,9671.539,5328.461,5114.984,15000.0,99.00100000000003
2025-10-12 17:04:00,10/12,정상운전검사,341.57,5.0,3000.0,15000.0,18000.0,0.6059825136598193,0.6154941961631916,29.22000000000025,2575.8,2521.58,37.378,440.571,9671.539,5328.461,5114.984,15000.0,99.00100000000003
2025-10-12 17:05:00,10/12,정상운전검사,341.57,5.0,3000.0,15000.0,18000.0,0.6059825136598193,0.6154941961631916,29.22000000000025,2575.8,2521.58,37.378,440.571,9671.539,5328.461,5114.984,15000.0,99.00100000000003
2025-10-12 17:06:00,10/12,정상운전검사,341.57,5.0,3000.0,15000.0,18000.0,0.6059825136598193,0.6154941961631916,29.22000000000025,2575.8,2521.58,37.378,440.571,9671.539,5328.461,5114.984,15000.0,99.00100000000003
2025-10-12 17:07:00,10/12,정상운전검사,341.57,5.0,3000.0,15000.0,18000.0,0.6059825136598193,0.6154941961631916,29.22000000000025,2575.8,2521.58,37.378,440.571,9671.539,5328.461,5114.984,15000.0,99.00100000000003
2025-10-12 17:08:00,10/12,정상운전검사,341.57,5.0,3000.0,15000.0,18000.0,0.6059825136598193,0.6154941961631916,29.22000000000025,2575.8,2521.58,37.378,440.571,9671.539,5328.461,5114.984,15000.0,99.00100000000003
2025-10-12 17:09:00,10/12,정상운전검사,341.57,5.0,3000.0,15000.0,18000.0,0.6059825136598193,0.6154941961631916,29.22000000000025,2575.8,2521.58,37.378,440.571,9671.539,5328.461,5114.984,15000.0,99.00100000000003
2025-10-12 17:10:00,10/12,정상운전검사,341.57,5.0,3000.0,15000.0,18000.0,0.6059825136598193,0.6154941961631916,29.22000000000025,2575.8,2521.58,37.378,440.571,9671.539,5328.461,5114.984,15000.0,99.00100000000003
2025-10-12 17:11:00,10/12,정상운전검사,341.57,5.0,3000.0,15000.0,18000.0,0.6059825136598193,0.6154941961631916,29.22000000000025,2575.8,2521.58,37.378,440.571,9671.539,5328.461,5114.984,15000.0,99.00100000000003
2025-10-12 17:12:00,10/12,정상운전검사,341.57,5.0,3000.0,15000.0,18000.0,0.6059825136598193,0.6154941961631916,29.22000000000025,2575.8,2521.58,37.378,440.571,9671.539,5328.461,5114.984,15000.0,99.00100000000003
2025-10-12 17:13:00,10/12,정상운전검사,341.57,5.0,3000.0,15000.0,18000.0,0.6059825136598193,0.6154941961631916,29.22000000000025,2575.8,2521.58,37.378,440.571,9671.539,5328.461,5114.984,15000.0,99.00100000000003
2025-10-12 17:14:00,10/12,정상운전검사,341.57,5.0,3000.0,15000.0,18000.0,0.6059825136598193,0.6154941961631916,29.22000000000025,2575.8,2521.58,37.378,440.571,9671.539,5328.461,5114.984,15000.0,99.00100000000003
2025-10-12 17:15:00,10/12,정상운전검사,341.57,5.0,3000.0,15000.0,18000.0,0.6059825136598193,0.6154941961631916,29.22000000000025,2575.8,2521.58,37.378,440.571,9671.539,5328.461,5114.984,15000.0,99.00100000000003
2025-10-12 17:16:00,10/12,정상운전검사,341.57,5.0,3000.0,15000.0,18000.0,0.6059825136598193,0.6154941961631916,29.22000000000025,2575.8,2521.58,37.378,440.571,9671.539,5328.461,5114.984,15000.0,99.00100000000003
2025-10-12 17:17:00,10/12,정상운전검사,341.57,5.0,3000.0,15000.0,18000.0,0.6059825136598193,0.6154941961631916,29.22000000000025,2575.8,2521.58,37.378,440.571,9671.539,5328.461,5114.984,15000.0,99.00100000000003
2025-10-12 17:18:00,10/12,정상운전검사,341.57,5.0,3000.0,15000.0,18000.0,0.6059825136598193,0.6154941961631916,29.22000000000025,2575.8,2521.58,37.378,440.571,9671.539,5328.461,5114.984,15000.0,99.00100000000003
2025-10-12 17:19:00,10/12,정상운전검사,341.57,5.0,3000.0,15000.0,18000.0,0.6059825136598193,0.6154941961631916,29.22000000000025,2575.8,2521.58,37.378,440.571,9671.539,5328.461,5114.984,15000.0,99.00100000000003
2025-10-12 17:20:00,10/12,정상운전검사,341.57,5.0,3000.0,15000.0,18000.0,0.6059825136598193,0.6154941961631916,29.22000000000025,2575.8,2521.58,37.378,440.571,9671.539,5328.461,5114.984,15000.0,99.00100000000003
2025-10-12 17:21:00,10/12,정상운전검사,341.57,5.0,3000.0,15000.0,18000.0,0.6059825136598193,0.6154941961631916,29.22000000000025,2575.8,2521.58,37.378,440.571,9671.539,5328.461,5114.984,15000.0,99.00100000000003
2025-10-12 17:22:00,10/12,정상운전검사,341.57,5.0,3000.0,15000.0,18000.0,0.6059825136598193,0.6154941961631916,29.22000000000025,2575.8,2521.58,37.378,440.571,9671.539,5328.461,5114.984,15000.0,99.00100000000003
2025-10-12 17:23:00,10/12,정상운전검사,341.57,5.0,3000.0,15000.0,18000.0,0.6059825136598193,0.6154941961631916,29.22000000000025,2575.8,2521.58,37.378,440.571,9671.539,5328.461,5114.984,15000.0,99.00100000000003
2025-10-12 17:24:00,10/12,정상운전검사,341.57,5.0,3000.0,15000.0,18000.0,0.6059825136598193,0.6154941961631916,29.22000000000025,2575.8,2521.58,37.378,440.571,9671.539,5328.461,5114.984,15000.0,99.00100000000003
2025-10-12 17:25:00,10/12,정상운전검사,341.57,5.0,3000.0,15000.0,18000.0,0.6059825136598193,0.6154941961631916,29.22000000000025,2575.8,2521.58,37.378,440.571,9671.539,5328.461,5114.984,15000.0,99.00100000000003
2025-10-12 17:26:00,10/12,정상운전검사,341.57,5.0,3000.0,15000.0,18000.0,0.6059825136598193,0.6154941961631916,29.22000000000025,2575.8,2521.58,37.378,440.571,9671.539,5328.461,5114.984,15000.0,99.00100000000003
2025-10-12 17:27:00,10/12,정상운전검사,341.57,5.0,3000.0,15000.0,18000.0,0.6059825136598193,0.6154941961631916,29.22000000000025,2575.8,2521.58,37.378,440.571,9671.539,5328.461,5114.984,15000.0,99.00100000000003
2025-10-12 17:28:00,10/12,정상운전검사,341.57,5.0,3000.0,15000.0,18000.0,0.6059825136598193,0.6154941961631916,29.22000000000025,2575.8,2521.58,37.378,440.571,9671.539,5328.461,5114.984,15000.0,99.00100000000003
2025-10-12 17:29:00,10/12,정상운전검사,341.57,5.0,3000.0,15000.0,18000.0,0.6059825136598193,0.6154941961631916,29.22000000000025,2575.8,2521.58,37.378,440.571,9671.539,5328.461,5114.984,15000.0,99.00100000000003
2025-10-12 17:30:00,10/12,정상운전검사,341.57,5.0,3000.0,15000.0,18000.0,0.6059825136598193,0.6154941961631916,29.22000000000025,2575.8,2521.58,37.378,440.571,9671.539,5328.461,5114.984,15000.0,99.00100000000003
2025-10-12 17:31:00,10/12,정상운전검사,341.57,5.0,3000.0,15000.0,18000.0,0.6059825136598193,0.6154941961631916,29.22000000000025,2575.8,2521.58,37.378,440.571,9671.539,5328.461,5114.984,15000.0,99.00100000000003
2025-10-12 17:32:00,10/12,정상운전검사,341.57,5.0,3000.0,15000.0,18000.0,0.6059825136598193,0.6154941961631916,29.22000000000025,2575.8,2521.58,37.378,440.571,9671.539,5328.461,5114.984,15000.0,99.00100000000003
2025-10-12 17:33:00,10/12,정상운전검사,341.57,5.0,3000.0,15000.0,18000.0,0.6059825136598193,0.6154941961631916,29.22000000000025,2575.8,2521.58,37.378,440.571,9671.539,5328.461,5114.984,15000.0,99.00100000000003
2025-10-12 17:34:00,10/12,정상운전검사,341.57,5.0,3000.0,15000.0,18000.0,0.6059825136598193,0.6154941961631916,29.22000000000025,2575.8,2521.58,37.378,440.571,9671.539,5328.461,5114.984,15000.0,99.00100000000003
2025-10-12 17:35:00,10/12,정상운전검사,341.57,5.0,3000.0,15000.0,18000.0,0.6059825136598193,0.6154941961631916,29.22000000000025,2575.8,2521.58,37.378,440.571,9671.539,5328.461,5114.984,15000.0,99.00100000000003
2025-10-12 17:36:00,10/12,정상운전검사,341.57,5.0,3000.0,15000.0,18000.0,0.6059825136598193,0.6154941961631916,29.22000000000025,2575.8,2521.58,37.378,440.571,9671.539,5328.461,5114.984,15000.0,99.00100000000003
2025-10-12 17:37:00,10/12,정상운전검사,341.57,5.0,3000.0,15000.0,18000.0,0.6059825136598193,0.6154941961631916,29.22000000000025,2575.8,2521.58,37.378,440.571,9671.539,5328.461,5114.984,15000.0,99.00100000000003
2025-10-12 17:38:00,10/12,정상운전검사,341.57,5.0,3000.0,15000.0,18000.0,0.6059825136598193,0.6154941961631916,29.22000000000025,2575.8,2521.58,37.378,440.571,9671.539,5328.461,5114.984,15000.0,99.00100000000003
2025-10-12 17:39:00,10/12,정상운전검사,341.57,5.0,3000.0,15000.0,18000.0,0.6059825136598193,0.6154941961631916,29.22000000000025,2575.8,2521.58,37.378,440.571,9671.539,5328.461,5114.984,15000.0,99.00100000000003
2025-10-12 17:40:00,10/12,정상운전검사,341.57,5.0,3000.0,15000.0,18000.0,0.6059825136598193,0.6154941961631916,29.22000000000025,2575.8,2521.58,37.378,440.571,9671.539,5328.461,5114.984,15000.0,99.00100000000003
2025-10-12 17:41:00,10/12,정상운전검사,341.57,5.0,3000.0,15000.0,18000.0,0.6059825136598193,0.6154941961631916,29.22000000000025,2575.8,2521.58,37.378,440.571,9671.539,5328.461,5114.984,15000.0,99.00100000000003
2025-10-12 17:42:00,10/12,정상운전검사,341.57,5.0,3000.0,15000.0,18000.0,0.6059825136598193,0.6154941961631916,29.22000000000025,2575.8,2521.58,37.378,440.571,9671.539,5328.461,5114.984,15000.0,99.00100000000003
2025-10-12 17:43:00,10/12,정상운전검사,341.57,5.0,3000.0,15000.0,18000.0,0.6059825136598193,0.6154941961631916,29.22000000000025,2575.8,2521.58,37.378,440.571,9671.539,5328.461,5114.984,15000.0,99.00100000000003
2025-10-12 17:44:00,10/12,정상운전검사,341.57,5.0,3000.0,15000.0,18000.0,0.6059825136598193,0.6154941961631916,29.22000000000025,2575.8,2521.58,37.378,440.571,9671.539,5328.461,5114.984,15000.0,99.00100000000003
2025-10-12 17:45:00,10/12,정상운전검사,341.57,5.0,3000.0,15000.0,18000.0,0.6059825136598193,0.6154941961631916,29.22000000000025,2575.8,2521.58,37.378,440.571,9671.539,5328.461,5114.984,15000.0,99.00100000000003
2025-10-12 17:46:00,10/12,정상운전검사,341.57,5.0,3000.0,15000.0,18000.0,0.6059825136598193,0.6154941961631916,29.22000000000025,2575.8,2521.58,37.378,440.571,9671.539,5328.461,5114.984,15000.0,99.00100000000003
2025-10-12 17:47:00,10/12,정상운전검사,341.57,5.0,3000.0,15000.0,18000.0,0.6059825136598193,0.6154941961631916,29.22000000000025,2575.8,2521.58,37.378,440.571,9671.539,5328.461,5114.984,15000.0,99.00100000000003
2025-10-12 17:48:00,10/12,정상운전검사,341.57,5.0,3000.0,15000.0,18000.0,0.6059825136598193,0.6154941961631916,29.22000000000025,2575.8,2521.58,37.378,440.571,9671.539,5328.461,5114.984,15000.0,99.00100000000003
2025-10-12 17:49:00,10/12,정상운전검사,341.57,5.0,3000.0,15000.0,18000.0,0.6059825136598193,0.6154941961631916,29.22000000000025,2575.8,2521.58,37.378,440.571,9671.539,5328.461,5114.984,15000.0,99.00100000000003
2025-10-12 17:50:00,10/12,정상운전검사,341.57,5.0,3000.0,15000.0,18000.0,0.6059825136598193,0.6154941961631916,29.22000000000025,2575.8,2521.58,37.378,440.571,9671.539,5328.461,5114.984,15000.0,99.00100000000003
2025-10-12 17:51:00,10/12,정상운전검사,341.57,5.0,3000.0,15000.0,18000.0,0.6059825136598193,0.6154941961631916,29.22000000000025,2575.8,2521.58,37.378,440.571,9671.539,5328.461,5114.984,15000.0,99.00100000000003
2025-10-12 17:52:00,10/12,정상운전검사,341.57,5.0,3000.0,15000.0,18000.0,0.6059825136598193,0.6154941961631916,29.22000000000025,2575.8,2521.58,37.378,440.571,9671.539,5328.461,5114.984,15000.0,99.00100000000003
2025-10-12 17:53:00,10/12,정상운전검사,341.57,5.0,3000.0,15000.0,18000.0,0.6059825136598193,0.6154941961631916,29.22000000000025,2575.8,2521.58,37.378,440.571,9671.539,5328.461,5114.984,15000.0,99.00100000000003
2025-10-12 17:54:00,10/12,정상운전검사,341.57,5.0,3000.0,15000.0,18000.0,0.6059825136598193,0.6154941961631916,29.22000000000025,2575.8,2521.58,37.378,440.571,9671.539,5328.461,5114.984,15000.0,99.00100000000003
2025-10-12 17:55:00,10/12,정상운전검사,341.57,5.0,3000.0,15000.0,18000.0,0.6059825136598193,0.6154941961631916,29.22000000000025,2575.8,2521.58,37.378,440.571,9671.539,5328.461,5114.984,15000.0,99.00100000000003
2025-10-12 17:56:00,10/12,정상운전검사,341.57,5.0,3000.0,15000.0,18000.0,0.6059825136598193,0.6154941961631916,29.22000000000025,2575.8,2521.58,37.378,440.571,9671.539,5328.461,5114.984,15000.0,99.00100000000003
2025-10-12 17:57:00,10/12,정상운전검사,341.57,5.0,3000.0,15000.0,18000.0,0.6059825136598193,0.6154941961631916,29.22000000000025,2575.8,2521.58,37.378,440.571,9671.539,5328.461,5114.984,15000.0,99.00100000000003
2025-10-12 17:58:00,10/12,정상운전검사,341.57,5.0,3000.0,15000.0,18000.0,0.6059825136598193,0.6154941961631916,29.22000000000025,2575.8,2521.58,37.378,440.571,9671.539,5328.461,5114.984,15000.0,99.00100000000003
2025-10-12 17:59:00,10/12,정상운전검사,341.57,5.0,3000.0,15000.0,18000.0,0.6059825136598193,0.6154941961631916,29.22000000000025,2575.8,2521.58,37.378,440.571,9671.539,5328.461,5114.984,15000.0,99.00100000000003
2025-10-12 18:00:00,10/12,정상운전검사,341.57,5.0,3000.0,15000.0,18000.0,0.6059825136598193,0.6154941961631916,29.22000000000025,2575.8,2521.58,37.378,440.571,9671.539,5328.461,5114.984,15000.0,99.00100000000003
2025-10-12 18:01:00,10/12,정상운전검사,341.57,5.0,3000.0,15000.0,18000.0,0.6059825136598193,0.6154941961631916,29.22000000000025,2575.8,2521.58,37.378,440.571,9671.539,5328.461,5114.984,15000.0,99.00100000000003
2025-10-12 18:02:00,10/12,정상운전검사,341.57,5.0,3000.0,15000.0,18000.0,0.6059825136598193,0.6154941961631916,29.22000000000025,2575.8,2521.58,37.378,440.571,9671.539,5328.461,5114.984,15000.0,99.00100000000003
2025-10-12 18:03:00,10/12,정상운전검사,341.57,5.0,3000.0,15000.0,18000.0,0.6059825136598193,0.6154941961631916,29.22000000000025,2575.8,2521.58,37.378,440.571,9671.539,5328.461,5114.984,15000.0,99.00100000000003
2025-10-12 18:04:00,10/12,정상운전검사,341.57,5.0,3000.0,15000.0,18000.0,0.6059825136598193,0.6154941961631916,29.22000000000025,2575.8,2521.58,37.378,440.571,9671.539,5328.461,5114.984,15000.0,99.00100000000003
2025-10-12 18:05:00,10/12,정상운전검사,341.57,5.0,3000.0,15000.0,18000.0,0.6059825136598193,0.6154941961631916,29.22000000000025,2575.8,2521.58,37.378,440.571,9671.539,5328.461,5114.984,15000.0,99.00100000000003
2025-10-12 18:06:00,10/12,정상운전검사,341.57,5.0,3000.0,15000.0,18000.0,0.6059825136598193,0.6154941961631916,29.22000000000025,2575.8,2521.58,37.378,440.571,9671.539,5328.461,5114.984,15000.0,99.00100000000003
2025-10-12 18:07:00,10/12,정상운전검사,341.57,5.0,3000.0,15000.0,18000.0,0.6059825136598193,0.6154941961631916,29.22000000000025,2575.8,2521.58,37.378,440.571,9671.539,5328.461,5114.984,15000.0,99.00100000000003
2025-10-12 18:08:00,10/12,정상운전검사,341.57,5.0,3000.0,15000.0,18000.0,0.6059825136598193,0.6154941961631916,29.22000000000025,2575.8,2521.58,37.378,440.571,9671.539,5328.461,5114.984,15000.0,99.00100000000003
2025-10-12 18:09:00,10/12,정상운전검사,341.57,5.0,3000.0,15000.0,18000.0,0.6059825136598193,0.6154941961631916,29.22000000000025,2575.8,2521.58,37.378,440.571,9671.539,5328.461,5114.984,15000.0,99.00100000000003
2025-10-12 18:10:00,10/12,정상운전검사,341.57,5.0,3000.0,15000.0,18000.0,0.6059825136598193,0.6154941961631916,29.22000000000025,2575.8,2521.58,37.378,440.571,9671.539,5328.461,5114.984,15000.0,99.00100000000003
2025-10-12 18:11:00,10/12,정상운전검사,341.57,5.0,3000.0,15000.0,18000.0,0.6059825136598193,0.6154941961631916,29.22000000000025,2575.8,2521.58,37.378,440.571,9671.539,5328.461,5114.984,15000.0,99.00100000000003
2025-10-12 18:12:00,10/12,정상운전검사,341.57,5.0,3000.0,15000.0,18000.0,0.6059825136598193,0.6154941961631916,29.22000000000025,2575.8,2521.58,37.378,440.571,9671.539,5328.461,5114.984,15000.0,99.00100000000003
2025-10-12 18:13:00,10/12,정상운전검사,341.57,5.0,3000.0,15000.0,18000.0,0.6059825136598193,0.6154941961631916,29.22000000000025,2575.8,2521.58,37.378,440.571,9671.539,5328.461,5114.984,15000.0,99.00100000000003
2025-10-12 18:14:00,10/12,정상운전검사,341.57,5.0,3000.0,15000.0,18000.0,0.6059825136598193,0.6154941961631916,29.22000000000025,2575.8,2521.58,37.378,440.571,9671.539,5328.461,5114.984,15000.0,99.00100000000003
2025-10-12 18:15:00,10/12,정상운전검사,341.57,5.0,3000.0,15000.0,18000.0,0.6059825136598193,0.6154941961631916,29.22000000000025,2575.8,2521.58,37.378,440.571,9671.539,5328.461,5114.984,15000.0,99.00100000000003
2025-10-12 18:16:00,10/12,정상운전검사,341.57,5.0,3000.0,15000.0,18000.0,0.6059825136598193,0.6154941961631916,29.22000000000025,2575.8,2521.58,37.378,440.571,9671.539,5328.461,5114.984,15000.0,99.00100000000003
2025-10-12 18:17:00,10/12,정상운전검사,341.57,5.0,3000.0,15000.0,18000.0,0.6059825136598193,0.6154941961631916,29.22000000000025,2575.8,2521.58,37.378,440.571,9671.539,5328.461,5114.984,15000.0,99.00100000000003
2025-10-12 18:18:00,10/12,정상운전검사,341.57,5.0,3000.0,15000.0,18000.0,0.6059825136598193,0.6154941961631916,29.22000000000025,2575.8,2521.58,37.378,440.571,9671.539,5328.461,5114.984,15000.0,99.00100000000003
2025-10-12 18:19:00,10/12,정상운전검사,341.57,5.0,3000.0,15000.0,18000.0,0.6059825136598193,0.6154941961631916,29.22000000000025,2575.8,2521.58,37.378,440.571,9671.539,5328.461,5114.984,15000.0,99.00100000000003
2025-10-12 18:20:00,10/12,정상운전검사,341.57,5.0,3000.0,15000.0,18000.0,0.6059825136598193,0.6154941961631916,29.22000000000025,2575.8,2521.58,37.378,440.571,9671.539,5328.461,5114.984,15000.0,99.00100000000003
2025-10-12 18:21:00,10/12,정상운전검사,341.57,5.0,3000.0,15000.0,18000.0,0.6059825136598193,0.6154941961631916,29.22000000000025,2575.8,2521.58,37.378,440.571,9671.539,5328.461,5114.984,15000.0,99.00100000000003
2025-10-12 18:22:00,10/12,정상운전검사,341.57,5.0,3000.0,15000.0,18000.0,0.6059825136598193,0.6154941961631916,29.22000000000025,2575.8,2521.58,37.378,440.571,9671.539,5328.461,5114.984,15000.0,99.00100000000003
2025-10-12 18:23:00,10/12,정상운전검사,341.57,5.0,3000.0,15000.0,18000.0,0.6059825136598193,0.6154941961631916,29.22000000000025,2575.8,2521.58,37.378,440.571,9671.539,5328.461,5114.984,15000.0,99.00100000000003
2025-10-12 18:24:00,10/12,정상운전검사,341.57,5.0,3000.0,15000.0,18000.0,0.6059825136598193,0.6154941961631916,29.22000000000025,2575.8,2521.58,37.378,440.571,9671.539,5328.461,5114.984,15000.0,99.00100000000003
2025-10-12 18:25:00,10/12,정상운전검사,341.57,5.0,3000.0,15000.0,18000.0,0.6059825136598193,0.6154941961631916,29.22000000000025,2575.8,2521.58,37.378,440.571,9671.539,5328.461,5114.984,15000.0,99.00100000000003
2025-10-12 18:26:00,10/12,정상운전검사,341.57,5.0,3000.0,15000.0,18000.0,0.6059825136598193,0.6154941961631916,29.22000000000025,2575.8,2521.58,37.378,440.571,9671.539,5328.461,5114.984,15000.0,99.00100000000003
2025-10-12 18:27:00,10/12,정상운전검사,341.57,5.0,3000.0,15000.0,18000.0,0.6059825136598193,0.6154941961631916,29.22000000000025,2575.8,2521.58,37.378,440.571,9671.539,5328.461,5114.984,15000.0,99.00100000000003
2025-10-12 18:28:00,10/12,정상운전검사,341.57,5.0,3000.0,15000.0,18000.0,0.6059825136598193,0.6154941961631916,29.22000000000025,2575.8,2521.58,37.378,440.571,9671.539,5328.461,5114.984,15000.0,99.00100000000003
2025-10-12 18:29:00,10/12,정상운전검사,341.57,5.0,3000.0,15000.0,18000.0,0.6059825136598193,0.6154941961631916,29.22000000000025,2575.8,2521.58,37.378,440.571,9671.539,5328.461,5114.984,15000.0,99.00100000000003
2025-10-12 18:30:00,10/12,정상운전검사,341.57,5.0,3000.0,15000.0,18000.0,0.6059825136598193,0.6154941961631916,29.22000000000025,2575.8,2521.58,37.378,440.571,9671.539,5328.461,5114.984,15000.0,99.00100000000003
2025-10-12 18:31:00,10/12,정상운전검사,341.57,5.0,3000.0,15000.0,18000.0,0.6059825136598193,0.6154941961631916,29.22000000000025,2575.8,2521.58,37.378,440.571,9671.539,5328.461,5114.984,15000.0,99.00100000000003
2025-10-12 18:32:00,10/12,정상운전검사,341.57,5.0,3000.0,15000.0,18000.0,0.6059825136598193,0.6154941961631916,29.22000000000025,2575.8,2521.58,37.378,440.571,9671.539,5328.461,5114.984,15000.0,99.00100000000003
2025-10-12 18:33:00,10/12,정상운전검사,341.57,5.0,3000.0,15000.0,18000.0,0.6059825136598193,0.6154941961631916,29.22000000000025,2575.8,2521.58,37.378,440.571,9671.539,5328.461,5114.984,15000.0,99.00100000000003
2025-10-12 18:34:00,10/12,정상운전검사,341.57,5.0,3000.0,15000.0,18000.0,0.6059825136598193,0.6154941961631916,29.22000000000025,2575.8,2521.58,37.378,440.571,9671.539,5328.461,5114.984,15000.0,99.00100000000003
2025-10-12 18:35:00,10/12,정상운전검사,341.57,5.0,3000.0,15000.0,18000.0,0.6059825136598193,0.6154941961631916,29.22000000000025,2575.8,2521.58,37.378,440.571,9671.539,5328.461,5114.984,15000.0,99.00100000000003
2025-10-12 18:36:00,10/12,정상운전검사,341.57,5.0,3000.0,15000.0,18000.0,0.6059825136598193,0.6154941961631916,29.22000000000025,2575.8,2521.58,37.378,440.571,9671.539,5328.461,5114.984,15000.0,99.00100000000003
2025-10-12 18:37:00,10/12,정상운전검사,341.57,5.0,3000.0,15000.0,18000.0,0.6059825136598193,0.6154941961631916,29.22000000000025,2575.8,2521.58,37.378,440.571,9671.539,5328.461,5114.984,15000.0,99.00100000000003
2025-10-12 18:38:00,10/12,정상운전검사,341.57,5.0,3000.0,15000.0,18000.0,0.6059825136598193,0.6154941961631916,29.22000000000025,2575.8,2521.58,37.378,440.571,9671.539,5328.461,5114.984,15000.0,99.00100000000003
2025-10-12 18:39:00,10/12,정상운전검사,341.57,5.0,3000.0,15000.0,18000.0,0.6059825136598193,0.6154941961631916,29.22000000000025,2575.8,2521.58,37.378,440.571,9671.539,5328.461,5114.984,15000.0,99.00100000000003
2025-10-12 18:40:00,10/12,정상운전검사,341.57,5.0,3000.0,15000.0,18000.0,0.6059825136598193,0.6154941961631916,29.22000000000025,2575.8,2521.58,37.378,440.571,9671.539,5328.461,5114.984,15000.0,99.00100000000003
2025-10-12 18:41:00,10/12,정상운전검사,341.57,5.0,3000.0,15000.0,18000.0,0.6059825136598193,0.6154941961631916,29.22000000000025,2575.8,2521.58,37.378,440.571,9671.539,5328.461,5114.984,15000.0,99.00100000000003
2025-10-12 18:42:00,10/12,정상운전검사,341.57,5.0,3000.0,15000.0,18000.0,0.6059825136598193,0.6154941961631916,29.22000000000025,2575.8,2521.58,37.378,440.571,9671.539,5328.461,5114.984,15000.0,99.00100000000003
2025-10-12 18:43:00,10/12,정상운전검사,341.57,5.0,3000.0,15000.0,18000.0,0.6059825136598193,0.6154941961631916,29.22000000000025,2575.8,2521.58,37.378,440.571,9671.539,5328.461,5114.984,15000.0,99.00100000000003
2025-10-12 18:44:00,10/12,정상운전검사,341.57,5.0,3000.0,15000.0,18000.0,0.6059825136598193,0.6154941961631916,29.22000000000025,2575.8,2521.58,37.378,440.571,9671.539,5328.461,5114.984,15000.0,99.00100000000003
2025-10-12 18:45:00,10/12,정상운전검사,341.57,5.0,3000.0,15000.0,18000.0,0.6059825136598193,0.6154941961631916,29.22000000000025,2575.8,2521.58,37.378,440.571,9671.539,5328.461,5114.984,15000.0,99.00100000000003
2025-10-12 18:46:00,10/12,정상운전검사,341.57,5.0,3000.0,15000.0,18000.0,0.6059825136598193,0.6154941961631916,29.22000000000025,2575.8,2521.58,37.378,440.571,9671.539,5328.461,5114.984,15000.0,99.00100000000003
2025-10-12 18:47:00,10/12,정상운전검사,341.57,5.0,3000.0,15000.0,18000.0,0.6059825136598193,0.6154941961631916,29.22000000000025,2575.8,2521.58,37.378,440.571,9671.539,5328.461,5114.984,15000.0,99.00100000000003
2025-10-12 18:48:00,10/12,정상운전검사,341.57,5.0,3000.0,15000.0,18000.0,0.6059825136598193,0.6154941961631916,29.22000000000025,2575.8,2521.58,37.378,440.571,9671.539,5328.461,5114.984,15000.0,99.00100000000003
2025-10-12 18:49:00,10/12,정상운전검사,341.57,5.0,3000.0,15000.0,18000.0,0.6059825136598193,0.6154941961631916,29.22000000000025,2575.8,2521.58,37.378,440.571,9671.539,5328.461,5114.984,15000.0,99.00100000000003
2025-10-12 18:50:00,10/12,정상운전검사,341.57,5.0,3000.0,15000.0,18000.0,0.6059825136598193,0.6154941961631916,29.22000000000025,2575.8,2521.58,37.378,440.571,9671.539,5328.461,5114.984,15000.0,99.00100000000003
2025-10-12 18:51:00,10/12,정상운전검사,341.57,5.0,3000.0,15000.0,18000.0,0.6059825136598193,0.6154941961631916,29.22000000000025,2575.8,2521.58,37.378,440.571,9671.539,5328.461,5114.984,15000.0,99.00100000000003
2025-10-12 18:52:00,10/12,정상운전검사,341.57,5.0,3000.0,15000.0,18000.0,0.6059825136598193,0.6154941961631916,29.22000000000025,2575.8,2521.58,37.378,440.571,9671.539,5328.461,5114.984,15000.0,99.00100000000003
2025-10-12 18:53:00,10/12,정상운전검사,341.57,5.0,3000.0,15000.0,18000.0,0.6059825136598193,0.6154941961631916,29.22000000000025,2575.8,2521.58,37.378,440.571,9671.539,5328.461,5114.984,15000.0,99.00100000000003
2025-10-12 18:54:00,10/12,정상운전검사,341.57,5.0,3000.0,15000.0,18000.0,0.6059825136598193,0.6154941961631916,29.22000000000025,2575.8,2521.58,37.378,440.571,9671.539,5328.461,5114.984,15000.0,99.00100000000003
2025-10-12 18:55:00,10/12,정상운전검사,341.57,5.0,3000.0,15000.0,18000.0,0.6059825136598193,0.6154941961631916,29.22000000000025,2575.8,2521.58,37.378,440.571,9671.539,5328.461,5114.984,15000.0,99.00100000000003
2025-10-12 18:56:00,10/12,정상운전검사,341.57,5.0,3000.0,15000.0,18000.0,0.6059825136598193,0.6154941961631916,29.22000000000025,2575.8,2521.58,37.378,440.571,9671.539,5328.461,5114.984,15000.0,99.00100000000003
2025-10-12 18:57:00,10/12,정상운전검사,341.57,5.0,3000.0,15000.0,18000.0,0.6059825136598193,0.6154941961631916,29.22000000000025,2575.8,2521.58,37.378,440.571,9671.539,5328.461,5114.984,15000.0,99.00100000000003
2025-10-12 18:58:00,10/12,정상운전검사,341.57,5.0,3000.0,15000.0,18000.0,0.6059825136598193,0.6154941961631916,29.22000000000025,2575.8,2521.58,37.378,440.571,9671.539,5328.461,5114.984,15000.0,99.00100000000003
2025-10-12 18:59:00,10/12,정상운전검사,341.57,5.0,3000.0,15000.0,18000.0,0.6059825136598193,0.6154941961631916,29.22000000000025,2575.8,2521.58,37.378,440.571,9671.539,5328.461,5114.984,15000.0,99.00100000000003
2025-10-12 19:00:00,10/12,정상운전검사,341.57,5.0,3000.0,15000.0,18000.0,0.6059825136598193,0.6154941961631916,29.22000000000025,2575.8,2521.58,37.378,440.571,9671.539,5328.461,5114.984,15000.0,99.00100000000003
2025-10-12 19:01:00,10/12,정상운전검사,341.57,5.0,3000.0,15000.0,18000.0,0.6059825136598193,0.6154941961631916,29.22000000000025,2575.8,2521.58,37.378,440.571,9671.539,5328.461,5114.984,15000.0,99.00100000000003
2025-10-12 19:02:00,10/12,정상운전검사,341.57,5.0,3000.0,15000.0,18000.0,0.6059825136598193,0.6154941961631916,29.22000000000025,2575.8,2521.58,37.378,440.571,9671.539,5328.461,5114.984,15000.0,99.00100000000003
2025-10-12 19:03:00,10/12,정상운전검사,341.57,5.0,3000.0,15000.0,18000.0,0.6059825136598193,0.6154941961631916,29.22000000000025,2575.8,2521.58,37.378,440.571,9671.539,5328.461,5114.984,15000.0,99.00100000000003
2025-10-12 19:04:00,10/12,정상운전검사,341.57,5.0,3000.0,15000.0,18000.0,0.6059825136598193,0.6154941961631916,29.22000000000025,2575.8,2521.58,37.378,440.571,9671.539,5328.461,5114.984,15000.0,99.00100000000003
2025-10-12 19:05:00,10/12,정상운전검사,341.57,5.0,3000.0,15000.0,18000.0,0.6059825136598193,0.6154941961631916,29.22000000000025,2575.8,2521.58,37.378,440.571,9671.539,5328.461,5114.984,15000.0,99.00100000000003
2025-10-12 19:06:00,10/12,정상운전검사,341.57,5.0,3000.0,15000.0,18000.0,0.6059825136598193,0.6154941961631916,29.22000000000025,2575.8,2521.58,37.378,440.571,9671.539,5328.461,5114.984,15000.0,99.00100000000003
2025-10-12 19:07:00,10/12,정상운전검사,341.57,5.0,3000.0,15000.0,18000.0,0.6059825136598193,0.6154941961631916,29.22000000000025,2575.8,2521.58,37.378,440.571,9671.539,5328.461,5114.984,15000.0,99.00100000000003
2025-10-12 19:08:00,10/12,정상운전검사,341.57,5.0,3000.0,15000.0,18000.0,0.6059825136598193,0.6154941961631916,29.22000000000025,2575.8,2521.58,37.378,440.571,9671.539,5328.461,5114.984,15000.0,99.00100000000003
2025-10-12 19:09:00,10/12,정상운전검사,341.57,5.0,3000.0,15000.0,18000.0,0.6059825136598193,0.6154941961631916,29.22000000000025,2575.8,2521.58,37.378,440.571,9671.539,5328.461,5114.984,15000.0,99.00100000000003
2025-10-12 19:10:00,10/12,정상운전검사,341.57,5.0,3000.0,15000.0,18000.0,0.6059825136598193,0.6154941961631916,29.22000000000025,2575.8,2521.58,37.378,440.571,9671.539,5328.461,5114.984,15000.0,99.00100000000003
2025-10-12 19:11:00,10/12,정상운전검사,341.57,5.0,3000.0,15000.0,18000.0,0.6059825136598193,0.6154941961631916,29.22000000000025,2575.8,2521.58,37.378,440.571,9671.539,5328.461,5114.984,15000.0,99.00100000000003
2025-10-12 19:12:00,10/12,정상운전검사,341.57,5.0,3000.0,15000.0,18000.0,0.6059825136598193,0.6154941961631916,29.22000000000025,2575.8,2521.58,37.378,440.571,9671.539,5328.461,5114.984,15000.0,99.00100000000003
2025-10-12 19:13:00,10/12,정상운전검사,341.57,5.0,3000.0,15000.0,18000.0,0.6059825136598193,0.6154941961631916,29.22000000000025,2575.8,2521.58,37.378,440.571,9671.539,5328.461,5114.984,15000.0,99.00100000000003
2025-10-12 19:14:00,10/12,정상운전검사,341.57,5.0,3000.0,15000.0,18000.0,0.6059825136598193,0.6154941961631916,29.22000000000025,2575.8,2521.58,37.378,440.571,9671.539,5328.461,5114.984,15000.0,99.00100000000003
2025-10-12 19:15:00,10/12,정상운전검사,341.57,5.0,3000.0,15000.0,18000.0,0.6059825136598193,0.6154941961631916,29.22000000000025,2575.8,2521.58,37.378,440.571,9671.539,5328.461,5114.984,15000.0,99.00100000000003
2025-10-12 19:16:00,10/12,정상운전검사,341.57,5.0,3000.0,15000.0,18000.0,0.6059825136598193,0.6154941961631916,29.22000000000025,2575.8,2521.58,37.378,440.571,9671.539,5328.461,5114.984,15000.0,99.00100000000003
2025-10-12 19:17:00,10/12,정상운전검사,341.57,5.0,3000.0,15000.0,18000.0,0.6059825136598193,0.6154941961631916,29.22000000000025,2575.8,2521.58,37.378,440.571,9671.539,5328.461,5114.984,15000.0,99.00100000000003
2025-10-12 19:18:00,10/12,정상운전검사,341.57,5.0,3000.0,15000.0,18000.0,0.6059825136598193,0.6154941961631916,29.22000000000025,2575.8,2521.58,37.378,440.571,9671.539,5328.461,5114.984,15000.0,99.00100000000003
2025-10-12 19:19:00,10/12,정상운전검사,341.57,5.0,3000.0,15000.0,18000.0,0.6059825136598193,0.6154941961631916,29.22000000000025,2575.8,2521.58,37.378,440.571,9671.539,5328.461,5114.984,15000.0,99.00100000000003
2025-10-12 19:20:00,10/12,정상운전검사,341.57,5.0,3000.0,15000.0,18000.0,0.6059825136598193,0.6154941961631916,29.22000000000025,2575.8,2521.58,37.378,440.571,9671.539,5328.461,5114.984,15000.0,99.00100000000003
2025-10-12 19:21:00,10/12,정상운전검사,341.57,5.0,3000.0,15000.0,18000.0,0.6059825136598193,0.6154941961631916,29.22000000000025,2575.8,2521.58,37.378,440.571,9671.539,5328.461,5114.984,15000.0,99.00100000000003
2025-10-12 19:22:00,10/12,정상운전검사,341.57,5.0,3000.0,15000.0,18000.0,0.6059825136598193,0.6154941961631916,29.22000000000025,2575.8,2521.58,37.378,440.571,9671.539,5328.461,5114.984,15000.0,99.00100000000003
2025-10-12 19:23:00,10/12,정상운전검사,341.57,5.0,3000.0,15000.0,18000.0,0.6059825136598193,0.6154941961631916,29.22000000000025,2575.8,2521.58,37.378,440.571,9671.539,5328.461,5114.984,15000.0,99.00100000000003
2025-10-12 19:24:00,10/12,정상운전검사,341.57,5.0,3000.0,15000.0,18000.0,0.6059825136598193,0.6154941961631916,29.22000000000025,2575.8,2521.58,37.378,440.571,9671.539,5328.461,5114.984,15000.0,99.00100000000003
2025-10-12 19:25:00,10/12,정상운전검사,341.57,5.0,3000.0,15000.0,18000.0,0.6059825136598193,0.6154941961631916,29.22000000000025,2575.8,2521.58,37.378,440.571,9671.539,5328.461,5114.984,15000.0,99.00100000000003
2025-10-12 19:26:00,10/12,정상운전검사,341.57,5.0,3000.0,15000.0,18000.0,0.6059825136598193,0.6154941961631916,29.22000000000025,2575.8,2521.58,37.378,440.571,9671.539,5328.461,5114.984,15000.0,99.00100000000003
2025-10-12 19:27:00,10/12,정상운전검사,341.57,5.0,3000.0,15000.0,18000.0,0.6059825136598193,0.6154941961631916,29.22000000000025,2575.8,2521.58,37.378,440.571,9671.539,5328.461,5114.984,15000.0,99.00100000000003
2025-10-12 19:28:00,10/12,정상운전검사,341.57,5.0,3000.0,15000.0,18000.0,0.6059825136598193,0.6154941961631916,29.22000000000025,2575.8,2521.58,37.378,440.571,9671.539,5328.461,5114.984,15000.0,99.00100000000003
2025-10-12 19:29:00,10/12,정상운전검사,341.57,5.0,3000.0,15000.0,18000.0,0.6059825136598193,0.6154941961631916,29.22000000000025,2575.8,2521.58,37.378,440.571,9671.539,5328.461,5114.984,15000.0,99.00100000000003
2025-10-12 19:30:00,10/12,정상운전검사,341.57,5.0,3000.0,15000.0,18000.0,0.6059825136598193,0.6154941961631916,29.22000000000025,2575.8,2521.58,37.378,440.571,9671.539,5328.461,5114.984,15000.0,99.00100000000003
2025-10-12 19:31:00,10/12,정상운전검사,341.57,5.0,3000.0,15000.0,18000.0,0.6059825136598193,0.6154941961631916,29.22000000000025,2575.8,2521.58,37.378,440.571,9671.539,5328.461,5114.984,15000.0,99.00100000000003
2025-10-12 19:32:00,10/12,정상운전검사,341.57,5.0,3000.0,15000.0,18000.0,0.6059825136598193,0.6154941961631916,29.22000000000025,2575.8,2521.58,37.378,440.571,9671.539,5328.461,5114.984,15000.0,99.00100000000003
2025-10-12 19:33:00,10/12,정상운전검사,341.57,5.0,3000.0,15000.0,18000.0,0.6059825136598193,0.6154941961631916,29.22000000000025,2575.8,2521.58,37.378,440.571,9671.539,5328.461,5114.984,15000.0,99.00100000000003
2025-10-12 19:34:00,10/12,정상운전검사,341.57,5.0,3000.0,15000.0,18000.0,0.6059825136598193,0.6154941961631916,29.22000000000025,2575.8,2521.58,37.378,440.571,9671.539,5328.461,5114.984,15000.0,99.00100000000003
2025-10-12 19:35:00,10/12,정상운전검사,341.57,5.0,3000.0,15000.0,18000.0,0.6059825136598193,0.6154941961631916,29.22000000000025,2575.8,2521.58,37.378,440.571,9671.539,5328.461,5114.984,15000.0,99.00100000000003
2025-10-12 19:36:00,10/12,정상운전검사,341.57,5.0,3000.0,15000.0,18000.0,0.6059825136598193,0.6154941961631916,29.22000000000025,2575.8,2521.58,37.378,440.571,9671.539,5328.461,5114.984,15000.0,99.00100000000003
2025-10-12 19:37:00,10/12,정상운전검사,341.57,5.0,3000.0,15000.0,18000.0,0.6059825136598193,0.6154941961631916,29.22000000000025,2575.8,2521.58,37.378,440.571,9671.539,5328.461,5114.984,15000.0,99.00100000000003
2025-10-12 19:38:00,10/12,정상운전검사,341.57,5.0,3000.0,15000.0,18000.0,0.6059825136598193,0.6154941961631916,29.22000000000025,2575.8,2521.58,37.378,440.571,9671.539,5328.461,5114.984,15000.0,99.00100000000003
2025-10-12 19:39:00,10/12,정상운전검사,341.57,5.0,3000.0,15000.0,18000.0,0.6059825136598193,0.6154941961631916,29.22000000000025,2575.8,2521.58,37.378,440.571,9671.539,5328.461,5114.984,15000.0,99.00100000000003
2025-10-12 19:40:00,10/12,정상운전검사,341.57,5.0,3000.0,15000.0,18000.0,0.6059825136598193,0.6154941961631916,29.22000000000025,2575.8,2521.58,37.378,440.571,9671.539,5328.461,5114.984,15000.0,99.00100000000003
2025-10-12 19:41:00,10/12,정상운전검사,341.57,5.0,3000.0,15000.0,18000.0,0.6059825136598193,0.6154941961631916,29.22000000000025,2575.8,2521.58,37.378,440.571,9671.539,5328.461,5114.984,15000.0,99.00100000000003
2025-10-12 19:42:00,10/12,정상운전검사,341.57,5.0,3000.0,15000.0,18000.0,0.6059825136598193,0.6154941961631916,29.22000000000025,2575.8,2521.58,37.378,440.571,9671.539,5328.461,5114.984,15000.0,99.00100000000003
2025-10-12 19:43:00,10/12,정상운전검사,341.57,5.0,3000.0,15000.0,18000.0,0.6059825136598193,0.6154941961631916,29.22000000000025,2575.8,2521.58,37.378,440.571,9671.539,5328.461,5114.984,15000.0,99.00100000000003
2025-10-12 19:44:00,10/12,정상운전검사,341.57,5.0,3000.0,15000.0,18000.0,0.6059825136598193,0.6154941961631916,29.22000000000025,2575.8,2521.58,37.378,440.571,9671.539,5328.461,5114.984,15000.0,99.00100000000003
2025-10-12 19:45:00,10/12,정상운전검사,341.57,5.0,3000.0,15000.0,18000.0,0.6059825136598193,0.6154941961631916,29.22000000000025,2575.8,2521.58,37.378,440.571,9671.539,5328.461,5114.984,15000.0,99.00100000000003
2025-10-12 19:46:00,10/12,정상운전검사,341.57,5.0,3000.0,15000.0,18000.0,0.6059825136598193,0.6154941961631916,29.22000000000025,2575.8,2521.58,37.378,440.571,9671.539,5328.461,5114.984,15000.0,99.00100000000003
2025-10-12 19:47:00,10/12,정상운전검사,341.57,5.0,3000.0,15000.0,18000.0,0.6059825136598193,0.6154941961631916,29.22000000000025,2575.8,2521.58,37.378,440.571,9671.539,5328.461,5114.984,15000.0,99.00100000000003
2025-10-12 19:48:00,10/12,정상운전검사,341.57,5.0,3000.0,15000.0,18000.0,0.6059825136598193,0.6154941961631916,29.22000000000025,2575.8,2521.58,37.378,440.571,9671.539,5328.461,5114.984,15000.0,99.00100000000003
2025-10-12 19:49:00,10/12,정상운전검사,341.57,5.0,3000.0,15000.0,18000.0,0.6059825136598193,0.6154941961631916,29.22000000000025,2575.8,2521.58,37.378,440.571,9671.539,5328.461,5114.984,15000.0,99.00100000000003
2025-10-12 19:50:00,10/12,정상운전검사,341.57,5.0,3000.0,15000.0,18000.0,0.6059825136598193,0.6154941961631916,29.22000000000025,2575.8,2521.58,37.378,440.571,9671.539,5328.461,5114.984,15000.0,99.00100000000003
2025-10-12 19:51:00,10/12,정상운전검사,341.57,5.0,3000.0,15000.0,18000.0,0.6059825136598193,0.6154941961631916,29.22000000000025,2575.8,2521.58,37.378,440.571,9671.539,5328.461,5114.984,15000.0,99.00100000000003
2025-10-12 19:52:00,10/12,정상운전검사,341.57,5.0,3000.0,15000.0,18000.0,0.6059825136598193,0.6154941961631916,29.22000000000025,2575.8,2521.58,37.378,440.571,9671.539,5328.461,5114.984,15000.0,99.00100000000003
2025-10-12 19:53:00,10/12,정상운전검사,341.57,5.0,3000.0,15000.0,18000.0,0.6059825136598193,0.6154941961631916,29.22000000000025,2575.8,2521.58,37.378,440.571,9671.539,5328.461,5114.984,15000.0,99.00100000000003
2025-10-12 19:54:00,10/12,정상운전검사,341.57,5.0,3000.0,15000.0,18000.0,0.6059825136598193,0.6154941961631916,29.22000000000025,2575.8,2521.58,37.378,440.571,9671.539,5328.461,5114.984,15000.0,99.00100000000003
2025-10-12 19:55:00,10/12,정상운전검사,341.57,5.0,3000.0,15000.0,18000.0,0.6059825136598193,0.6154941961631916,29.22000000000025,2575.8,2521.58,37.378,440.571,9671.539,5328.461,5114.984,15000.0,99.00100000000003
2025-10-12 19:56:00,10/12,정상운전검사,341.57,5.0,3000.0,15000.0,18000.0,0.6059825136598193,0.6154941961631916,29.22000000000025,2575.8,2521.58,37.378,440.571,9671.539,5328.461,5114.984,15000.0,99.00100000000003
2025-10-12 19:57:00,10/12,정상운전검사,341.57,5.0,3000.0,15000.0,18000.0,0.6059825136598193,0.6154941961631916,29.22000000000025,2575.8,2521.58,37.378,440.571,9671.539,5328.461,5114.984,15000.0,99.00100000000003
2025-10-12 19:58:00,10/12,정상운전검사,341.57,5.0,3000.0,15000.0,18000.0,0.6059825136598193,0.6154941961631916,29.22000000000025,2575.8,2521.58,37.378,440.571,9671.539,5328.461,5114.984,15000.0,99.00100000000003
2025-10-12 19:59:00,10/12,정상운전검사,341.57,5.0,3000.0,15000.0,18000.0,0.6059825136598193,0.6154941961631916,29.22000000000025,2575.8,2521.58,37.378,440.571,9671.539,5328.461,5114.984,15000.0,99.00100000000003
2025-10-12 20:00:00,10/12,정상운전검사,341.57,5.0,3000.0,15000.0,18000.0,0.6059825136598193,0.6154941961631916,29.22000000000025,2575.8,2521.58,37.378,440.571,9671.539,5328.461,5114.984,15000.0,99.00100000000003
2025-10-12 20:01:00,10/12,정상운전검사,341.57,5.0,3000.0,15000.0,18000.0,0.6059825136598193,0.6154941961631916,29.22000000000025,2575.8,2521.58,37.378,440.571,9671.539,5328.461,5114.984,15000.0,99.00100000000003
2025-10-12 20:02:00,10/12,정상운전검사,341.57,5.0,3000.0,15000.0,18000.0,0.6059825136598193,0.6154941961631916,29.22000000000025,2575.8,2521.58,37.378,440.571,9671.539,5328.461,5114.984,15000.0,99.00100000000003
2025-10-12 20:03:00,10/12,정상운전검사,341.57,5.0,3000.0,15000.0,18000.0,0.6059825136598193,0.6154941961631916,29.22000000000025,2575.8,2521.58,37.378,440.571,9671.539,5328.461,5114.984,15000.0,99.00100000000003
2025-10-12 20:04:00,10/12,정상운전검사,341.57,5.0,3000.0,15000.0,18000.0,0.6059825136598193,0.6154941961631916,29.22000000000025,2575.8,2521.58,37.378,440.571,9671.539,5328.461,5114.984,15000.0,99.00100000000003
2025-10-12 20:05:00,10/12,정상운전검사,341.57,5.0,3000.0,15000.0,18000.0,0.6059825136598193,0.6154941961631916,29.22000000000025,2575.8,2521.58,37.378,440.571,9671.539,5328.461,5114.984,15000.0,99.00100000000003
2025-10-12 20:06:00,10/12,정상운전검사,341.57,5.0,3000.0,15000.0,18000.0,0.6059825136598193,0.6154941961631916,29.22000000000025,2575.8,2521.58,37.378,440.571,9671.539,5328.461,5114.984,15000.0,99.00100000000003
2025-10-12 20:07:00,10/12,정상운전검사,341.57,5.0,3000.0,15000.0,18000.0,0.6059825136598193,0.6154941961631916,29.22000000000025,2575.8,2521.58,37.378,440.571,9671.539,5328.461,5114.984,15000.0,99.00100000000003
2025-10-12 20:08:00,10/12,정상운전검사,341.57,5.0,3000.0,15000.0,18000.0,0.6059825136598193,0.6154941961631916,29.22000000000025,2575.8,2521.58,37.378,440.571,9671.539,5328.461,5114.984,15000.0,99.00100000000003
2025-10-12 20:09:00,10/12,정상운전검사,341.57,5.0,3000.0,15000.0,18000.0,0.6059825136598193,0.6154941961631916,29.22000000000025,2575.8,2521.58,37.378,440.571,9671.539,5328.461,5114.984,15000.0,99.00100000000003
2025-10-12 20:10:00,10/12,정상운전검사,341.57,5.0,3000.0,15000.0,18000.0,0.6059825136598193,0.6154941961631916,29.22000000000025,2575.8,2521.58,37.378,440.571,9671.539,5328.461,5114.984,15000.0,99.00100000000003
2025-10-12 20:11:00,10/12,정상운전검사,341.57,5.0,3000.0,15000.0,18000.0,0.6059825136598193,0.6154941961631916,29.22000000000025,2575.8,2521.58,37.378,440.571,9671.539,5328.461,5114.984,15000.0,99.00100000000003
2025-10-12 20:12:00,10/12,정상운전검사,341.57,5.0,3000.0,15000.0,18000.0,0.6059825136598193,0.6154941961631916,29.22000000000025,2575.8,2521.58,37.378,440.571,9671.539,5328.461,5114.984,15000.0,99.00100000000003
2025-10-12 20:13:00,10/12,정상운전검사,341.57,5.0,3000.0,15000.0,18000.0,0.6059825136598193,0.6154941961631916,29.22000000000025,2575.8,2521.58,37.378,440.571,9671.539,5328.461,5114.984,15000.0,99.00100000000003
2025-10-12 20:14:00,10/12,정상운전검사,341.57,5.0,3000.0,15000.0,18000.0,0.6059825136598193,0.6154941961631916,29.22000000000025,2575.8,2521.58,37.378,440.571,9671.539,5328.461,5114.984,15000.0,99.00100000000003
2025-10-12 20:15:00,10/12,정상운전검사,341.57,5.0,3000.0,15000.0,18000.0,0.6059825136598193,0.6154941961631916,29.22000000000025,2575.8,2521.58,37.378,440.571,9671.539,5328.461,5114.984,15000.0,99.00100000000003
2025-10-12 20:16:00,10/12,정상운전검사,341.57,5.0,3000.0,15000.0,18000.0,0.6059825136598193,0.6154941961631916,29.22000000000025,2575.8,2521.58,37.378,440.571,9671.539,5328.461,5114.984,15000.0,99.00100000000003
2025-10-12 20:17:00,10/12,정상운전검사,341.57,5.0,3000.0,15000.0,18000.0,0.6059825136598193,0.6154941961631916,29.22000000000025,2575.8,2521.58,37.378,440.571,9671.539,5328.461,5114.984,15000.0,99.00100000000003
2025-10-12 20:18:00,10/12,정상운전검사,341.57,5.0,3000.0,15000.0,18000.0,0.6059825136598193,0.6154941961631916,29.22000000000025,2575.8,2521.58,37.378,440.571,9671.539,5328.461,5114.984,15000.0,99.00100000000003
2025-10-12 20:19:00,10/12,정상운전검사,341.57,5.0,3000.0,15000.0,18000.0,0.6059825136598193,0.6154941961631916,29.22000000000025,2575.8,2521.58,37.378,440.571,9671.539,5328.461,5114.984,15000.0,99.00100000000003
2025-10-12 20:20:00,10/12,정상운전검사,341.57,5.0,3000.0,15000.0,18000.0,0.6059825136598193,0.6154941961631916,29.22000000000025,2575.8,2521.58,37.378,440.571,9671.539,5328.461,5114.984,15000.0,99.00100000000003
2025-10-12 20:21:00,10/12,정상운전검사,341.57,5.0,3000.0,15000.0,18000.0,0.6059825136598193,0.6154941961631916,29.22000000000025,2575.8,2521.58,37.378,440.571,9671.539,5328.461,5114.984,15000.0,99.00100000000003
2025-10-12 20:22:00,10/12,정상운전검사,341.57,5.0,3000.0,15000.0,18000.0,0.6059825136598193,0.6154941961631916,29.22000000000025,2575.8,2521.58,37.378,440.571,9671.539,5328.461,5114.984,15000.0,99.00100000000003
2025-10-12 20:23:00,10/12,정상운전검사,341.57,5.0,3000.0,15000.0,18000.0,0.6059825136598193,0.6154941961631916,29.22000000000025,2575.8,2521.58,37.378,440.571,9671.539,5328.461,5114.984,15000.0,99.00100000000003
2025-10-12 20:24:00,10/12,정상운전검사,341.57,5.0,3000.0,15000.0,18000.0,0.6059825136598193,0.6154941961631916,29.22000000000025,2575.8,2521.58,37.378,440.571,9671.539,5328.461,5114.984,15000.0,99.00100000000003
2025-10-12 20:25:00,10/12,정상운전검사,341.57,5.0,3000.0,15000.0,18000.0,0.6059825136598193,0.6154941961631916,29.22000000000025,2575.8,2521.58,37.378,440.571,9671.539,5328.461,5114.984,15000.0,99.00100000000003
2025-10-12 20:26:00,10/12,정상운전검사,341.57,5.0,3000.0,15000.0,18000.0,0.6059825136598193,0.6154941961631916,29.22000000000025,2575.8,2521.58,37.378,440.571,9671.539,5328.461,5114.984,15000.0,99.00100000000003
2025-10-12 20:27:00,10/12,정상운전검사,341.57,5.0,3000.0,15000.0,18000.0,0.6059825136598193,0.6154941961631916,29.22000000000025,2575.8,2521.58,37.378,440.571,9671.539,5328.461,5114.984,15000.0,99.00100000000003
2025-10-12 20:28:00,10/12,정상운전검사,341.57,5.0,3000.0,15000.0,18000.0,0.6059825136598193,0.6154941961631916,29.22000000000025,2575.8,2521.58,37.378,440.571,9671.539,5328.461,5114.984,15000.0,99.00100000000003
2025-10-12 20:29:00,10/12,정상운전검사,341.57,5.0,3000.0,15000.0,18000.0,0.6059825136598193,0.6154941961631916,29.22000000000025,2575.8,2521.58,37.378,440.571,9671.539,5328.461,5114.984,15000.0,99.00100000000003
2025-10-12 20:30:00,10/12,정상운전검사,341.57,5.0,3000.0,15000.0,18000.0,0.6059825136598193,0.6154941961631916,29.22000000000025,2575.8,2521.58,37.378,440.571,9671.539,5328.461,5114.984,15000.0,99.00100000000003
2025-10-12 20:31:00,10/12,정상운전검사,341.57,5.0,3000.0,15000.0,18000.0,0.6059825136598193,0.6154941961631916,29.22000000000025,2575.8,2521.58,37.378,440.571,9671.539,5328.461,5114.984,15000.0,99.00100000000003
2025-10-12 20:32:00,10/12,정상운전검사,341.57,5.0,3000.0,15000.0,18000.0,0.6059825136598193,0.6154941961631916,29.22000000000025,2575.8,2521.58,37.378,440.571,9671.539,5328.461,5114.984,15000.0,99.00100000000003
2025-10-12 20:33:00,10/12,정상운전검사,341.57,5.0,3000.0,15000.0,18000.0,0.6059825136598193,0.6154941961631916,29.22000000000025,2575.8,2521.58,37.378,440.571,9671.539,5328.461,5114.984,15000.0,99.00100000000003
2025-10-12 20:34:00,10/12,정상운전검사,341.57,5.0,3000.0,15000.0,18000.0,0.6059825136598193,0.6154941961631916,29.22000000000025,2575.8,2521.58,37.378,440.571,9671.539,5328.461,5114.984,15000.0,99.00100000000003
2025-10-12 20:35:00,10/12,정상운전검사,341.57,5.0,3000.0,15000.0,18000.0,0.6059825136598193,0.6154941961631916,29.22000000000025,2575.8,2521.58,37.378,440.571,9671.539,5328.461,5114.984,15000.0,99.00100000000003
2025-10-12 20:36:00,10/12,정상운전검사,341.57,5.0,3000.0,15000.0,18000.0,0.6059825136598193,0.6154941961631916,29.22000000000025,2575.8,2521.58,37.378,440.571,9671.539,5328.461,5114.984,15000.0,99.00100000000003
2025-10-12 20:37:00,10/12,정상운전검사,341.57,5.0,3000.0,15000.0,18000.0,0.6059825136598193,0.6154941961631916,29.22000000000025,2575.8,2521.58,37.378,440.571,9671.539,5328.461,5114.984,15000.0,99.00100000000003
2025-10-12 20:38:00,10/12,정상운전검사,341.57,5.0,3000.0,15000.0,18000.0,0.6059825136598193,0.6154941961631916,29.22000000000025,2575.8,2521.58,37.378,440.571,9671.539,5328.461,5114.984,15000.0,99.00100000000003
2025-10-12 20:39:00,10/12,정상운전검사,341.57,5.0,3000.0,15000.0,18000.0,0.6059825136598193,0.6154941961631916,29.22000000000025,2575.8,2521.58,37.378,440.571,9671.539,5328.461,5114.984,15000.0,99.00100000000003
2025-10-12 20:40:00,10/12,정상운전검사,341.57,5.0,3000.0,15000.0,18000.0,0.6059825136598193,0.6154941961631916,29.22000000000025,2575.8,2521.58,37.378,440.571,9671.539,5328.461,5114.984,15000.0,99.00100000000003
2025-10-12 20:41:00,10/12,정상운전검사,341.57,5.0,3000.0,15000.0,18000.0,0.6059825136598193,0.6154941961631916,29.22000000000025,2575.8,2521.58,37.378,440.571,9671.539,5328.461,5114.984,15000.0,99.00100000000003
2025-10-12 20:42:00,10/12,정상운전검사,341.57,5.0,3000.0,15000.0,18000.0,0.6059825136598193,0.6154941961631916,29.22000000000025,2575.8,2521.58,37.378,440.571,9671.539,5328.461,5114.984,15000.0,99.00100000000003
2025-10-12 20:43:00,10/12,정상운전검사,341.57,5.0,3000.0,15000.0,18000.0,0.6059825136598193,0.6154941961631916,29.22000000000025,2575.8,2521.58,37.378,440.571,9671.539,5328.461,5114.984,15000.0,99.00100000000003
2025-10-12 20:44:00,10/12,정상운전검사,341.57,5.0,3000.0,15000.0,18000.0,0.6059825136598193,0.6154941961631916,29.22000000000025,2575.8,2521.58,37.378,440.571,9671.539,5328.461,5114.984,15000.0,99.00100000000003
2025-10-12 20:45:00,10/12,정상운전검사,341.57,5.0,3000.0,15000.0,18000.0,0.6059825136598193,0.6154941961631916,29.22000000000025,2575.8,2521.58,37.378,440.571,9671.539,5328.461,5114.984,15000.0,99.00100000000003
2025-10-12 20:46:00,10/12,정상운전검사,341.57,5.0,3000.0,15000.0,18000.0,0.6059825136598193,0.6154941961631916,29.22000000000025,2575.8,2521.58,37.378,440.571,9671.539,5328.461,5114.984,15000.0,99.00100000000003
2025-10-12 20:47:00,10/12,정상운전검사,341.57,5.0,3000.0,15000.0,18000.0,0.6059825136598193,0.6154941961631916,29.22000000000025,2575.8,2521.58,37.378,440.571,9671.539,5328.461,5114.984,15000.0,99.00100000000003
2025-10-12 20:48:00,10/12,정상운전검사,341.57,5.0,3000.0,15000.0,18000.0,0.6059825136598193,0.6154941961631916,29.22000000000025,2575.8,2521.58,37.378,440.571,9671.539,5328.461,5114.984,15000.0,99.00100000000003
2025-10-12 20:49:00,10/12,정상운전검사,341.57,5.0,3000.0,15000.0,18000.0,0.6059825136598193,0.6154941961631916,29.22000000000025,2575.8,2521.58,37.378,440.571,9671.539,5328.461,5114.984,15000.0,99.00100000000003
2025-10-12 20:50:00,10/12,정상운전검사,341.57,5.0,3000.0,15000.0,18000.0,0.6059825136598193,0.6154941961631916,29.22000000000025,2575.8,2521.58,37.378,440.571,9671.539,5328.461,5114.984,15000.0,99.00100000000003
2025-10-12 20:51:00,10/12,정상운전검사,341.57,5.0,3000.0,15000.0,18000.0,0.6059825136598193,0.6154941961631916,29.22000000000025,2575.8,2521.58,37.378,440.571,9671.539,5328.461,5114.984,15000.0,99.00100000000003
2025-10-12 20:52:00,10/12,정상운전검사,341.57,5.0,3000.0,15000.0,18000.0,0.6059825136598193,0.6154941961631916,29.22000000000025,2575.8,2521.58,37.378,440.571,9671.539,5328.461,5114.984,15000.0,99.00100000000003
2025-10-12 20:53:00,10/12,정상운전검사,341.57,5.0,3000.0,15000.0,18000.0,0.6059825136598193,0.6154941961631916,29.22000000000025,2575.8,2521.58,37.378,440.571,9671.539,5328.461,5114.984,15000.0,99.00100000000003
2025-10-12 20:54:00,10/12,정상운전검사,341.57,5.0,3000.0,15000.0,18000.0,0.6059825136598193,0.6154941961631916,29.22000000000025,2575.8,2521.58,37.378,440.571,9671.539,5328.461,5114.984,15000.0,99.00100000000003
2025-10-12 20:55:00,10/12,정상운전검사,341.57,5.0,3000.0,15000.0,18000.0,0.6059825136598193,0.6154941961631916,29.22000000000025,2575.8,2521.58,37.378,440.571,9671.539,5328.461,5114.984,15000.0,99.00100000000003
2025-10-12 20:56:00,10/12,정상운전검사,341.57,5.0,3000.0,15000.0,18000.0,0.6059825136598193,0.6154941961631916,29.22000000000025,2575.8,2521.58,37.378,440.571,9671.539,5328.461,5114.984,15000.0,99.00100000000003
2025-10-12 20:57:00,10/12,정상운전검사,341.57,5.0,3000.0,15000.0,18000.0,0.6059825136598193,0.6154941961631916,29.22000000000025,2575.8,2521.58,37.378,440.571,9671.539,5328.461,5114.984,15000.0,99.00100000000003
2025-10-12 20:58:00,10/12,정상운전검사,341.57,5.0,3000.0,15000.0,18000.0,0.6059825136598193,0.6154941961631916,29.22000000000025,2575.8,2521.58,37.378,440.571,9671.539,5328.461,5114.984,15000.0,99.00100000000003
2025-10-12 20:59:00,10/12,정상운전검사,341.57,5.0,3000.0,15000.0,18000.0,0.6059825136598193,0.6154941961631916,29.22000000000025,2575.8,2521.58,37.378,440.571,9671.539,5328.461,5114.984,15000.0,99.00100000000003
2025-10-12 21:00:00,10/12,정상운전검사,341.57,5.0,3000.0,15000.0,18000.0,0.6059825136598193,0.6154941961631916,29.22000000000025,2575.8,2521.58,37.378,440.571,9671.539,5328.461,5114.984,15000.0,99.00100000000003
2025-10-12 21:01:00,10/12,정상운전검사,341.57,5.0,3000.0,15000.0,18000.0,0.6059825136598193,0.6154941961631916,29.22000000000025,2575.8,2521.58,37.378,440.571,9671.539,5328.461,5114.984,15000.0,99.00100000000003
2025-10-12 21:02:00,10/12,정상운전검사,341.57,5.0,3000.0,15000.0,18000.0,0.6059825136598193,0.6154941961631916,29.22000000000025,2575.8,2521.58,37.378,440.571,9671.539,5328.461,5114.984,15000.0,99.00100000000003
2025-10-12 21:03:00,10/12,정상운전검사,341.57,5.0,3000.0,15000.0,18000.0,0.6059825136598193,0.6154941961631916,29.22000000000025,2575.8,2521.58,37.378,440.571,9671.539,5328.461,5114.984,15000.0,99.00100000000003
2025-10-12 21:04:00,10/12,정상운전검사,341.57,5.0,3000.0,15000.0,18000.0,0.6059825136598193,0.6154941961631916,29.22000000000025,2575.8,2521.58,37.378,440.571,9671.539,5328.461,5114.984,15000.0,99.00100000000003
2025-10-12 21:05:00,10/12,정상운전검사,341.57,5.0,3000.0,15000.0,18000.0,0.6059825136598193,0.6154941961631916,29.22000000000025,2575.8,2521.58,37.378,440.571,9671.539,5328.461,5114.984,15000.0,99.00100000000003
2025-10-12 21:06:00,10/12,정상운전검사,341.57,5.0,3000.0,15000.0,18000.0,0.6059825136598193,0.6154941961631916,29.22000000000025,2575.8,2521.58,37.378,440.571,9671.539,5328.461,5114.984,15000.0,99.00100000000003
2025-10-12 21:07:00,10/12,정상운전검사,341.57,5.0,3000.0,15000.0,18000.0,0.6059825136598193,0.6154941961631916,29.22000000000025,2575.8,2521.58,37.378,440.571,9671.539,5328.461,5114.984,15000.0,99.00100000000003
2025-10-12 21:08:00,10/12,정상운전검사,341.57,5.0,3000.0,15000.0,18000.0,0.6059825136598193,0.6154941961631916,29.22000000000025,2575.8,2521.58,37.378,440.571,9671.539,5328.461,5114.984,15000.0,99.00100000000003
2025-10-12 21:09:00,10/12,정상운전검사,341.57,5.0,3000.0,15000.0,18000.0,0.6059825136598193,0.6154941961631916,29.22000000000025,2575.8,2521.58,37.378,440.571,9671.539,5328.461,5114.984,15000.0,99.00100000000003
2025-10-12 21:10:00,10/12,정상운전검사,341.57,5.0,3000.0,15000.0,18000.0,0.6059825136598193,0.6154941961631916,29.22000000000025,2575.8,2521.58,37.378,440.571,9671.539,5328.461,5114.984,15000.0,99.00100000000003
2025-10-12 21:11:00,10/12,정상운전검사,341.57,5.0,3000.0,15000.0,18000.0,0.6059825136598193,0.6154941961631916,29.22000000000025,2575.8,2521.58,37.378,440.571,9671.539,5328.461,5114.984,15000.0,99.00100000000003
2025-10-12 21:12:00,10/12,정상운전검사,341.57,5.0,3000.0,15000.0,18000.0,0.6059825136598193,0.6154941961631916,29.22000000000025,2575.8,2521.58,37.378,440.571,9671.539,5328.461,5114.984,15000.0,99.00100000000003
2025-10-12 21:13:00,10/12,정상운전검사,341.57,5.0,3000.0,15000.0,18000.0,0.6059825136598193,0.6154941961631916,29.22000000000025,2575.8,2521.58,37.378,440.571,9671.539,5328.461,5114.984,15000.0,99.00100000000003
2025-10-12 21:14:00,10/12,정상운전검사,341.57,5.0,3000.0,15000.0,18000.0,0.6059825136598193,0.6154941961631916,29.22000000000025,2575.8,2521.58,37.378,440.571,9671.539,5328.461,5114.984,15000.0,99.00100000000003
2025-10-12 21:15:00,10/12,정상운전검사,341.57,5.0,3000.0,15000.0,18000.0,0.6059825136598193,0.6154941961631916,29.22000000000025,2575.8,2521.58,37.378,440.571,9671.539,5328.461,5114.984,15000.0,99.00100000000003
2025-10-12 21:16:00,10/12,정상운전검사,341.57,5.0,3000.0,15000.0,18000.0,0.6059825136598193,0.6154941961631916,29.22000000000025,2575.8,2521.58,37.378,440.571,9671.539,5328.461,5114.984,15000.0,99.00100000000003
2025-10-12 21:17:00,10/12,정상운전검사,341.57,5.0,3000.0,15000.0,18000.0,0.6059825136598193,0.6154941961631916,29.22000000000025,2575.8,2521.58,37.378,440.571,9671.539,5328.461,5114.984,15000.0,99.00100000000003
2025-10-12 21:18:00,10/12,정상운전검사,341.57,5.0,3000.0,15000.0,18000.0,0.6059825136598193,0.6154941961631916,29.22000000000025,2575.8,2521.58,37.378,440.571,9671.539,5328.461,5114.984,15000.0,99.00100000000003
2025-10-12 21:19:00,10/12,정상운전검사,341.57,5.0,3000.0,15000.0,18000.0,0.6059825136598193,0.6154941961631916,29.22000000000025,2575.8,2521.58,37.378,440.571,9671.539,5328.461,5114.984,15000.0,99.00100000000003
2025-10-12 21:20:00,10/12,정상운전검사,341.57,5.0,3000.0,15000.0,18000.0,0.6059825136598193,0.6154941961631916,29.22000000000025,2575.8,2521.58,37.378,440.571,9671.539,5328.461,5114.984,15000.0,99.00100000000003
2025-10-12 21:21:00,10/12,정상운전검사,341.57,5.0,3000.0,15000.0,18000.0,0.6059825136598193,0.6154941961631916,29.22000000000025,2575.8,2521.58,37.378,440.571,9671.539,5328.461,5114.984,15000.0,99.00100000000003
2025-10-12 21:22:00,10/12,정상운전검사,341.57,5.0,3000.0,15000.0,18000.0,0.6059825136598193,0.6154941961631916,29.22000000000025,2575.8,2521.58,37.378,440.571,9671.539,5328.461,5114.984,15000.0,99.00100000000003
2025-10-12 21:23:00,10/12,정상운전검사,341.57,5.0,3000.0,15000.0,18000.0,0.6059825136598193,0.6154941961631916,29.22000000000025,2575.8,2521.58,37.378,440.571,9671.539,5328.461,5114.984,15000.0,99.00100000000003
2025-10-12 21:24:00,10/12,정상운전검사,341.57,5.0,3000.0,15000.0,18000.0,0.6059825136598193,0.6154941961631916,29.22000000000025,2575.8,2521.58,37.378,440.571,9671.539,5328.461,5114.984,15000.0,99.00100000000003
2025-10-12 21:25:00,10/12,정상운전검사,341.57,5.0,3000.0,15000.0,18000.0,0.6059825136598193,0.6154941961631916,29.22000000000025,2575.8,2521.58,37.378,440.571,9671.539,5328.461,5114.984,15000.0,99.00100000000003
2025-10-12 21:26:00,10/12,정상운전검사,341.57,5.0,3000.0,15000.0,18000.0,0.6059825136598193,0.6154941961631916,29.22000000000025,2575.8,2521.58,37.378,440.571,9671.539,5328.461,5114.984,15000.0,99.00100000000003
2025-10-12 21:27:00,10/12,정상운전검사,341.57,5.0,3000.0,15000.0,18000.0,0.6059825136598193,0.6154941961631916,29.22000000000025,2575.8,2521.58,37.378,440.571,9671.539,5328.461,5114.984,15000.0,99.00100000000003
2025-10-12 21:28:00,10/12,정상운전검사,341.57,5.0,3000.0,15000.0,18000.0,0.6059825136598193,0.6154941961631916,29.22000000000025,2575.8,2521.58,37.378,440.571,9671.539,5328.461,5114.984,15000.0,99.00100000000003
2025-10-12 21:29:00,10/12,정상운전검사,341.57,5.0,3000.0,15000.0,18000.0,0.6059825136598193,0.6154941961631916,29.22000000000025,2575.8,2521.58,37.378,440.571,9671.539,5328.461,5114.984,15000.0,99.00100000000003
2025-10-12 21:30:00,10/12,정상운전검사,341.57,5.0,3000.0,15000.0,18000.0,0.6059825136598193,0.6154941961631916,29.22000000000025,2575.8,2521.58,37.378,440.571,9671.539,5328.461,5114.984,15000.0,99.00100000000003
2025-10-12 21:31:00,10/12,정상운전검사,341.57,5.0,3000.0,15000.0,18000.0,0.6059825136598193,0.6154941961631916,29.22000000000025,2575.8,2521.58,37.378,440.571,9671.539,5328.461,5114.984,15000.0,99.00100000000003
2025-10-12 21:32:00,10/12,정상운전검사,341.57,5.0,3000.0,15000.0,18000.0,0.6059825136598193,0.6154941961631916,29.22000000000025,2575.8,2521.58,37.378,440.571,9671.539,5328.461,5114.984,15000.0,99.00100000000003
2025-10-12 21:33:00,10/12,정상운전검사,341.57,5.0,3000.0,15000.0,18000.0,0.6059825136598193,0.6154941961631916,29.22000000000025,2575.8,2521.58,37.378,440.571,9671.539,5328.461,5114.984,15000.0,99.00100000000003
2025-10-12 21:34:00,10/12,정상운전검사,341.57,5.0,3000.0,15000.0,18000.0,0.6059825136598193,0.6154941961631916,29.22000000000025,2575.8,2521.58,37.378,440.571,9671.539,5328.461,5114.984,15000.0,99.00100000000003
2025-10-12 21:35:00,10/12,정상운전검사,341.57,5.0,3000.0,15000.0,18000.0,0.6059825136598193,0.6154941961631916,29.22000000000025,2575.8,2521.58,37.378,440.571,9671.539,5328.461,5114.984,15000.0,99.00100000000003
2025-10-12 21:36:00,10/12,정상운전검사,341.57,5.0,3000.0,15000.0,18000.0,0.6059825136598193,0.6154941961631916,29.22000000000025,2575.8,2521.58,37.378,440.571,9671.539,5328.461,5114.984,15000.0,99.00100000000003
2025-10-12 21:37:00,10/12,정상운전검사,341.57,5.0,3000.0,15000.0,18000.0,0.6059825136598193,0.6154941961631916,29.22000000000025,2575.8,2521.58,37.378,440.571,9671.539,5328.461,5114.984,15000.0,99.00100000000003
2025-10-12 21:38:00,10/12,정상운전검사,341.57,5.0,3000.0,15000.0,18000.0,0.6059825136598193,0.6154941961631916,29.22000000000025,2575.8,2521.58,37.378,440.571,9671.539,5328.461,5114.984,15000.0,99.00100000000003
2025-10-12 21:39:00,10/12,정상운전검사,341.57,5.0,3000.0,15000.0,18000.0,0.6059825136598193,0.6154941961631916,29.22000000000025,2575.8,2521.58,37.378,440.571,9671.539,5328.461,5114.984,15000.0,99.00100000000003
2025-10-12 21:40:00,10/12,정상운전검사,341.57,5.0,3000.0,15000.0,18000.0,0.6059825136598193,0.6154941961631916,29.22000000000025,2575.8,2521.58,37.378,440.571,9671.539,5328.461,5114.984,15000.0,99.00100000000003
2025-10-12 21:41:00,10/12,정상운전검사,341.57,5.0,3000.0,15000.0,18000.0,0.6059825136598193,0.6154941961631916,29.22000000000025,2575.8,2521.58,37.378,440.571,9671.539,5328.461,5114.984,15000.0,99.00100000000003
2025-10-12 21:42:00,10/12,정상운전검사,341.57,5.0,3000.0,15000.0,18000.0,0.6059825136598193,0.6154941961631916,29.22000000000025,2575.8,2521.58,37.378,440.571,9671.539,5328.461,5114.984,15000.0,99.00100000000003
2025-10-12 21:43:00,10/12,정상운전검사,341.57,5.0,3000.0,15000.0,18000.0,0.6059825136598193,0.6154941961631916,29.22000000000025,2575.8,2521.58,37.378,440.571,9671.539,5328.461,5114.984,15000.0,99.00100000000003
2025-10-12 21:44:00,10/12,정상운전검사,341.57,5.0,3000.0,15000.0,18000.0,0.6059825136598193,0.6154941961631916,29.22000000000025,2575.8,2521.58,37.378,440.571,9671.539,5328.461,5114.984,15000.0,99.00100000000003
2025-10-12 21:45:00,10/12,정상운전검사,341.57,5.0,3000.0,15000.0,18000.0,0.6059825136598193,0.6154941961631916,29.22000000000025,2575.8,2521.58,37.378,440.571,9671.539,5328.461,5114.984,15000.0,99.00100000000003
2025-10-12 21:46:00,10/12,정상운전검사,341.57,5.0,3000.0,15000.0,18000.0,0.6059825136598193,0.6154941961631916,29.22000000000025,2575.8,2521.58,37.378,440.571,9671.539,5328.461,5114.984,15000.0,99.00100000000003
2025-10-12 21:47:00,10/12,정상운전검사,341.57,5.0,3000.0,15000.0,18000.0,0.6059825136598193,0.6154941961631916,29.22000000000025,2575.8,2521.58,37.378,440.571,9671.539,5328.461,5114.984,15000.0,99.00100000000003
2025-10-12 21:48:00,10/12,정상운전검사,341.57,5.0,3000.0,15000.0,18000.0,0.6059825136598193,0.6154941961631916,29.22000000000025,2575.8,2521.58,37.378,440.571,9671.539,5328.461,5114.984,15000.0,99.00100000000003
2025-10-12 21:49:00,10/12,정상운전검사,341.57,5.0,3000.0,15000.0,18000.0,0.6059825136598193,0.6154941961631916,29.22000000000025,2575.8,2521.58,37.378,440.571,9671.539,5328.461,5114.984,15000.0,99.00100000000003
2025-10-12 21:50:00,10/12,정상운전검사,341.57,5.0,3000.0,15000.0,18000.0,0.6059825136598193,0.6154941961631916,29.22000000000025,2575.8,2521.58,37.378,440.571,9671.539,5328.461,5114.984,15000.0,99.00100000000003
2025-10-12 21:51:00,10/12,정상운전검사,341.57,5.0,3000.0,15000.0,18000.0,0.6059825136598193,0.6154941961631916,29.22000000000025,2575.8,2521.58,37.378,440.571,9671.539,5328.461,5114.984,15000.0,99.00100000000003
2025-10-12 21:52:00,10/12,정상운전검사,341.57,5.0,3000.0,15000.0,18000.0,0.6059825136598193,0.6154941961631916,29.22000000000025,2575.8,2521.58,37.378,440.571,9671.539,5328.461,5114.984,15000.0,99.00100000000003
2025-10-12 21:53:00,10/12,정상운전검사,341.57,5.0,3000.0,15000.0,18000.0,0.6059825136598193,0.6154941961631916,29.22000000000025,2575.8,2521.58,37.378,440.571,9671.539,5328.461,5114.984,15000.0,99.00100000000003
2025-10-12 21:54:00,10/12,정상운전검사,341.57,5.0,3000.0,15000.0,18000.0,0.6059825136598193,0.6154941961631916,29.22000000000025,2575.8,2521.58,37.378,440.571,9671.539,5328.461,5114.984,15000.0,99.00100000000003
2025-10-12 21:55:00,10/12,정상운전검사,341.57,5.0,3000.0,15000.0,18000.0,0.6059825136598193,0.6154941961631916,29.22000000000025,2575.8,2521.58,37.378,440.571,9671.539,5328.461,5114.984,15000.0,99.00100000000003
2025-10-12 21:56:00,10/12,정상운전검사,341.57,5.0,3000.0,15000.0,18000.0,0.6059825136598193,0.6154941961631916,29.22000000000025,2575.8,2521.58,37.378,440.571,9671.539,5328.461,5114.984,15000.0,99.00100000000003
2025-10-12 21:57:00,10/12,정상운전검사,341.57,5.0,3000.0,15000.0,18000.0,0.6059825136598193,0.6154941961631916,29.22000000000025,2575.8,2521.58,37.378,440.571,9671.539,5328.461,5114.984,15000.0,99.00100000000003
2025-10-12 21:58:00,10/12,정상운전검사,341.57,5.0,3000.0,15000.0,18000.0,0.6059825136598193,0.6154941961631916,29.22000000000025,2575.8,2521.58,37.378,440.571,9671.539,5328.461,5114.984,15000.0,99.00100000000003
2025-10-12 21:59:00,10/12,정상운전검사,341.57,5.0,3000.0,15000.0,18000.0,0.6059825136598193,0.6154941961631916,29.22000000000025,2575.8,2521.58,37.378,440.571,9671.539,5328.461,5114.984,15000.0,99.00100000000003
2025-10-12 22:00:00,10/12,정상운전검사,341.57,5.0,3000.0,15000.0,18000.0,0.6059825136598193,0.6154941961631916,29.22000000000025,2575.8,2521.58,37.378,440.571,9671.539,5328.461,5114.984,15000.0,99.00100000000003
2025-10-12 22:01:00,10/12,정상운전검사,341.57,5.0,3000.0,15000.0,18000.0,0.6059825136598193,0.6154941961631916,29.22000000000025,2575.8,2521.58,37.378,440.571,9671.539,5328.461,5114.984,15000.0,99.00100000000003
2025-10-12 22:02:00,10/12,정상운전검사,341.57,5.0,3000.0,15000.0,18000.0,0.6059825136598193,0.6154941961631916,29.22000000000025,2575.8,2521.58,37.378,440.571,9671.539,5328.461,5114.984,15000.0,99.00100000000003
2025-10-12 22:03:00,10/12,정상운전검사,341.57,5.0,3000.0,15000.0,18000.0,0.6059825136598193,0.6154941961631916,29.22000000000025,2575.8,2521.58,37.378,440.571,9671.539,5328.461,5114.984,15000.0,99.00100000000003
2025-10-12 22:04:00,10/12,정상운전검사,341.57,5.0,3000.0,15000.0,18000.0,0.6059825136598193,0.6154941961631916,29.22000000000025,2575.8,2521.58,37.378,440.571,9671.539,5328.461,5114.984,15000.0,99.00100000000003
2025-10-12 22:05:00,10/12,정상운전검사,341.57,5.0,3000.0,15000.0,18000.0,0.6059825136598193,0.6154941961631916,29.22000000000025,2575.8,2521.58,37.378,440.571,9671.539,5328.461,5114.984,15000.0,99.00100000000003
2025-10-12 22:06:00,10/12,정상운전검사,341.57,5.0,3000.0,15000.0,18000.0,0.6059825136598193,0.6154941961631916,29.22000000000025,2575.8,2521.58,37.378,440.571,9671.539,5328.461,5114.984,15000.0,99.00100000000003
2025-10-12 22:07:00,10/12,정상운전검사,341.57,5.0,3000.0,15000.0,18000.0,0.6059825136598193,0.6154941961631916,29.22000000000025,2575.8,2521.58,37.378,440.571,9671.539,5328.461,5114.984,15000.0,99.00100000000003
2025-10-12 22:08:00,10/12,정상운전검사,341.57,5.0,3000.0,15000.0,18000.0,0.6059825136598193,0.6154941961631916,29.22000000000025,2575.8,2521.58,37.378,440.571,9671.539,5328.461,5114.984,15000.0,99.00100000000003
2025-10-12 22:09:00,10/12,정상운전검사,341.57,5.0,3000.0,15000.0,18000.0,0.6059825136598193,0.6154941961631916,29.22000000000025,2575.8,2521.58,37.378,440.571,9671.539,5328.461,5114.984,15000.0,99.00100000000003
2025-10-12 22:10:00,10/12,정상운전검사,341.57,5.0,3000.0,15000.0,18000.0,0.6059825136598193,0.6154941961631916,29.22000000000025,2575.8,2521.58,37.378,440.571,9671.539,5328.461,5114.984,15000.0,99.00100000000003
2025-10-12 22:11:00,10/12,정상운전검사,341.57,5.0,3000.0,15000.0,18000.0,0.6059825136598193,0.6154941961631916,29.22000000000025,2575.8,2521.58,37.378,440.571,9671.539,5328.461,5114.984,15000.0,99.00100000000003
2025-10-12 22:12:00,10/12,정상운전검사,341.57,5.0,3000.0,15000.0,18000.0,0.6059825136598193,0.6154941961631916,29.22000000000025,2575.8,2521.58,37.378,440.571,9671.539,5328.461,5114.984,15000.0,99.00100000000003
2025-10-12 22:13:00,10/12,정상운전검사,341.57,5.0,3000.0,15000.0,18000.0,0.6059825136598193,0.6154941961631916,29.22000000000025,2575.8,2521.58,37.378,440.571,9671.539,5328.461,5114.984,15000.0,99.00100000000003
2025-10-12 22:14:00,10/12,정상운전검사,341.57,5.0,3000.0,15000.0,18000.0,0.6059825136598193,0.6154941961631916,29.22000000000025,2575.8,2521.58,37.378,440.571,9671.539,5328.461,5114.984,15000.0,99.00100000000003
2025-10-12 22:15:00,10/12,정상운전검사,341.57,5.0,3000.0,15000.0,18000.0,0.6059825136598193,0.6154941961631916,29.22000000000025,2575.8,2521.58,37.378,440.571,9671.539,5328.461,5114.984,15000.0,99.00100000000003
2025-10-12 22:16:00,10/12,정상운전검사,341.57,5.0,3000.0,15000.0,18000.0,0.6059825136598193,0.6154941961631916,29.22000000000025,2575.8,2521.58,37.378,440.571,9671.539,5328.461,5114.984,15000.0,99.00100000000003
2025-10-12 22:17:00,10/12,정상운전검사,341.57,5.0,3000.0,15000.0,18000.0,0.6059825136598193,0.6154941961631916,29.22000000000025,2575.8,2521.58,37.378,440.571,9671.539,5328.461,5114.984,15000.0,99.00100000000003
2025-10-12 22:18:00,10/12,정상운전검사,341.57,5.0,3000.0,15000.0,18000.0,0.6059825136598193,0.6154941961631916,29.22000000000025,2575.8,2521.58,37.378,440.571,9671.539,5328.461,5114.984,15000.0,99.00100000000003
2025-10-12 22:19:00,10/12,정상운전검사,341.57,5.0,3000.0,15000.0,18000.0,0.6059825136598193,0.6154941961631916,29.22000000000025,2575.8,2521.58,37.378,440.571,9671.539,5328.461,5114.984,15000.0,99.00100000000003
2025-10-12 22:20:00,10/12,정상운전검사,341.57,5.0,3000.0,15000.0,18000.0,0.6059825136598193,0.6154941961631916,29.22000000000025,2575.8,2521.58,37.378,440.571,9671.539,5328.461,5114.984,15000.0,99.00100000000003
2025-10-12 22:21:00,10/12,정상운전검사,341.57,5.0,3000.0,15000.0,18000.0,0.6059825136598193,0.6154941961631916,29.22000000000025,2575.8,2521.58,37.378,440.571,9671.539,5328.461,5114.984,15000.0,99.00100000000003
2025-10-12 22:22:00,10/12,정상운전검사,341.57,5.0,3000.0,15000.0,18000.0,0.6059825136598193,0.6154941961631916,29.22000000000025,2575.8,2521.58,37.378,440.571,9671.539,5328.461,5114.984,15000.0,99.00100000000003
2025-10-12 22:23:00,10/12,정상운전검사,341.57,5.0,3000.0,15000.0,18000.0,0.6059825136598193,0.6154941961631916,29.22000000000025,2575.8,2521.58,37.378,440.571,9671.539,5328.461,5114.984,15000.0,99.00100000000003
2025-10-12 22:24:00,10/12,정상운전검사,341.57,5.0,3000.0,15000.0,18000.0,0.6059825136598193,0.6154941961631916,29.22000000000025,2575.8,2521.58,37.378,440.571,9671.539,5328.461,5114.984,15000.0,99.00100000000003
2025-10-12 22:25:00,10/12,정상운전검사,341.57,5.0,3000.0,15000.0,18000.0,0.6059825136598193,0.6154941961631916,29.22000000000025,2575.8,2521.58,37.378,440.571,9671.539,5328.461,5114.984,15000.0,99.00100000000003
2025-10-12 22:26:00,10/12,정상운전검사,341.57,5.0,3000.0,15000.0,18000.0,0.6059825136598193,0.6154941961631916,29.22000000000025,2575.8,2521.58,37.378,440.571,9671.539,5328.461,5114.984,15000.0,99.00100000000003
2025-10-12 22:27:00,10/12,정상운전검사,341.57,5.0,3000.0,15000.0,18000.0,0.6059825136598193,0.6154941961631916,29.22000000000025,2575.8,2521.58,37.378,440.571,9671.539,5328.461,5114.984,15000.0,99.00100000000003
2025-10-12 22:28:00,10/12,정상운전검사,341.57,5.0,3000.0,15000.0,18000.0,0.6059825136598193,0.6154941961631916,29.22000000000025,2575.8,2521.58,37.378,440.571,9671.539,5328.461,5114.984,15000.0,99.00100000000003
2025-10-12 22:29:00,10/12,정상운전검사,341.57,5.0,3000.0,15000.0,18000.0,0.6059825136598193,0.6154941961631916,29.22000000000025,2575.8,2521.58,37.378,440.571,9671.539,5328.461,5114.984,15000.0,99.00100000000003
2025-10-12 22:30:00,10/12,정상운전검사,341.57,5.0,3000.0,15000.0,18000.0,0.6059825136598193,0.6154941961631916,29.22000000000025,2575.8,2521.58,37.378,440.571,9671.539,5328.461,5114.984,15000.0,99.00100000000003
2025-10-12 22:31:00,10/12,정상운전검사,341.57,5.0,3000.0,15000.0,18000.0,0.6059825136598193,0.6154941961631916,29.22000000000025,2575.8,2521.58,37.378,440.571,9671.539,5328.461,5114.984,15000.0,99.00100000000003
2025-10-12 22:32:00,10/12,정상운전검사,341.57,5.0,3000.0,15000.0,18000.0,0.6059825136598193,0.6154941961631916,29.22000000000025,2575.8,2521.58,37.378,440.571,9671.539,5328.461,5114.984,15000.0,99.00100000000003
2025-10-12 22:33:00,10/12,정상운전검사,341.57,5.0,3000.0,15000.0,18000.0,0.6059825136598193,0.6154941961631916,29.22000000000025,2575.8,2521.58,37.378,440.571,9671.539,5328.461,5114.984,15000.0,99.00100000000003
2025-10-12 22:34:00,10/12,정상운전검사,341.57,5.0,3000.0,15000.0,18000.0,0.6059825136598193,0.6154941961631916,29.22000000000025,2575.8,2521.58,37.378,440.571,9671.539,5328.461,5114.984,15000.0,99.00100000000003
2025-10-12 22:35:00,10/12,정상운전검사,341.57,5.0,3000.0,15000.0,18000.0,0.6059825136598193,0.6154941961631916,29.22000000000025,2575.8,2521.58,37.378,440.571,9671.539,5328.461,5114.984,15000.0,99.00100000000003
2025-10-12 22:36:00,10/12,정상운전검사,341.57,5.0,3000.0,15000.0,18000.0,0.6059825136598193,0.6154941961631916,29.22000000000025,2575.8,2521.58,37.378,440.571,9671.539,5328.461,5114.984,15000.0,99.00100000000003
2025-10-12 22:37:00,10/12,정상운전검사,341.57,5.0,3000.0,15000.0,18000.0,0.6059825136598193,0.6154941961631916,29.22000000000025,2575.8,2521.58,37.378,440.571,9671.539,5328.461,5114.984,15000.0,99.00100000000003
2025-10-12 22:38:00,10/12,정상운전검사,341.57,5.0,3000.0,15000.0,18000.0,0.6059825136598193,0.6154941961631916,29.22000000000025,2575.8,2521.58,37.378,440.571,9671.539,5328.461,5114.984,15000.0,99.00100000000003
2025-10-12 22:39:00,10/12,정상운전검사,341.57,5.0,3000.0,15000.0,18000.0,0.6059825136598193,0.6154941961631916,29.22000000000025,2575.8,2521.58,37.378,440.571,9671.539,5328.461,5114.984,15000.0,99.00100000000003
2025-10-12 22:40:00,10/12,정상운전검사,341.57,5.0,3000.0,15000.0,18000.0,0.6059825136598193,0.6154941961631916,29.22000000000025,2575.8,2521.58,37.378,440.571,9671.539,5328.461,5114.984,15000.0,99.00100000000003
2025-10-12 22:41:00,10/12,정상운전검사,341.57,5.0,3000.0,15000.0,18000.0,0.6059825136598193,0.6154941961631916,29.22000000000025,2575.8,2521.58,37.378,440.571,9671.539,5328.461,5114.984,15000.0,99.00100000000003
2025-10-12 22:42:00,10/12,정상운전검사,341.57,5.0,3000.0,15000.0,18000.0,0.6059825136598193,0.6154941961631916,29.22000000000025,2575.8,2521.58,37.378,440.571,9671.539,5328.461,5114.984,15000.0,99.00100000000003
2025-10-12 22:43:00,10/12,정상운전검사,341.57,5.0,3000.0,15000.0,18000.0,0.6059825136598193,0.6154941961631916,29.22000000000025,2575.8,2521.58,37.378,440.571,9671.539,5328.461,5114.984,15000.0,99.00100000000003
2025-10-12 22:44:00,10/12,정상운전검사,341.57,5.0,3000.0,15000.0,18000.0,0.6059825136598193,0.6154941961631916,29.22000000000025,2575.8,2521.58,37.378,440.571,9671.539,5328.461,5114.984,15000.0,99.00100000000003
2025-10-12 22:45:00,10/12,정상운전검사,341.57,5.0,3000.0,15000.0,18000.0,0.6059825136598193,0.6154941961631916,29.22000000000025,2575.8,2521.58,37.378,440.571,9671.539,5328.461,5114.984,15000.0,99.00100000000003
2025-10-12 22:46:00,10/12,정상운전검사,341.57,5.0,3000.0,15000.0,18000.0,0.6059825136598193,0.6154941961631916,29.22000000000025,2575.8,2521.58,37.378,440.571,9671.539,5328.461,5114.984,15000.0,99.00100000000003
2025-10-12 22:47:00,10/12,정상운전검사,341.57,5.0,3000.0,15000.0,18000.0,0.6059825136598193,0.6154941961631916,29.22000000000025,2575.8,2521.58,37.378,440.571,9671.539,5328.461,5114.984,15000.0,99.00100000000003
2025-10-12 22:48:00,10/12,정상운전검사,341.57,5.0,3000.0,15000.0,18000.0,0.6059825136598193,0.6154941961631916,29.22000000000025,2575.8,2521.58,37.378,440.571,9671.539,5328.461,5114.984,15000.0,99.00100000000003
2025-10-12 22:49:00,10/12,정상운전검사,341.57,5.0,3000.0,15000.0,18000.0,0.6059825136598193,0.6154941961631916,29.22000000000025,2575.8,2521.58,37.378,440.571,9671.539,5328.461,5114.984,15000.0,99.00100000000003
2025-10-12 22:50:00,10/12,정상운전검사,341.57,5.0,3000.0,15000.0,18000.0,0.6059825136598193,0.6154941961631916,29.22000000000025,2575.8,2521.58,37.378,440.571,9671.539,5328.461,5114.984,15000.0,99.00100000000003
2025-10-12 22:51:00,10/12,정상운전검사,341.57,5.0,3000.0,15000.0,18000.0,0.6059825136598193,0.6154941961631916,29.22000000000025,2575.8,2521.58,37.378,440.571,9671.539,5328.461,5114.984,15000.0,99.00100000000003
2025-10-12 22:52:00,10/12,정상운전검사,341.57,5.0,3000.0,15000.0,18000.0,0.6059825136598193,0.6154941961631916,29.22000000000025,2575.8,2521.58,37.378,440.571,9671.539,5328.461,5114.984,15000.0,99.00100000000003
2025-10-12 22:53:00,10/12,정상운전검사,341.57,5.0,3000.0,15000.0,18000.0,0.6059825136598193,0.6154941961631916,29.22000000000025,2575.8,2521.58,37.378,440.571,9671.539,5328.461,5114.984,15000.0,99.00100000000003
2025-10-12 22:54:00,10/12,정상운전검사,341.57,5.0,3000.0,15000.0,18000.0,0.6059825136598193,0.6154941961631916,29.22000000000025,2575.8,2521.58,37.378,440.571,9671.539,5328.461,5114.984,15000.0,99.00100000000003
2025-10-12 22:55:00,10/12,정상운전검사,341.57,5.0,3000.0,15000.0,18000.0,0.6059825136598193,0.6154941961631916,29.22000000000025,2575.8,2521.58,37.378,440.571,9671.539,5328.461,5114.984,15000.0,99.00100000000003
2025-10-12 22:56:00,10/12,정상운전검사,341.57,5.0,3000.0,15000.0,18000.0,0.6059825136598193,0.6154941961631916,29.22000000000025,2575.8,2521.58,37.378,440.571,9671.539,5328.461,5114.984,15000.0,99.00100000000003
2025-10-12 22:57:00,10/12,정상운전검사,341.57,5.0,3000.0,15000.0,18000.0,0.6059825136598193,0.6154941961631916,29.22000000000025,2575.8,2521.58,37.378,440.571,9671.539,5328.461,5114.984,15000.0,99.00100000000003
2025-10-12 22:58:00,10/12,정상운전검사,341.57,5.0,3000.0,15000.0,18000.0,0.6059825136598193,0.6154941961631916,29.22000000000025,2575.8,2521.58,37.378,440.571,9671.539,5328.461,5114.984,15000.0,99.00100000000003
2025-10-12 22:59:00,10/12,정상운전검사,341.57,5.0,3000.0,15000.0,18000.0,0.6059825136598193,0.6154941961631916,29.22000000000025,2575.8,2521.58,37.378,440.571,9671.539,5328.461,5114.984,15000.0,99.00100000000003
2025-10-12 23:00:00,10/12,정상운전검사,341.57,5.0,3000.0,15000.0,18000.0,0.6059825136598193,0.6154941961631916,29.22000000000025,2575.8,2521.58,37.378,440.571,9671.539,5328.461,5114.984,15000.0,99.00100000000003
2025-10-13 15:00:00,10/13,학습,341.57,5.0,3000.0,15000.0,18000.0,0.6059825333293245,0.6154941961631916,29.22000000000025,2575.8,2521.58,37.378,440.571,9671.519,5328.481,5115.005,15000.0,99.00100000000003
2025-10-13 15:01:00,10/13,학습,341.57,5.0,3000.0,15000.0,18000.0,0.6059825333293245,0.6154941961631916,29.22000000000025,2575.8,2521.58,37.378,440.571,9671.519,5328.481,5115.005,15000.0,99.00100000000003
2025-10-13 15:02:00,10/13,학습,341.57,5.0,3000.0,15000.0,18000.0,0.6059825333293245,0.6154941961631916,29.22000000000025,2575.8,2521.58,37.378,440.571,9671.519,5328.481,5115.005,15000.0,99.00100000000003
2025-10-13 15:03:00,10/13,학습,341.57,5.0,3000.0,15000.0,18000.0,0.6059825333293245,0.6154941961631916,29.22000000000025,2575.8,2521.58,37.378,440.571,9671.519,5328.481,5115.005,15000.0,99.00100000000003
2025-10-13 15:04:00,10/13,학습,341.57,5.0,3000.0,15000.0,18000.0,0.6059825333293245,0.6154941961631916,29.22000000000025,2575.8,2521.58,37.378,440.571,9671.519,5328.481,5115.005,15000.0,99.00100000000003
2025-10-13 15:05:00,10/13,학습,341.57,5.0,3000.0,15000.0,18000.0,0.6059825333293245,0.6154941961631916,29.22000000000025,2575.8,2521.58,37.378,440.571,9671.519,5328.481,5115.005,15000.0,99.00100000000003
2025-10-13 15:06:00,10/13,학습,341.57,5.0,3000.0,15000.0,18000.0,0.6059825333293245,0.6154941961631916,29.22000000000025,2575.8,2521.58,37.378,440.571,9671.519,5328.481,5115.005,15000.0,99.00100000000003
2025-10-13 15:07:00,10/13,학습,341.57,5.0,3000.0,15000.0,18000.0,0.6059825333293245,0.6154941961631916,29.22000000000025,2575.8,2521.58,37.378,440.571,9671.519,5328.481,5115.005,15000.0,99.00100000000003
2025-10-13 15:08:00,10/13,학습,341.57,5.0,3000.0,15000.0,18000.0,0.6059825333293245,0.6154941961631916,29.22000000000025,2575.8,2521.58,37.378,440.571,9671.519,5328.481,5115.005,15000.0,99.00100000000003
2025-10-13 15:09:00,10/13,학습,341.57,5.0,3000.0,15000.0,18000.0,0.6059825333293245,0.6154941961631916,29.22000000000025,2575.8,2521.58,37.378,440.571,9671.519,5328.481,5115.005,15000.0,99.00100000000003
2025-10-13 15:10:00,10/13,학습,341.57,5.0,3000.0,15000.0,18000.0,0.6059825333293245,0.6154941961631916,29.22000000000025,2575.8,2521.58,37.378,440.571,9671.519,5328.481,5115.005,15000.0,99.00100000000003
2025-10-13 15:11:00,10/13,학습,341.57,5.0,3000.0,15000.0,18000.0,0.6059825333293245,0.6154941961631916,29.22000000000025,2575.8,2521.58,37.378,440.571,9671.519,5328.481,5115.005,15000.0,99.00100000000003
2025-10-13 15:12:00,10/13,학습,341.57,5.0,3000.0,15000.0,18000.0,0.6059825333293245,0.6154941961631916,29.22000000000025,2575.8,2521.58,37.378,440.571,9671.519,5328.481,5115.005,15000.0,99.00100000000003
2025-10-13 15:13:00,10/13,학습,341.57,5.0,3000.0,15000.0,18000.0,0.6059825333293245,0.6154941961631916,29.22000000000025,2575.8,2521.58,37.378,440.571,9671.519,5328.481,5115.005,15000.0,99.00100000000003
2025-10-13 15:14:00,10/13,학습,341.57,5.0,3000.0,15000.0,18000.0,0.6059825333293245,0.6154941961631916,29.22000000000025,2575.8,2521.58,37.378,440.571,9671.519,5328.481,5115.005,15000.0,99.00100000000003
2025-10-13 15:15:00,10/13,학습,341.57,5.0,3000.0,15000.0,18000.0,0.6059825333293245,0.6154941961631916,29.22000000000025,2575.8,2521.58,37.378,440.571,9671.519,5328.481,5115.005,15000.0,99.00100000000003
2025-10-13 15:16:00,10/13,학습,341.57,5.0,3000.0,15000.0,18000.0,0.6059825333293245,0.6154941961631916,29.22000000000025,2575.8,2521.58,37.378,440.571,9671.519,5328.481,5115.005,15000.0,99.00100000000003
2025-10-13 15:17:00,10/13,학습,341.57,5.0,3000.0,15000.0,18000.0,0.6059825333293245,0.6154941961631916,29.22000000000025,2575.8,2521.58,37.378,440.571,9671.519,5328.481,5115.005,15000.0,99.00100000000003
2025-10-13 15:18:00,10/13,학습,341.57,5.0,3000.0,15000.0,18000.0,0.6059825333293245,0.6154941961631916,29.22000000000025,2575.8,2521.58,37.378,440.571,9671.519,5328.481,5115.005,15000.0,99.00100000000003
2025-10-13 15:19:00,10/13,학습,341.57,5.0,3000.0,15000.0,18000.0,0.6059825333293245,0.6154941961631916,29.22000000000025,2575.8,2521.58,37.378,440.571,9671.519,5328.481,5115.005,15000.0,99.00100000000003
2025-10-13 15:20:00,10/13,학습,341.57,5.0,3000.0,15000.0,18000.0,0.6059825333293245,0.6154941961631916,29.22000000000025,2575.8,2521.58,37.378,440.571,9671.519,5328.481,5115.005,15000.0,99.00100000000003
2025-10-13 15:21:00,10/13,학습,341.57,5.0,3000.0,15000.0,18000.0,0.6059825333293245,0.6154941961631916,29.22000000000025,2575.8,2521.58,37.378,440.571,9671.519,5328.481,5115.005,15000.0,99.00100000000003
2025-10-13 15:22:00,10/13,학습,341.57,5.0,3000.0,15000.0,18000.0,0.6059825333293245,0.6154941961631916,29.22000000000025,2575.8,2521.58,37.378,440.571,9671.519,5328.481,5115.005,15000.0,99.00100000000003
2025-10-13 15:23:00,10/13,학습,341.57,5.0,3000.0,15000.0,18000.0,0.6059825333293245,0.6154941961631916,29.22000000000025,2575.8,2521.58,37.378,440.571,9671.519,5328.481,5115.005,15000.0,99.00100000000003
2025-10-13 15:24:00,10/13,학습,341.57,5.0,3000.0,15000.0,18000.0,0.6059825333293245,0.6154941961631916,29.22000000000025,2575.8,2521.58,37.378,440.571,9671.519,5328.481,5115.005,15000.0,99.00100000000003
2025-10-13 15:25:00,10/13,학습,341.57,5.0,3000.0,15000.0,18000.0,0.6059825333293245,0.6154941961631916,29.22000000000025,2575.8,2521.58,37.378,440.571,9671.519,5328.481,5115.005,15000.0,99.00100000000003
2025-10-13 15:26:00,10/13,학습,341.57,5.0,3000.0,15000.0,18000.0,0.6059825333293245,0.6154941961631916,29.22000000000025,2575.8,2521.58,37.378,440.571,9671.519,5328.481,5115.005,15000.0,99.00100000000003
2025-10-13 15:27:00,10/13,학습,341.57,5.0,3000.0,15000.0,18000.0,0.6059825333293245,0.6154941961631916,29.22000000000025,2575.8,2521.58,37.378,440.571,9671.519,5328.481,5115.005,15000.0,99.00100000000003
2025-10-13 15:28:00,10/13,학습,341.57,5.0,3000.0,15000.0,18000.0,0.6059825333293245,0.6154941961631916,29.22000000000025,2575.8,2521.58,37.378,440.571,9671.519,5328.481,5115.005,15000.0,99.00100000000003
2025-10-13 15:29:00,10/13,학습,341.57,5.0,3000.0,15000.0,18000.0,0.6059825333293245,0.6154941961631916,29.22000000000025,2575.8,2521.58,37.378,440.571,9671.519,5328.481,5115.005,15000.0,99.00100000000003
2025-10-13 15:30:00,10/13,학습,341.57,5.0,3000.0,15000.0,18000.0,0.6059825333293245,0.6154941961631916,29.22000000000025,2575.8,2521.58,37.378,440.571,9671.519,5328.481,5115.005,15000.0,99.00100000000003
2025-10-13 15:31:00,10/13,학습,341.57,5.0,3000.0,15000.0,18000.0,0.6059825333293245,0.6154941961631916,29.22000000000025,2575.8,2521.58,37.378,440.571,9671.519,5328.481,5115.005,15000.0,99.00100000000003
2025-10-13 15:32:00,10/13,학습,341.57,5.0,3000.0,15000.0,18000.0,0.6059825333293245,0.6154941961631916,29.22000000000025,2575.8,2521.58,37.378,440.571,9671.519,5328.481,5115.005,15000.0,99.00100000000003
2025-10-13 15:33:00,10/13,학습,341.57,5.0,3000.0,15000.0,18000.0,0.6059825333293245,0.6154941961631916,29.22000000000025,2575.8,2521.58,37.378,440.571,9671.519,5328.481,5115.005,15000.0,99.00100000000003
2025-10-13 15:34:00,10/13,학습,341.57,5.0,3000.0,15000.0,18000.0,0.6059825333293245,0.6154941961631916,29.22000000000025,2575.8,2521.58,37.378,440.571,9671.519,5328.481,5115.005,15000.0,99.00100000000003
2025-10-13 15:35:00,10/13,학습,341.57,5.0,3000.0,15000.0,18000.0,0.6059825333293245,0.6154941961631916,29.22000000000025,2575.8,2521.58,37.378,440.571,9671.519,5328.481,5115.005,15000.0,99.00100000000003
2025-10-13 15:36:00,10/13,학습,341.57,5.0,3000.0,15000.0,18000.0,0.6059825333293245,0.6154941961631916,29.22000000000025,2575.8,2521.58,37.378,440.571,9671.519,5328.481,5115.005,15000.0,99.00100000000003
2025-10-13 15:37:00,10/13,학습,341.57,5.0,3000.0,15000.0,18000.0,0.6059825333293245,0.6154941961631916,29.22000000000025,2575.8,2521.58,37.378,440.571,9671.519,5328.481,5115.005,15000.0,99.00100000000003
2025-10-13 15:38:00,10/13,학습,341.57,5.0,3000.0,15000.0,18000.0,0.6059825333293245,0.6154941961631916,29.22000000000025,2575.8,2521.58,37.378,440.571,9671.519,5328.481,5115.005,15000.0,99.00100000000003
2025-10-13 15:39:00,10/13,학습,341.57,5.0,3000.0,15000.0,18000.0,0.6059825333293245,0.6154941961631916,29.22000000000025,2575.8,2521.58,37.378,440.571,9671.519,5328.481,5115.005,15000.0,99.00100000000003
2025-10-13 15:40:00,10/13,학습,341.57,5.0,3000.0,15000.0,18000.0,0.6059825333293245,0.6154941961631916,29.22000000000025,2575.8,2521.58,37.378,440.571,9671.519,5328.481,5115.005,15000.0,99.00100000000003
2025-10-13 15:41:00,10/13,학습,341.57,5.0,3000.0,15000.0,18000.0,0.6059825333293245,0.6154941961631916,29.22000000000025,2575.8,2521.58,37.378,440.571,9671.519,5328.481,5115.005,15000.0,99.00100000000003
2025-10-13 15:42:00,10/13,학습,341.57,5.0,3000.0,15000.0,18000.0,0.6059825333293245,0.6154941961631916,29.22000000000025,2575.8,2521.58,37.378,440.571,9671.519,5328.481,5115.005,15000.0,99.00100000000003
2025-10-13 15:43:00,10/13,학습,341.57,5.0,3000.0,15000.0,18000.0,0.6059825333293245,0.6154941961631916,29.22000000000025,2575.8,2521.58,37.378,440.571,9671.519,5328.481,5115.005,15000.0,99.00100000000003
2025-10-13 15:44:00,10/13,학습,341.57,5.0,3000.0,15000.0,18000.0,0.6059825333293245,0.6154941961631916,29.22000000000025,2575.8,2521.58,37.378,440.571,9671.519,5328.481,5115.005,15000.0,99.00100000000003
2025-10-13 15:45:00,10/13,학습,341.57,5.0,3000.0,15000.0,18000.0,0.6059825333293245,0.6154941961631916,29.22000000000025,2575.8,2521.58,37.378,440.571,9671.519,5328.481,5115.005,15000.0,99.00100000000003
2025-10-13 15:46:00,10/13,학습,341.57,5.0,3000.0,15000.0,18000.0,0.6059825333293245,0.6154941961631916,29.22000000000025,2575.8,2521.58,37.378,440.571,9671.519,5328.481,5115.005,15000.0,99.00100000000003
2025-10-13 15:47:00,10/13,학습,341.57,5.0,3000.0,15000.0,18000.0,0.6059825333293245,0.6154941961631916,29.22000000000025,2575.8,2521.58,37.378,440.571,9671.519,5328.481,5115.005,15000.0,99.00100000000003
2025-10-13 15:48:00,10/13,학습,341.57,5.0,3000.0,15000.0,18000.0,0.6059825333293245,0.6154941961631916,29.22000000000025,2575.8,2521.58,37.378,440.571,9671.519,5328.481,5115.005,15000.0,99.00100000000003
2025-10-13 15:49:00,10/13,학습,341.57,5.0,3000.0,15000.0,18000.0,0.6059825333293245,0.6154941961631916,29.22000000000025,2575.8,2521.58,37.378,440.571,9671.519,5328.481,5115.005,15000.0,99.00100000000003
2025-10-13 15:50:00,10/13,학습,341.57,5.0,3000.0,15000.0,18000.0,0.6059825333293245,0.6154941961631916,29.22000000000025,2575.8,2521.58,37.378,440.571,9671.519,5328.481,5115.005,15000.0,99.00100000000003
2025-10-13 15:51:00,10/13,학습,341.57,5.0,3000.0,15000.0,18000.0,0.6059825333293245,0.6154941961631916,29.22000000000025,2575.8,2521.58,37.378,440.571,9671.519,5328.481,5115.005,15000.0,99.00100000000003
2025-10-13 15:52:00,10/13,학습,341.57,5.0,3000.0,15000.0,18000.0,0.6059825333293245,0.6154941961631916,29.22000000000025,2575.8,2521.58,37.378,440.571,9671.519,5328.481,5115.005,15000.0,99.00100000000003
2025-10-13 15:53:00,10/13,학습,341.57,5.0,3000.0,15000.0,18000.0,0.6059825333293245,0.6154941961631916,29.22000000000025,2575.8,2521.58,37.378,440.571,9671.519,5328.481,5115.005,15000.0,99.00100000000003
2025-10-13 15:54:00,10/13,학습,341.57,5.0,3000.0,15000.0,18000.0,0.6059825333293245,0.6154941961631916,29.22000000000025,2575.8,2521.58,37.378,440.571,9671.519,5328.481,5115.005,15000.0,99.00100000000003
2025-10-13 15:55:00,10/13,학습,341.57,5.0,3000.0,15000.0,18000.0,0.6059825333293245,0.6154941961631916,29.22000000000025,2575.8,2521.58,37.378,440.571,9671.519,5328.481,5115.005,15000.0,99.00100000000003
2025-10-13 15:56:00,10/13,학습,341.57,5.0,3000.0,15000.0,18000.0,0.6059825333293245,0.6154941961631916,29.22000000000025,2575.8,2521.58,37.378,440.571,9671.519,5328.481,5115.005,15000.0,99.00100000000003
2025-10-13 15:57:00,10/13,학습,341.57,5.0,3000.0,15000.0,18000.0,0.6059825333293245,0.6154941961631916,29.22000000000025,2575.8,2521.58,37.378,440.571,9671.519,5328.481,5115.005,15000.0,99.00100000000003
2025-10-13 15:58:00,10/13,학습,341.57,5.0,3000.0,15000.0,18000.0,0.6059825333293245,0.6154941961631916,29.22000000000025,2575.8,2521.58,37.378,440.571,9671.519,5328.481,5115.005,15000.0,99.00100000000003
2025-10-13 15:59:00,10/13,학습,341.57,5.0,3000.0,15000.0,18000.0,0.6059825333293245,0.6154941961631916,29.22000000000025,2575.8,2521.58,37.378,440.571,9671.519,5328.481,5115.005,15000.0,99.00100000000003
2025-10-13 16:00:00,10/13,학습,341.657,4.994,3000.407,14985.083,17985.49,0.6058308454634702,0.6152513491628474,29.188000000000105,2574.791,2520.603,37.361,440.565,9669.681,5328.332,5114.944,14985.083,98.90800000000002
2025-10-13 16:01:00,10/13,학습,341.917,4.985,2999.713,14954.201,17953.914,0.6054393629777585,0.6147431780852325,29.11200000000008,2571.353,2517.241,37.306,440.516,9656.99,5327.575,5112.318,14954.201,98.59900000000005
2025-10-13 16:02:00,10/13,학습,342.257,4.978,2996.997,14917.798,17914.795000000002,0.6063474239304554,0.6156155427074625,29.02300000000014,2566.087,2512.064,37.236,440.526,9625.487,5326.439,5104.262,14917.798,98.269
2025-10-13 16:03:00,10/13,학습,342.646,4.972,2992.29,14876.879,17869.169,0.6099672224994012,0.6193136260093183,28.923999999999975,2559.445,2505.521,37.15,440.99,9565.277,5325.627,5088.069,14876.879,98.344
2025-10-13 16:04:00,10/13,학습,343.061,4.968,2985.653,14833.021,17818.674,0.6163125788599275,0.6258731380087059,28.809999999999945,2552.007,2498.197,37.048,442.047,9479.545,5325.996,5065.323,14833.021,98.98600000000005
2025-10-13 16:05:00,10/13,학습,343.473,4.966,2977.592,14788.187,17765.779,0.6244943738864911,0.634348658181367,28.686999999999895,2544.228,2490.541,36.937,443.524,9385.089,5328.044,5044.756,14788.187,100.051
2025-10-13 16:06:00,10/13,학습,343.858,4.966,2968.69,14743.348,17712.038,0.63361356102569,0.6437701526182024,28.557999999999996,2536.388,2482.83,36.821,445.244,9297.533,5331.706,5035.419,14743.348,101.38600000000002
2025-10-13 16:07:00,10/13,학습,344.209,4.967,2959.362,14698.857,17658.219,0.6431111450945244,0.6534904093869077,28.425000000000185,2528.657,2475.232,36.704,447.069,9226.462,5336.5,5042.112,14698.857,102.86
2025-10-13 16:08:00,10/13,학습,344.522,4.968,2949.893,14654.843,17604.736,0.652261625359572,0.6626982128699499,28.28800000000001,2521.114,2467.826,36.586,448.864,9177.13,5341.717,5066.065,14654.843,104.34199999999998
2025-10-13 16:09:00,10/13,학습,344.8,4.969,2940.462,14611.293,17551.755,0.6606410712364041,0.6709329714124458,28.148999999999887,2513.766,2460.617,36.468,450.524,9150.869,5346.557,5106.015,14611.293,105.724
2025-10-13 16:10:00,10/13,학습,345.044,4.97,2931.147,14568.122,17499.269,0.6680866169043258,0.6780331487567437,28.005999999999855,2506.585,2453.579,36.351,451.994,9145.387,5350.266,5158.704,14568.122,106.95000000000005
2025-10-13 16:11:00,10/13,학습,345.258,4.971,2921.966,14525.24,17447.206,0.6745081307782289,0.6839418312070099,27.863000000000284,2499.541,2446.678,36.235,453.252,9156.122,5352.239,5219.691,14525.24,107.99400000000004
2025-10-13 16:12:00,10/13,학습,345.446,4.972,2912.905,14482.576,17395.481,0.679904275156674,0.6887096039378046,27.71599999999989,2492.602,2439.886,36.12,454.299,9177.693,5352.065,5284.269,14482.576,108.85299999999997
2025-10-13 16:13:00,10/13,학습,345.611,4.973,2903.943,14440.074,17344.017,0.6842542157831272,0.6923737203513183,27.56800000000021,2485.744,2433.176,36.005,455.149,9204.884,5349.534,5348.124,14440.074,109.538
2025-10-13 16:14:00,10/13,학습,345.756,4.973,2895.058,14397.694,17292.752,0.6876236853079607,0.6950210996950277,27.41800000000012,2478.951,2426.533,35.89,455.821,9233.26,5344.614,5394.929,14397.694,110.06500000000004
2025-10-13 16:15:00,10/13,학습,345.882,4.974,2886.231,14355.409,17241.64,0.6900828865017175,0.6968287305582219,27.26600000000008,2472.212,2419.946,35.775,456.334,9259.537,5337.407,5396.341,14355.409,110.452
2025-10-13 16:16:00,10/13,학습,345.991,4.974,2877.449,14313.2,17190.649,0.6917113570615956,0.6978408396366813,27.11299999999983,2465.518,2413.405,35.66,456.707,9281.464,5328.107,5396.659,14313.2,110.716
2025-10-13 16:17:00,10/13,학습,346.085,4.975,2868.703,14271.053,17139.756,0.6925637935335028,0.6981954923610824,26.95799999999963,2458.863,2406.905,35.545,456.953,9297.781,5316.963,5397.002,14271.053,110.868
2025-10-13 16:18:00,10/13,학습,346.164,4.975,2859.986,14228.958,17088.944,0.6927149801795256,0.6979079679312934,26.80300000000034,2452.244,2400.441,35.43,457.087,9308.034,5304.246,5397.349,14228.958,110.923
2025-10-13 16:19:00,10/13,학습,346.23,4.976,2851.295,14186.908,17038.203,0.6922193811718785,0.6970976211682298,26.644999999999985,2445.655,2394.01,35.315,457.119,9312.353,5290.222,5397.684,14186.908,110.889
2025-10-13 16:20:00,10/13,학습,346.284,4.976,2842.626,14144.896,16987.522,0.691051464627775,0.6956683208603802,26.486999999999625,2439.093,2387.606,35.199,457.057,9311.262,5275.136,5397.993,14144.896,110.77300000000002
2025-10-13 16:21:00,10/13,학습,346.326,4.976,2833.978,14102.917,16936.895,0.6894247205689826,0.6938528715028129,26.32799999999997,2432.555,2381.227,35.084,456.91,9305.507,5259.203,5398.266,14102.917,110.584
2025-10-13 16:22:00,10/13,학습,346.358,4.977,2825.346,14060.966,16886.312,0.687224888495012,0.691561682368196,26.16699999999992,2426.037,2374.87,34.968,456.684,9295.948,5242.601,5398.496,14060.966,110.32600000000002
2025-10-13 16:23:00,10/13,학습,346.38,4.977,2816.731,14019.041,16835.772,0.6846571529993767,0.6889198546519524,26.005999999999855,2419.536,2368.53,34.853,456.385,9283.464,5225.472,5398.676,14019.041,110.005
2025-10-13 16:24:00,10/13,학습,346.392,4.977,2808.13,13977.137,16785.267,0.6816073412012248,0.685838971370652,25.84400000000005,2413.05,2362.206,34.737,456.02,9268.897,5207.923,5398.802,13977.137,109.628
2025-10-13 16:25:00,10/13,학습,346.396,4.978,2799.542,13935.253,16734.795000000002,0.6781867582713754,0.6824492208939165,25.68100000000004,2406.576,2355.895,34.621,455.593,9253.013,5190.029,5398.869,13935.253,109.197
2025-10-13 16:26:00,10/13,학습,346.393,4.978,2790.966,13893.386,16684.352,0.6745108183424802,0.678793990207989,25.51800000000003,2400.113,2349.595,34.506,455.109,9236.484,5171.837,5398.877,13893.386,108.716
2025-10-13 16:27:00,10/13,학습,346.381,4.978,2782.4,13851.535,16633.935,0.6704493377028918,0.6747724539630231,25.353000000000065,2393.657,2343.304,34.39,454.573,9219.877,5153.369,5398.822,13851.535,108.192
2025-10-13 16:28:00,10/13,학습,346.364,4.979,2773.844,13809.697,16583.541,0.6661154615767694,0.6705189733507019,25.189000000000306,2387.208,2337.019,34.274,453.99,9203.651,5134.631,5398.704,13809.697,107.62600000000003
2025-10-13 16:29:00,10/13,학습,346.34,4.979,2765.297,13767.871,16533.167999999998,0.661527061353879,0.6659905827543969,25.02500000000009,2380.764,2330.739,34.158,453.363,9188.165,5115.611,5398.521,13767.871,107.02300000000002
2025-10-13 16:30:00,10/13,학습,346.311,4.979,2756.758,13726.056,16482.814,0.65679978920637,0.6613270729524314,24.859999999999676,2374.323,2324.463,34.043,452.698,9173.687,5096.29,5398.273,13726.056,106.387
2025-10-13 16:31:00,10/13,학습,346.277,4.979,2748.227,13684.251,16432.478,0.6517792192025765,0.6563786007259029,24.695000000000164,2367.884,2318.189,33.927,451.997,9160.401,5076.638,5397.959,13684.251,105.72000000000004
2025-10-13 16:32:00,10/13,학습,346.239,4.98,2739.703,13642.456,16382.159,0.6466595159657502,0.651358746698544,24.529,2361.444,2311.915,33.812,451.265,9148.427,5056.624,5397.578,13642.456,105.026
2025-10-13 16:33:00,10/13,학습,346.196,4.98,2731.186,13600.668,16331.854,0.641292255506272,0.6460735127524113,24.364000000000036,2355.004,2305.64,33.696,450.506,9137.823,5036.212,5397.131,13600.668,104.30999999999996
2025-10-13 16:34:00,10/13,학습,346.151,4.98,2722.675,13558.888,16281.563000000002,0.6358678674718413,0.6407344124379717,24.199999999999815,2348.562,2299.362,33.581,449.724,9128.608,5015.369,5396.617,13558.888,103.57299999999998
2025-10-13 16:35:00,10/13,학습,346.103,4.98,2714.169,13517.114,16231.283,0.6303097824517545,0.6352690062856079,24.03499999999985,2342.116,2293.081,33.466,448.921,9120.76,4994.061,5396.036,13517.114,102.81799999999998
2025-10-13 16:36:00,10/13,학습,346.052,4.98,2705.669,13475.347,16181.016,0.6246482207474724,0.629708211451532,23.870000000000346,2335.666,2286.796,33.351,448.103,9114.234,4972.256,5395.388,13475.347,102.051
2025-10-13 16:37:00,10/13,학습,345.999,4.981,2697.174,13433.585,16130.758999999998,0.6188873507489658,0.6240747004780045,23.704999999999927,2329.21,2280.505,33.236,447.27,9109.567,4949.923,4644.683,13433.585,101.27099999999996
2025-10-13 16:38:00,10/13,학습,345.945,4.981,2688.683,13391.829,16080.512,0.6130513234159718,0.6183546617328927,23.539999999999964,2322.749,2274.209,33.121,446.428,9106.175,4927.01,4895.117,13391.829,100.483
2025-10-13 16:39:00,10/13,학습,345.889,4.981,2680.197,13350.077,16030.274,0.6072341441109039,0.6126632337135978,23.37599999999975,2316.281,2267.905,33.007,445.578,9103.697,4903.51,4840.924,13350.077,99.68899999999996
2025-10-13 16:40:00,10/13,학습,345.833,4.981,2671.715,13308.33,15980.045,0.6012738587469179,0.6068449649238417,23.21199999999999,2309.806,2261.594,32.892,444.723,9102.21,4879.408,4786.616,13308.33,98.89
2025-10-13 16:41:00,10/13,학습,345.776,4.981,2663.237,13266.587,15929.824,0.5953596837895809,0.601082651199731,23.048999999999975,2303.323,2255.274,32.778,443.865,9101.625,4854.693,4732.287,13266.587,98.089
2025-10-13 16:42:00,10/13,학습,345.718,4.982,2654.762,13224.847,15879.609,0.5894169959197545,0.5953214872034703,22.885999999999967,2296.832,2248.946,32.664,443.007,9101.855,4829.356,4678.029,13224.847,97.289
2025-10-13 16:43:00,10/13,학습,345.66,4.982,2646.291,13183.111,15829.402000000002,0.5834516948207884,0.5895349494299992,22.72299999999996,2290.332,2242.609,32.55,442.15,9102.807,4803.392,4623.925,13183.111,96.48999999999997
2025-10-13 16:44:00,10/13,학습,345.603,4.982,2637.822,13141.378,15779.2,0.5774795241871122,0.5837555946809216,22.559999999999945,2283.823,2236.263,32.436,441.297,9104.391,4776.801,4570.049,13141.378,95.69400000000002
2025-10-13 16:45:00,10/13,학습,345.545,4.982,2629.357,13099.649,15729.006,0.571593426919215,0.5780726026225157,22.397999999999683,2277.305,2229.907,32.323,440.448,9106.511,4749.584,4516.469,13099.649,94.90299999999996
2025-10-13 16:46:00,10/13,학습,345.488,4.982,2620.895,13057.922,15678.817,0.5656141074557003,0.5723150135050279,22.23599999999988,2270.778,2223.542,32.209,439.604,9109.081,4721.747,4463.245,13057.922,94.116
2025-10-13 16:47:00,10/13,학습,345.432,4.982,2612.435,13016.197,15628.632,0.5597440380766974,0.5666760047401924,22.075000000000276,2264.242,2217.167,32.096,438.768,9112.01,4693.298,4410.427,13016.197,93.33599999999996
2025-10-13 16:48:00,10/13,학습,345.376,4.983,2603.979,12974.475,15578.454,0.5538860808487092,0.5610732177285528,21.91399999999976,2257.696,2210.782,31.983,437.939,9115.211,4664.248,4358.059,12974.475,92.56300000000005
2025-10-13 16:49:00,10/13,학습,345.321,4.983,2595.525,12932.756,15528.281,0.5480462033027322,0.5554905929846117,21.7529999999997,2251.14,2204.387,31.87,437.118,9118.582,4634.612,4306.172,12932.756,91.79699999999995
2025-10-13 16:50:00,10/13,학습,345.267,4.983,2587.073,12891.038,15478.111,0.5422361334077797,0.5499502442297857,21.592999999999847,2244.575,2197.982,31.757,436.307,9122.035,4604.405,4254.792,12891.038,91.04000000000002
2025-10-13 16:51:00,10/13,학습,345.214,4.983,2578.623,12849.323,15427.946,0.5365453572610516,0.5445365453232401,21.43199999999979,2238.0,2191.568,31.645,435.505,9125.501,4573.648,4203.943,12849.323,90.291
2025-10-13 16:52:00,10/13,학습,345.161,4.983,2570.175,12807.61,15377.785,0.5307910803817698,0.5390756087565296,21.27300000000014,2231.417,2185.144,31.532,434.713,9128.924,4542.362,4153.65,12807.61,89.55200000000002
2025-10-13 16:53:00,10/13,학습,345.11,4.983,2561.73,12765.898,15327.628,0.5251662844174366,0.5337497132657769,21.11299999999983,2224.823,2178.71,31.42,433.931,9132.234,4510.568,4103.927,12765.898,88.82099999999997
2025-10-13 16:54:00,10/13,학습,345.059,4.983,2553.287,12724.188,15277.475,0.5195706951617843,0.5284631826282741,20.953999999999724,2218.22,2172.266,31.308,433.158,9135.363,4478.291,4054.779,12724.188,88.09899999999999
2025-10-13 16:55:00,10/13,학습,345.01,4.984,2544.846,12682.48,15227.326,0.5139169662762146,0.5231369170530819,20.795000000000076,2211.608,2165.813,31.195,432.396,9138.248,4445.555,4006.207,12682.48,87.38600000000002
2025-10-13 16:56:00,10/13,학습,344.961,4.984,2536.407,12640.773,15177.18,0.5084910930894202,0.5180312767673521,20.63700000000017,2204.987,2159.35,31.084,431.643,9140.834,4412.389,3958.211,12640.773,86.68199999999996
2025-10-13 16:57:00,10/13,학습,344.914,4.984,2527.969,12599.068,15127.037,0.5030109648852502,0.5128840118214905,20.47900000000027,2198.356,2152.877,30.972,430.901,9143.075,4378.817,3910.79,12599.068,85.98700000000002
2025-10-13 16:58:00,10/13,학습,344.868,4.984,2519.534,12557.364,15076.898,0.49756308835259666,0.5077760415633032,20.320999999999916,2191.716,2146.395,30.86,430.168,9144.931,4344.87,3863.941,12557.364,85.30000000000001
2025-10-13 16:59:00,10/13,학습,344.822,4.984,2511.1,12515.662,15026.762,0.4921543369037462,0.5027130562751698,20.161999999999807,2185.066,2139.904,30.748,429.445,9146.366,4310.575,3817.659,12515.662,84.62299999999999
2025-10-13 17:00:00,10/13,학습,344.585,4.992,2504.175,12500.438,15004.613,0.48726928645610906,0.49814817878481066,20.072999999999865,2180.699,2135.626,30.674,428.747,9151.511,4276.238,3771.723,12500.438,84.16200000000003
2025-10-13 17:01:00,10/13,학습,344.133,4.998,2501.233,12500.03,15001.263,0.48298492919114655,0.4941488988148561,20.04399999999987,2179.961,2134.917,30.655,428.153,9175.55,4242.423,3730.497,12500.03,84.02000000000004
2025-10-13 17:02:00,10/13,학습,343.707,5.0,2500.079,12499.873,14999.952,0.4772835843842138,0.48883452525107574,20.01299999999992,2180.441,2135.428,30.64,427.578,9218.28,4208.579,3696.197,12499.873,83.87099999999998
2025-10-13 17:03:00,10/13,학습,343.338,5.001,2499.68,12499.852,14999.532,0.46862248551580526,0.4807881666229717,19.97899999999981,2181.316,2136.337,30.629,426.542,9284.464,4173.965,3668.738,12499.852,83.20399999999995
2025-10-13 17:04:00,10/13,학습,343.024,5.001,2499.717,12499.923,14999.64,0.4575249359332976,0.4705353296357436,19.95299999999997,2181.897,2136.944,30.627,424.87,9368.594,4137.824,3646.673,12499.923,81.846
2025-10-13 17:05:00,10/13,학습,342.763,5.0,2499.896,12499.992,14999.888,0.4462369161014958,0.46014880846920814,19.93600000000015,2182.027,2137.091,30.632,422.937,9447.941,4099.965,3622.179,12499.992,80.17400000000004
2025-10-13 17:06:00,10/13,학습,342.548,5.0,2500.034,12500.024,15000.058,0.4361417200369142,0.4508191736898498,19.92599999999993,2181.892,2136.966,30.639,421.099,9502.739,4061.007,3586.559,12500.024,78.55099999999999
2025-10-13 17:07:00,10/13,학습,342.374,5.0,2500.101,12500.035,15000.136,0.4274720389699842,0.4427016942108934,19.919000000000324,2181.657,2136.738,30.644,419.495,9527.842,4021.986,3537.347,12500.035,77.12099999999998
2025-10-13 17:08:00,10/13,학습,342.231,5.0,2500.122,12500.034,15000.156,0.4204814598020682,0.4360200453831886,19.91300000000001,2181.403,2136.49,30.649,418.149,9528.066,3983.888,3477.719,12500.034,75.918
2025-10-13 17:09:00,10/13,학습,342.115,5.0,2500.118,12500.029,15000.147,0.41491097722056575,0.4305576077466253,19.90999999999985,2181.171,2136.261,30.653,417.047,9511.573,3947.426,3412.833,12500.029,74.93200000000002
2025-10-13 17:10:00,10/13,학습,342.019,5.0,2500.1,12500.021,15000.121,0.4105411948477978,0.42615229694537354,19.90899999999965,2180.979,2136.07,30.656,416.163,9486.571,3912.995,3347.55,12500.021,74.144
2025-10-13 17:11:00,10/13,학습,341.941,5.0,2500.079,12500.014,15000.093,0.4070951618331264,0.4225895108793653,19.907000000000156,2180.83,2135.923,30.658,415.459,9459.962,3880.705,3285.63,12500.014,73.51800000000003
2025-10-13 17:12:00,10/13,학습,341.876,5.0,2500.058,12500.008,15000.066,0.4044684340258692,0.41981012811952967,19.907000000000156,2180.722,2135.815,30.66,414.905,9436.785,3850.454,3229.576,12500.008,73.029
2025-10-13 17:13:00,10/13,학습,341.823,5.0,2500.04,12500.002,15000.042,0.40225965397761887,0.4174609177073523,19.9079999999999,2180.649,2135.741,30.66,414.471,9420.179,3821.995,3180.758,12500.002,72.64800000000002
2025-10-13 17:14:00,10/13,학습,341.78,5.0,2500.025,12499.998,15000.023,0.40053772144637373,0.41562304518063264,19.90899999999965,2180.604,2135.695,30.66,414.135,9411.633,3795.007,3139.648,12499.998,72.35500000000002
2025-10-13 17:15:00,10/13,학습,341.744,5.0,2500.012,12499.995,15000.007,0.3991852309243322,0.41419053573872894,19.909000000000106,2180.582,2135.673,30.66,413.877,9411.346,3769.152,3106.086,12499.995,72.13299999999998
2025-10-13 17:16:00,10/13,학습,341.714,5.0,2500.002,12499.992,14999.994,0.398129993169512,0.4130923123939957,19.911000000000055,2180.581,2135.67,30.66,413.683,9418.598,3744.109,3079.494,12499.992,71.969
2025-10-13 17:17:00,10/13,학습,341.689,5.0,2499.993,12499.99,14999.983,0.3972017179169,0.4121579183168322,19.91300000000001,2180.595,2135.682,30.659,413.539,9432.082,3719.607,3059.051,12499.99,71.84999999999997
2025-10-13 17:18:00,10/13,학습,341.668,5.0,2499.987,12499.988,14999.975,0.3964631202382999,0.4114369399446036,19.91400000000021,2180.621,2135.707,30.658,413.436,9450.186,3695.433,3043.825,12499.988,71.76799999999997
2025-10-13 17:19:00,10/13,학습,341.651,5.0,2499.981,12499.987,14999.968,0.3958789798260906,0.4108843856910743,19.916000000000167,2180.657,2135.741,30.657,413.365,9471.217,3671.444,3032.864,12499.987,71.714
2025-10-13 17:20:00,10/13,학습,341.637,5.0,2499.978,12499.987,14999.965,0.3954284984933055,0.41046923322378964,19.91699999999992,2180.699,2135.782,30.656,413.32,9493.565,3647.557,3025.261,12499.987,71.68299999999999
2025-10-13 17:21:00,10/13,학습,341.625,5.0,2499.975,12499.986,14999.961,0.3950951355866475,0.41016608983118447,19.91899999999987,2180.747,2135.828,30.655,413.296,9515.815,3623.746,3020.199,12499.986,71.67099999999999
2025-10-13 17:22:00,10/13,학습,341.615,5.0,2499.973,12499.986,14999.959,0.39485453523209363,0.40994383014883995,19.920000000000076,2180.797,2135.877,30.654,413.287,9536.81,3600.035,3016.969,12499.986,71.67199999999997
2025-10-13 17:23:00,10/13,학습,341.606,5.0,2499.973,12499.987,14999.96,0.3947113937178216,0.40980127641895325,19.92300000000023,2180.849,2135.926,30.653,413.292,9555.679,3576.479,3014.982,12499.987,71.68599999999998
2025-10-13 17:24:00,10/13,학습,341.6,5.0,2499.973,12499.987,14999.96,0.3946440435357338,0.4097141577705151,19.923999999999975,2180.9,2135.976,30.652,413.307,9571.834,3553.16,3013.771,12499.987,71.707
2025-10-13 17:25:00,10/13,학습,341.594,5.0,2499.974,12499.988,14999.962,0.39464120095397426,0.4096698898592556,19.925000000000185,2180.949,2136.024,30.651,413.329,9584.941,3530.173,3012.977,12499.988,71.73500000000001
2025-10-13 17:26:00,10/13,학습,341.59,5.0,2499.975,12499.989,14999.964,0.39470453567948083,0.4096699689061414,19.92700000000013,2180.996,2136.069,30.65,413.358,9594.888,3507.617,3012.344,12499.989,71.76800000000003
2025-10-13 17:27:00,10/13,학습,341.586,5.0,2499.977,12499.99,14999.967,0.39480927341235755,0.4096916146541173,19.929000000000087,2181.04,2136.111,30.649,413.39,9601.737,3485.59,3011.699,12499.99,71.80399999999997
2025-10-13 17:28:00,10/13,학습,341.583,5.0,2499.979,12499.991,14999.97,0.3949549490173516,0.40973632319356923,19.93000000000029,2181.079,2136.149,30.648,413.425,9605.681,3464.181,3010.937,12499.991,71.84199999999998
2025-10-13 17:29:00,10/13,학습,341.581,5.0,2499.981,12499.992,14999.973,0.3951346784611611,0.4097998973138303,19.93100000000004,2181.113,2136.182,30.647,413.462,9606.997,3443.467,3010.006,12499.992,71.88099999999997
2025-10-13 17:30:00,10/13,학습,341.579,5.0,2499.984,12499.993,14999.977,0.39533390108502414,0.4098709494655759,19.932999999999996,2181.143,2136.21,30.646,413.499,9606.012,3423.512,3008.891,12499.993,71.92000000000002
2025-10-13 17:31:00,10/13,학습,341.578,5.0,2499.987,12499.994,14999.981,0.39565067097095297,0.4100470619550875,19.932999999999996,2181.166,2136.233,30.646,413.536,9603.068,3404.367,3007.608,12499.994,71.95800000000003
2025-10-13 17:32:00,10/13,학습,341.576,5.0,2499.99,12499.996,14999.986,0.39587619377385425,0.41012887966504513,19.9340000000002,2181.184,2136.25,30.645,413.572,9598.488,3386.068,3006.182,12499.996,71.99599999999998
2025-10-13 17:33:00,10/13,학습,341.575,5.0,2499.993,12499.997,14999.99,0.3961077010276492,0.41021248381275416,19.934999999999945,2181.197,2136.262,30.644,413.607,9592.565,3368.638,3004.646,12499.997,72.03200000000004
2025-10-13 17:34:00,10/13,학습,341.575,5.0,2499.996,12499.998,14999.994,0.39643510357315653,0.4103870788431496,19.93600000000015,2181.203,2136.267,30.644,413.639,9585.552,3352.091,3003.035,12499.998,72.06400000000002
2025-10-13 17:35:00,10/13,학습,341.574,5.0,2499.999,12500.0,14999.999,0.39665286015769674,0.41045450235122816,19.9350000000004,2181.202,2136.267,30.643,413.668,9577.654,3336.432,3001.381,12500.0,72.094
2025-10-13 17:36:00,10/13,학습,341.573,5.0,2500.003,12500.001,15000.004,0.3969622522983054,0.4106114238752268,19.934999999999945,2181.196,2136.261,30.643,413.694,9569.021,3321.658,2999.707,12500.001,72.12100000000004
2025-10-13 17:37:00,10/13,학습,341.573,5.0,2500.006,12500.003,15000.009,0.39716375654292013,0.4106641794071345,19.934999999999945,2181.183,2136.248,30.642,413.717,9559.748,3307.763,2998.032,12500.003,72.144
2025-10-13 17:38:00,10/13,학습,341.572,5.0,2500.009,12500.004,15000.013,0.39744990406268,0.41080074996423216,19.9350000000004,2181.164,2136.229,30.642,413.736,9549.882,3294.739,2996.363,12500.004,72.16399999999999
2025-10-13 17:39:00,10/13,학습,341.572,5.0,2500.013,12500.006,15000.019,0.3977207728079596,0.4109235548408661,19.934999999999945,2181.139,2136.204,30.642,413.751,9539.419,3282.575,2994.7,12500.006,72.17899999999997
2025-10-13 17:40:00,10/13,학습,341.571,5.0,2500.016,12500.007,15000.023,0.3979825330854842,0.411038285029861,19.9340000000002,2181.107,2136.173,30.642,413.763,9528.312,3271.265,2993.036,12500.007,72.19199999999995
2025-10-13 17:41:00,10/13,학습,341.571,5.0,2500.019,12500.008,15000.027,0.39822585170155556,0.4111350665370476,19.93399999999974,2181.069,2136.135,30.642,413.77,9516.474,3260.803,2991.354,12500.008,72.19899999999996
2025-10-13 17:42:00,10/13,학습,341.57,5.0,2500.023,12500.01,15000.033,0.3984544809842255,0.41121659162712837,19.93199999999979,2181.024,2136.092,30.642,413.773,9503.779,3251.187,2989.632,12500.01,72.20300000000003
2025-10-13 17:43:00,10/13,학습,341.57,5.0,2500.026,12500.011,15000.037,0.39866677783411875,0.411280172603268,19.93100000000004,2180.973,2136.042,30.642,413.771,9490.069,3242.421,2987.842,12500.011,72.20100000000002
2025-10-13 17:44:00,10/13,학습,341.569,5.0,2500.03,12500.013,15000.043,0.3988757508739732,0.41133718577303663,19.92999999999984,2180.915,2135.985,30.642,413.766,9475.146,3234.516,2985.947,12500.013,72.197
2025-10-13 17:45:00,10/13,학습,341.569,5.0,2500.033,12500.015,15000.048,0.3991686194500327,0.4114723172163672,19.929000000000087,2180.851,2135.922,30.643,413.756,9458.779,3227.489,2983.905,12500.015,72.18699999999995
2025-10-13 17:46:00,10/13,학습,341.568,5.0,2500.037,12500.016,15000.053,0.39935682871522143,0.4114976327173054,19.92700000000013,2180.779,2135.852,30.643,413.742,9440.7,3221.366,2981.665,12500.016,72.17400000000004
2025-10-13 17:47:00,10/13,학습,341.568,5.0,2500.04,12500.018,15000.058,0.3996396809029799,0.41160824265870277,19.92599999999993,2180.701,2135.775,30.644,413.724,9420.602,3216.182,2979.168,12500.018,72.156
2025-10-13 17:48:00,10/13,학습,341.567,5.0,2500.044,12500.019,15000.063,0.39981515037695875,0.41160185908560326,19.92299999999977,2180.615,2135.692,30.644,413.701,9398.141,3211.983,2976.344,12500.019,72.13400000000001
2025-10-13 17:49:00,10/13,학습,341.567,5.0,2500.048,12500.021,15000.069,0.40009103789357714,0.41168225735695363,19.922000000000025,2180.523,2135.601,30.645,413.674,9372.939,3208.826,2973.116,12500.021,72.10699999999997
2025-10-13 17:50:00,10/13,학습,341.566,5.0,2500.052,12500.023,15000.075,0.400369841421526,0.4117503871744174,19.919999999999614,2180.423,2135.503,30.646,413.643,9344.594,3206.78,2969.392,12500.023,72.077
2025-10-13 17:51:00,10/13,학습,341.566,5.0,2500.056,12500.025,15000.081,0.4006482791044829,0.4118005582229437,19.91699999999992,2180.315,2135.398,30.647,413.607,9312.7,3205.926,2965.078,12500.025,72.04100000000005
2025-10-13 17:52:00,10/13,학습,341.566,5.0,2500.06,12500.026,15000.086,0.40083832252762,0.4117424370759214,19.914999999999964,2180.2,2135.285,30.647,413.567,9276.878,3206.356,2960.072,12500.026,72.00100000000003
2025-10-13 17:53:00,10/13,학습,341.565,5.0,2500.064,12500.028,15000.092,0.4012323588419497,0.41186707478234413,19.911000000000055,2180.076,2135.165,30.649,413.523,9236.816,3208.172,2954.282,12500.028,71.95800000000003
2025-10-13 17:54:00,10/13,학습,341.565,5.0,2500.068,12500.03,15000.098000000002,0.40153622115790705,0.41187922358943246,19.909000000000106,2179.945,2135.036,30.65,413.474,9192.329,3211.481,2947.631,12500.03,71.90899999999999
2025-10-13 17:55:00,10/13,학습,341.565,5.0,2500.073,12500.032,15000.105,0.4018439291874237,0.41187339727694144,19.904999999999745,2179.805,2134.9,30.651,413.42,9143.411,3216.388,2940.075,12500.032,71.85500000000002
2025-10-13 17:56:00,10/13,학습,341.564,5.0,2500.077,12500.034,15000.111,0.4021604677226543,0.4118567792306271,19.902000000000044,2179.658,2134.756,30.652,413.362,9090.296,3222.991,2931.618,12500.034,71.798
2025-10-13 17:57:00,10/13,학습,341.564,5.0,2500.081,12500.035,15000.116,0.40248194701140805,0.4118293645067982,19.89800000000014,2179.502,2134.604,30.653,413.3,9033.492,3231.372,2922.327,12500.035,71.73599999999999
2025-10-13 17:58:00,10/13,학습,341.564,5.0,2500.085,12500.037,15000.122,0.402885615848227,0.4118757347725753,19.893999999999775,2179.339,2134.445,30.655,413.232,8973.793,3241.583,2912.335,12500.037,71.668
2025-10-13 17:59:00,10/13,학습,341.563,5.0,2500.089,12500.039,15000.128,0.4031852830622065,0.4118138167066387,19.890000000000327,2179.168,2134.278,30.656,413.16,8912.244,3253.645,2901.848,12500.039,71.59700000000004
2025-10-13 18:00:00,10/13,학습,341.371,5.007,2501.597,12526.51,15028.107,0.40392562783161706,0.41208431690110675,19.95400000000018,2181.282,2136.328,30.695,413.098,8853.458,3267.82,2891.063,12526.51,71.72700000000003
2025-10-13 18:01:00,10/13,학습,340.971,5.013,2507.0,12567.75,15074.75,0.4050214348767932,0.41274457146112287,20.076000000000025,2187.009,2141.933,30.788,413.115,8811.207,3284.668,2883.179,12567.75,72.144
2025-10-13 18:02:00,10/13,학습,340.596,5.015,2514.135,12609.233,15123.368,0.4048120652081997,0.41217778716453657,20.195999999999916,2193.884,2148.688,30.887,413.107,8783.607,3303.655,2880.372,12609.233,72.51100000000002
2025-10-13 18:03:00,10/13,학습,340.273,5.016,2522.012,12650.852,15172.864,0.4021122196699501,0.4091134566925835,20.312999999999647,2201.046,2155.733,30.991,412.651,8768.611,3324.229,2881.455,12650.852,72.37799999999999
2025-10-13 18:04:00,10/13,학습,339.999,5.016,2530.303,12692.558,15222.861,0.3975562405938483,0.4041695139594764,20.43899999999985,2207.872,2162.433,31.104,411.626,8760.988,3345.963,2883.84,12692.558,71.62699999999995
2025-10-13 18:05:00,10/13,학습,339.771,5.016,2538.714,12734.254,15272.968,0.39287103673602697,0.3990626343080837,20.57300000000032,2214.28,2168.707,31.223,410.369,8751.561,3368.715,2882.832,12734.254,70.59800000000001
2025-10-13 18:06:00,10/13,학습,339.584,5.016,2547.073,12775.912,15322.985,0.3889792378889575,0.3947226535953443,20.710999999999785,2220.471,2174.76,31.343,409.18,8735.659,3392.607,2875.017,12775.912,69.596
2025-10-13 18:07:00,10/13,학습,339.428,5.016,2555.358,12817.545,15372.903,0.38607486506592475,0.39137116231687874,20.851000000000116,2226.601,2180.75,31.462,408.17,8715.078,3417.797,2860.716,12817.545,68.74200000000002
2025-10-13 18:08:00,10/13,학습,339.297,5.016,2563.594,12859.165,15422.759000000002,0.38412813598736545,0.38901952692149094,20.993999999999687,2232.745,2186.751,31.58,407.358,8694.178,3444.32,2842.725,12859.165,68.06099999999998
2025-10-13 18:09:00,10/13,학습,339.186,5.016,2571.801,12900.777,15472.578,0.3829829999634989,0.38754441315495486,21.13700000000017,2238.935,2192.798,31.697,406.73,8676.925,3472.061,2824.255,12900.777,67.54400000000004
2025-10-13 18:10:00,10/13,학습,339.089,5.016,2579.995,12942.386,15522.381,0.38238479230220607,0.38670496123702897,21.28099999999995,2245.182,2198.901,31.812,406.262,8665.953,3500.791,2807.875,12942.386,67.173
2025-10-13 18:11:00,10/13,학습,339.006,5.017,2588.183,12983.993,15572.176,0.38233624997725807,0.38649719591625,21.423999999999975,2251.483,2205.059,31.927,405.923,8662.507,3530.222,2795.241,12983.993,66.91700000000003
2025-10-13 18:12:00,10/13,학습,338.932,5.017,2596.372,13025.599,15621.971,0.3827103813337278,0.38682453875053285,21.56899999999996,2257.831,2211.262,32.042,405.687,8666.674,3560.058,2787.169,13025.599,66.755
2025-10-13 18:13:00,10/13,학습,338.865,5.017,2604.561,13067.204,15671.765,0.3833254980995663,0.38746776492783286,21.713999999999945,2264.215,2217.501,32.156,405.533,8677.728,3590.02,2783.825,13067.204,66.668
2025-10-13 18:14:00,10/13,학습,338.805,5.017,2612.752,13108.807,15721.559,0.38418884047044455,0.38842084308671826,21.860000000000127,2270.629,2223.769,32.27,405.442,8694.481,3619.88,2784.95,13108.807,66.637
2025-10-13 18:15:00,10/13,학습,338.751,5.017,2620.943,13150.409,15771.352,0.3851750859321791,0.38953700324910767,22.00500000000011,2277.065,2230.06,32.383,405.403,8715.56,3649.46,2790.039,13150.409,66.65200000000004
2025-10-13 18:16:00,10/13,학습,338.7,5.018,2629.135,13192.009,15821.144,0.38633337745361623,0.3908358198369694,22.15099999999984,2283.519,2236.368,32.496,405.405,8739.605,3678.638,2798.487,13192.009,66.70499999999998
2025-10-13 18:17:00,10/13,학습,338.653,5.018,2637.325,13233.607,15870.932,0.3876364015295301,0.3923131036995099,22.297000000000025,2289.986,2242.689,32.609,405.44,8765.39,3707.344,2809.675,13233.607,66.78699999999998
2025-10-13 18:18:00,10/13,학습,338.609,5.018,2645.515,13275.201,15920.716,0.3890585726616641,0.3939141664513243,22.44300000000021,2296.463,2249.02,32.722,405.501,8791.898,3735.548,2823.029,13275.201,66.892
2025-10-13 18:19:00,10/13,학습,338.567,5.018,2653.703,13316.793,15970.496,0.3905869037257557,0.3956186897154581,22.590000000000146,2302.949,2255.359,32.835,405.584,8818.336,3763.254,2838.049,13316.793,67.017
2025-10-13 18:20:00,10/13,학습,338.527,5.018,2661.889,13358.381,16020.27,0.39219912366030807,0.3973990423187676,22.735000000000127,2309.44,2261.705,32.948,405.684,8844.139,3790.492,2854.319,13358.381,67.15700000000004
2025-10-13 18:21:00,10/13,학습,338.488,5.019,2670.072,13399.965,16070.037,0.39389175861301273,0.39923258943180145,22.882000000000065,2315.936,2268.054,33.061,405.799,8868.941,3817.305,2871.507,13399.965,67.31099999999998
2025-10-13 18:22:00,10/13,학습,338.45,5.019,2678.253,13441.546,16119.799,0.3956419256412297,0.40112848891847663,23.029,2322.436,2274.407,33.174,405.925,8892.545,3843.746,2889.361,13441.546,67.47500000000002
2025-10-13 18:23:00,10/13,학습,338.414,5.019,2686.431,13483.121,16169.552,0.397361453899317,0.40297805214556365,23.17599999999993,2328.938,2280.762,33.286,406.061,8914.887,3869.87,2907.693,13483.121,67.64699999999999
2025-10-13 18:24:00,10/13,학습,338.378,5.019,2694.605,13524.692,16219.297,0.3992082698889204,0.40494756971789236,23.32199999999966,2335.441,2287.119,33.399,406.205,8935.998,3895.733,2926.373,13524.692,67.827
2025-10-13 18:25:00,10/13,학습,338.343,5.019,2702.776,13566.258,16269.034,0.40109278397565856,0.4069449669307118,23.46900000000005,2341.945,2293.476,33.512,406.356,8955.978,3921.384,2945.312,13566.258,68.01299999999998
2025-10-13 18:26:00,10/13,학습,338.308,5.02,2710.943,13607.817,16318.759999999998,0.40291695267995004,0.40885454004897287,23.615999999999985,2348.45,2299.834,33.624,406.512,8974.963,3946.869,2964.455,13607.817,68.20400000000001
2025-10-13 18:27:00,10/13,학습,338.273,5.02,2719.106,13649.371,16368.477,0.40484306371698503,0.41087815298655284,23.76299999999992,2354.955,2306.192,33.737,406.672,8993.105,3972.226,2983.768,13649.371,68.399
2025-10-13 18:28:00,10/13,학습,338.239,5.02,2727.265,13690.918,16418.183,0.40670782739164824,0.4128315106699333,23.90999999999985,2361.46,2312.55,33.849,406.837,9010.559,3997.486,3003.235,13690.918,68.59800000000001
2025-10-13 18:29:00,10/13,학습,338.204,5.02,2735.419,13732.457,16467.876,0.40866681633137525,0.4148783565471834,24.05699999999979,2367.964,2318.907,33.962,407.005,9027.469,4022.674,3022.848,13732.457,68.80099999999999
2025-10-13 18:30:00,10/13,학습,338.17,5.02,2743.569,13773.988,16517.557,0.41054740943026435,0.41683979047164005,24.20400000000018,2374.467,2325.263,34.074,407.175,9043.962,4047.811,3042.608,13773.988,69.005
2025-10-13 18:31:00,10/13,학습,338.136,5.021,2751.714,13815.511,16567.225,0.4125153701834079,0.4188760887079172,24.35199999999986,2380.969,2331.617,34.187,407.347,9060.147,4072.912,3062.513,13815.511,69.21099999999996
2025-10-13 18:32:00,10/13,학습,338.101,5.021,2759.854,13857.024,16616.878,0.4144042023852921,0.42084181988691843,24.498000000000047,2387.468,2337.97,34.299,407.521,9076.107,4097.987,3082.564,13857.024,69.42000000000002
2025-10-13 18:33:00,10/13,학습,338.067,5.021,2767.989,13898.527,16666.516,0.4162929965908904,0.4228060633340448,24.64599999999973,2393.966,2344.32,34.411,407.696,9091.903,4123.044,3102.761,13898.527,69.62900000000002
2025-10-13 18:34:00,10/13,학습,338.032,5.021,2776.119,13940.018,16716.137,0.4182612788911126,0.4248520620504766,24.792999999999665,2400.461,2350.668,34.524,407.872,9107.576,4148.091,3123.101,13940.018,69.84000000000003
2025-10-13 18:35:00,10/13,학습,337.996,5.022,2784.242,13981.497,16765.739,0.4201476137810876,0.42679953946939736,24.94000000000005,2406.953,2357.013,34.636,408.049,9123.159,4173.131,3143.581,13981.497,70.053
2025-10-13 18:36:00,10/13,학습,337.961,5.022,2792.358,14022.961,16815.319,0.42202779177051,0.42875254279308833,25.088000000000196,2413.443,2363.355,34.748,408.226,9138.667,4198.168,3164.2,14022.961,70.26499999999999
2025-10-13 18:37:00,10/13,학습,337.925,5.022,2800.469,14064.411,16864.88,0.42390183358512107,0.4306985347721321,25.235000000000127,2419.929,2369.694,34.86,408.403,9154.111,4223.206,3184.953,14064.411,70.47800000000001
2025-10-13 18:38:00,10/13,학습,337.889,5.022,2808.572,14105.843,16914.415,0.4257710182333996,0.4326389134755161,25.382000000000065,2426.411,2376.029,34.972,408.58,9169.485,4248.246,3205.832,14105.843,70.69099999999997
2025-10-13 18:39:00,10/13,학습,337.853,5.023,2816.668,14147.256,16963.924,0.42762988151629366,0.4345568922222989,25.529,2432.889,2382.36,35.084,408.756,9184.777,4273.292,3226.829,14147.256,70.90299999999996
2025-10-13 18:40:00,10/13,학습,337.816,5.023,2824.757,14188.647,17013.404000000002,0.429485354151981,0.43648204412401925,25.67599999999993,2439.362,2388.686,35.196,408.932,9199.973,4298.346,3247.935,14188.647,71.11600000000004
2025-10-13 18:41:00,10/13,학습,337.779,5.023,2832.837,14230.015,17062.852,0.43133064289299367,0.4383959472767145,25.82200000000012,2445.83,2395.008,35.308,409.107,9215.057,4323.413,3269.141,14230.015,71.32800000000003
2025-10-13 18:42:00,10/13,학습,337.742,5.024,2840.907,14271.356,17112.263,0.433175146750651,0.4402982758130774,25.96900000000005,2452.292,2401.323,35.42,409.282,9230.014,4348.496,3290.439,14271.356,71.53999999999996
2025-10-13 18:43:00,10/13,학습,337.704,5.024,2848.969,14312.667,17161.636,0.43500657649722063,0.4421966746048296,26.115999999999985,2458.748,2407.632,35.532,409.455,9244.828,4373.599,3311.824,14312.667,71.75099999999998
2025-10-13 18:44:00,10/13,학습,337.666,5.024,2857.019,14353.943,17210.962,0.436836036482652,0.4440923567182264,26.26299999999992,2465.198,2413.935,35.644,409.628,9259.482,4398.727,3333.288,14353.943,71.96199999999999
2025-10-13 18:45:00,10/13,학습,337.627,5.024,2865.059,14395.18,17260.239,0.43858310582219395,0.4459014847083457,26.409000000000106,2471.639,2420.23,35.755,409.8,9273.962,4423.884,3354.827,14395.18,72.173
2025-10-13 18:46:00,10/13,학습,337.589,5.025,2873.087,14436.372,17309.459,0.44040294302477717,0.44777682403443,26.55500000000029,2478.072,2426.517,35.867,409.971,9288.251,4449.075,3376.433,14436.372,72.382
2025-10-13 18:47:00,10/13,학습,337.55,5.025,2881.101,14477.512,17358.613,0.4421434430094814,0.44957805579077154,26.702000000000226,2484.496,2432.794,35.978,410.141,9302.338,4474.304,3398.103,14477.512,72.59100000000001
2025-10-13 18:48:00,10/13,학습,337.511,5.025,2889.101,14518.593,17407.694,0.44395848956852474,0.45145629180032504,26.84799999999996,2490.909,2439.061,36.09,410.31,9316.207,4499.578,3419.831,14518.593,72.79899999999998
2025-10-13 18:49:00,10/13,학습,337.472,5.026,2897.085,14559.605,17456.69,0.4457027693504845,0.45325215831266713,26.995000000000346,2497.311,2445.316,36.201,410.479,9329.844,4524.9,3441.614,14559.605,73.007
2025-10-13 18:50:00,10/13,학습,337.433,5.026,2905.051,14600.537,17505.588,0.4474474272817794,0.45505614135585326,27.13899999999967,2503.698,2451.559,36.312,410.647,9343.237,4550.276,3463.447,14600.537,73.214
2025-10-13 18:51:00,10/13,학습,337.394,5.026,2912.998,14641.373,17554.371,0.44912295119883433,0.45678752125366406,27.286000000000055,2510.071,2457.785,36.422,410.814,9356.37,4575.71,3485.326,14641.373,73.42000000000002
2025-10-13 18:52:00,10/13,학습,337.355,5.027,2920.923,14682.097,17603.02,0.4508849177784918,0.4586012730758667,27.43000000000029,2516.425,2463.995,36.533,410.981,9369.228,4601.207,3507.248,14682.097,73.62599999999998
2025-10-13 18:53:00,10/13,학습,337.316,5.027,2928.823,14722.687,17651.51,0.45258966681665436,0.4603623509652317,27.574999999999815,2522.758,2470.183,36.643,411.148,9381.792,4626.771,3529.211,14722.687,73.83200000000005
2025-10-13 18:54:00,10/13,학습,337.278,5.027,2936.696,14763.117,17699.813000000002,0.45423912819381723,0.4620653293642897,27.71900000000005,2529.067,2476.348,36.752,411.315,9394.042,4652.406,3551.21,14763.117,74.03699999999998
2025-10-13 18:55:00,10/13,학습,337.241,5.027,2944.537,14803.352,17747.889,0.45598985649887136,0.4638733663159818,27.863000000000284,2535.347,2482.484,36.862,411.482,9405.954,4678.116,3573.244,14803.352,74.24100000000004
2025-10-13 18:56:00,10/13,학습,337.205,5.028,2952.341,14843.351,17795.692,0.45763681471894924,0.46556682258736043,28.005999999999855,2541.591,2488.585,36.97,411.651,9417.498,4703.904,3595.312,14843.351,74.44600000000003
2025-10-13 18:57:00,10/13,학습,337.17,5.028,2960.102,14883.06,17843.162,0.4593416133305309,0.46732644076795726,28.148999999999887,2547.794,2494.645,37.078,411.823,9428.638,4729.772,3617.411,14883.06,74.65299999999996
2025-10-13 18:58:00,10/13,학습,337.137,5.028,2967.814,14922.409,17890.222999999998,0.46103003206498827,0.46906855336030473,28.289999999999964,2553.945,2500.655,37.185,411.996,9439.328,4755.722,3639.543,14922.409,74.85899999999998
2025-10-13 18:59:00,10/13,학습,337.107,5.028,2975.466,14961.309,17936.774999999998,0.462745472466659,0.47083842160906947,28.43000000000029,2560.032,2506.602,37.291,412.175,9449.512,4781.754,3661.708,14961.309,75.06799999999998
2025-10-13 19:00:00,10/13,학습,337.081,5.028,2983.047,14999.646,17982.693,0.46449362809240663,0.47264194718322233,28.56899999999996,2566.041,2512.472,37.396,412.358,9459.115,4807.868,3683.909,14999.646,75.27699999999999
2025-10-13 19:01:00,10/13,학습,337.059,5.028,2990.544,15037.27,18027.814,0.46625313571320803,0.47445682846014575,28.704999999999927,2571.95,2518.245,37.499,412.55,9468.042,4834.061,3706.152,15037.27,75.49099999999999
2025-10-13 19:02:00,10/13,학습,337.043,5.028,2997.936,15073.989,18071.925,0.4680594793541666,0.47632003114951743,28.838999999999945,2577.735,2523.896,37.6,412.752,9476.17,4860.33,3728.444,15073.989,75.709
2025-10-13 19:03:00,10/13,학습,337.036,5.028,3005.201,15109.56,18114.761,0.4699737257749586,0.4782951364316513,28.971000000000004,2583.363,2529.392,37.699,412.968,9483.34,4886.668,3750.797,15109.56,75.93200000000002
2025-10-13 19:04:00,10/13,학습,337.038,5.027,3012.308,15143.68,18155.988,0.47192526039597826,0.48031214956069135,29.09799999999996,2588.792,2534.694,37.794,413.203,9489.351,4913.065,3773.232,15143.68,76.16499999999996
2025-10-13 19:05:00,10/13,학습,337.055,5.026,3019.22,15175.984,18195.204,0.47400632935356535,0.48246282519327055,29.22000000000025,2593.972,2539.752,37.885,413.463,9493.951,4939.51,3795.776,15175.984,76.40800000000002
2025-10-13 19:06:00,10/13,학습,337.088,5.025,3025.888,15206.06,18231.948,0.4762583852636498,0.4847903141243661,29.33699999999999,2598.844,2544.507,37.971,413.756,9496.84,4965.984,3818.476,15206.06,76.66799999999995
2025-10-13 19:07:00,10/13,학습,337.141,5.024,3032.254,15233.481,18265.735,0.4787426892200417,0.4873584832198499,29.44700000000012,2603.344,2548.897,38.051,414.093,9497.68,4992.471,3841.405,15233.481,76.952
2025-10-13 19:08:00,10/13,학습,337.217,5.022,3038.25,15257.866,18296.116,0.48151341213182586,0.49022598259965855,29.54800000000023,2607.409,2552.861,38.124,414.484,9496.132,5018.949,3864.678,15257.866,77.267
2025-10-13 19:09:00,10/13,학습,337.318,5.02,3043.801,15278.953,18322.754,0.48457052241995363,0.4933900907863503,29.64099999999962,2610.988,2556.347,38.188,414.944,9491.914,5045.398,3888.478,15278.953,77.62600000000003
2025-10-13 19:10:00,10/13,학습,337.445,5.017,3048.833,15296.661,18345.494,0.4880977023135266,0.4970434968934477,29.723999999999705,2614.051,2559.327,38.244,415.488,9484.878,5071.801,3913.077,15296.661,78.043
2025-10-13 19:11:00,10/13,학습,337.596,5.015,3053.284,15311.117,18364.401,0.49208849755186773,0.5011774225495522,29.79799999999977,2616.598,2561.8,38.291,416.128,9475.094,5098.142,3938.855,15311.117,78.53199999999998
2025-10-13 19:12:00,10/13,학습,337.766,5.012,3057.12,15322.62,18379.74,0.49654359978400875,0.5057938062899127,29.863000000000284,2618.659,2563.796,38.329,416.871,9462.891,5124.408,3966.297,15322.62,79.10499999999996
2025-10-13 19:13:00,10/13,학습,337.953,5.01,3060.336,15331.577,18391.913,0.5014864648920722,0.5109171090511277,29.91899999999987,2620.286,2565.367,38.359,417.72,9448.845,5150.582,3995.957,15331.577,79.76700000000005
2025-10-13 19:14:00,10/13,학습,338.149,5.008,3062.962,15338.428,18401.39,0.5068616929973246,0.5164888827850271,29.967999999999847,2621.545,2566.577,38.382,418.666,9433.697,5176.636,4028.384,15338.428,80.517
2025-10-13 19:15:00,10/13,학습,338.35,5.006,3065.056,15343.593,18408.649,0.5126474815496915,0.5224845905384677,30.010999999999967,2622.505,2567.494,38.4,419.694,9418.224,5202.536,4064.033,15343.593,81.344
2025-10-13 19:16:00,10/13,학습,338.55,5.005,3066.691,15347.442,18414.133,0.5186638672020525,0.5287188075053694,30.047000000000025,2623.227,2568.18,38.413,420.784,9403.11,5228.232,4103.171,15347.442,82.23399999999998
2025-10-13 19:17:00,10/13,학습,338.748,5.003,3067.945,15350.287,18418.232,0.5247815519266374,0.5350466642490507,30.079999999999927,2623.767,2568.687,38.422,421.91,9388.85,5253.671,4145.817,15350.287,83.16200000000003
2025-10-13 19:18:00,10/13,학습,338.938,5.003,3068.895,15352.378,18421.273,0.5309714366232382,0.5414517629982063,30.10699999999997,2624.167,2569.06,38.429,423.05,9375.71,5278.794,4191.732,15352.378,84.11200000000002
2025-10-13 19:19:00,10/13,학습,339.12,5.002,3069.608,15353.911,18423.519,0.5370812780654928,0.5477577789608835,30.132000000000065,2624.463,2569.331,38.434,424.182,9363.736,5303.549,4240.442,15353.911,85.06200000000001
2025-10-13 19:20:00,10/13,학습,339.294,5.001,3070.153,15354.747,18424.9,0.5430064498312045,0.5538607985176641,30.154,2624.668,2569.514,38.437,425.289,9352.786,5327.891,4291.3,15354.747,85.995
2025-10-13 19:21:00,10/13,학습,339.464,5.001,3070.548,15354.818,18425.366,0.5487107346043686,0.5597333239370962,30.17099999999982,2624.738,2569.567,38.438,426.355,9342.348,5351.772,4343.503,15354.818,86.89100000000002
2025-10-13 19:22:00,10/13,학습,339.619,5.0,3070.773,15355.299,18426.072,0.5541746076655666,0.5653370281701569,30.189000000000306,2624.793,2569.604,38.439,427.374,9332.191,5375.195,4396.22,15355.299,87.755
2025-10-13 19:23:00,10/13,학습,339.762,5.0,3070.927,15355.677,18426.604,0.5594181024051873,0.5707147933059677,30.20400000000018,2624.835,2569.631,38.44,428.351,9322.08,5398.174,4448.761,15355.677,88.589
2025-10-13 19:24:00,10/13,학습,339.895,5.0,3071.032,15355.914,18426.946,0.5643187775018809,0.5757311096027679,30.21900000000005,2624.869,2569.65,38.44,429.276,9312.053,5420.717,4500.584,15355.914,89.38100000000003
2025-10-13 19:25:00,10/13,학습,340.019,5.0,3071.11,15356.133,18427.243,0.5689418598703615,0.5804542941512449,30.23199999999997,2624.894,2569.662,38.441,430.135,9302.2,5442.829,4551.315,15356.133,90.116
2025-10-13 19:26:00,10/13,학습,340.132,5.0,3071.176,15356.344,18427.52,0.573223397890479,0.5848200489602831,30.243999999999687,2624.912,2569.668,38.442,430.929,9292.286,5464.52,4600.499,15356.344,90.79699999999995
2025-10-13 19:27:00,10/13,학습,340.237,5.0,3071.233,15356.528,18427.761,0.5771190644412888,0.5887845325814453,30.25500000000011,2624.925,2569.67,38.442,431.663,9282.059,5485.812,4647.666,15356.528,91.426
2025-10-13 19:28:00,10/13,학습,340.335,5.0,3071.283,15356.694,18427.977,0.5807781239419623,0.5925032360741433,30.264999999999876,2624.933,2569.668,38.443,432.339,9271.44,5506.728,4692.503,15356.694,92.00400000000002
2025-10-13 19:29:00,10/13,학습,340.425,5.0,3071.327,15356.851,18428.178,0.5841472296227641,0.5959218932458135,30.273999999999887,2624.937,2569.663,38.444,432.96,9260.429,5527.294,4734.845,15356.851,92.53499999999995
2025-10-13 19:30:00,10/13,학습,340.508,5.0,3071.367,15356.994,18428.361,0.5871857217081708,0.5989992327165017,30.2829999999999,2624.937,2569.654,38.444,433.531,9249.062,5547.533,4774.622,15356.994,93.02300000000002
2025-10-13 19:31:00,10/13,학습,340.587,5.0,3071.412,15356.878,18428.29,0.5900749489498762,0.6019228882584395,30.289999999999964,2624.916,2569.626,38.445,434.057,9237.393,5567.463,4811.846,15356.878,93.47000000000004
2025-10-13 19:32:00,10/13,학습,340.66,5.0,3071.429,15356.842,18428.271,0.5926781200936471,0.6045512059531324,30.297000000000025,2624.886,2569.589,38.445,434.54,9225.496,5587.099,4846.58,15356.842,93.88
2025-10-13 19:33:00,10/13,학습,340.728,5.0,3071.435,15356.835,18428.27,0.5951601141241601,0.6070541429510539,30.304000000000087,2624.856,2569.552,38.446,434.987,9213.519,5606.459,4878.958,15356.835,94.259
2025-10-13 19:34:00,10/13,학습,340.791,5.0,3071.432,15356.789,18428.221,0.5974144784390265,0.609321586051906,30.309999999999945,2624.826,2569.516,38.446,435.404,9201.629,5625.55,4909.156,15356.789,94.613
2025-10-13 19:35:00,10/13,학습,340.85,5.0,3071.422,15356.717,18428.139,0.5995002109997396,0.6114132863419696,30.31500000000005,2624.797,2569.482,38.446,435.789,9190.088,5644.373,4937.411,15356.717,94.93899999999996
2025-10-13 19:36:00,10/13,학습,340.904,5.0,3071.407,15356.632,18428.039,0.6014310842476742,0.6133428176740944,30.320000000000164,2624.768,2569.448,38.446,436.144,9179.064,5662.92,4963.948,15356.632,95.24
2025-10-13 19:37:00,10/13,학습,340.955,5.0,3071.389,15356.525,18427.914,0.603227241100088,0.6151308377236194,30.32400000000007,2624.739,2569.415,38.446,436.473,9168.614,5681.18,4988.915,15356.525,95.51800000000004
2025-10-13 19:38:00,10/13,학습,341.003,5.0,3071.365,15356.391,18427.756,0.6048995564191838,0.616788404346441,30.32799999999997,2624.711,2569.383,38.446,436.778,9158.777,5699.141,5012.431,15356.391,95.77500000000003
2025-10-13 19:39:00,10/13,학습,341.047,5.0,3071.336,15356.232,18427.568,0.6064598498939417,0.6183276513340619,30.333000000000084,2624.684,2569.351,38.446,437.061,9149.592,5716.789,5034.614,15356.232,96.01399999999995
2025-10-13 19:40:00,10/13,학습,341.089,5.0,3071.303,15356.046,18427.349,0.6079175064643911,0.6197583502854851,30.33699999999999,2624.657,2569.32,38.446,437.324,9141.068,5734.112,5055.57,15356.046,96.235
2025-10-13 19:41:00,10/13,학습,341.127,5.0,3071.263,15355.83,18427.093,0.609213060903488,0.6210195748271647,30.338999999999945,2624.63,2569.291,38.445,437.569,9133.203,5751.097,5075.391,15355.83,96.442
2025-10-13 19:42:00,10/13,학습,341.164,5.0,3071.218,15355.582,18426.8,0.61050700104835,0.6222763274745697,30.341999999999643,2624.604,2569.262,38.445,437.8,9125.985,5767.73,5094.158,15355.582,96.63600000000002
2025-10-13 19:43:00,10/13,학습,341.198,5.0,3071.166,15355.303,18426.469,0.6116564644063706,0.6233822104764337,30.346000000000004,2624.579,2569.233,38.444,438.016,9119.399,5784.001,5111.947,15355.303,96.81800000000004
2025-10-13 19:44:00,10/13,학습,341.23,5.0,3071.108,15354.991,18426.099,0.61274339478791,0.6244215954418597,30.34799999999996,2624.554,2569.206,38.443,438.22,9113.422,5799.9,5128.825,15354.991,96.99
2025-10-13 19:45:00,10/13,학습,341.261,5.0,3071.043,15354.646,18425.689,0.6137802246508591,0.6254074657017035,30.351000000000116,2624.53,2569.179,38.442,438.414,9108.029,5815.417,5144.853,15354.646,97.15299999999996
2025-10-13 19:46:00,10/13,학습,341.29,5.0,3070.972,15354.268,18425.24,0.6147708126987999,0.6263440519975476,30.35400000000027,2624.507,2569.153,38.441,438.599,9103.196,5830.544,5160.082,15354.268,97.30899999999995
2025-10-13 19:47:00,10/13,학습,341.317,5.0,3070.894,15353.856,18424.75,0.6157161447606312,0.6272325821397796,30.35699999999997,2624.484,2569.127,38.44,438.775,9098.895,5845.277,5174.561,15353.856,97.45799999999996
2025-10-13 19:48:00,10/13,학습,341.343,5.0,3070.809,15353.412,18424.221,0.6165602626412586,0.6280161263022378,30.35799999999972,2624.461,2569.103,38.438,438.945,9095.103,5859.608,5188.333,15353.412,97.60199999999998
2025-10-13 19:49:00,10/13,학습,341.367,5.0,3070.718,15352.935,18423.653,0.6173690237066937,0.6287623148385657,30.36099999999988,2624.44,2569.079,38.436,439.108,9091.795,5873.535,5201.436,15352.935,97.741
2025-10-13 19:50:00,10/13,학습,341.39,5.0,3070.621,15352.428,18423.049,0.6181514900893136,0.6294805984406535,30.36299999999983,2624.419,2569.056,38.434,439.266,9088.952,5887.054,5213.905,15352.428,97.87600000000003
2025-10-13 19:51:00,10/13,학습,341.413,5.0,3070.517,15351.891,18422.408,0.6189127006487511,0.6301762833879923,30.364000000000036,2624.398,2569.034,38.432,439.42,9086.552,5900.162,5225.77,15351.891,98.007
2025-10-13 19:52:00,10/13,학습,341.434,5.0,3070.407,15351.326,18421.733,0.6196536159051798,0.63085054378343,30.365999999999985,2624.378,2569.012,38.43,439.57,9084.574,5912.859,5237.06,15351.326,98.13599999999995
2025-10-13 19:53:00,10/13,학습,341.454,5.0,3070.292,15350.733,18421.025,0.6203677940868837,0.6314969992278998,30.367999999999935,2624.359,2568.991,38.428,439.715,9082.999,5925.145,5247.798,15350.733,98.26099999999995
2025-10-13 19:54:00,10/13,학습,341.473,5.0,3070.172,15350.116,18420.288,0.6210013561180187,0.6320609567188054,30.36999999999989,2624.341,2568.971,38.425,439.858,9081.81,5937.019,5258.005,15350.116,98.385
2025-10-13 19:55:00,10/13,학습,341.491,5.0,3070.046,15349.476,18419.522,0.6216886717422869,0.6326793451194551,30.371999999999844,2624.323,2568.951,38.423,439.998,9080.992,5948.483,5267.703,15349.476,98.507
2025-10-13 19:56:00,10/13,학습,341.508,5.0,3069.917,15348.814,18418.731,0.6222899008098794,0.6332100143607052,30.37400000000025,2624.306,2568.932,38.42,440.135,9080.534,5959.538,5276.908,15348.814,98.627
2025-10-13 19:57:00,10/13,학습,341.524,5.0,3069.782,15348.133,18417.915,0.6228794682948906,0.6337287517037751,30.375,2624.289,2568.914,38.417,440.27,9080.421,5970.186,5285.638,15348.133,98.74599999999998
2025-10-13 19:58:00,10/13,학습,341.54,5.0,3069.644,15347.435,18417.079,0.6234520472025554,0.6342303157849879,30.376000000000204,2624.273,2568.897,38.414,440.402,9080.642,5980.43,5293.906,15347.435,98.86199999999997
2025-10-13 19:59:00,10/13,학습,341.555,5.0,3069.503,15346.723,18416.226,0.6240086782032163,0.6347158679273271,30.3779999999997,2624.258,2568.88,38.411,440.531,9081.185,5990.271,5301.726,15346.723,98.976
2025-10-13 20:00:00,10/13,학습,341.569,5.0,3069.359,15345.997,18415.356,0.6244838519770519,0.6351190191665569,30.378999999999905,2624.243,2568.864,38.407,440.658,9082.038,5999.715,5309.11,15345.997,99.089
2025-10-13 20:01:00,10/13,학습,341.582,5.0,3069.212,15345.26,18414.472,0.6250164638974618,0.6355808056892804,30.37999999999965,2624.229,2568.849,38.404,440.783,9083.19,6008.763,5316.069,15345.26,99.20100000000002
2025-10-13 20:02:00,10/13,학습,341.595,5.0,3069.064,15344.515,18413.579,0.6255328923456216,0.6360266231259548,30.382000000000065,2624.216,2568.834,38.401,440.905,9084.63,6017.421,5322.612,15344.515,99.30999999999996
2025-10-13 20:03:00,10/13,학습,341.607,5.0,3068.913,15343.763,18412.676,0.625962355142749,0.6363848240717356,30.38299999999981,2624.203,2568.82,38.397,441.024,9086.346,6025.691,5328.75,15343.763,99.41699999999996
2025-10-13 20:04:00,10/13,학습,341.618,5.0,3068.761,15343.006,18411.767,0.6264451102955334,0.6367976057063484,30.384999999999764,2624.191,2568.806,38.394,441.14,9088.327,6033.58,5334.491,15343.006,99.522
2025-10-13 20:05:00,10/13,학습,341.628,5.0,3068.609,15342.247,18410.856,0.6268446478998173,0.6371268929263421,30.38500000000022,2624.179,2568.794,38.39,441.254,9090.562,6041.09,5339.843,15342.247,99.62600000000003
2025-10-13 20:06:00,10/13,학습,341.638,5.0,3068.456,15341.486,18409.942000000003,0.6272974384297457,0.6375107941792639,30.385999999999967,2624.168,2568.782,38.387,441.365,9093.038,6048.228,5344.815,15341.486,99.72700000000005
2025-10-13 20:07:00,10/13,학습,341.647,5.0,3068.302,15340.726,18409.028,0.627663935739911,0.6378082619428403,30.38700000000017,2624.157,2568.77,38.383,441.473,9095.745,6054.999,5349.416,15340.726,99.82600000000002
2025-10-13 20:08:00,10/13,학습,341.656,5.0,3068.149,15339.969,18408.118,0.6280074277279613,0.6380834562434439,30.38799999999992,2624.147,2568.759,38.379,441.577,9098.672,6061.408,5353.654,15339.969,99.921
2025-10-13 20:09:00,10/13,학습,341.664,5.0,3067.997,15339.216,18407.213,0.6284081261646468,0.6384174161136268,30.389000000000124,2624.138,2568.749,38.376,441.679,9101.806,6067.461,5357.537,15339.216,100.015
2025-10-13 20:10:00,10/13,학습,341.671,5.0,3067.845,15338.468,18406.313,0.6287170256979719,0.6386597298758403,30.389999999999876,2624.129,2568.739,38.372,441.777,9105.138,6073.164,5361.075,15338.468,100.106
2025-10-13 20:11:00,10/13,학습,341.678,5.0,3067.695,15337.728,18405.423,0.6290727155378156,0.6389503737782302,30.39100000000008,2624.121,2568.73,38.369,441.871,9108.655,6078.524,5364.277,15337.728,100.19299999999998
2025-10-13 20:12:00,10/13,학습,341.684,5.0,3067.545,15336.995,18404.54,0.6293456460086339,0.6391587137433394,30.39099999999962,2624.113,2568.722,38.365,441.963,9112.346,6083.545,5367.152,15336.995,100.279
2025-10-13 20:13:00,10/13,학습,341.689,5.0,3067.398,15336.272,18403.67,0.6295911982562036,0.6393407581779417,30.39200000000028,2624.106,2568.714,38.361,442.05,9116.201,6088.236,5369.71,15336.272,100.361
2025-10-13 20:14:00,10/13,학습,341.694,5.0,3067.253,15335.559,18402.812,0.6298887142663088,0.6395764234448561,30.39200000000028,2624.099,2568.707,38.358,442.134,9120.208,6092.603,5371.961,15335.559,100.44
2025-10-13 20:15:00,10/13,학습,341.699,5.0,3067.109,15334.858,18401.967,0.630099140440785,0.6397257065500279,30.39300000000003,2624.093,2568.7,38.354,442.215,9124.358,6096.652,5373.917,15334.858,100.51599999999996
2025-10-13 20:16:00,10/13,학습,341.703,5.0,3066.968,15334.169,18401.137,0.6303563126690859,0.6399234146091612,30.39300000000003,2624.087,2568.694,38.351,442.292,9128.64,6100.391,5375.587,15334.169,100.589
2025-10-13 20:17:00,10/13,학습,341.706,5.0,3066.83,15333.493,18400.323,0.6305912061456738,0.6401001202577591,30.393999999999775,2624.082,2568.688,38.348,442.365,9133.043,6103.827,5376.984,15333.493,100.659
2025-10-13 20:18:00,10/13,학습,341.709,5.0,3066.694,15332.832,18399.526,0.6307376020051453,0.6401893112542928,30.394000000000236,2624.077,2568.683,38.344,442.435,9137.557,6106.966,5378.118,15332.832,100.726
2025-10-13 20:19:00,10/13,학습,341.712,5.0,3066.561,15332.184,18398.745,0.6309318829996066,0.6403281211132825,30.394999999999985,2624.073,2568.678,38.341,442.501,9142.172,6109.816,5379.003,15332.184,100.789
2025-10-13 20:20:00,10/13,학습,341.714,5.0,3066.431,15331.552,18397.983,0.6311026542091431,0.6404448155413139,30.394999999999985,2624.069,2568.674,38.338,442.563,9146.879,6112.385,5379.649,15331.552,100.849
2025-10-13 20:21:00,10/13,학습,341.715,5.0,3066.304,15330.935,18397.239,0.631255090944603,0.6405446280269605,30.394000000000236,2624.065,2568.671,38.335,442.622,9151.669,6114.68,5380.069,15330.935,100.90700000000004
2025-10-13 20:22:00,10/13,학습,341.717,5.0,3066.18,15330.334,18396.514,0.6313862327686846,0.6406246257606659,30.394999999999985,2624.062,2568.667,38.332,442.677,9156.531,6116.709,5380.275,15330.334,100.96000000000004
2025-10-13 20:23:00,10/13,학습,341.718,5.0,3066.059,15329.749,18395.808,0.631497844483512,0.6406866124861177,30.394000000000236,2624.059,2568.665,38.329,442.729,9161.456,6118.479,5380.28,15329.749,101.01099999999995
2025-10-13 20:24:00,10/13,학습,341.718,5.0,3065.942,15329.181,18395.123,0.6315932983170323,0.6407340206031422,30.394999999999985,2624.057,2568.662,38.326,442.778,9166.437,6119.997,5380.096,15329.181,101.06
2025-10-13 20:25:00,10/13,학습,341.718,5.0,3065.828,15328.629,18394.457,0.6316703291549344,0.6407645701084839,30.394999999999985,2624.055,2568.66,38.323,442.824,9171.464,6121.271,5379.735,15328.629,101.106
2025-10-13 20:26:00,10/13,학습,341.718,5.0,3065.717,15328.094,18393.811,0.6317237231116151,0.6407730435013012,30.394999999999985,2624.054,2568.659,38.32,442.866,9176.529,6122.31,5379.21,15328.094,101.14799999999995
2025-10-13 20:27:00,10/13,학습,341.718,5.0,3065.61,15327.576,18393.186,0.6317597804683757,0.6407658096900296,30.394999999999985,2624.053,2568.658,38.317,442.905,9181.625,6123.12,5378.532,15327.576,101.18699999999995
2025-10-13 20:28:00,10/13,학습,341.717,5.0,3065.506,15327.075,18392.581,0.6318543636816539,0.6408187774203126,30.394999999999985,2624.052,2568.657,38.315,442.942,9186.743,6123.709,5377.714,15327.075,101.22500000000002
2025-10-13 20:29:00,10/13,학습,341.716,5.0,3065.405,15326.59,18391.995,0.6318558215094283,0.6407801476106074,30.394999999999985,2624.051,2568.656,38.312,442.975,9191.875,6124.085,5376.767,15326.59,101.259
2025-10-13 20:30:00,10/13,학습,341.714,5.0,3065.308,15326.123,18391.431,0.631914700933185,0.6408005966359247,30.394999999999985,2624.051,2568.656,38.31,443.006,9197.016,6124.256,5375.703,15326.123,101.29199999999996
2025-10-13 20:31:00,10/13,학습,341.713,5.0,3065.214,15325.672,18390.886,0.6318844576063366,0.6407335170435179,30.393999999999775,2624.051,2568.657,38.307,443.034,9202.157,6124.228,5374.533,15325.672,101.32099999999996
2025-10-13 20:32:00,10/13,학습,341.711,5.0,3065.124,15325.237,18390.361,0.6319139884838014,0.6407278200513928,30.394999999999985,2624.052,2568.657,38.305,443.06,9207.293,6124.011,5373.268,15325.237,101.349
2025-10-13 20:33:00,10/13,학습,341.709,5.0,3065.037,15324.819,18389.856,0.6319251202589289,0.6407053030766711,30.394000000000236,2624.052,2568.658,38.303,443.083,9212.417,6123.61,5371.918,15324.819,101.37400000000002
2025-10-13 20:34:00,10/13,학습,341.707,5.0,3064.953,15324.418,18389.371,0.6319242366827547,0.6406723300368787,30.393999999999775,2624.053,2568.659,38.301,443.104,9217.523,6123.034,5370.494,15324.418,101.397
2025-10-13 20:35:00,10/13,학습,341.705,5.0,3064.872,15324.032,18388.904,0.6319049680139048,0.6406225397983434,30.39300000000003,2624.054,2568.661,38.299,443.122,9222.605,6122.289,5369.005,15324.032,101.41700000000004
2025-10-13 20:36:00,10/13,학습,341.703,5.0,3064.795,15323.662,18388.457,0.631878907055667,0.6405675148693792,30.39300000000003,2624.056,2568.663,38.297,443.139,9227.659,6121.384,5367.46,15323.662,101.43600000000004
2025-10-13 20:37:00,10/13,학습,341.7,5.0,3064.721,15323.307,18388.028,0.6318408649033312,0.6405020361323489,30.39300000000003,2624.058,2568.665,38.295,443.154,9232.679,6120.325,5365.869,15323.307,101.454
2025-10-13 20:38:00,10/13,학습,341.697,5.0,3064.65,15322.967,18387.617,0.6317856343081414,0.6404208846362736,30.39300000000003,2624.06,2568.667,38.293,443.166,9237.661,6119.119,5364.24,15322.967,101.469
2025-10-13 20:39:00,10/13,학습,341.695,5.0,3064.581,15322.643,18387.224,0.6317289509288366,0.6403397184801933,30.39300000000003,2624.062,2568.669,38.291,443.178,9242.6,6117.773,5362.582,15322.643,101.483
2025-10-13 20:40:00,10/13,학습,341.692,5.0,3064.516,15322.333,18386.849,0.631653937508251,0.6402417370048213,30.391999999999825,2624.064,2568.672,38.289,443.187,9247.491,6116.295,5360.901,15322.333,101.495
2025-10-13 20:41:00,10/13,학습,341.689,5.0,3064.454,15322.037,18386.491,0.6316432179877183,0.6402092941079487,30.391999999999825,2624.067,2568.675,38.288,443.195,9252.333,6114.691,5359.206,15322.037,101.50599999999996
2025-10-13 20:42:00,10/13,학습,341.686,5.0,3064.395,15321.755,18386.15,0.6315496872937528,0.6400956324806925,30.39100000000008,2624.069,2568.678,38.286,443.201,9257.12,6112.967,5357.503,15321.755,101.51500000000004
2025-10-13 20:43:00,10/13,학습,341.683,5.0,3064.338,15321.486,18385.824,0.631525805383102,0.6400527397736169,30.39100000000008,2624.072,2568.681,38.285,443.207,9261.85,6111.131,5355.798,15321.486,101.524
2025-10-13 20:44:00,10/13,학습,341.679,5.0,3064.285,15321.231,18385.516,0.6314190886745111,0.6399286167381586,30.39099999999962,2624.075,2568.684,38.283,443.211,9266.519,6109.187,5354.097,15321.231,101.53200000000004
2025-10-13 20:45:00,10/13,학습,341.676,5.0,3064.234,15320.988,18385.222,0.6313757396409051,0.6398689113923154,30.39100000000008,2624.079,2568.688,38.282,443.214,9271.126,6107.144,5352.407,15320.988,101.538
2025-10-13 20:46:00,10/13,학습,341.673,5.0,3064.185,15320.758,18384.943,0.6313218384669815,0.6397999058805678,30.39100000000008,2624.082,2568.691,38.281,443.215,9275.668,6105.006,5350.732,15320.758,101.54199999999996
2025-10-13 20:47:00,10/13,학습,341.67,5.0,3064.139,15320.54,18384.679,0.6311945136860346,0.6396589492145752,30.39099999999962,2624.086,2568.695,38.279,443.216,9280.142,6102.78,5349.076,15320.54,101.546
2025-10-13 20:48:00,10/13,학습,341.667,5.0,3064.095,15320.334,18384.429,0.6311318374200572,0.6395835684259066,30.389999999999876,2624.089,2568.699,38.278,443.216,9284.548,6100.472,5347.445,15320.334,101.54900000000004
2025-10-13 20:49:00,10/13,학습,341.664,5.0,3064.054,15320.139,18384.193,0.6310627511085266,0.6395029633730459,30.389999999999876,2624.093,2568.703,38.277,443.215,9288.883,6098.086,5345.843,15320.139,101.551
2025-10-13 20:50:00,10/13,학습,341.66,5.0,3064.015,15319.955,18383.97,0.6309925752563658,0.6394223537810156,30.390000000000327,2624.097,2568.707,38.276,443.214,9293.145,6095.63,5344.272,15319.955,101.55399999999996
2025-10-13 20:51:00,10/13,학습,341.657,5.0,3063.978,15319.782,18383.76,0.6309149530948385,0.639335376197796,30.389000000000124,2624.101,2568.712,38.275,443.212,9297.335,6093.107,5342.737,15319.782,101.555
2025-10-13 20:52:00,10/13,학습,341.654,5.0,3063.944,15319.619,18383.563,0.6308321704799817,0.6392443167222015,30.389000000000124,2624.105,2568.716,38.274,443.209,9301.45,6090.523,5341.24,15319.619,101.555
2025-10-13 20:53:00,10/13,학습,341.651,5.0,3063.911,15319.465,18383.376,0.6307484416391891,0.6391532521582827,30.389000000000124,2624.109,2568.72,38.273,443.206,9305.491,6087.884,5339.783,15319.465,101.555
2025-10-13 20:54:00,10/13,학습,341.648,5.0,3063.88,15319.322,18383.202,0.6306573601460213,0.6390558185423446,30.38799999999992,2624.113,2568.725,38.272,443.202,9309.457,6085.193,5338.37,15319.322,101.55399999999996
2025-10-13 20:55:00,10/13,학습,341.645,5.0,3063.852,15319.187,18383.039,0.6305664683949332,0.638959522978156,30.389000000000124,2624.118,2568.729,38.271,443.198,9313.347,6082.456,5337.003,15319.187,101.553
2025-10-13 20:56:00,10/13,학습,341.642,5.0,3063.825,15319.061,18382.886,0.6305447179649658,0.6389329224805093,30.38799999999992,2624.122,2568.734,38.271,443.194,9317.161,6079.677,5335.682,15319.061,101.55200000000002
2025-10-13 20:57:00,10/13,학습,341.639,5.0,3063.8,15318.944,18382.744,0.6304457328585543,0.6388302562210213,30.38700000000017,2624.126,2568.739,38.27,443.189,9320.899,6076.861,5334.41,15318.944,101.55
2025-10-13 20:58:00,10/13,학습,341.636,5.0,3063.776,15318.834,18382.61,0.6303471067935327,0.6387287276327746,30.38799999999992,2624.131,2568.743,38.269,443.184,9324.562,6074.011,5333.187,15318.834,101.548
2025-10-13 20:59:00,10/13,학습,341.633,5.0,3063.754,15318.733,18382.487,0.630317708096497,0.6386969036580702,30.38700000000017,2624.135,2568.748,38.269,443.179,9328.15,6071.131,5332.015,15318.733,101.546
2025-10-13 21:00:00,10/13,학습,341.63,5.0,3063.734,15318.639,18382.373,0.630216403415627,0.6385942248955625,30.38699999999972,2624.14,2568.753,38.268,443.174,9331.663,6068.227,5330.895,15318.639,101.54399999999998
2025-10-13 21:01:00,10/13,학습,341.627,5.0,3063.715,15318.552,18382.267,0.6301814845906718,0.6385583212358842,30.38799999999992,2624.145,2568.757,38.268,443.168,9335.102,6065.3,5329.827,15318.552,101.541
2025-10-13 21:02:00,10/13,학습,341.625,5.0,3063.698,15318.471,18382.169,0.6300787985324643,0.6384556355393821,30.38699999999972,2624.149,2568.762,38.267,443.163,9338.467,6062.355,5328.812,15318.471,101.538
2025-10-13 21:03:00,10/13,학습,341.622,5.0,3063.682,15318.398,18382.08,0.6300414332577727,0.638418586464936,30.38700000000017,2624.154,2568.767,38.267,443.157,9341.76,6059.395,5327.849,15318.398,101.53499999999995
2025-10-13 21:04:00,10/13,학습,341.619,5.0,3063.668,15318.33,18381.998,0.6299375004696055,0.6383158937947102,30.38700000000017,2624.159,2568.772,38.266,443.152,9344.981,6056.423,5326.939,15318.33,101.53299999999996
2025-10-13 21:05:00,10/13,학습,341.617,5.0,3063.654,15318.268,18381.922,0.6299001385586174,0.6382799863718921,30.38700000000017,2624.163,2568.776,38.266,443.146,9348.132,6053.442,5326.082,15318.268,101.529
2025-10-13 21:06:00,10/13,학습,341.614,5.0,3063.642,15318.212,18381.854,0.6297951061795426,0.6381772867095717,30.38700000000017,2624.168,2568.781,38.265,443.141,9351.212,6050.455,5325.277,15318.212,101.52700000000004
2025-10-13 21:07:00,10/13,학습,341.612,5.0,3063.631,15318.161,18381.792,0.6297555411534845,0.6381402338159693,30.38699999999972,2624.173,2568.786,38.265,443.135,9354.225,6047.466,5324.524,15318.161,101.52299999999995
2025-10-13 21:08:00,10/13,학습,341.61,5.0,3063.621,15318.115,18381.736,0.6297207421592192,0.6381084028252447,30.385999999999967,2624.177,2568.791,38.265,443.13,9357.17,6044.476,5323.823,15318.115,101.51999999999998
2025-10-13 21:09:00,10/13,학습,341.607,5.0,3063.611,15318.073,18381.684,0.6296143311462873,0.6380056950243379,30.385999999999967,2624.182,2568.796,38.264,443.125,9360.049,6041.488,5323.173,15318.073,101.51799999999996
2025-10-13 21:10:00,10/13,학습,341.605,5.0,3063.603,15318.037,18381.64,0.6295798136609222,0.6379750061749883,30.38699999999972,2624.187,2568.8,38.264,443.12,9362.863,6038.504,5322.572,15318.037,101.515
2025-10-13 21:11:00,10/13,학습,341.603,5.0,3063.596,15318.004,18381.6,0.6295437665323832,0.6379431731684412,30.385999999999967,2624.191,2568.805,38.264,443.115,9365.615,6035.527,5322.021,15318.004,101.512
2025-10-13 21:12:00,10/13,학습,341.601,5.0,3063.59,15317.975,18381.565,0.6294361408491572,0.6378404576002829,30.385999999999967,2624.196,2568.81,38.263,443.11,9368.305,6032.558,5321.519,15317.975,101.509
2025-10-13 21:13:00,10/13,학습,341.599,5.0,3063.584,15317.95,18381.534,0.6294057989587538,0.6378149899331662,30.38700000000017,2624.201,2568.814,38.263,443.106,9370.934,6029.599,5321.064,15317.95,101.507
2025-10-13 21:14:00,10/13,학습,341.597,5.0,3063.579,15317.928,18381.507,0.6293739920072358,0.6377883782148386,30.385999999999967,2624.205,2568.819,38.263,443.102,9373.504,6026.653,5320.656,15317.928,101.505
2025-10-13 21:15:00,10/13,학습,341.596,5.0,3063.575,15317.91,18381.485,0.6293418957030542,0.637761766185457,30.385999999999967,2624.21,2568.824,38.263,443.098,9376.018,6023.721,5320.292,15317.91,101.502
2025-10-13 21:16:00,10/13,학습,341.594,5.0,3063.571,15317.895,18381.466,0.629310701472876,0.6377362975693425,30.385999999999967,2624.214,2568.828,38.263,443.094,9378.475,6020.805,5319.973,15317.895,101.5
2025-10-13 21:17:00,10/13,학습,341.592,5.0,3063.568,15317.882,18381.45,0.6292780970474967,0.6377096848960758,30.385999999999967,2624.219,2568.833,38.263,443.09,9380.878,6017.905,5319.697,15317.882,101.498
2025-10-13 21:18:00,10/13,학습,341.59,5.0,3063.566,15317.872,18381.438,0.6291804584235727,0.6376185502394298,30.385999999999967,2624.223,2568.837,38.262,443.087,9383.229,6015.024,5319.463,15317.872,101.497
2025-10-13 21:19:00,10/13,학습,341.589,5.0,3063.564,15317.864,18381.428,0.6291526833488413,0.6375971601658329,30.385999999999967,2624.228,2568.842,38.262,443.084,9385.528,6012.162,5319.269,15317.864,101.495
2025-10-13 21:20:00,10/13,학습,341.587,5.0,3063.563,15317.859,18381.422,0.6291258649527798,0.6375769137589715,30.385999999999967,2624.232,2568.846,38.262,443.081,9387.778,6009.321,5319.115,15317.859,101.49400000000004
2025-10-13 21:21:00,10/13,학습,341.586,5.0,3063.562,15317.856,18381.418,0.6290988885655215,0.63755666713811,30.38700000000017,2624.237,2568.85,38.262,443.078,9389.979,6006.501,5318.998,15317.856,101.49199999999996
2025-10-13 21:22:00,10/13,학습,341.585,5.0,3063.561,15317.854,18381.415,0.6290758853222598,0.6375405002987594,30.385999999999967,2624.241,2568.855,38.262,443.076,9392.134,6003.704,5318.918,15317.854,101.49100000000004
2025-10-13 21:23:00,10/13,학습,341.583,5.0,3063.561,15317.855,18381.416,0.6290538799769573,0.6375254772353721,30.385999999999967,2624.245,2568.859,38.262,443.074,9394.243,6000.931,5318.874,15317.855,101.491
2025-10-13 21:24:00,10/13,학습,341.582,5.0,3063.561,15317.856,18381.417,0.6290317771213666,0.6375104540805586,30.38700000000017,2624.25,2568.863,38.262,443.072,9396.309,5998.182,5318.863,15317.856,101.49
2025-10-13 21:25:00,10/13,학습,341.581,5.0,3063.562,15317.86,18381.422,0.6290095565525475,0.6374954308628039,30.38699999999972,2624.254,2568.867,38.262,443.07,9398.333,5995.458,5318.885,15317.86,101.48899999999998
2025-10-13 21:26:00,10/13,학습,341.58,5.0,3063.562,15317.864,18381.426,0.6289925378079022,0.637485631447429,30.38699999999972,2624.258,2568.871,38.262,443.069,9400.316,5992.759,5318.938,15317.864,101.48900000000005
2025-10-13 21:27:00,10/13,학습,341.579,5.0,3063.563,15317.87,18381.433,0.6289742865590492,0.637474688189439,30.385999999999967,2624.262,2568.876,38.262,443.068,9402.26,5990.087,5319.022,15317.87,101.48899999999998
2025-10-13 21:28:00,10/13,학습,341.578,5.0,3063.565,15317.876,18381.441,0.6289570924701886,0.637464888827147,30.38699999999972,2624.267,2568.88,38.262,443.067,9404.165,5987.441,5319.133,15317.876,101.48900000000005
2025-10-13 21:29:00,10/13,학습,341.577,5.0,3063.566,15317.884,18381.45,0.628945146020977,0.6374603133546632,30.38700000000017,2624.271,2568.884,38.262,443.067,9406.034,5984.822,5319.273,15317.884,101.49
2025-10-13 21:30:00,10/13,학습,341.576,5.0,3063.568,15317.892,18381.46,0.6289342891330543,0.6374568818108285,30.38799999999992,2624.275,2568.887,38.262,443.067,9407.868,5982.23,5319.438,15317.892,101.491
2025-10-13 21:31:00,10/13,학습,341.575,5.0,3063.569,15317.901,18381.47,0.6289223067648084,0.6374523063240477,30.38799999999992,2624.279,2568.891,38.262,443.067,9409.668,5979.666,5319.628,15317.901,101.49200000000002
2025-10-13 21:32:00,10/13,학습,341.574,5.0,3063.571,15317.911,18381.482,0.628910278436758,0.6374477308942267,30.38799999999992,2624.283,2568.895,38.262,443.067,9411.435,5977.129,5319.842,15317.911,101.493
2025-10-13 21:33:00,10/13,학습,341.574,5.0,3063.573,15317.921,18381.494,0.6288982592277502,0.6374431554643736,30.38799999999992,2624.287,2568.899,38.262,443.067,9413.17,5974.621,5320.078,15317.921,101.493
2025-10-13 21:34:00,10/13,학습,341.573,5.0,3063.575,15317.931,18381.506,0.6288914906514435,0.637443804069397,30.38700000000017,2624.29,2568.903,38.262,443.068,9414.875,5972.14,5320.336,15317.931,101.495
2025-10-13 21:35:00,10/13,학습,341.572,5.0,3063.578,15317.942,18381.52,0.628885864062692,0.6374455965827961,30.38799999999992,2624.294,2568.906,38.262,443.069,9416.551,5969.688,5320.613,15317.942,101.497
2025-10-13 21:36:00,10/13,학습,341.572,5.0,3063.58,15317.953,18381.533,0.6288791428239894,0.6374462451664459,30.38799999999992,2624.298,2568.91,38.262,443.07,9418.199,5967.263,5320.909,15317.953,101.498
2025-10-13 21:37:00,10/13,학습,341.571,5.0,3063.582,15317.964,18381.546,0.628877698559225,0.637452117736209,30.38799999999992,2624.302,2568.914,38.262,443.072,9419.819,5964.867,5321.223,15317.964,101.50099999999998
2025-10-13 21:38:00,10/13,학습,341.57,5.0,3063.584,15317.975,18381.559,0.6288722053513184,0.6374539101524164,30.38799999999992,2624.305,2568.917,38.262,443.073,9421.414,5962.499,5321.554,15317.975,101.503
2025-10-13 21:39:00,10/13,학습,341.57,5.0,3063.587,15317.986,18381.573,0.6288708112155912,0.6374597827402173,30.38800000000037,2624.309,2568.921,38.262,443.075,9422.984,5960.158,5321.9,15317.986,101.505
2025-10-13 21:40:00,10/13,학습,341.569,5.0,3063.589,15317.997,18381.586,0.6288706581877436,0.6374667990598272,30.389000000000124,2624.313,2568.924,38.262,443.077,9424.53,5957.846,5322.261,15317.997,101.50799999999998
2025-10-13 21:41:00,10/13,학습,341.569,5.0,3063.591,15318.008,18381.599,0.628869408346832,0.6374726714976781,30.38799999999992,2624.316,2568.928,38.262,443.079,9426.053,5955.561,5322.635,15318.008,101.51
2025-10-13 21:42:00,10/13,학습,341.569,5.0,3063.594,15318.019,18381.613,0.6288745712220235,0.6374849116591268,30.389000000000124,2624.32,2568.931,38.262,443.082,9427.554,5953.303,5323.022,15318.019,101.51299999999998
2025-10-13 21:43:00,10/13,학습,341.568,5.0,3063.596,15318.03,18381.626,0.6288798386335878,0.63749715163438,30.38899999999967,2624.323,2568.934,38.262,443.085,9429.034,5951.073,5323.421,15318.03,101.517
2025-10-13 21:44:00,10/13,학습,341.568,5.0,3063.598,15318.04,18381.638,0.6288799283672396,0.6375041677395618,30.390000000000327,2624.327,2568.937,38.262,443.087,9430.493,5948.87,5323.83,15318.04,101.519
2025-10-13 21:45:00,10/13,학습,341.568,5.0,3063.6,15318.05,18381.65,0.628884180474768,0.6375152637235527,30.389000000000124,2624.33,2568.941,38.262,443.09,9431.933,5946.693,5324.25,15318.05,101.522
2025-10-13 21:46:00,10/13,학습,341.567,5.0,3063.603,15318.06,18381.663,0.6288896223504326,0.6375275034877077,30.389000000000124,2624.333,2568.944,38.262,443.093,9433.354,5944.543,5324.678,15318.06,101.526
2025-10-13 21:47:00,10/13,학습,341.567,5.0,3063.605,15318.07,18381.675,0.6289004134896632,0.6375449667066453,30.389999999999876,2624.337,2568.947,38.262,443.097,9434.757,5942.419,5325.115,15318.07,101.52999999999996
2025-10-13 21:48:00,10/13,학습,341.567,5.0,3063.607,15318.08,18381.687,0.6289060457465909,0.6375572061263004,30.390000000000327,2624.34,2568.95,38.262,443.1,9436.143,5940.321,5325.559,15318.08,101.53300000000002
2025-10-13 21:49:00,10/13,학습,341.567,5.0,3063.609,15318.089,18381.698,0.6289169992822821,0.6375746689833309,30.389999999999876,2624.343,2568.953,38.262,443.104,9437.512,5938.249,5326.01,15318.089,101.53699999999998
2025-10-13 21:50:00,10/13,학습,341.566,5.0,3063.61,15318.097,18381.707,0.6289228274775344,0.6375869080869966,30.389999999999876,2624.346,2568.956,38.262,443.107,9438.865,5936.202,5326.467,15318.097,101.54100000000004
2025-10-13 21:51:00,10/13,학습,341.566,5.0,3063.612,15318.105,18381.717,0.6289339342119764,0.6376043705821361,30.39100000000008,2624.35,2568.959,38.262,443.111,9440.202,5934.179,5326.93,15318.105,101.54500000000002
2025-10-13 21:52:00,10/13,학습,341.566,5.0,3063.614,15318.113,18381.727,0.6289451339387789,0.6376218328594749,30.39100000000008,2624.353,2568.962,38.262,443.115,9441.525,5932.181,5327.397,15318.113,101.54900000000004
2025-10-13 21:53:00,10/13,학습,341.566,5.0,3063.616,15318.121,18381.737,0.6289564266892278,0.6376392949190098,30.39100000000008,2624.356,2568.965,38.262,443.119,9442.834,5930.208,5327.869,15318.121,101.55300000000004
2025-10-13 21:54:00,10/13,학습,341.566,5.0,3063.618,15318.101,18381.719,0.628970046538489,0.6376590446862755,30.39100000000008,2624.357,2568.966,38.262,443.123,9444.123,5928.257,5328.343,15318.101,101.55700000000002
2025-10-13 21:55:00,10/13,학습,341.566,5.0,3063.619,15318.078,18381.697,0.6289201367936312,0.6376154114284003,30.39100000000008,2624.356,2568.965,38.261,443.128,9445.386,5926.33,5328.817,15318.078,101.562
2025-10-13 21:56:00,10/13,학습,341.566,5.0,3063.618,15318.049,18381.667,0.6289372470268053,0.6376385922014519,30.39099999999962,2624.354,2568.963,38.261,443.132,9446.614,5924.425,5329.286,15318.049,101.56600000000005
2025-10-13 21:57:00,10/13,학습,341.567,5.0,3063.615,15318.009,18381.624,0.6289618627212987,0.6376692833520009,30.39100000000008,2624.35,2568.959,38.261,443.137,9447.8,5922.544,5329.749,15318.009,101.57
2025-10-13 21:58:00,10/13,학습,341.567,5.0,3063.61,15317.956,18381.566,0.6289940522623666,0.6377074845959745,30.39100000000008,2624.344,2568.953,38.261,443.143,9448.956,5920.686,5330.21,15317.956,101.57599999999996
2025-10-13 21:59:00,10/13,학습,341.568,5.0,3063.604,15317.891,18381.495,0.6290286139371457,0.6377479727390019,30.391999999999825,2624.337,2568.945,38.261,443.149,9450.093,5918.851,5330.68,15317.891,101.58100000000002
2025-10-13 22:00:00,10/13,학습,341.568,5.0,3063.595,15317.82,18381.415,0.6290697107497307,0.6377948265108379,30.39100000000008,2624.327,2568.936,38.261,443.156,9451.213,5917.038,5331.16,15317.82,101.58800000000002
2025-10-13 22:01:00,10/13,학습,341.569,5.0,3063.583,15317.746,18381.329,0.6291121511351935,0.6378428228370835,30.39100000000008,2624.317,2568.926,38.261,443.163,9452.322,5915.248,5331.653,15317.746,101.594
2025-10-13 22:02:00,10/13,학습,341.57,5.0,3063.571,15317.665,18381.236,0.629090006490225,0.6378262922156795,30.39100000000008,2624.306,2568.915,38.26,443.171,9453.427,5913.478,5332.163,15317.665,101.601
2025-10-13 22:03:00,10/13,학습,341.57,5.0,3063.556,15317.576,18381.132,0.6291351523449946,0.6378765747344778,30.39100000000008,2624.294,2568.903,38.26,443.178,9454.538,5911.729,5332.694,15317.576,101.608
2025-10-13 22:04:00,10/13,학습,341.571,5.0,3063.541,15317.48,18381.021,0.6291857407104753,0.637932078566733,30.39100000000008,2624.282,2568.891,38.26,443.186,9455.66,5909.999,5333.246,15317.48,101.61499999999997
2025-10-13 22:05:00,10/13,학습,341.572,5.0,3063.524,15317.376,18380.9,0.6292388381050351,0.63798986842717,30.39100000000008,2624.268,2568.877,38.26,443.194,9456.785,5908.287,5333.815,15317.376,101.622
2025-10-13 22:06:00,10/13,학습,341.573,5.0,3063.505,15317.264,18380.769,0.6292221671643041,0.6379779085852267,30.389999999999876,2624.252,2568.862,38.259,443.202,9457.907,5906.591,5334.395,15317.264,101.62900000000002
2025-10-13 22:07:00,10/13,학습,341.574,5.0,3063.486,15317.142,18380.628,0.6292841744273002,0.6380443498812696,30.39100000000008,2624.236,2568.845,38.259,443.211,9459.021,5904.912,5334.981,15317.142,101.637
2025-10-13 22:08:00,10/13,학습,341.575,5.0,3063.464,15317.01,18380.474,0.629342211539419,0.6381067112603015,30.39099999999962,2624.218,2568.827,38.259,443.219,9460.121,5903.248,5335.569,15317.01,101.644
2025-10-13 22:09:00,10/13,학습,341.576,5.0,3063.441,15316.867,18380.308,0.6293303474023612,0.6380993226976128,30.389999999999876,2624.198,2568.808,38.258,443.227,9461.203,5901.599,5336.155,15316.867,101.65099999999995
2025-10-13 22:10:00,10/13,학습,341.577,5.0,3063.416,15316.71,18380.126,0.629398278921149,0.6381714786978427,30.389999999999876,2624.176,2568.786,38.258,443.236,9462.264,5899.966,5336.737,15316.71,101.659
2025-10-13 22:11:00,10/13,학습,341.578,5.0,3063.389,15316.538,18379.927,0.6293922048422211,0.6381698054945055,30.389999999999876,2624.152,2568.762,38.257,443.244,9463.3,5898.347,5337.314,15316.538,101.66600000000004
2025-10-13 22:12:00,10/13,학습,341.579,5.0,3063.36,15316.35,18379.71,0.6294647372493759,0.6382465341171543,30.389000000000124,2624.125,2568.736,38.257,443.253,9464.31,5896.743,5337.884,15316.35,101.67399999999998
2025-10-13 22:13:00,10/13,학습,341.58,5.0,3063.328,15316.143,18379.471,0.6294737553755558,0.6382598749397402,30.38799999999992,2624.096,2568.708,38.256,443.263,9465.292,5895.154,5338.448,15316.143,101.683
2025-10-13 22:14:00,10/13,학습,341.582,5.0,3063.292,15315.914,18379.206,0.6295543761784398,0.6383446067104084,30.38899999999967,2624.064,2568.675,38.256,443.272,9466.244,5893.578,5339.006,15315.914,101.69
2025-10-13 22:15:00,10/13,학습,341.584,5.0,3063.254,15315.659,18378.913,0.629571431143635,0.6383659499743904,30.38700000000017,2624.027,2568.64,38.255,443.282,9467.165,5892.017,5339.559,15315.659,101.69799999999998
2025-10-13 22:16:00,10/13,학습,341.586,5.0,3063.211,15315.375,18378.586,0.6295942690680068,0.6383930089505386,30.38700000000017,2623.987,2568.6,38.254,443.292,9468.052,5890.47,5340.108,15315.375,101.70599999999996
2025-10-13 22:17:00,10/13,학습,341.588,5.0,3063.164,15315.055,18378.219,0.6296291935169792,0.6384321482030237,30.38699999999972,2623.941,2568.554,38.253,443.303,9468.901,5888.935,5340.653,15315.055,101.71499999999996
2025-10-13 22:18:00,10/13,학습,341.59,5.0,3063.112,15314.693,18377.805,0.6297461510317767,0.6385531233241647,30.384999999999764,2623.888,2568.503,38.253,443.315,9469.709,5887.414,5341.197,15314.693,101.72500000000002
2025-10-13 22:19:00,10/13,학습,341.593,5.0,3063.053,15314.28,18377.333,0.629801220403327,0.6386123471211806,30.38500000000022,2623.829,2568.444,38.252,443.327,9470.468,5885.905,5341.74,15314.28,101.73399999999998
2025-10-13 22:20:00,10/13,학습,341.599,4.999,3063.014,15313.218,18376.232,0.6298405700087482,0.6386346177213632,30.382000000000065,2623.722,2568.34,38.25,443.34,9471.097,5884.403,5342.28,15313.218,101.741
2025-10-13 22:21:00,10/13,학습,341.61,4.999,3062.92,15311.926,18374.846,0.6298847594633415,0.6386853493264881,30.378999999999905,2623.548,2568.169,38.247,443.353,9471.306,5882.894,5342.722,15311.926,101.743
2025-10-13 22:22:00,10/13,학습,341.622,4.999,3062.777,15310.438,18373.215,0.6300109185036915,0.6388199922281868,30.375,2623.327,2567.952,38.244,443.372,9470.917,5881.394,5343.016,15310.438,101.75
2025-10-13 22:23:00,10/13,학습,341.638,4.999,3062.588,15308.453,18371.041,0.6302167308956402,0.6390381240704068,30.370000000000346,2623.043,2567.673,38.24,443.407,9469.643,5879.917,5343.089,15308.453,101.769
2025-10-13 22:24:00,10/13,학습,341.66,4.998,3062.337,15305.762,18368.099,0.6304518626477076,0.639265247602708,30.364000000000036,2622.67,2567.306,38.234,443.456,9467.614,5878.472,5343.038,15305.762,101.796
2025-10-13 22:25:00,10/13,학습,341.689,4.997,3062.011,15302.12,18364.131,0.6308190862098325,0.6396257086050965,30.35399999999981,2622.169,2566.815,38.227,443.517,9464.921,5877.052,5343.062,15302.12,101.82799999999996
2025-10-13 22:26:00,10/13,학습,341.73,4.996,3061.585,15297.041,18358.626,0.6311964250182197,0.6399996117278972,30.342999999999847,2621.48,2566.137,38.216,443.594,9461.17,5875.647,5343.176,15297.041,101.86399999999998
2025-10-13 22:27:00,10/13,학습,341.789,4.995,3061.016,15289.737,18350.753,0.6318050178657393,0.6406109566842779,30.32400000000007,2620.503,2565.179,38.202,443.696,9455.647,5874.242,5343.243,15289.737,101.90700000000004
2025-10-13 22:28:00,10/13,학습,341.875,4.993,3060.233,15278.96,18339.193,0.6325824267004895,0.6413790252868682,30.29799999999977,2619.082,2563.784,38.181,443.832,9447.29,5872.824,5343.077,15278.96,101.957
2025-10-13 22:29:00,10/13,학습,342.006,4.989,3059.122,15262.742,18321.864,0.6336858479824693,0.6424449981637123,30.26000000000022,2616.963,2561.703,38.15,444.02,9434.339,5871.37,5342.369,15262.742,102.014
2025-10-13 22:30:00,10/13,학습,342.204,4.984,3057.473,15238.377,18295.85,0.6352413806367467,0.6439694064197291,30.199999999999815,2613.769,2558.569,38.103,444.288,9413.969,5869.861,5340.589,15238.377,102.084
2025-10-13 22:31:00,10/13,학습,342.495,4.977,3054.9,15203.487,18258.387,0.637614558854061,0.6463069506748684,30.11500000000024,2609.065,2553.95,38.035,444.683,9382.157,5868.305,5336.953,15203.487,102.188
2025-10-13 22:32:00,10/13,학습,342.879,4.969,3050.793,15159.247,18210.04,0.641187812085115,0.6498714034203932,30.005999999999855,2602.656,2547.65,37.943,445.28,9334.569,5866.83,5330.653,15159.247,102.40099999999995
2025-10-13 22:33:00,10/13,학습,343.304,4.964,3044.608,15113.034,18157.642,0.6467127785583009,0.6555079825463808,29.885999999999967,2595.065,2540.179,37.838,446.188,9269.614,5865.82,5321.772,15113.034,102.884
2025-10-13 22:34:00,10/13,학습,343.678,4.964,3036.55,15073.916,18110.466,0.6544719324627812,0.6635355129405062,29.777999999999796,2587.513,2532.735,37.736,447.507,9192.777,5865.885,5312.918,15073.916,103.829
2025-10-13 22:35:00,10/13,학습,343.936,4.969,3027.726,15045.535,18073.261,0.6637512137337873,0.6731922861057407,29.69000000000005,2581.166,2526.476,37.647,449.21,9118.86,5867.48,5310.382,15045.535,105.274
2025-10-13 22:36:00,10/13,학습,344.067,4.977,3019.418,15026.516,18045.934,0.6730162660317158,0.6827628265721687,29.617999999999935,2576.578,2521.96,37.574,451.055,9069.239,5870.416,5323.249,15026.516,106.988
2025-10-13 22:37:00,10/13,학습,344.09,4.984,3012.489,15014.287,18026.776,0.6807032276482164,0.6903934695817222,29.5590000000002,2573.706,2519.147,37.518,452.675,9063.069,5873.693,5359.742,15014.287,108.58500000000004
2025-10-13 22:38:00,10/13,학습,344.031,4.99,3007.266,15006.707,18013.973,0.6857062679135394,0.6948950925569928,29.50900000000001,2572.183,2517.674,37.476,453.791,9107.109,5875.8,5395.887,15006.707,109.76
2025-10-13 22:39:00,10/13,학습,343.919,4.995,3003.656,15002.205,18005.861,0.6879218622281837,0.6962549697861975,29.46900000000005,2571.579,2517.11,37.447,454.313,9192.815,5875.263,5396.687,15002.205,110.394
2025-10-13 22:40:00,10/13,학습,343.776,4.998,3001.348,14999.685,18001.033,0.6876322328888672,0.6949319507720728,29.4340000000002,2571.529,2517.095,37.428,454.298,9301.733,5871.117,5397.264,14999.685,110.522
2025-10-13 22:41:00,10/13,학습,343.621,4.999,2999.991,14998.414,17998.405,0.6852363944405181,0.6915469042699809,29.40599999999995,2571.777,2517.371,37.415,453.868,9413.541,5863.1,5397.992,14998.414,110.247
2025-10-13 22:42:00,10/13,학습,343.463,5.001,2999.276,14997.905,17997.181,0.6814307010757117,0.6870441587777778,29.38400000000001,2572.156,2517.772,37.408,453.155,9511.529,5851.596,5398.794,14997.905,109.69199999999996
2025-10-13 22:43:00,10/13,학습,343.312,5.001,2998.969,14997.831,17996.8,0.6765734468756134,0.681757581029299,29.363999999999574,2572.566,2518.202,37.403,452.28,9585.005,5837.442,5399.597,14997.831,108.96799999999996
2025-10-13 22:44:00,10/13,학습,343.169,5.001,2998.9,14997.985,17996.885000000002,0.6712591808323617,0.67633282913601,29.346999999999756,2572.957,2518.61,37.401,451.333,9629.5,5821.697,5400.338,14997.985,108.16400000000004
2025-10-13 22:45:00,10/13,학습,343.038,5.001,2998.96,14998.239,17997.199,0.6657551943294341,0.6709835350789699,29.33199999999988,2573.303,2518.971,37.4,450.379,9645.627,5805.439,5400.97,14998.239,107.341
2025-10-13 22:46:00,10/13,학습,342.918,5.001,2999.08,14998.522,17997.602,0.6602761434427501,0.6658502278969085,29.320000000000164,2573.598,2519.278,37.399,449.458,9637.404,5789.621,5401.469,14998.522,106.54000000000002
2025-10-13 22:47:00,10/13,학습,342.81,5.001,2999.221,14998.793,17998.014,0.6550870104875018,0.6611199223906251,29.3090000000002,2573.84,2519.531,37.399,448.592,9610.662,5774.983,5401.825,14998.793,105.78199999999998
2025-10-13 22:48:00,10/13,학습,342.711,5.001,2999.359,14999.033,17998.392,0.6501571739999268,0.6566987054739222,29.29799999999977,2574.035,2519.737,37.398,447.792,9571.792,5762.024,5402.042,14999.033,105.08099999999996
2025-10-13 22:49:00,10/13,학습,342.621,5.001,2999.483,14999.235,17998.718,0.6457043093527306,0.652749111969838,29.28900000000021,2574.19,2519.901,37.398,447.062,9526.882,5751.003,5402.134,14999.235,104.44100000000005
2025-10-13 22:50:00,10/13,학습,342.54,5.0,2999.589,14999.398,17998.987,0.6416679665799442,0.649150717186555,29.279,2574.311,2520.032,37.398,446.399,9481.175,5741.971,5402.117,14999.398,103.85899999999998
2025-10-13 22:51:00,10/13,학습,342.465,5.0,2999.675,14999.524,17999.199,0.6379729312188305,0.6458550093679242,29.271000000000186,2574.407,2520.136,37.397,445.799,9438.801,5734.812,5402.011,14999.524,103.334
2025-10-13 22:52:00,10/13,학습,342.396,5.0,2999.742,14999.617,17999.359,0.6346637107914828,0.642868060189967,29.264000000000124,2574.483,2520.219,37.396,445.255,9402.705,5729.288,5401.836,14999.617,102.85899999999998
2025-10-13 22:53:00,10/13,학습,342.333,5.0,2999.792,14999.682,17999.474000000002,0.6317801961351277,0.6402260921005142,29.257000000000065,2574.544,2520.287,37.396,444.761,9374.691,5725.087,5401.611,14999.682,102.428
2025-10-13 22:54:00,10/13,학습,342.274,5.0,2999.828,14999.725,17999.553,0.6291418561235531,0.6377528771635301,29.251000000000204,2574.596,2520.345,37.395,444.312,9355.561,5721.86,5401.35,14999.725,102.038
2025-10-13 22:55:00,10/13,학습,342.219,5.0,2999.851,14999.751,17999.602,0.6267844169604808,0.635491509021945,29.244000000000145,2574.641,2520.397,37.394,443.903,9345.289,5719.259,5401.067,14999.751,101.68400000000004
2025-10-13 22:56:00,10/13,학습,342.168,5.0,2999.865,14999.764,17999.629,0.6247427222600144,0.633487368347581,29.239000000000036,2574.684,2520.445,37.394,443.529,9343.224,5716.96,5400.771,14999.764,101.361
2025-10-13 22:57:00,10/13,학습,342.12,5.0,2999.872,14999.767,17999.639,0.6228357995160076,0.6315720050043909,29.233999999999924,2574.725,2520.491,37.393,443.186,9348.283,5714.68,5400.469,14999.767,101.06599999999996
2025-10-13 22:58:00,10/13,학습,342.076,5.0,2999.873,14999.766,17999.639,0.6211165450651565,0.6298101352861513,29.22899999999981,2574.767,2520.538,37.392,442.873,9359.133,5712.19,5400.167,14999.766,100.79699999999995
2025-10-13 22:59:00,10/13,학습,342.034,5.0,2999.872,14999.761,17999.633,0.6196223426387882,0.6282503223476386,29.22499999999991,2574.81,2520.585,37.392,442.585,9374.344,5709.318,5399.865,14999.761,100.551
2025-10-13 23:00:00,10/13,학습,342.021,5.0,2999.871,14999.759,17999.63,0.6190858817049234,0.6276891596819224,29.22400000000016,2574.824,2520.6,37.391,442.495,9380.115,5708.258,5399.765,14999.759,100.474
2025-10-14 15:00:00,10/14,학습,341.57,5.0,3000.0,15000.0,18000.0,0.6059962649300747,0.6154941961631916,29.22000000000025,2575.8,2521.58,37.378,440.571,9674.166,5328.42,5114.987,15000.0,99.00100000000003
2025-10-14 15:01:00,10/14,학습,341.57,5.0,3000.0,15000.0,18000.0,0.606001573298202,0.6154930202805097,29.21900000000005,2575.8,2521.581,37.378,440.571,9675.524,5328.3,5114.356,15000.0,99.00100000000003
2025-10-14 15:02:00,10/14,학습,341.57,5.0,3000.0,15000.0,18000.0,0.6060057596265191,0.6154930202805097,29.2199999999998,2575.801,2521.581,37.378,440.571,9676.489,5328.148,5113.333,15000.0,99.00100000000003
2025-10-14 15:03:00,10/14,학습,341.57,5.0,3000.0,15000.001,18000.001,0.6060096987607833,0.6154930202652021,29.2199999999998,2575.801,2521.581,37.378,440.571,9677.442,5327.967,5112.327,15000.001,99.00100000000003
2025-10-14 15:04:00,10/14,학습,341.57,5.0,3000.0,15000.003,18000.003,0.6060132453080173,0.615493020234591,29.2199999999998,2575.801,2521.581,37.378,440.571,9678.351,5327.761,5111.348,15000.003,99.00100000000003
2025-10-14 15:05:00,10/14,학습,341.57,5.0,3000.001,15000.004,18000.005,0.6060163782515263,0.6154930202958168,29.2199999999998,2575.801,2521.581,37.378,440.571,9679.215,5327.532,5110.397,15000.004,99.00100000000003
2025-10-14 15:06:00,10/14,학습,341.57,5.0,3000.002,15000.006,18000.007999999998,0.6060203255182841,0.6154941962244159,29.22000000000025,2575.8,2521.58,37.378,440.571,9680.036,5327.282,5109.478,15000.006,99.00100000000003
2025-10-14 15:07:00,10/14,학습,341.57,5.0,3000.003,15000.008,18000.011,0.6060239511603746,0.6154953721530101,29.2199999999998,2575.799,2521.579,37.378,440.571,9680.818,5327.014,5108.591,15000.008,99.00100000000003
2025-10-14 15:08:00,10/14,학습,341.57,5.0,3000.004,15000.01,18000.014,0.6060220188934486,0.6154912852968453,29.2199999999998,2575.798,2521.578,37.378,440.57,9681.564,5326.73,5107.74,15000.01,99.0
2025-10-14 15:09:00,10/14,학습,341.57,5.0,3000.005,15000.013,18000.018,0.606025071022425,0.615492461211859,29.2199999999998,2575.797,2521.577,37.378,440.57,9682.274,5326.432,5106.925,15000.013,99.0
2025-10-14 15:10:00,10/14,학습,341.57,5.0,3000.006,15000.016,18000.022,0.606023771046006,0.6154895502154294,29.22000000000025,2575.795,2521.575,37.378,440.569,9682.95,5326.121,5106.149,15000.016,98.99900000000002
2025-10-14 15:11:00,10/14,학습,341.57,5.0,3000.007,15000.018,18000.025,0.6060222148336387,0.6154866392249426,29.21900000000005,2575.792,2521.573,37.378,440.568,9683.591,5325.799,5105.411,15000.018,98.998
2025-10-14 15:12:00,10/14,학습,341.57,5.0,3000.009,15000.021,18000.03,0.6060162967948207,0.615479641339885,29.2199999999998,2575.79,2521.57,37.378,440.566,9684.198,5325.467,5104.71,15000.021,98.99599999999998
2025-10-14 15:13:00,10/14,학습,341.57,5.0,3000.01,15000.024,18000.034,0.6060154308062478,0.6154779061973188,29.21900000000005,2575.786,2521.567,37.378,440.565,9684.768,5325.128,5104.047,15000.024,98.995
2025-10-14 15:14:00,10/14,학습,341.57,5.0,3000.011,15000.027,18000.038,0.6060037868997222,0.6154656452836046,29.21900000000005,2575.783,2521.564,37.378,440.562,9685.3,5324.782,5103.418,15000.027,98.99200000000002
2025-10-14 15:15:00,10/14,학습,341.57,5.0,3000.013,15000.03,18000.043,0.6059983285860631,0.6154598231671526,29.21900000000005,2575.779,2521.56,37.378,440.56,9685.794,5324.432,5102.824,15000.03,98.99
2025-10-14 15:16:00,10/14,학습,341.57,5.0,3000.015,15000.033,18000.048,0.6059832652048555,0.6154446509889495,29.21900000000005,2575.774,2521.555,37.378,440.556,9686.247,5324.077,5102.263,15000.033,98.986
2025-10-14 15:17:00,10/14,학습,341.569,5.0,3000.016,15000.036,18000.052,0.605973276069311,0.6154347415722417,29.2189999999996,2575.769,2521.55,37.378,440.553,9686.66,5323.721,5101.733,15000.036,98.98399999999998
2025-10-14 15:18:00,10/14,학습,341.569,5.0,3000.018,15000.039,18000.057,0.6059577794897771,0.6154195690679405,29.217999999999847,2575.763,2521.545,37.378,440.549,9687.033,5323.365,5101.233,15000.039,98.97999999999996
2025-10-14 15:19:00,10/14,학습,341.569,5.0,3000.019,15000.042,18000.060999999998,0.6060166454453114,0.6154789067896543,29.217999999999847,2575.757,2521.539,37.379,440.545,9687.364,5323.009,5100.763,15000.042,98.976
2025-10-14 15:20:00,10/14,학습,341.569,5.0,3000.021,15000.045,18000.066,0.6059978221005388,0.6154608228149605,29.217999999999847,2575.75,2521.532,37.379,440.54,9687.657,5322.655,5100.321,15000.045,98.971
2025-10-14 15:21:00,10/14,학습,341.569,5.0,3000.022,15000.048,18000.07,0.6059788326827314,0.6154427384777534,29.217999999999847,2575.743,2521.525,37.379,440.535,9687.91,5322.304,5099.906,15000.048,98.966
2025-10-14 15:22:00,10/14,학습,341.569,5.0,3000.023,15000.05,18000.073,0.6059596775842588,0.6154246538699184,29.217999999999847,2575.736,2521.518,37.379,440.53,9688.126,5321.958,5099.519,15000.05,98.96099999999996
2025-10-14 15:23:00,10/14,학습,341.568,5.0,3000.025,15000.052,18000.077,0.6059350849602472,0.6154013057262062,29.2170000000001,2575.728,2521.511,37.379,440.524,9688.308,5321.618,5099.158,15000.052,98.95600000000002
2025-10-14 15:24:00,10/14,학습,341.568,5.0,3000.026,15000.054,18000.08,0.6059115422926997,0.6153791330070612,29.216999999999643,2575.72,2521.503,37.379,440.518,9688.455,5321.283,5098.823,15000.054,98.95
2025-10-14 15:25:00,10/14,학습,341.568,5.0,3000.027,15000.056,18000.083,0.6058890732177,0.615358135820176,29.216999999999643,2575.711,2521.494,37.379,440.512,9688.572,5320.957,5098.514,15000.056,98.94400000000002
2025-10-14 15:26:00,10/14,학습,341.568,5.0,3000.028,15000.058,18000.086,0.6058653121552502,0.6153359622711991,29.21600000000035,2575.702,2521.486,37.379,440.506,9688.659,5320.638,5098.229,15000.058,98.938
2025-10-14 15:27:00,10/14,학습,341.568,5.0,3000.028,15000.059,18000.087,0.6059160366718209,0.615388296567151,29.21600000000035,2575.693,2521.477,37.38,440.5,9688.719,5320.327,5097.97,15000.059,98.93200000000002
2025-10-14 15:28:00,10/14,학습,341.568,5.0,3000.029,15000.06,18000.089,0.6058932883841986,0.6153672984434181,29.21600000000035,2575.684,2521.468,37.38,440.494,9688.754,5320.026,5097.734,15000.06,98.92600000000004
2025-10-14 15:29:00,10/14,학습,341.567,5.0,3000.03,15000.061,18000.091,0.6058652097264349,0.6153410361724961,29.21600000000035,2575.675,2521.459,37.38,440.487,9688.765,5319.735,5097.522,15000.061,98.92000000000002
2025-10-14 15:30:00,10/14,학습,341.567,5.0,3000.03,15000.062,18000.092,0.6058435522755511,0.6153212130648373,29.21599999999989,2575.665,2521.449,37.38,440.481,9688.756,5319.453,5097.333,15000.062,98.914
2025-10-14 15:31:00,10/14,학습,341.567,5.0,3000.031,15000.062,18000.093,0.6058153873885536,0.6152949497598563,29.215000000000146,2575.655,2521.44,37.38,440.474,9688.727,5319.182,5097.166,15000.062,98.90699999999998
2025-10-14 15:32:00,10/14,학습,341.567,5.0,3000.031,15000.063,18000.094,0.605793660692303,0.6152751258040466,29.215000000000146,2575.645,2521.43,37.38,440.468,9688.68,5318.921,5097.021,15000.063,98.901
2025-10-14 15:33:00,10/14,학습,341.567,5.0,3000.031,15000.063,18000.094,0.6057654771968525,0.6152488613729422,29.2140000000004,2575.635,2521.421,37.38,440.461,9688.616,5318.672,5096.896,15000.063,98.894
2025-10-14 15:34:00,10/14,학습,341.567,5.0,3000.031,15000.063,18000.094,0.6058170879567226,0.6153023665955363,29.215000000000146,2575.626,2521.411,37.381,440.455,9688.538,5318.433,5096.79,15000.063,98.88799999999998
2025-10-14 15:35:00,10/14,학습,341.567,5.0,3000.031,15000.062,18000.093,0.6057900640107075,0.6152772774761385,29.215000000000146,2575.616,2521.401,37.381,440.448,9688.446,5318.205,5096.704,15000.062,98.88099999999996
2025-10-14 15:36:00,10/14,학습,341.567,5.0,3000.031,15000.062,18000.093,0.6057671299971085,0.6152562760648564,29.2140000000004,2575.606,2521.392,37.381,440.442,9688.341,5317.988,5096.635,15000.062,98.875
2025-10-14 15:37:00,10/14,학습,341.567,5.0,3000.031,15000.061,18000.092,0.6057453951446827,0.6152364502885532,29.213999999999945,2575.596,2521.382,37.381,440.436,9688.226,5317.783,5096.584,15000.061,98.86899999999996
2025-10-14 15:38:00,10/14,학습,341.567,5.0,3000.031,15000.061,18000.092,0.6057224887784549,0.6152154480886478,29.212999999999735,2575.586,2521.373,37.381,440.43,9688.1,5317.588,5096.548,15000.061,98.863
2025-10-14 15:39:00,10/14,학습,341.567,5.0,3000.03,15000.06,18000.09,0.605700808819659,0.6151956214677146,29.2140000000004,2575.577,2521.363,37.381,440.424,9687.965,5317.404,5096.527,15000.06,98.85699999999996
2025-10-14 15:40:00,10/14,학습,341.567,5.0,3000.03,15000.059,18000.089,0.6056832117814444,0.6151798830930977,29.213000000000196,2575.567,2521.354,37.381,440.419,9687.821,5317.231,5096.521,15000.059,98.85199999999998
2025-10-14 15:41:00,10/14,학습,341.566,5.0,3000.029,15000.058,18000.087,0.605733766395291,0.6152322071217147,29.213000000000196,2575.558,2521.345,37.382,440.413,9687.671,5317.069,5096.527,15000.058,98.84700000000004
2025-10-14 15:42:00,10/14,학습,341.566,5.0,3000.029,15000.057,18000.086,0.6057162383561473,0.6152164683433284,29.213000000000196,2575.549,2521.336,37.382,440.408,9687.514,5316.918,5096.546,15000.057,98.84200000000004
2025-10-14 15:43:00,10/14,학습,341.566,5.0,3000.028,15000.055,18000.083,0.6056935043907696,0.6151954645306876,29.212999999999735,2575.54,2521.327,37.382,440.402,9687.351,5316.777,5096.576,15000.055,98.836
2025-10-14 15:44:00,10/14,학습,341.566,5.0,3000.028,15000.054,18000.082,0.6056748682056164,0.615178549129114,29.21199999999999,2575.531,2521.319,37.382,440.397,9687.183,5316.646,5096.617,15000.054,98.83100000000002
2025-10-14 15:45:00,10/14,학습,341.566,5.0,3000.027,15000.053,18000.08,0.6056627440669127,0.6151680742996098,29.21199999999999,2575.522,2521.31,37.382,440.393,9687.011,5316.525,5096.667,15000.053,98.827
2025-10-14 15:46:00,10/14,학습,341.566,5.0,3000.027,15000.051,18000.078,0.6056441981773778,0.6151511584519548,29.21199999999999,2575.514,2521.302,37.382,440.388,9686.835,5316.415,5096.726,15000.051,98.822
2025-10-14 15:47:00,10/14,학습,341.567,5.0,3000.026,15000.05,18000.076,0.6056309807140892,0.6151395072170164,29.21199999999999,2575.506,2521.294,37.382,440.384,9686.656,5316.313,5096.794,15000.05,98.817
2025-10-14 15:48:00,10/14,학습,341.567,5.0,3000.025,15000.048,18000.073,0.6056113804235279,0.6151214147371153,29.21100000000024,2575.498,2521.287,37.382,440.379,9686.475,5316.222,5096.868,15000.048,98.812
2025-10-14 15:49:00,10/14,학습,341.567,5.0,3000.024,15000.047,18000.071,0.6056716062587725,0.6151830875602422,29.210999999999785,2575.49,2521.279,37.383,440.375,9686.293,5316.139,5096.949,15000.047,98.808
2025-10-14 15:50:00,10/14,학습,341.567,5.0,3000.024,15000.045,18000.069,0.6056573338286733,0.6151702599487725,29.21100000000024,2575.483,2521.272,37.383,440.371,9686.109,5316.065,5097.036,15000.045,98.80399999999996
2025-10-14 15:51:00,10/14,학습,341.567,5.0,3000.023,15000.044,18000.067,0.6056484065140153,0.615162697174334,29.21000000000004,2575.475,2521.265,37.383,440.368,9685.924,5316.0,5097.128,15000.044,98.801
2025-10-14 15:52:00,10/14,학습,341.567,5.0,3000.022,15000.042,18000.064,0.6056342707361952,0.6151498692115511,29.21100000000024,2575.469,2521.258,37.383,440.364,9685.739,5315.944,5097.225,15000.042,98.79699999999995
2025-10-14 15:53:00,10/14,학습,341.567,5.0,3000.021,15000.041,18000.061999999998,0.6056254497790085,0.6151423062523873,29.210999999999785,2575.462,2521.251,37.383,440.361,9685.555,5315.895,5097.325,15000.041,98.79399999999998
2025-10-14 15:54:00,10/14,학습,341.567,5.0,3000.021,15000.039,18000.06,0.6056154749792432,0.6151335672220624,29.21000000000004,2575.455,2521.245,37.383,440.358,9685.371,5315.854,5097.429,15000.039,98.791
2025-10-14 15:55:00,10/14,학습,341.567,5.0,3000.02,15000.038,18000.058,0.605605584207973,0.6151248280152073,29.21000000000004,2575.449,2521.239,37.383,440.355,9685.188,5315.821,5097.536,15000.038,98.788
2025-10-14 15:56:00,10/14,학습,341.567,5.0,3000.019,15000.036,18000.055,0.6055957366567072,0.6151160887393604,29.21000000000004,2575.443,2521.233,37.383,440.352,9685.006,5315.794,5097.646,15000.036,98.78499999999995
2025-10-14 15:57:00,10/14,학습,341.567,5.0,3000.018,15000.035,18000.053,0.6055859501859022,0.6151073493637904,29.21000000000004,2575.437,2521.227,37.383,440.349,9684.826,5315.775,5097.757,15000.035,98.78199999999998
2025-10-14 15:58:00,10/14,학습,341.567,5.0,3000.018,15000.033,18000.051,0.6055802730710389,0.6151026992466058,29.20999999999958,2575.432,2521.222,37.383,440.347,9684.648,5315.762,5097.87,15000.033,98.77999999999996
2025-10-14 15:59:00,10/14,학습,341.567,5.0,3000.017,15000.032,18000.049,0.6055746842237214,0.6150980490066486,29.208999999999836,2575.426,2521.217,37.383,440.345,9684.473,5315.756,5097.984,15000.032,98.77800000000002
2025-10-14 16:00:00,10/14,학습,341.567,5.0,3000.016,15000.03,18000.046000000002,0.6056358793090716,0.6151614542913791,29.208999999999836,2575.421,2521.212,37.384,440.342,9684.047,5315.759,5098.096,15000.03,98.77499999999998
2025-10-14 16:01:00,10/14,학습,341.567,5.0,3000.015,15000.029,18000.044,0.6056267565998168,0.6151568039871534,29.209000000000287,2575.416,2521.207,37.384,440.34,9683.168,5315.786,5098.269,15000.029,98.77299999999995
2025-10-14 16:02:00,10/14,학습,341.567,5.0,3000.015,15000.028,18000.043,0.6056219995800362,0.6151574190943545,29.20999999999958,2575.412,2521.202,37.384,440.339,9682.086,5315.846,5098.628,15000.028,98.772
2025-10-14 16:03:00,10/14,학습,341.567,5.0,3000.014,15000.026,18000.04,0.6056100730062172,0.6151515926749351,29.209000000000287,2575.407,2521.198,37.384,440.337,9680.814,5315.946,5099.192,15000.026,98.76999999999998
2025-10-14 16:04:00,10/14,학습,341.568,5.0,3000.014,15000.025,18000.039,0.6055985824087182,0.6151469423762741,29.20999999999958,2575.403,2521.193,37.384,440.335,9679.357,5316.089,5099.956,15000.025,98.767
2025-10-14 16:05:00,10/14,학습,341.568,5.0,3000.013,15000.023,18000.036,0.6055905933851987,0.6151463813094489,29.209000000000287,2575.398,2521.189,37.384,440.334,9677.725,5316.282,5100.914,15000.023,98.76600000000002
2025-10-14 16:06:00,10/14,학습,341.568,5.0,3000.012,15000.02,18000.032,0.6055756229999403,0.6151393787200652,29.208999999999836,2575.395,2521.186,37.384,440.332,9675.928,5316.528,5102.061,15000.02,98.764
2025-10-14 16:07:00,10/14,학습,341.568,5.0,3000.011,15000.018,18000.029,0.6055665994984958,0.6151388176372108,29.209000000000287,2575.391,2521.182,37.384,440.331,9673.972,5316.83,5103.391,15000.018,98.76300000000003
2025-10-14 16:08:00,10/14,학습,341.568,5.0,3000.01,15000.014,18000.023999999998,0.6055559762906392,0.6151370804772124,29.208999999999836,2575.388,2521.179,37.384,440.33,9671.865,5317.192,5104.895,15000.014,98.762
2025-10-14 16:09:00,10/14,학습,341.568,5.0,3000.008,15000.011,18000.019,0.6055450185137745,0.6151353432190734,29.209000000000287,2575.385,2521.176,37.384,440.329,9669.615,5317.617,5106.566,15000.011,98.76100000000002
2025-10-14 16:10:00,10/14,학습,341.568,5.0,3000.006,15000.007,18000.013,0.6055325780032197,0.6151324298615171,29.208999999999836,2575.383,2521.174,37.384,440.328,9667.23,5318.107,5108.397,15000.007,98.76
2025-10-14 16:11:00,10/14,학습,341.568,5.0,3000.004,15000.002,18000.006,0.6055239546256649,0.6151336058935328,29.209000000000287,2575.382,2521.173,37.384,440.328,9664.715,5318.664,5110.379,15000.002,98.76
2025-10-14 16:12:00,10/14,학습,341.568,5.0,3000.002,14999.997,17999.999,0.6055151215750914,0.6151347819255553,29.208999999999836,2575.381,2521.172,37.384,440.328,9662.08,5319.289,5112.504,14999.997,98.76
2025-10-14 16:13:00,10/14,학습,341.568,5.0,3000.0,14999.991,17999.991,0.6055049665279221,0.6151347818640719,29.208999999999836,2575.381,2521.172,37.384,440.328,9659.332,5319.986,5114.763,14999.991,98.76
2025-10-14 16:14:00,10/14,학습,341.569,5.0,2999.997,14999.985,17999.982,0.605498818086926,0.6151388710947698,29.209000000000287,2575.382,2521.173,37.384,440.329,9656.48,5320.754,5117.149,14999.985,98.76
2025-10-14 16:15:00,10/14,학습,341.569,5.0,2999.994,14999.978,17999.971999999998,0.6054966954007349,0.6151470496713739,29.208999999999836,2575.384,2521.175,37.384,440.331,9653.532,5321.594,5119.653,14999.978,98.762
2025-10-14 16:16:00,10/14,학습,341.569,5.0,2999.991,14999.971,17999.962,0.6054933991546162,0.6151540520964449,29.209000000000287,2575.387,2521.178,37.384,440.333,9650.498,5322.507,5122.268,14999.971,98.764
2025-10-14 16:17:00,10/14,학습,341.569,5.0,2999.987,14999.963,17999.95,0.6054942686493003,0.6151651436983111,29.209000000000287,2575.391,2521.182,37.384,440.336,9647.387,5323.494,5124.986,14999.963,98.767
2025-10-14 16:18:00,10/14,학습,341.57,5.0,2999.983,14999.954,17999.936999999998,0.605499314697825,0.6151803244435446,29.209000000000287,2575.396,2521.187,37.384,440.34,9644.209,5324.553,5127.8,14999.954,98.76999999999998
2025-10-14 16:19:00,10/14,학습,341.57,5.0,2999.979,14999.945,17999.924,0.6055085888826459,0.615199594167992,29.20999999999958,2575.403,2521.193,37.384,440.345,9640.974,5325.684,5130.701,14999.945,98.77500000000003
2025-10-14 16:20:00,10/14,학습,341.57,5.0,2999.974,14999.935,17999.909,0.6055209973251103,0.6152217765538551,29.21000000000004,2575.411,2521.201,37.384,440.351,9637.692,5326.887,5133.683,14999.935,98.781
2025-10-14 16:21:00,10/14,학습,341.571,5.0,2999.97,14999.925,17999.895,0.6054645179136274,0.6151747281819971,29.210999999999785,2575.421,2521.21,37.383,440.358,9634.372,5328.16,5136.738,14999.925,98.78699999999998
2025-10-14 16:22:00,10/14,학습,341.571,5.0,2999.965,14999.915,17999.88,0.6054791757835476,0.6151986467712123,29.210999999999785,2575.432,2521.221,37.383,440.365,9631.023,5329.502,5139.859,14999.915,98.79399999999998
2025-10-14 16:23:00,10/14,학습,341.572,5.0,2999.96,14999.904,17999.864,0.6055023190914095,0.6152307426132979,29.21100000000024,2575.445,2521.234,37.383,440.374,9627.656,5330.912,5143.038,14999.904,98.80200000000002
2025-10-14 16:24:00,10/14,학습,341.572,5.0,2999.954,14999.893,17999.847,0.6055351635226134,0.6152721910074804,29.21199999999999,2575.46,2521.248,37.383,440.385,9624.279,5332.386,5146.269,14999.893,98.813
2025-10-14 16:25:00,10/14,학습,341.573,5.0,2999.949,14999.882,17999.831,0.6055660228456513,0.6153112859932459,29.21199999999999,2575.476,2521.264,37.383,440.396,9620.9,5333.925,5149.544,14999.882,98.82300000000004
2025-10-14 16:26:00,10/14,학습,341.573,5.0,2999.943,14999.871,17999.814,0.6055335074675767,0.6152864110769016,29.213000000000196,2575.494,2521.281,37.382,440.409,9617.528,5335.524,5152.854,14999.871,98.836
2025-10-14 16:27:00,10/14,학습,341.574,5.0,2999.938,14999.859,17999.797,0.6055722041007404,0.6153325042598158,29.213999999999945,2575.514,2521.3,37.382,440.422,9614.171,5337.182,5156.194,14999.859,98.848
2025-10-14 16:28:00,10/14,학습,341.574,5.0,2999.932,14999.848,17999.78,0.6056195304713881,0.6153867718065572,29.213999999999945,2575.535,2521.321,37.382,440.437,9610.835,5338.895,5159.556,14999.848,98.863
2025-10-14 16:29:00,10/14,학습,341.575,5.0,2999.927,14999.836,17999.763,0.6056702090814473,0.6154439488891948,29.215000000000146,2575.559,2521.344,37.382,440.453,9607.528,5340.661,5162.932,14999.836,98.878
2025-10-14 16:30:00,10/14,학습,341.576,5.0,2999.921,14999.825,17999.746,0.6056576271523739,0.6154371515894282,29.21599999999989,2575.584,2521.368,37.381,440.471,9604.257,5342.478,5166.315,14999.825,98.89499999999998
2025-10-14 16:31:00,10/14,학습,341.576,5.0,2999.915,14999.814,17999.729,0.6057163212472655,0.6155013223701802,29.2170000000001,2575.611,2521.394,37.381,440.489,9601.028,5344.341,5169.699,14999.814,98.91299999999995
2025-10-14 16:32:00,10/14,학습,341.577,5.0,2999.91,14999.802,17999.712,0.6057105459623584,0.6155003388681367,29.2170000000001,2575.639,2521.422,37.38,440.509,9597.846,5346.248,5173.075,14999.802,98.93200000000002
2025-10-14 16:33:00,10/14,학습,341.578,5.0,2999.904,14999.791,17999.695,0.6057825122214225,0.6155767642204871,29.21900000000005,2575.67,2521.451,37.38,440.53,9594.717,5348.196,5176.438,14999.791,98.952
2025-10-14 16:34:00,10/14,학습,341.578,5.0,2999.899,14999.781,17999.68,0.6057847868287853,0.6155827678278422,29.21900000000005,2575.701,2521.482,37.379,440.552,9591.647,5350.181,5179.781,14999.781,98.97400000000005
2025-10-14 16:35:00,10/14,학습,341.579,5.0,2999.894,14999.77,17999.664,0.6058636038948215,0.615665005537963,29.22000000000025,2575.735,2521.515,37.379,440.575,9588.64,5352.2,5183.096,14999.77,98.99599999999998
2025-10-14 16:36:00,10/14,학습,341.58,5.0,2999.889,14999.76,17999.649,0.6058739329824799,0.6156779936650196,29.221000000000004,2575.77,2521.549,37.378,440.599,9585.7,5354.249,5186.379,14999.76,99.019
2025-10-14 16:37:00,10/14,학습,341.581,5.0,2999.884,14999.75,17999.634,0.6059608085470646,0.615767216643873,29.221999999999756,2575.807,2521.585,37.378,440.624,9582.832,5356.326,5189.624,14999.75,99.043
2025-10-14 16:38:00,10/14,학습,341.581,5.0,2999.879,14999.741,17999.62,0.6059792036143017,0.6157871863878223,29.22299999999996,2575.845,2521.622,37.377,440.65,9580.04,5358.426,5192.823,14999.741,99.06899999999996
2025-10-14 16:39:00,10/14,학습,341.582,5.0,2999.874,14999.732,17999.606,0.6060752992825144,0.6158845671800771,29.225000000000364,2575.885,2521.66,37.377,440.677,9577.327,5360.546,5195.973,14999.732,99.09500000000004
2025-10-14 16:40:00,10/14,학습,341.583,5.0,2999.87,14999.723,17999.593,0.6061017227890083,0.6159115154643249,29.226000000000116,2575.926,2521.7,37.376,440.705,9574.697,5362.684,5199.068,14999.723,99.12199999999996
2025-10-14 16:41:00,10/14,학습,341.584,5.0,2999.866,14999.715,17999.581,0.6062005835047517,0.6160106142502411,29.22699999999986,2575.968,2521.741,37.376,440.733,9572.152,5364.834,5202.102,14999.715,99.149
2025-10-14 16:42:00,10/14,학습,341.585,5.0,2999.862,14999.708,17999.57,0.6062309567366658,0.6160404532258917,29.228000000000065,2576.011,2521.783,37.375,440.762,9569.695,5366.995,5205.073,14999.708,99.17700000000002
2025-10-14 16:43:00,10/14,학습,341.585,5.0,2999.858,14999.701,17999.559,0.6062659086965352,0.6160743653437014,29.22899999999981,2576.055,2521.826,37.374,440.792,9567.328,5369.162,5207.975,14999.701,99.207
2025-10-14 16:44:00,10/14,학습,341.586,5.0,2999.855,14999.694,17999.549,0.6063732583830782,0.6161804316995312,29.231000000000225,2576.101,2521.87,37.374,440.822,9565.054,5371.332,5210.805,14999.694,99.236
2025-10-14 16:45:00,10/14,학습,341.587,5.0,2999.852,14999.688,17999.54,0.6064120821135751,0.6162172313841214,29.23199999999997,2576.147,2521.915,37.373,440.853,9562.873,5373.503,5213.559,14999.688,99.26600000000002
2025-10-14 16:46:00,10/14,학습,341.588,5.0,2999.849,14999.682,17999.531000000003,0.606455453021672,0.6162581020448765,29.23300000000017,2576.194,2521.961,37.372,440.885,9560.788,5375.67,5216.234,14999.682,99.29699999999995
2025-10-14 16:47:00,10/14,학습,341.588,5.0,2999.846,14999.677,17999.523,0.6065671470607638,0.6163670471981724,29.235000000000127,2576.242,2522.007,37.372,440.916,9558.799,5377.831,5218.827,14999.677,99.32799999999996
2025-10-14 16:48:00,10/14,학습,341.589,5.0,2999.844,14999.672,17999.516,0.606610235215195,0.6164067196698336,29.23700000000008,2576.291,2522.054,37.371,440.948,9556.906,5379.983,5221.336,14999.672,99.35899999999998
2025-10-14 16:49:00,10/14,학습,341.59,5.0,2999.842,14999.668,17999.51,0.6066578247123283,0.6164504614787585,29.238000000000284,2576.34,2522.102,37.37,440.981,9555.111,5382.122,5223.759,14999.668,99.39100000000002
2025-10-14 16:50:00,10/14,학습,341.591,5.0,2999.84,14999.665,17999.505,0.6067725252571684,0.6165611073437517,29.239000000000036,2576.39,2522.151,37.37,441.013,9553.413,5384.246,5226.094,14999.665,99.42199999999995
2025-10-14 16:51:00,10/14,학습,341.591,5.0,2999.838,14999.662,17999.5,0.6068209320689102,0.6166048251321453,29.240999999999985,2576.44,2522.199,37.369,441.046,9551.812,5386.352,5228.339,14999.662,99.45499999999998
2025-10-14 16:52:00,10/14,학습,341.592,5.0,2999.837,14999.659,17999.496,0.6068632799326952,0.6166420974525636,29.242999999999935,2576.491,2522.248,37.368,441.078,9550.307,5388.438,5230.494,14999.659,99.486
2025-10-14 16:53:00,10/14,학습,341.593,5.0,2999.836,14999.657,17999.493,0.6069100497184378,0.6166834378351378,29.243000000000396,2576.541,2522.298,37.367,441.111,9548.898,5390.5,5232.557,14999.657,99.51799999999996
2025-10-14 16:54:00,10/14,학습,341.593,5.0,2999.835,14999.656,17999.491,0.6070196276990928,0.6167981225446271,29.244000000000145,2576.592,2522.348,37.367,441.144,9545.596,5392.551,5234.527,14999.656,99.551
2025-10-14 16:55:00,10/14,학습,341.594,5.0,2999.835,14999.656,17999.491,0.6069980170847921,0.6168406140788549,29.24600000000009,2576.643,2522.397,37.366,441.177,9531.025,5394.877,5236.435,14999.656,99.58300000000004
2025-10-14 16:56:00,10/14,학습,341.595,5.0,2999.837,14999.657,17999.494,0.6069726830493146,0.6168790123018685,29.248000000000047,2576.693,2522.445,37.365,441.209,9516.019,5397.644,5238.378,14999.657,99.61399999999998
2025-10-14 16:57:00,10/14,학습,341.596,5.0,2999.838,14999.657,17999.495,0.6070230802270709,0.616990759892594,29.24900000000025,2576.742,2522.493,37.365,441.241,9501.019,5400.843,5240.253,14999.657,99.64499999999998
2025-10-14 16:58:00,10/14,학습,341.596,5.0,2999.839,14999.657,17999.496,0.6070054322635685,0.6170314854362051,29.25099999999975,2576.79,2522.539,37.364,441.273,9486.027,5404.457,5242.022,14999.657,99.67700000000002
2025-10-14 16:59:00,10/14,학습,341.597,5.0,2999.84,14999.656,17999.496,0.6069839397495446,0.6170657689363123,29.251000000000204,2576.837,2522.586,37.363,441.304,9471.042,5408.472,5243.683,14999.656,99.707
2025-10-14 17:00:00,10/14,학습,341.597,5.0,2999.841,14999.655,17999.496,0.6069672602891328,0.6171012152457244,29.25300000000016,2576.885,2522.632,37.362,441.335,9456.287,5412.87,5245.24,14999.655,99.738
2025-10-14 17:01:00,10/14,학습,341.598,5.0,2999.842,14999.653,17999.495,0.6070249379835764,0.617205940929036,29.253999999999905,2576.931,2522.677,37.362,441.365,9442.156,5417.621,5246.631,14999.653,99.767
2025-10-14 17:02:00,10/14,학습,341.598,5.0,2999.842,14999.652,17999.494,0.6070035193095995,0.6172256070645591,29.25500000000011,2576.978,2522.723,37.361,441.393,9428.633,5422.691,5247.743,14999.652,99.79499999999996
2025-10-14 17:03:00,10/14,학습,341.599,5.0,2999.843,14999.652,17999.495,0.6069895048976631,0.6172476127925367,29.257000000000065,2577.024,2522.767,37.36,441.421,9415.716,5428.048,5248.573,14999.652,99.822
2025-10-14 17:04:00,10/14,학습,341.599,5.0,2999.844,14999.652,17999.496,0.6069739762670319,0.6172631806352984,29.257000000000065,2577.069,2522.812,37.359,441.448,9403.398,5433.659,5249.132,14999.652,99.849
2025-10-14 17:05:00,10/14,학습,341.599,5.0,2999.845,14999.653,17999.498,0.607031755733406,0.617348040088776,29.25799999999981,2577.114,2522.856,37.359,441.474,9391.672,5439.496,5249.435,14999.653,99.875
2025-10-14 17:06:00,10/14,학습,341.6,5.0,2999.846,14999.655,17999.501,0.6070171946596788,0.6173554378659961,29.26000000000022,2577.159,2522.899,37.358,441.499,9380.528,5445.531,5249.494,14999.655,99.899
2025-10-14 17:07:00,10/14,학습,341.6,5.0,2999.847,14999.657,17999.504,0.6069964011285321,0.617352323518415,29.26000000000022,2577.202,2522.942,37.357,441.522,9369.953,5451.735,5249.324,14999.657,99.92199999999995
2025-10-14 17:08:00,10/14,학습,341.6,5.0,2999.849,14999.66,17999.509,0.6070533387562401,0.6174237610902533,29.260999999999967,2577.245,2522.984,37.357,441.545,9359.933,5458.084,5248.942,14999.66,99.945
2025-10-14 17:09:00,10/14,학습,341.6,5.0,2999.851,14999.664,17999.515,0.6070372782957958,0.6174177329022117,29.26299999999992,2577.288,2523.025,37.356,441.567,9350.453,5464.553,5248.364,14999.664,99.96699999999998
2025-10-14 17:10:00,10/14,학습,341.6,5.0,2999.854,14999.668,17999.522,0.6070206317628286,0.6174076210529713,29.264000000000124,2577.329,2523.065,37.355,441.588,9341.496,5471.121,5247.607,14999.668,99.988
2025-10-14 17:11:00,10/14,학습,341.6,5.0,2999.856,14999.673,17999.529000000002,0.6070746802242254,0.6174656428580189,29.264999999999876,2577.37,2523.105,37.355,441.608,9333.045,5477.764,5246.69,14999.673,100.00799999999998
2025-10-14 17:12:00,10/14,학습,341.6,5.0,2999.859,14999.678,17999.537,0.6070550573335974,0.6174461940501149,29.265000000000327,2577.409,2523.144,37.354,441.627,9325.082,5484.465,5245.629,14999.678,100.027
2025-10-14 17:13:00,10/14,학습,341.601,5.0,2999.862,14999.684,17999.546,0.6071131720075686,0.6175024833534988,29.266999999999825,2577.448,2523.181,37.354,441.646,9317.588,5491.203,5244.442,14999.684,100.04500000000002
2025-10-14 17:14:00,10/14,학습,341.601,5.0,2999.865,14999.69,17999.555,0.6070908633688384,0.6174748743696091,29.26700000000028,2577.485,2523.218,37.353,441.663,9310.546,5497.962,5243.144,14999.69,100.062
2025-10-14 17:15:00,10/14,학습,341.601,5.0,2999.868,14999.696,17999.564,0.6071395193242166,0.6175165828294231,29.26800000000003,2577.522,2523.254,37.353,441.679,9303.935,5504.725,5241.752,14999.696,100.07799999999996
2025-10-14 17:16:00,10/14,학습,341.6,5.0,2999.871,14999.703,17999.574,0.607120052819832,0.6174872401744885,29.268999999999775,2577.557,2523.288,37.352,441.695,9297.737,5511.478,5240.28,14999.703,100.09499999999996
2025-10-14 17:17:00,10/14,학습,341.6,5.0,2999.875,14999.711,17999.586,0.6071647972589721,0.6175207947849127,29.268999999999775,2577.591,2523.322,37.352,441.709,9291.934,5518.207,5238.74,14999.711,100.10899999999998
2025-10-14 17:18:00,10/14,학습,341.6,5.0,2999.878,14999.718,17999.596,0.6071410580860077,0.6174832949335355,29.269999999999985,2577.624,2523.354,37.351,441.723,9286.506,5524.899,5237.144,14999.718,100.123
2025-10-14 17:19:00,10/14,학습,341.6,5.0,2999.882,14999.726,17999.608,0.6071811905473788,0.6175086972092141,29.269999999999985,2577.656,2523.386,37.351,441.735,9281.437,5531.543,5235.505,14999.726,100.135
2025-10-14 17:20:00,10/14,학습,341.6,5.0,2999.886,14999.734,17999.62,0.6071524568464485,0.6174630414569591,29.27099999999973,2577.687,2523.416,37.35,441.747,9276.707,5538.128,5233.831,14999.734,100.147
2025-10-14 17:21:00,10/14,학습,341.6,5.0,2999.889,14999.742,17999.631,0.6071885042867259,0.6174814673164029,29.27199999999993,2577.717,2523.445,37.35,441.757,9272.3,5544.645,5232.131,14999.742,100.15699999999998
2025-10-14 17:22:00,10/14,학습,341.599,5.0,2999.893,14999.75,17999.643,0.6071541885621528,0.6174276565473912,29.27199999999993,2577.745,2523.473,37.349,441.767,9268.2,5551.086,5230.413,14999.75,100.168
2025-10-14 17:23:00,10/14,학습,341.599,5.0,2999.897,14999.758,17999.655,0.607189538584043,0.6174431815121224,29.27300000000014,2577.773,2523.5,37.349,441.776,9264.389,5557.441,5228.685,14999.758,100.17700000000002
2025-10-14 17:24:00,10/14,학습,341.599,5.0,2999.901,14999.766,17999.667,0.6072217647129986,0.6174546316493833,29.27300000000014,2577.799,2523.526,37.349,441.784,9260.852,5563.705,5226.953,14999.766,100.185
2025-10-14 17:25:00,10/14,학습,341.598,5.0,2999.905,14999.774,17999.679,0.6071780181859158,0.6173885917156297,29.27300000000014,2577.824,2523.551,37.348,441.791,9257.573,5569.872,5225.222,14999.774,100.19299999999998
2025-10-14 17:26:00,10/14,학습,341.598,5.0,2999.908,14999.782,17999.69,0.607204810545082,0.617393067231808,29.273999999999887,2577.848,2523.574,37.348,441.797,9254.54,5575.935,5223.498,14999.782,100.199
2025-10-14 17:27:00,10/14,학습,341.597,5.0,2999.912,14999.791,17999.702999999998,0.6071541877462624,0.6173188734416881,29.273999999999887,2577.871,2523.597,37.347,441.802,9251.737,5581.891,5221.784,14999.791,100.20500000000004
2025-10-14 17:28:00,10/14,학습,341.597,5.0,2999.916,14999.799,17999.715,0.6071790918711221,0.6173204491323658,29.27500000000009,2577.893,2523.618,37.347,441.807,9249.151,5587.735,5220.086,14999.799,100.21000000000004
2025-10-14 17:29:00,10/14,학습,341.597,5.0,2999.919,14999.806,17999.725,0.6071939905205407,0.6173115266703537,29.27500000000009,2577.914,2523.639,37.347,441.81,9246.77,5593.463,5218.407,14999.806,100.21300000000002
2025-10-14 17:30:00,10/14,학습,341.596,5.0,2999.923,14999.814,17999.737,0.6072103014061584,0.6173037790801063,29.27500000000009,2577.934,2523.659,37.347,441.813,9244.581,5599.072,5216.749,14999.814,100.21699999999998
2025-10-14 17:31:00,10/14,학습,341.596,5.0,2999.926,14999.822,17999.748,0.6071511649944745,0.6172197059511185,29.27599999999984,2577.953,2523.677,37.346,441.815,9242.573,5604.561,5215.116,14999.822,100.219
2025-10-14 17:32:00,10/14,학습,341.595,5.0,2999.93,14999.829,17999.759,0.6071649273588124,0.6172090585505483,29.27599999999984,2577.971,2523.695,37.346,441.817,9240.735,5609.927,5213.51,14999.829,100.22199999999998
2025-10-14 17:33:00,10/14,학습,341.594,5.0,2999.933,14999.837,17999.77,0.6071747465512249,0.6171943367617382,29.27599999999984,2577.988,2523.712,37.346,441.818,9239.057,5615.169,5211.934,14999.837,100.224
2025-10-14 17:34:00,10/14,학습,341.594,5.0,2999.936,14999.844,17999.78,0.6071857262767199,0.6171807897929454,29.27599999999984,2578.004,2523.728,37.346,441.819,9237.528,5620.285,5210.388,14999.844,100.22500000000002
2025-10-14 17:35:00,10/14,학습,341.593,5.0,2999.939,14999.851,17999.79,0.6071145247882102,0.6170844871347512,29.27599999999984,2578.019,2523.743,37.345,441.818,9236.14,5625.274,5208.874,14999.851,100.22499999999997
2025-10-14 17:36:00,10/14,학습,341.593,5.0,2999.942,14999.857,17999.799,0.6071224587350256,0.6170680401095968,29.27599999999984,2578.033,2523.757,37.345,441.818,9234.884,5630.137,5207.395,14999.857,100.22499999999997
2025-10-14 17:37:00,10/14,학습,341.592,5.0,2999.945,14999.864,17999.809,0.607126195872542,0.617047518538535,29.277000000000044,2578.047,2523.77,37.345,441.817,9233.75,5634.874,5205.951,14999.864,100.22500000000002
2025-10-14 17:38:00,10/14,학습,341.591,5.0,2999.948,14999.87,17999.818,0.6071245219562321,0.617021747538475,29.277000000000044,2578.06,2523.783,37.345,441.815,9232.732,5639.483,5204.542,14999.87,100.224
2025-10-14 17:39:00,10/14,학습,341.591,5.0,2999.951,14999.876,17999.827,0.607123777346482,0.6169971511893905,29.277000000000044,2578.072,2523.795,37.345,441.813,9231.821,5643.966,5203.17,14999.876,100.22199999999998
2025-10-14 17:40:00,10/14,학습,341.59,5.0,2999.953,14999.882,17999.835,0.6070510102918028,0.6169002902740253,29.277000000000044,2578.083,2523.806,37.344,441.811,9231.011,5648.324,5201.835,14999.882,100.221
2025-10-14 17:41:00,10/14,학습,341.589,5.0,2999.956,14999.888,17999.844,0.6070456513141617,0.6168716182616448,29.277000000000044,2578.094,2523.817,37.344,441.808,9230.296,5652.558,5200.538,14999.888,100.219
2025-10-14 17:42:00,10/14,학습,341.589,5.0,2999.958,14999.893,17999.851,0.607041154746666,0.616844120781341,29.27699999999959,2578.104,2523.827,37.344,441.805,9229.668,5656.668,5199.278,14999.893,100.216
2025-10-14 17:43:00,10/14,학습,341.588,5.0,2999.96,14999.899,17999.859,0.6070374721565102,0.6168177978936549,29.277000000000044,2578.113,2523.836,37.344,441.802,9229.122,5660.655,5198.056,14999.899,100.214
2025-10-14 17:44:00,10/14,학습,341.588,5.0,2999.963,14999.904,17999.867000000002,0.6070334001185377,0.6167914748566894,29.277000000000044,2578.122,2523.845,37.344,441.799,9228.653,5664.522,5196.872,14999.904,100.21099999999996
2025-10-14 17:45:00,10/14,학습,341.587,5.0,2999.965,14999.909,17999.874,0.6070249186427966,0.6167610764543727,29.277000000000044,2578.13,2523.853,37.344,441.795,9228.255,5668.27,5195.725,14999.909,100.20800000000004
2025-10-14 17:46:00,10/14,학습,341.586,5.0,2999.967,14999.913,17999.88,0.6070160348364487,0.6167306776971297,29.277000000000044,2578.138,2523.861,37.344,441.791,9227.923,5671.901,5194.615,14999.913,100.20499999999998
2025-10-14 17:47:00,10/14,학습,341.586,5.0,2999.968,14999.918,17999.886,0.607007924448826,0.61670145336316,29.277000000000044,2578.145,2523.868,37.344,441.787,9227.653,5675.415,5193.543,14999.918,100.20099999999996
2025-10-14 17:48:00,10/14,학습,341.585,5.0,2999.97,14999.922,17999.892,0.6069262932563366,0.6165987805056848,29.277000000000044,2578.152,2523.875,37.343,441.783,9227.441,5678.816,5192.507,14999.922,100.19800000000004
2025-10-14 17:49:00,10/14,학습,341.584,5.0,2999.972,14999.926,17999.898,0.6069172889452236,0.6165695549584596,29.277000000000044,2578.159,2523.882,37.343,441.779,9227.282,5682.106,5191.508,14999.926,100.195
2025-10-14 17:50:00,10/14,학습,341.584,5.0,2999.974,14999.93,17999.904000000002,0.6069089997509703,0.6165415039913575,29.277000000000044,2578.165,2523.888,37.343,441.775,9227.172,5685.285,5190.544,14999.93,100.19099999999996
2025-10-14 17:51:00,10/14,학습,341.583,5.0,2999.975,14999.933,17999.908,0.6069014699110518,0.6165146275651157,29.277000000000044,2578.17,2523.893,37.343,441.771,9227.109,5688.357,5189.615,14999.933,100.188
2025-10-14 17:52:00,10/14,학습,341.583,5.0,2999.977,14999.937,17999.914,0.6068882318792617,0.6164825003126557,29.277000000000044,2578.175,2523.898,37.343,441.766,9227.089,5691.323,5188.721,14999.937,100.183
2025-10-14 17:53:00,10/14,학습,341.582,5.0,2999.978,14999.94,17999.918,0.606879799073282,0.6164556231559833,29.277000000000044,2578.18,2523.903,37.343,441.762,9227.108,5694.187,5187.861,14999.94,100.18
2025-10-14 17:54:00,10/14,학습,341.582,5.0,2999.979,14999.943,17999.922,0.6068709068795953,0.6164287456708238,29.277000000000044,2578.185,2523.908,37.343,441.758,9227.164,5696.949,5187.033,14999.943,100.176
2025-10-14 17:55:00,10/14,학습,341.581,5.0,2999.981,14999.946,17999.927,0.6068574773220673,0.6163977921120661,29.277000000000044,2578.189,2523.912,37.343,441.753,9227.254,5699.613,5186.238,14999.946,100.17199999999995
2025-10-14 17:56:00,10/14,학습,341.58,5.0,2999.982,14999.949,17999.931,0.6068488457400235,0.6163720888845375,29.277000000000044,2578.193,2523.916,37.343,441.749,9227.375,5702.18,5185.475,14999.949,100.16900000000004
2025-10-14 17:57:00,10/14,학습,341.58,5.0,2999.983,14999.952,17999.934999999998,0.6068397692694563,0.6163463853423254,29.27599999999984,2578.196,2523.92,37.343,441.745,9227.526,5704.653,5184.742,14999.952,100.16500000000002
2025-10-14 17:58:00,10/14,학습,341.579,5.0,2999.984,14999.955,17999.939,0.6068314100768717,0.6163218564804354,29.277000000000044,2578.2,2523.923,37.343,441.741,9227.703,5707.034,5184.04,14999.955,100.16199999999998
2025-10-14 17:59:00,10/14,학습,341.579,5.0,2999.985,14999.957,17999.942,0.6068173729900126,0.6162920762402221,29.277000000000044,2578.203,2523.926,37.343,441.736,9227.905,5709.325,5183.367,14999.957,100.15699999999998
2025-10-14 18:00:00,10/14,학습,341.578,5.0,2999.986,14999.96,17999.946,0.6068093161594889,0.6162675467065659,29.277000000000044,2578.206,2523.929,37.343,441.732,9228.354,5711.526,5182.726,14999.96,100.15400000000004
2025-10-14 18:01:00,10/14,학습,341.578,5.0,2999.987,14999.962,17999.949,0.6068040309795617,0.6162430168870427,29.27600000000029,2578.208,2523.932,37.343,441.728,9229.443,5713.623,5182.06,14999.962,100.15000000000003
2025-10-14 18:02:00,10/14,학습,341.578,5.0,2999.987,14999.964,17999.951,0.606801347761932,0.6162184866915605,29.27599999999984,2578.211,2523.935,37.343,441.724,9231.158,5715.597,5181.274,14999.964,100.14600000000002
2025-10-14 18:03:00,10/14,학습,341.577,5.0,2999.988,14999.965,17999.953,0.6068075004283366,0.6162003826874712,29.277000000000044,2578.214,2523.937,37.343,441.721,9233.5,5717.429,5180.373,14999.965,100.144
2025-10-14 18:04:00,10/14,학습,341.577,5.0,2999.988,14999.967,17999.955,0.6068096227139593,0.61617585196715,29.27599999999984,2578.216,2523.94,37.343,441.717,9236.467,5719.104,5179.371,14999.967,100.14
2025-10-14 18:05:00,10/14,학습,341.576,5.0,2999.989,14999.97,17999.959,0.6068151151738165,0.6161524960493889,29.277000000000044,2578.219,2523.942,37.343,441.713,9240.058,5720.604,5178.279,14999.97,100.137
2025-10-14 18:06:00,10/14,학습,341.576,5.0,2999.989,14999.972,17999.961,0.6068268079310044,0.6161332162972399,29.27599999999984,2578.221,2523.945,37.343,441.71,9244.268,5721.914,5177.105,14999.972,100.13399999999996
2025-10-14 18:07:00,10/14,학습,341.575,5.0,2999.99,14999.974,17999.964,0.6068416390995762,0.6161151114969134,29.27599999999984,2578.223,2523.947,37.343,441.707,9249.093,5723.02,5175.857,14999.974,100.132
2025-10-14 18:08:00,10/14,학습,341.575,5.0,2999.99,14999.977,17999.967,0.6068583529776718,0.616097006439787,29.277000000000044,2578.226,2523.949,37.343,441.704,9254.526,5723.906,5174.543,14999.977,100.12900000000002
2025-10-14 18:09:00,10/14,학습,341.575,5.0,2999.991,14999.98,17999.970999999998,0.6068756033862569,0.6160777262269678,29.27599999999984,2578.228,2523.952,37.343,441.701,9260.56,5724.56,5173.168,14999.98,100.12600000000003
2025-10-14 18:10:00,10/14,학습,341.574,5.0,2999.992,14999.983,17999.975,0.6068956463089641,0.6160596209064175,29.27599999999984,2578.23,2523.954,37.343,441.698,9267.187,5724.97,5171.738,14999.983,100.12399999999997
2025-10-14 18:11:00,10/14,학습,341.574,5.0,2999.992,14999.986,17999.978000000003,0.6069224392078224,0.6160467671531608,29.27599999999984,2578.232,2523.956,37.343,441.696,9274.396,5725.122,5170.26,14999.986,100.122
2025-10-14 18:12:00,10/14,학습,341.574,5.0,2999.993,14999.989,17999.982,0.6069505706546433,0.6160339133963483,29.27599999999984,2578.234,2523.958,37.343,441.694,9282.179,5725.006,5168.737,14999.989,100.12
2025-10-14 18:13:00,10/14,학습,341.573,5.0,2999.994,14999.992,17999.986,0.6069799397863902,0.6160210595608429,29.27599999999984,2578.236,2523.96,37.343,441.692,9290.525,5724.611,5167.173,14999.992,100.11900000000004
2025-10-14 18:14:00,10/14,학습,341.573,5.0,2999.995,14999.996,17999.990999999998,0.6070104308487559,0.6160082056316234,29.27599999999984,2578.238,2523.962,37.343,441.69,9299.422,5723.929,5165.572,14999.996,100.11700000000002
2025-10-14 18:15:00,10/14,학습,341.573,5.0,2999.996,14999.999,17999.995,0.6070419101373618,0.6159953516387436,29.27599999999984,2578.24,2523.964,37.343,441.688,9308.857,5722.95,5163.937,14999.999,100.115
2025-10-14 18:16:00,10/14,학습,341.572,5.0,2999.996,15000.003,17999.999,0.6070795595729481,0.61598774944932,29.27600000000029,2578.242,2523.966,37.343,441.687,9318.819,5721.666,5162.269,15000.003,100.115
2025-10-14 18:17:00,10/14,학습,341.572,5.0,2999.997,15000.007,18000.004,0.6071179372588786,0.6159801473119093,29.27600000000029,2578.244,2523.968,37.343,441.686,9329.294,5720.069,5160.571,15000.007,100.11399999999998
2025-10-14 18:18:00,10/14,학습,341.572,5.0,2999.998,15000.011,18000.009000000002,0.6071581373569048,0.6159737202431578,29.277000000000044,2578.246,2523.969,37.343,441.685,9340.268,5718.153,5158.844,15000.011,100.113
2025-10-14 18:19:00,10/14,학습,341.571,5.0,2999.999,15000.014,18000.013,0.6071976894113496,0.615966118076242,29.27599999999984,2578.247,2523.971,37.343,441.684,9351.727,5715.912,5157.088,15000.014,100.113
2025-10-14 18:20:00,10/14,학습,341.571,5.0,3000.0,15000.019,18000.019,0.6072388330709667,0.6159596909513829,29.27699999999959,2578.249,2523.972,37.343,441.683,9363.656,5713.34,5155.303,15000.019,100.11199999999997
2025-10-14 18:21:00,10/14,학습,341.571,5.0,3000.001,15000.023,18000.023999999998,0.6072791092298394,0.6159520887249051,29.27599999999984,2578.25,2523.974,37.343,441.682,9376.04,5710.434,5153.491,15000.023,100.111
2025-10-14 18:22:00,10/14,학습,341.57,5.0,3000.002,15000.027,18000.029,0.6073260409297165,0.6159509136429573,29.27600000000029,2578.251,2523.975,37.343,441.682,9388.863,5707.189,5151.649,15000.027,100.11200000000002
2025-10-14 18:23:00,10/14,학습,341.57,5.0,3000.003,15000.032,18000.035,0.607367787289197,0.6159444864752952,29.27599999999984,2578.252,2523.976,37.343,441.681,9402.108,5703.603,5149.779,15000.032,100.111
2025-10-14 18:24:00,10/14,학습,341.569,5.0,3000.004,15000.036,18000.04,0.6074095141882125,0.6159380593029902,29.277000000000044,2578.254,2523.977,37.343,441.68,9415.759,5699.672,5147.879,15000.036,100.111
2025-10-14 18:25:00,10/14,학습,341.569,5.0,3000.006,15000.041,18000.047,0.6074563720059856,0.6159368842777034,29.27599999999984,2578.254,2523.978,37.343,441.68,9429.798,5695.394,5145.948,15000.041,100.111
2025-10-14 18:26:00,10/14,학습,341.568,5.0,3000.007,15000.046,18000.053,0.6074977596139586,0.6159304570689692,29.27600000000029,2578.255,2523.979,37.343,441.679,9444.208,5690.77,5143.988,15000.046,100.111
2025-10-14 18:27:00,10/14,학습,341.568,5.0,3000.008,15000.051,18000.059,0.6075452979374222,0.6159304570689691,29.277000000000044,2578.256,2523.979,37.343,441.679,9458.97,5685.798,5141.996,15000.051,100.111
2025-10-14 18:28:00,10/14,학습,341.568,5.0,3000.01,15000.056,18000.066,0.6075859195367882,0.6159240299157149,29.27599999999984,2578.256,2523.98,37.343,441.678,9474.067,5680.479,5139.972,15000.056,100.11
2025-10-14 18:29:00,10/14,학습,341.567,5.0,3000.011,15000.061,18000.072,0.607627230573854,0.6159187777732594,29.27599999999984,2578.256,2523.98,37.343,441.677,9489.478,5674.813,5137.917,15000.061,100.11
2025-10-14 18:30:00,10/14,학습,341.566,5.0,3000.013,15000.066,18000.079,0.6076743888945374,0.615919952954041,29.277000000000044,2578.256,2523.979,37.343,441.677,9505.184,5668.802,5135.829,15000.066,100.11100000000005
2025-10-14 18:31:00,10/14,학습,341.566,5.0,3000.014,15000.072,18000.086,0.6077143766106666,0.6159147007820565,29.27600000000029,2578.255,2523.979,37.343,441.676,9521.165,5662.447,5133.708,15000.072,100.11
2025-10-14 18:32:00,10/14,학습,341.565,5.0,3000.016,15000.077,18000.093,0.6077547393320573,0.6159106237931268,29.277000000000044,2578.255,2523.978,37.343,441.675,9537.402,5655.753,5131.556,15000.077,100.11
2025-10-14 18:33:00,10/14,학습,341.565,5.0,3000.018,15000.083,18000.101000000002,0.6077942090070301,0.6159065467763977,29.27600000000029,2578.253,2523.977,37.343,441.674,9553.872,5648.722,5129.37,15000.083,100.10899999999998
2025-10-14 18:34:00,10/14,학습,341.564,5.0,3000.019,15000.089,18000.108,0.6078327328900405,0.615902469671741,29.27599999999984,2578.252,2523.976,37.343,441.673,9570.555,5641.358,5127.153,15000.089,100.10899999999998
2025-10-14 18:35:00,10/14,학습,341.564,5.0,3000.021,15000.095,18000.115999999998,0.6078713619505699,0.6158995677437321,29.27599999999984,2578.25,2523.974,37.343,441.672,9587.43,5633.666,5124.904,15000.095,100.108
2025-10-14 18:36:00,10/14,학습,341.563,5.0,3000.023,15000.102,18000.125,0.6079100408332283,0.6158978409073391,29.277000000000044,2578.248,2523.971,37.343,441.671,9604.475,5625.651,5122.625,15000.102,100.108
2025-10-14 18:37:00,10/14,학습,341.562,5.0,3000.026,15000.108,18000.134,0.6079409594155064,0.6158896867843877,29.27599999999984,2578.245,2523.969,37.343,441.669,9621.668,5617.319,5120.315,15000.108,100.10699999999996
2025-10-14 18:38:00,10/14,학습,341.562,5.0,3000.028,15000.115,18000.143,0.6079771124066915,0.6158879599234965,29.27600000000029,2578.242,2523.966,37.343,441.668,9638.986,5608.676,5117.978,15000.115,100.106
2025-10-14 18:39:00,10/14,학습,341.561,5.0,3000.03,15000.122,18000.152,0.6080077521281435,0.6158821558898264,29.27599999999984,2578.238,2523.962,37.343,441.666,9656.408,5599.728,5115.613,15000.122,100.10500000000002
2025-10-14 18:40:00,10/14,학습,341.561,5.0,3000.033,15000.129,18000.162,0.608038112493145,0.6158775270220975,29.27600000000029,2578.233,2523.957,37.343,441.664,9673.912,5590.484,5113.222,15000.129,100.103
2025-10-14 18:41:00,10/14,학습,341.56,5.0,3000.035,15000.136,18000.171000000002,0.6080669825971643,0.6158728980488137,29.27599999999984,2578.228,2523.952,37.343,441.662,9691.474,5580.952,5110.808,15000.136,100.10199999999998
2025-10-14 18:42:00,10/14,학습,341.559,5.0,3000.038,15000.143,18000.181,0.6080889079095492,0.6158630167429455,29.27500000000009,2578.222,2523.947,37.343,441.659,9709.074,5571.139,5108.373,15000.143,100.09999999999997
2025-10-14 18:43:00,10/14,학습,341.559,5.0,3000.041,15000.151,18000.192,0.6081115805257834,0.6158554856114803,29.27599999999984,2578.216,2523.94,37.343,441.656,9726.69,5561.055,5105.918,15000.151,100.09699999999998
2025-10-14 18:44:00,10/14,학습,341.558,5.0,3000.044,15000.159,18000.203,0.6082072140887212,0.6159214163972855,29.27599999999984,2578.209,2523.933,37.344,441.653,9744.299,5550.709,5103.448,15000.159,100.09500000000004
2025-10-14 18:45:00,10/14,학습,341.557,5.0,3000.047,15000.167,18000.214,0.6082276517270386,0.6159150602861169,29.27599999999984,2578.201,2523.925,37.344,441.65,9761.881,5540.11,5100.963,15000.167,100.09299999999996
2025-10-14 18:46:00,10/14,학습,341.557,5.0,3000.05,15000.175,18000.225,0.6082409611688897,0.6159034516665804,29.27500000000009,2578.192,2523.917,37.344,441.646,9779.417,5529.269,5098.468,15000.175,100.089
2025-10-14 18:47:00,10/14,학습,341.556,5.0,3000.053,15000.183,18000.236,0.6082548245231899,0.6158941931651937,29.27499999999964,2578.182,2523.907,37.344,441.642,9796.885,5518.197,5095.966,15000.183,100.086
2025-10-14 18:48:00,10/14,학습,341.556,5.0,3000.057,15000.192,18000.249,0.6082626405168341,0.6158808571880603,29.27499999999964,2578.171,2523.896,37.344,441.637,9814.267,5506.904,5093.46,15000.192,100.08100000000002
2025-10-14 18:49:00,10/14,학습,341.555,5.0,3000.061,15000.201,18000.262,0.6082685593621848,0.6158675209952116,29.273999999999887,2578.159,2523.885,37.344,441.632,9831.545,5495.401,5090.953,15000.201,100.077
2025-10-14 18:50:00,10/14,학습,341.554,5.0,3000.064,15000.21,18000.273999999998,0.6083444572914876,0.6159247402986521,29.274000000000346,2578.146,2523.872,37.345,441.626,9848.704,5483.699,5088.45,15000.21,100.072
2025-10-14 18:51:00,10/14,학습,341.554,5.0,3000.069,15000.22,18000.289,0.6083447738300284,0.615909676529025,29.273999999999887,2578.132,2523.858,37.345,441.62,9865.726,5471.81,5085.953,15000.22,100.06600000000005
2025-10-14 18:52:00,10/14,학습,341.553,5.0,3000.073,15000.23,18000.303,0.6083390427559683,0.6158905347781884,29.27300000000014,2578.116,2523.843,37.345,441.613,9882.598,5459.746,5083.467,15000.23,100.06
2025-10-14 18:53:00,10/14,학습,341.552,5.0,3000.077,15000.239,18000.316,0.6083337779784395,0.6158737429365401,29.27300000000014,2578.099,2523.826,37.345,441.606,9899.307,5447.517,5080.994,15000.239,100.05399999999996
2025-10-14 18:54:00,10/14,학습,341.552,5.0,3000.082,15000.25,18000.332,0.6083961147785693,0.615925152166167,29.27199999999993,2578.081,2523.809,37.346,441.598,9915.843,5435.136,5078.539,15000.25,100.046
2025-10-14 18:55:00,10/14,학습,341.551,5.0,3000.086,15000.26,18000.346,0.6083841208929154,0.6159054569079349,29.27199999999993,2578.062,2523.79,37.346,441.59,9932.194,5422.615,5076.104,15000.26,100.039
2025-10-14 18:56:00,10/14,학습,341.55,5.0,3000.091,15000.271,18000.362,0.608361923275692,0.6158776054016908,29.27200000000039,2578.041,2523.769,37.346,441.58,9948.355,5409.963,5073.693,15000.271,100.02999999999996
2025-10-14 18:57:00,10/14,학습,341.55,5.0,3000.096,15000.282,18000.378,0.6084140341278949,0.6159243787761485,29.271000000000186,2578.018,2523.747,37.347,441.57,9964.318,5397.194,5071.309,15000.282,100.01999999999998
2025-10-14 18:58:00,10/14,학습,341.549,5.0,3000.101,15000.293,18000.394,0.6083853096359297,0.6158936228320808,29.269999999999985,2577.994,2523.724,37.347,441.559,9980.08,5384.318,5068.954,15000.293,100.01000000000003
2025-10-14 18:59:00,10/14,학습,341.549,5.0,3000.106,15000.304,18000.41,0.6084322117857883,0.6159386629146869,29.269999999999985,2577.969,2523.699,37.348,441.548,9995.639,5371.345,5066.63,15000.304,99.99900000000002
2025-10-14 19:00:00,10/14,학습,341.548,5.0,3000.112,15000.315,18000.427,0.608394178559643,0.6159020990059215,29.268999999999775,2577.941,2523.672,37.348,441.535,10010.993,5358.286,5064.338,15000.315,99.98700000000002
2025-10-14 19:01:00,10/14,학습,341.548,5.0,3000.117,15000.327,18000.444,0.6083558008688587,0.6158667086871914,29.26800000000003,2577.912,2523.644,37.348,441.522,10026.144,5345.152,5062.082,15000.327,99.974
2025-10-14 19:02:00,10/14,학습,341.547,5.0,3000.123,15000.339,18000.462,0.6083837307072976,0.6158977784134306,29.26800000000003,2577.881,2523.613,37.349,441.507,10041.096,5331.951,5059.861,15000.339,99.95999999999998
2025-10-14 19:03:00,10/14,학습,341.546,5.0,3000.129,15000.351,18000.48,0.6083364968003581,0.6158565783316012,29.26800000000003,2577.849,2523.581,37.349,441.492,10055.853,5318.694,5057.676,15000.351,99.94600000000004
2025-10-14 19:04:00,10/14,학습,341.546,5.0,3000.135,15000.363,18000.498,0.6083587376604426,0.6158847371672814,29.26600000000008,2577.814,2523.548,37.35,441.476,10070.421,5305.388,5055.526,15000.363,99.93
2025-10-14 19:05:00,10/14,학습,341.545,5.0,3000.141,15000.375,18000.516,0.6083779940584899,0.6159111616586157,29.264999999999876,2577.777,2523.512,37.351,441.459,10084.809,5292.042,5053.413,15000.375,99.914
2025-10-14 19:06:00,10/14,학습,341.545,5.0,3000.147,15000.387,18000.534,0.6083181832822184,0.6158612442642797,29.264999999999876,2577.739,2523.474,37.351,441.441,10099.025,5278.663,5051.334,15000.387,99.89599999999996
2025-10-14 19:07:00,10/14,학습,341.544,5.0,3000.153,15000.399,18000.552,0.6083281626341563,0.6158806770469232,29.264000000000124,2577.699,2523.435,37.352,441.422,10113.082,5265.259,5049.289,15000.399,99.87800000000004
2025-10-14 19:08:00,10/14,학습,341.544,5.0,3000.159,15000.411,18000.57,0.6082592655152417,0.6158237704054973,29.26200000000017,2577.656,2523.394,37.352,441.402,10126.989,5251.834,5047.275,15000.411,99.858
2025-10-14 19:09:00,10/14,학습,341.544,5.0,3000.165,15000.423,18000.588,0.6082627580046803,0.6158385601068235,29.26200000000017,2577.612,2523.35,37.353,441.381,10140.76,5238.396,5045.292,15000.423,99.837
2025-10-14 19:10:00,10/14,학습,341.543,5.0,3000.171,15000.435,18000.606,0.6082559959994942,0.6158440075207451,29.260999999999967,2577.566,2523.305,37.354,441.358,10154.409,5224.948,5043.335,15000.435,99.815
2025-10-14 19:11:00,10/14,학습,341.543,5.0,3000.177,15000.446,18000.623,0.6082510225602894,0.6158517975174865,29.25900000000001,2577.517,2523.258,37.355,441.335,10167.95,5211.496,5041.403,15000.446,99.79199999999996
2025-10-14 19:12:00,10/14,학습,341.542,5.0,3000.184,15000.458,18000.642,0.6081675748831686,0.6157832566814501,29.258000000000266,2577.467,2523.209,37.355,441.311,10181.398,5198.042,5039.492,15000.458,99.769
2025-10-14 19:13:00,10/14,학습,341.542,5.0,3000.19,15000.469,18000.659,0.6081557425419307,0.615785223872947,29.257000000000065,2577.415,2523.158,37.356,441.286,10194.767,5184.591,5037.6,15000.469,99.74400000000004
2025-10-14 19:14:00,10/14,학습,341.541,5.0,3000.196,15000.48,18000.676,0.6081406222610686,0.6157842768824425,29.255999999999855,2577.361,2523.105,37.357,441.26,10208.074,5171.143,5035.721,15000.48,99.719
2025-10-14 19:15:00,10/14,학습,341.541,5.0,3000.201,15000.491,18000.692,0.6081169750379927,0.6157751586008962,29.253999999999905,2577.304,2523.05,37.358,441.232,10221.334,5157.701,5033.854,15000.491,99.69100000000005
2025-10-14 19:16:00,10/14,학습,341.541,5.0,3000.207,15000.502,18000.709,0.6080943673013836,0.6157672056181904,29.251999999999956,2577.246,2522.994,37.359,441.204,10234.563,5144.266,5031.994,15000.502,99.663
2025-10-14 19:17:00,10/14,학습,341.54,5.0,3000.213,15000.512,18000.725000000002,0.6080699413858728,0.6157575118267691,29.251000000000204,2577.186,2522.935,37.36,441.175,10247.776,5130.838,5030.136,15000.512,99.635
2025-10-14 19:18:00,10/14,학습,341.54,5.0,3000.218,15000.522,18000.74,0.6080414110701043,0.6157437255781375,29.25,2577.125,2522.875,37.361,441.145,10260.989,5117.417,5028.278,15000.522,99.60499999999996
2025-10-14 19:19:00,10/14,학습,341.54,5.0,3000.224,15000.532,18000.756,0.6080099979140563,0.6157270216663147,29.248000000000047,2577.061,2522.813,37.362,441.114,10274.217,5104.003,5026.415,15000.532,99.57399999999996
2025-10-14 19:20:00,10/14,학습,341.539,5.0,3000.229,15000.541,18000.77,0.607975833016238,0.6157073991649228,29.2470000000003,2576.996,2522.749,37.363,441.082,10287.475,5090.595,5024.543,15000.541,99.543
2025-10-14 19:21:00,10/14,학습,341.539,5.0,3000.234,15000.55,18000.784,0.6079431166963379,0.6156889399895588,29.24499999999989,2576.929,2522.684,37.364,441.05,10300.777,5077.191,5022.659,15000.55,99.51100000000002
2025-10-14 19:22:00,10/14,학습,341.539,5.0,3000.239,15000.558,18000.797000000002,0.6079023795126508,0.6156623027455688,29.242999999999935,2576.86,2522.617,37.365,441.016,10314.138,5063.789,5020.757,15000.558,99.47700000000005
2025-10-14 19:23:00,10/14,학습,341.539,5.0,3000.244,15000.567,18000.810999999998,0.6078644138061309,0.6156380032437974,29.24200000000019,2576.79,2522.548,37.366,440.982,10327.571,5050.387,5018.835,15000.567,99.44300000000004
2025-10-14 19:24:00,10/14,학습,341.538,5.0,3000.248,15000.574,18000.822,0.607822729438073,0.615609606811901,29.23999999999978,2576.718,2522.478,37.367,440.947,10341.089,5036.982,5016.889,15000.574,99.409
2025-10-14 19:25:00,10/14,학습,341.538,5.0,3000.253,15000.582,18000.835,0.6077773164417204,0.6155771125687701,29.23799999999983,2576.645,2522.407,37.368,440.911,10354.706,5023.57,5014.915,15000.582,99.373
2025-10-14 19:26:00,10/14,학습,341.538,5.0,3000.257,15000.589,18000.846,0.6077348421853688,0.6155469549837184,29.23600000000033,2576.57,2522.334,37.369,440.875,10368.432,5010.149,5012.909,15000.589,99.337
2025-10-14 19:27:00,10/14,학습,341.538,5.0,3000.261,15000.596,18000.857,0.6076899562682209,0.6155138739633661,29.235000000000127,2576.494,2522.259,37.37,440.838,10382.281,4996.715,5010.869,15000.596,99.3
2025-10-14 19:28:00,10/14,학습,341.538,5.0,3000.265,15000.603,18000.868,0.6076402778119899,0.6154755171255261,29.23299999999972,2576.417,2522.184,37.371,440.8,10396.263,4983.263,5008.791,15000.603,99.262
2025-10-14 19:29:00,10/14,학습,341.537,5.0,3000.269,15000.609,18000.878,0.6076685123493585,0.615512854941211,29.231000000000225,2576.338,2522.107,37.373,440.762,10410.389,4969.789,5006.671,15000.609,99.22500000000002
2025-10-14 19:30:00,10/14,학습,341.537,5.0,3000.273,15000.616,18000.889,0.6076195229554999,0.6154739047110369,29.22900000000027,2576.257,2522.028,37.374,440.723,10424.67,4956.29,5004.507,15000.616,99.18600000000004
2025-10-14 19:31:00,10/14,학습,341.537,5.0,3000.277,15000.622,18000.898999999998,0.6075658178446958,0.6154296762315937,29.22699999999986,2576.176,2521.949,37.375,440.683,10439.116,4942.759,5002.296,15000.622,99.14600000000002
2025-10-14 19:32:00,10/14,학습,341.537,5.0,3000.28,15000.628,18000.908,0.6075152270258887,0.6153877820862612,29.22499999999991,2576.093,2521.868,37.376,440.643,10453.736,4929.193,5000.034,15000.628,99.106
2025-10-14 19:33:00,10/14,학습,341.537,5.0,3000.284,15000.633,18000.917,0.6074611324495885,0.6153417840865897,29.22299999999996,2576.009,2521.786,37.377,440.602,10468.54,4915.586,4997.72,15000.633,99.065
2025-10-14 19:34:00,10/14,학습,341.537,5.0,3000.287,15000.639,18000.926,0.6074785079525225,0.6153650193553859,29.221000000000004,2575.924,2521.703,37.379,440.56,10483.536,4901.934,4995.35,15000.639,99.02300000000002
2025-10-14 19:35:00,10/14,학습,341.536,5.0,3000.291,15000.645,18000.936,0.6074240777174511,0.61531724617934,29.21900000000005,2575.837,2521.618,37.38,440.518,10498.734,4888.23,4992.922,15000.645,98.98199999999996
2025-10-14 19:36:00,10/14,학습,341.536,5.0,3000.294,15000.651,18000.945,0.6073704136756828,0.6152694544051491,29.2170000000001,2575.75,2521.533,37.381,440.476,10514.142,4874.47,4990.434,15000.651,98.94
2025-10-14 19:37:00,10/14,학습,341.536,5.0,3000.298,15000.657,18000.954999999998,0.6073840159270841,0.6152867919167458,29.215000000000146,2575.661,2521.446,37.383,440.432,10529.768,4860.648,4987.884,15000.657,98.89600000000002
2025-10-14 19:38:00,10/14,학습,341.536,5.0,3000.301,15000.662,18000.963,0.6073246980572756,0.6152319574471148,29.21199999999999,2575.57,2521.358,37.384,440.388,10545.621,4846.759,4985.268,15000.662,98.85199999999998
2025-10-14 19:39:00,10/14,학습,341.536,5.0,3000.305,15000.668,18000.972999999998,0.6072672928426947,0.6151782789714368,29.21000000000004,2575.479,2521.269,37.385,440.344,10561.707,4832.796,4982.585,15000.668,98.808
2025-10-14 19:40:00,10/14,학습,341.536,5.0,3000.308,15000.674,18000.982,0.6072826247247383,0.6151949776305291,29.208000000000084,2575.386,2521.178,37.387,440.299,10578.036,4818.755,4979.833,15000.674,98.76299999999998
2025-10-14 19:41:00,10/14,학습,341.535,5.0,3000.312,15000.681,18000.993000000002,0.6072195861758323,0.6151342514776601,29.20600000000013,2575.292,2521.086,37.388,440.253,10594.614,4804.629,4977.01,15000.681,98.71799999999996
2025-10-14 19:42:00,10/14,학습,341.535,5.0,3000.316,15000.687,18001.003,0.6071531308304884,0.6150694130903036,29.20400000000018,2575.197,2520.993,37.389,440.206,10611.45,4790.413,4974.113,15000.687,98.671
2025-10-14 19:43:00,10/14,학습,341.535,5.0,3000.319,15000.694,18001.013,0.6071648001659918,0.6150802017065838,29.20199999999977,2575.1,2520.898,37.391,440.159,10628.551,4776.1,4971.141,15000.694,98.62399999999997
2025-10-14 19:44:00,10/14,학습,341.535,5.0,3000.323,15000.701,18001.023999999998,0.60709809272135,0.6150135761387097,29.19900000000007,2575.001,2520.802,37.392,440.111,10645.925,4761.685,4968.092,15000.701,98.57599999999996
2025-10-14 19:45:00,10/14,학습,341.535,5.0,3000.328,15000.708,18001.036,0.6071028709897139,0.61501612235382,29.195999999999916,2574.901,2520.705,37.394,440.062,10663.578,4747.161,4964.963,15000.708,98.527
2025-10-14 19:46:00,10/14,학습,341.534,5.0,3000.332,15000.716,18001.048,0.6070305198233552,0.614942438118698,29.19399999999996,2574.8,2520.606,37.395,440.012,10681.52,4732.523,4961.754,15000.716,98.478
2025-10-14 19:47:00,10/14,학습,341.534,5.0,3000.337,15000.724,18001.061,0.6070362709535276,0.6149443581587053,29.192000000000007,2574.697,2520.505,37.397,439.962,10699.757,4717.765,4958.462,15000.724,98.428
2025-10-14 19:48:00,10/14,학습,341.534,5.0,3000.341,15000.732,18001.073,0.6069582607510197,0.6148636103991689,29.189000000000306,2574.592,2520.403,37.398,439.91,10718.297,4702.879,4955.085,15000.732,98.37600000000003
2025-10-14 19:49:00,10/14,학습,341.534,5.0,3000.346,15000.741,18001.087,0.6069583745991363,0.6148584550248551,29.186999999999895,2574.486,2520.299,37.4,439.858,10737.148,4687.861,4951.622,15000.741,98.324
2025-10-14 19:50:00,10/14,학습,341.533,5.0,3000.351,15000.75,18001.101,0.6069508754794579,0.6148450740512263,29.18399999999974,2574.377,2520.193,37.402,439.804,10756.318,4672.703,4948.071,15000.75,98.27099999999996
2025-10-14 19:51:00,10/14,학습,341.536,5.0,3000.413,15000.757,18001.17,0.6022000424586743,0.6147263739741624,29.17999999999984,2574.223,2520.043,37.402,439.748,9865.054,4686.484,4944.905,15000.757,98.212
2025-10-14 19:52:00,10/14,학습,341.537,5.0,3000.424,15000.712,18001.136,0.6021312172964681,0.6146533680027761,29.17700000000013,2574.071,2519.894,37.403,439.687,9845.28,4703.574,4945.363,15000.712,98.15000000000003
2025-10-14 19:53:00,10/14,학습,341.537,5.0,3000.412,15000.667,18001.078999999998,0.6022354644613453,0.6146429866894342,29.17300000000023,2573.927,2519.754,37.405,439.626,9847.899,4719.552,4941.568,15000.667,98.089
2025-10-14 19:54:00,10/14,학습,341.536,5.0,3000.389,15000.613,18001.002,0.602262346282512,0.6145540021189345,29.16899999999987,2573.792,2519.623,37.406,439.566,9851.145,4734.867,4936.726,15000.613,98.02999999999996
2025-10-14 19:55:00,10/14,학습,341.535,5.0,3000.365,15000.578,18000.943,0.6022539965764399,0.6144280229545565,29.165999999999716,2573.667,2519.501,37.407,439.501,9855.397,4749.51,4931.775,15000.578,97.96599999999997
2025-10-14 19:56:00,10/14,학습,341.534,5.0,3000.35,15000.563,18000.913,0.6022815172893258,0.6143388832609361,29.162000000000265,2573.545,2519.383,37.409,439.43,9860.514,4763.472,4926.765,15000.563,97.89600000000002
2025-10-14 19:57:00,10/14,학습,341.532,5.0,3000.341,15000.561,18000.902,0.6022023948905176,0.6141424446223891,29.159000000000106,2573.426,2519.267,37.41,439.353,9866.229,4776.751,4921.619,15000.561,97.82100000000004
2025-10-14 19:58:00,10/14,학습,341.53,5.0,3000.339,15000.566,18000.905,0.6021714516713618,0.6139980670771237,29.1550000000002,2573.306,2519.151,37.412,439.272,9872.305,4789.356,4916.24,15000.566,97.74200000000002
2025-10-14 19:59:00,10/14,학습,341.528,5.0,3000.34,15000.577,18000.917,0.602122591003468,0.6138389565063948,29.152000000000044,2573.186,2519.034,37.414,439.188,9878.58,4801.301,4910.572,15000.577,97.65999999999995
2025-10-14 20:00:00,10/14,학습,341.527,5.0,3000.345,15000.592,18000.937,0.60205909775997,0.6136703830206917,29.14699999999993,2573.063,2518.916,37.416,439.102,9884.678,4812.607,4904.586,15000.592,97.575
2025-10-14 20:01:00,10/14,학습,341.525,5.0,3000.351,15000.608,18000.959,0.6019870322107401,0.6134999748210227,29.143999999999775,2572.939,2518.795,37.418,439.015,9890.261,4823.313,4898.329,15000.608,97.49
2025-10-14 20:02:00,10/14,학습,341.524,5.0,3000.359,15000.625,18000.984,0.6019079461172594,0.6133277296368932,29.140000000000327,2572.811,2518.671,37.42,438.927,9895.588,4833.452,4891.947,15000.625,97.40300000000002
2025-10-14 20:03:00,10/14,학습,341.523,5.0,3000.367,15000.643,18001.010000000002,0.6018263732739715,0.6131577492782136,29.135999999999967,2572.681,2518.545,37.422,438.839,9900.706,4843.052,4885.514,15000.643,97.31599999999996
2025-10-14 20:04:00,10/14,학습,341.522,5.0,3000.376,15000.66,18001.036,0.6017449378754604,0.6129923894476917,29.13299999999981,2572.548,2518.415,37.424,438.751,9905.642,4852.139,4879.069,15000.66,97.22899999999998
2025-10-14 20:05:00,10/14,학습,341.521,5.0,3000.384,15000.676,18001.059999999998,0.6016553577505469,0.6128228342412274,29.128999999999905,2572.413,2518.284,37.426,438.662,9910.431,4860.738,4872.647,15000.676,97.14099999999996
2025-10-14 20:06:00,10/14,학습,341.52,5.0,3000.392,15000.692,18001.084,0.6015718408453808,0.6126631838290517,29.125,2572.274,2518.149,37.428,438.574,9915.108,4868.868,4866.278,15000.692,97.05400000000004
2025-10-14 20:07:00,10/14,학습,341.519,5.0,3000.4,15000.707,18001.107,0.6014767093145166,0.6124952289200626,29.12099999999964,2572.133,2518.012,37.43,438.484,9919.702,4876.551,4859.986,15000.707,96.96499999999996
2025-10-14 20:08:00,10/14,학습,341.518,5.0,3000.408,15000.722,18001.13,0.6014594486669886,0.6124091821835359,29.117999999999935,2571.99,2517.872,37.433,438.395,9924.238,4883.805,4853.787,15000.722,96.877
2025-10-14 20:09:00,10/14,학습,341.518,5.0,3000.416,15000.735,18001.151,0.6013638743100755,0.6122469294102761,29.11299999999983,2571.843,2517.73,37.435,438.305,9928.732,4890.645,4847.692,15000.735,96.78700000000003
2025-10-14 20:10:00,10/14,학습,341.517,5.0,3000.423,15000.748,18001.171,0.6012637123803178,0.6120828304859437,29.110000000000127,2571.695,2517.585,37.437,438.214,9933.197,4897.088,4841.704,15000.748,96.697
2025-10-14 20:11:00,10/14,학습,341.517,5.0,3000.429,15000.76,18001.189,0.6011619934720763,0.6119198168133662,29.105000000000015,2571.544,2517.439,37.439,438.123,9937.638,4903.149,4835.823,15000.76,96.606
2025-10-14 20:12:00,10/14,학습,341.516,5.0,3000.436,15000.77,18001.206000000002,0.6011336560305386,0.6118334004587506,29.101000000000116,2571.391,2517.29,37.442,438.032,9942.059,4908.84,4830.046,15000.77,96.51599999999996
2025-10-14 20:13:00,10/14,학습,341.516,5.0,3000.441,15000.78,18001.221,0.6010274233201099,0.6116707960582367,29.09799999999996,2571.237,2517.139,37.444,437.94,9946.462,4914.177,4824.368,15000.78,96.42399999999998
2025-10-14 20:14:00,10/14,학습,341.516,5.0,3000.446,15000.788,18001.234,0.6009199144168386,0.6115092761602401,29.092999999999847,2571.08,2516.987,37.446,437.848,9950.847,4919.172,4818.78,15000.788,96.332
2025-10-14 20:15:00,10/14,학습,341.515,5.0,3000.451,15000.796,18001.247,0.600879769600216,0.6114178608139107,29.088999999999945,2570.922,2516.833,37.449,437.755,9955.214,4923.837,4813.277,15000.796,96.24
2025-10-14 20:16:00,10/14,학습,341.515,5.0,3000.455,15000.802,18001.256999999998,0.600765946940731,0.6112543877668548,29.084000000000287,2570.762,2516.678,37.451,437.662,9959.566,4928.185,4807.85,15000.802,96.147
2025-10-14 20:17:00,10/14,학습,341.515,5.0,3000.459,15000.807,18001.266,0.6006522844473704,0.6110931766494367,29.079999999999927,2570.601,2516.521,37.453,437.569,9963.905,4932.226,4802.495,15000.807,96.05400000000004
2025-10-14 20:18:00,10/14,학습,341.515,5.0,3000.462,15000.812,18001.274,0.6006052036622551,0.6110008675985681,29.076000000000025,2570.439,2516.363,37.456,437.475,9968.236,4935.972,4797.206,15000.812,95.96000000000004
2025-10-14 20:19:00,10/14,학습,341.515,4.999,3000.465,15000.816,18001.281000000003,0.6004898943161671,0.6108236523879531,29.07199999999966,2570.276,2516.204,37.458,437.382,9972.565,4939.434,4791.978,15000.816,95.86700000000002
2025-10-14 20:20:00,10/14,학습,341.515,4.999,3000.467,15000.819,18001.286,0.6004414313681506,0.6107335036120637,29.06800000000021,2570.112,2516.044,37.461,437.288,9976.904,4942.62,4786.811,15000.819,95.77300000000002
2025-10-14 20:21:00,10/14,학습,341.515,4.999,3000.47,15000.821,18001.291,0.6003249134857643,0.6105766424034506,29.064000000000306,2569.947,2515.883,37.463,437.195,9981.263,4945.541,4781.702,15000.821,95.68
2025-10-14 20:22:00,10/14,학습,341.515,4.999,3000.471,15000.823,18001.294,0.6002743967340293,0.6104874601410428,29.05899999999974,2569.781,2515.722,37.466,437.101,9985.66,4948.204,4776.654,15000.823,95.586
2025-10-14 20:23:00,10/14,학습,341.515,4.999,3000.473,15000.824,18001.297,0.6001560769531915,0.6103315825887408,29.05499999999984,2569.615,2515.56,37.468,437.008,9990.114,4950.617,4771.668,15000.824,95.493
2025-10-14 20:24:00,10/14,학습,341.515,4.999,3000.474,15000.825,18001.299,0.60010937836499,0.6102486698412853,29.049999999999727,2569.448,2515.398,37.471,436.915,9994.653,4952.785,4766.753,15000.825,95.40000000000003
2025-10-14 20:25:00,10/14,학습,341.515,4.999,3000.475,15000.825,18001.3,0.5999899939716812,0.6100937773950692,29.04599999999982,2569.281,2515.235,37.473,436.822,9999.314,4954.715,4761.918,15000.825,95.30700000000002
2025-10-14 20:26:00,10/14,학습,341.515,4.999,3000.475,15000.825,18001.3,0.5999439479534631,0.6100130140365847,29.04199999999992,2569.113,2515.071,37.476,436.729,10004.149,4956.408,4757.179,15000.825,95.214
2025-10-14 20:27:00,10/14,학습,341.515,4.999,3000.476,15000.824,18001.3,0.5998246563752773,0.6098591072567097,29.03800000000001,2568.945,2514.907,37.478,436.636,10009.237,4957.866,4752.563,15000.824,95.12100000000004
2025-10-14 20:28:00,10/14,학습,341.515,4.999,3000.476,15000.824,18001.3,0.5997838717455084,0.6097834420295232,29.034000000000106,2568.777,2514.743,37.481,436.544,10014.701,4959.086,4748.109,15000.824,95.029
2025-10-14 20:29:00,10/14,학습,341.516,4.999,3000.476,15000.823,18001.299,0.5996661069125964,0.6096293427220258,29.029,2568.608,2514.579,37.483,436.451,10020.746,4960.06,4743.889,15000.823,94.935
2025-10-14 20:30:00,10/14,학습,341.516,4.999,3000.477,15000.822,18001.299,0.599600025810198,0.6095534719321074,29.023999999999887,2568.439,2514.415,37.486,436.359,10021.78,4960.817,4739.982,15000.822,94.84299999999996
2025-10-14 20:31:00,10/14,학습,341.516,4.999,3000.478,15000.821,18001.299,0.5993815593874626,0.6094068490819627,29.021000000000186,2568.27,2514.249,37.488,436.267,10006.08,4961.885,4736.761,15000.821,94.75099999999998
2025-10-14 20:32:00,10/14,학습,341.516,4.999,3000.479,15000.818,18001.297,0.599260839037683,0.6093384436464284,29.01600000000008,2568.099,2514.083,37.491,436.176,9993.739,4963.41,4734.836,15000.818,94.65999999999995
2025-10-14 20:33:00,10/14,학습,341.517,4.999,3000.478,15000.811,18001.289,0.5990824685584395,0.6091928126121929,29.01199999999972,2567.928,2513.916,37.493,436.084,9984.886,4965.245,4734.448,15000.811,94.567
2025-10-14 20:34:00,10/14,학습,341.517,4.999,3000.475,15000.8,18001.274999999998,0.5989190917169819,0.6090500429762691,29.006999999999607,2567.758,2513.751,37.495,435.993,9978.202,4967.28,4735.19,15000.8,94.476
2025-10-14 20:35:00,10/14,학습,341.517,4.999,3000.469,15000.783,18001.252,0.5988446931983569,0.6089896079689309,29.003999999999905,2567.591,2513.587,37.498,435.904,9972.713,4969.452,4736.599,15000.783,94.387
2025-10-14 20:36:00,10/14,학습,341.518,4.999,3000.46,15000.761,18001.221,0.5986967085050546,0.6088513839430711,28.9989999999998,2567.426,2513.427,37.5,435.815,9967.882,4971.722,4738.373,15000.761,94.29700000000004
2025-10-14 20:37:00,10/14,학습,341.518,4.999,3000.448,15000.735,18001.183,0.5985622753659328,0.6087242995993606,28.99599999999964,2567.267,2513.271,37.502,435.729,9963.431,4974.068,4740.334,15000.735,94.211
2025-10-14 20:38:00,10/14,학습,341.518,5.0,3000.434,15000.705,18001.139,0.5985056216737689,0.6086914436399136,28.990999999999985,2567.112,2513.121,37.505,435.645,9959.216,4976.476,4742.381,15000.705,94.127
2025-10-14 20:39:00,10/14,학습,341.519,5.0,3000.418,15000.673,18001.091,0.5983874018945226,0.6085777771823391,28.98799999999983,2566.964,2512.976,37.507,435.564,9955.168,4978.937,4744.451,15000.673,94.04500000000002
2025-10-14 20:40:00,10/14,학습,341.519,5.0,3000.4,15000.64,18001.04,0.5982789367761467,0.6084729111662042,28.985000000000127,2566.822,2512.837,37.509,435.486,9951.253,4981.442,4746.504,15000.64,93.96699999999998
2025-10-14 20:41:00,10/14,학습,341.52,5.0,3000.381,15000.605,18000.986,0.5981895492335586,0.6083863116044183,28.981000000000225,2566.686,2512.705,37.511,435.413,9947.462,4983.986,4748.519,15000.605,93.89300000000004
2025-10-14 20:42:00,10/14,학습,341.52,5.0,3000.361,15000.57,18000.931,0.598035938217559,0.6082344041490175,28.978000000000065,2566.558,2512.58,37.512,435.343,9943.794,4986.562,4750.483,15000.57,93.82300000000004
2025-10-14 20:43:00,10/14,학습,341.521,5.0,3000.341,15000.535,18000.876,0.5979740167070369,0.6081737308427732,28.97499999999991,2566.437,2512.462,37.514,435.278,9940.255,4989.166,4752.391,15000.535,93.757
2025-10-14 20:44:00,10/14,학습,341.522,5.0,3000.321,15000.5,18000.821,0.597932303507368,0.6081325319870663,28.97299999999996,2566.323,2512.35,37.516,435.218,9936.854,4991.792,4754.245,15000.5,93.69600000000004
2025-10-14 20:45:00,10/14,학습,341.522,5.0,3000.301,15000.467,18000.768,0.597830508472345,0.6080302040532845,28.9699999999998,2566.216,2512.246,37.517,435.162,9933.597,4994.434,4756.047,15000.467,93.64
2025-10-14 20:46:00,10/14,학습,341.523,5.0,3000.282,15000.434,18000.716,0.5978215451123287,0.6080203006162965,28.967999999999847,2566.116,2512.148,37.519,435.111,9930.49,4997.087,4757.801,15000.434,93.58799999999997
2025-10-14 20:47:00,10/14,학습,341.524,5.0,3000.263,15000.403,18000.666,0.5977548521094296,0.6079516524020402,28.96599999999989,2566.022,2512.056,37.52,435.064,9927.536,4999.745,4759.512,15000.403,93.54000000000002
2025-10-14 20:48:00,10/14,학습,341.525,5.0,3000.245,15000.374,18000.619,0.5977071470947345,0.6079013361003172,28.963999999999945,2565.935,2511.971,37.521,435.022,9924.734,5002.405,4761.184,15000.374,93.497
2025-10-14 20:49:00,10/14,학습,341.526,5.0,3000.228,15000.346,18000.574,0.5977427443727283,0.6079339815492204,28.96199999999999,2565.853,2511.891,37.523,434.983,9922.081,5005.06,4762.82,15000.346,93.457
2025-10-14 20:50:00,10/14,학습,341.527,5.0,3000.212,15000.32,18000.532,0.5977257785583642,0.6079132349493802,28.960999999999785,2565.778,2511.817,37.524,434.949,9919.57,5007.706,4764.421,15000.32,93.42200000000004
2025-10-14 20:51:00,10/14,학습,341.529,5.0,3000.197,15000.296,18000.493000000002,0.5977140807693733,0.6078972208232256,28.958999999999836,2565.707,2511.748,37.525,434.917,9917.192,5010.34,4765.986,15000.296,93.38799999999998
2025-10-14 20:52:00,10/14,학습,341.53,5.0,3000.183,15000.273,18000.456,0.5977234896061068,0.6079019173139685,28.95799999999963,2565.642,2511.684,37.526,434.89,9914.938,5012.957,4767.515,15000.273,93.36
2025-10-14 20:53:00,10/14,학습,341.531,5.0,3000.169,15000.251,18000.42,0.5976654627760588,0.6078384544115673,28.95600000000013,2565.581,2511.625,37.526,434.865,9912.801,5015.554,4769.007,15000.251,93.334
2025-10-14 20:54:00,10/14,학습,341.532,5.0,3000.157,15000.232,18000.389,0.597692767685041,0.6078603180005087,28.95600000000013,2565.525,2511.569,37.527,434.843,9910.77,5018.13,4770.461,15000.232,93.31100000000004
2025-10-14 20:55:00,10/14,학습,341.533,5.0,3000.145,15000.213,18000.358,0.5977251220229087,0.6078869210896729,28.954999999999927,2565.473,2511.518,37.528,434.823,9908.837,5020.68,4771.875,15000.213,93.28999999999996
2025-10-14 20:56:00,10/14,학습,341.535,5.0,3000.134,15000.197,18000.331,0.5977689387052205,0.6079247718718948,28.95299999999997,2565.424,2511.471,37.529,434.806,9906.993,5023.204,4773.247,15000.197,93.27099999999996
2025-10-14 20:57:00,10/14,학습,341.536,5.0,3000.124,15000.181,18000.305,0.5977527424055905,0.6079021687083493,28.95199999999977,2565.379,2511.427,37.529,434.792,9905.231,5025.7,4774.576,15000.181,93.25599999999996
2025-10-14 20:58:00,10/14,학습,341.537,5.0,3000.115,15000.167,18000.282,0.5978110853478712,0.607954231391638,28.952000000000226,2565.338,2511.386,37.53,434.779,9903.543,5028.165,4775.859,15000.167,93.24200000000002
2025-10-14 20:59:00,10/14,학습,341.538,5.0,3000.106,15000.154,18000.260000000002,0.5977987555003436,0.6079351927761305,28.951000000000025,2565.299,2511.348,37.53,434.767,9901.924,5030.6,4777.095,15000.154,93.22899999999998
2025-10-14 21:00:00,10/14,학습,341.54,5.0,3000.098,15000.142,18000.239999999998,0.5978715152679456,0.608001469130681,28.949999999999815,2565.263,2511.313,37.531,434.758,9900.368,5033.002,4778.285,15000.142,93.21799999999996
2025-10-14 21:01:00,10/14,학습,341.541,5.0,3000.091,15000.13,18000.220999999998,0.5978693853791418,0.6079925040171551,28.949999999999815,2565.23,2511.28,37.531,434.749,9898.871,5035.372,4779.426,15000.13,93.20800000000004
2025-10-14 21:02:00,10/14,학습,341.542,5.0,3000.085,15000.12,18000.205,0.5979481799319811,0.6080647039690944,28.950000000000276,2565.199,2511.249,37.532,434.742,9897.43,5037.708,4780.519,15000.12,93.20000000000005
2025-10-14 21:03:00,10/14,학습,341.543,5.0,3000.078,15000.111,18000.189000000002,0.5979562302324015,0.6080658129533865,28.94900000000007,2565.17,2511.221,37.532,434.736,9896.042,5040.011,4781.564,15000.111,93.19299999999998
2025-10-14 21:04:00,10/14,학습,341.545,5.0,3000.073,15000.102,18000.175,0.5980398408946092,0.608142755661303,28.947999999999865,2565.143,2511.195,37.533,434.731,9894.704,5042.279,4782.562,15000.102,93.18599999999998
2025-10-14 21:05:00,10/14,학습,341.546,5.0,3000.068,15000.095,18000.163,0.5980550018590569,0.6081509746657894,28.947999999999865,2565.118,2511.17,37.533,434.727,9893.415,5044.512,4783.513,15000.095,93.18099999999998
2025-10-14 21:06:00,10/14,학습,341.547,5.0,3000.063,15000.087,18000.15,0.5980678355348036,0.6081568316753692,28.947999999999865,2565.095,2511.147,37.533,434.723,9892.172,5046.711,4784.417,15000.087,93.176
2025-10-14 21:07:00,10/14,학습,341.548,5.0,3000.059,15000.081,18000.14,0.598156242370163,0.6082385168504806,28.94699999999966,2565.073,2511.126,37.534,434.72,9890.976,5048.874,4785.277,15000.081,93.17200000000004
2025-10-14 21:08:00,10/14,학습,341.549,5.0,3000.055,15000.075,18000.13,0.5981761699621988,0.6082514838330393,28.94699999999966,2565.053,2511.106,37.534,434.718,9889.824,5051.002,4786.093,15000.075,93.16900000000004
2025-10-14 21:09:00,10/14,학습,341.55,5.0,3000.051,15000.069,18000.12,0.5981949210375833,0.608263269861129,28.94700000000012,2565.034,2511.087,37.534,434.716,9888.715,5053.094,4786.866,15000.069,93.166
2025-10-14 21:10:00,10/14,학습,341.551,5.0,3000.048,15000.064,18000.112,0.5982904054602916,0.6083520593900116,28.94700000000012,2565.016,2511.069,37.535,434.715,9887.648,5055.15,4787.598,15000.064,93.164
2025-10-14 21:11:00,10/14,학습,341.552,5.0,3000.044,15000.06,18000.104,0.5983056198098836,0.6083603020802509,28.945999999999916,2564.999,2511.053,37.535,434.713,9886.623,5057.17,4788.29,15000.06,93.161
2025-10-14 21:12:00,10/14,학습,341.553,5.0,3000.042,15000.056,18000.098,0.5983260769597901,0.6083738714935715,28.946000000000367,2564.983,2511.037,37.535,434.712,9885.638,5059.154,4788.943,15000.056,93.159
2025-10-14 21:13:00,10/14,학습,341.554,5.0,3000.039,15000.052,18000.091,0.5983506738974026,0.608391586340749,28.945999999999916,2564.968,2511.022,37.535,434.712,9884.692,5061.102,4789.559,15000.052,93.15800000000002
2025-10-14 21:14:00,10/14,학습,341.555,5.0,3000.037,15000.048,18000.085,0.598367555967542,0.6084016128073456,28.945000000000164,2564.954,2511.009,37.535,434.711,9883.784,5063.014,4790.139,15000.048,93.156
2025-10-14 21:15:00,10/14,학습,341.556,5.0,3000.034,15000.045,18000.079,0.5984623806927521,0.6084898171772334,28.94499999999971,2564.941,2510.996,37.536,434.711,9882.912,5064.889,4790.685,15000.045,93.15500000000004
2025-10-14 21:16:00,10/14,학습,341.557,5.0,3000.032,15000.042,18000.074,0.598479198346103,0.6084998433493154,28.945999999999916,2564.929,2510.983,37.536,434.71,9882.076,5066.729,4791.197,15000.042,93.15299999999996
2025-10-14 21:17:00,10/14,학습,341.557,5.0,3000.03,15000.039,18000.069,0.5984989168940369,0.6085128339374263,28.94499999999971,2564.917,2510.972,37.536,434.71,9881.273,5068.532,4791.677,15000.039,93.15299999999996
2025-10-14 21:18:00,10/14,학습,341.558,5.0,3000.029,15000.037,18000.066,0.598518571337796,0.6085258245927153,28.945000000000164,2564.906,2510.961,37.536,434.71,9880.504,5070.3,4792.127,15000.037,93.152
2025-10-14 21:19:00,10/14,학습,341.559,5.0,3000.027,15000.034,18000.061,0.5985370096860261,0.608537634207157,28.94399999999996,2564.895,2510.951,37.536,434.71,9879.766,5072.031,4792.547,15000.034,93.15099999999995
2025-10-14 21:20:00,10/14,학습,341.56,5.0,3000.026,15000.032,18000.057999999997,0.5985553689485736,0.6085494438888137,28.94400000000041,2564.885,2510.941,37.536,434.71,9879.059,5073.727,4792.939,15000.032,93.14999999999998
2025-10-14 21:21:00,10/14,학습,341.56,5.0,3000.024,15000.03,18000.054,0.5986463448104896,0.6086340987234846,28.945000000000164,2564.876,2510.931,37.537,434.71,9878.38,5075.387,4793.304,15000.03,93.14999999999998
2025-10-14 21:22:00,10/14,학습,341.561,5.0,3000.023,15000.028,18000.051,0.5986622214139948,0.6086435461999996,28.94400000000041,2564.867,2510.923,37.537,434.71,9877.73,5077.013,4793.643,15000.028,93.149
2025-10-14 21:23:00,10/14,학습,341.562,5.0,3000.022,15000.027,18000.049,0.5986738794633086,0.6086488484558834,28.94399999999996,2564.858,2510.914,37.537,434.709,9877.106,5078.603,4793.958,15000.027,93.147
2025-10-14 21:24:00,10/14,학습,341.562,5.0,3000.021,15000.025,18000.046,0.5986895950727745,0.608658295946187,28.94399999999996,2564.85,2510.906,37.537,434.709,9876.507,5080.159,4794.25,15000.025,93.147
2025-10-14 21:25:00,10/14,학습,341.563,5.0,3000.019,15000.024,18000.042999999998,0.5987040759344341,0.6086665623926987,28.94399999999996,2564.843,2510.899,37.537,434.709,9875.933,5081.68,4794.519,15000.024,93.14600000000002
2025-10-14 21:26:00,10/14,학습,341.564,5.0,3000.018,15000.022,18000.04,0.5987196276619471,0.6086760098827804,28.94399999999996,2564.835,2510.891,37.537,434.709,9875.382,5083.168,4794.767,15000.022,93.14499999999998
2025-10-14 21:27:00,10/14,학습,341.564,5.0,3000.018,15000.021,18000.039,0.5987338830508061,0.6086842764975807,28.94399999999996,2564.828,2510.884,37.537,434.709,9874.853,5084.622,4794.996,15000.021,93.14499999999998
2025-10-14 21:28:00,10/14,학습,341.565,5.0,3000.017,15000.02,18000.037,0.5987415814113879,0.6086860359875047,28.94299999999976,2564.821,2510.878,37.537,434.708,9874.345,5086.043,4795.205,15000.02,93.14300000000004
2025-10-14 21:29:00,10/14,학습,341.565,5.0,3000.016,15000.019,18000.035,0.5987556866779996,0.6086943025301793,28.94399999999996,2564.815,2510.871,37.537,434.708,9873.858,5087.432,4795.396,15000.019,93.14300000000004
2025-10-14 21:30:00,10/14,학습,341.566,5.0,3000.015,15000.018,18000.033,0.5988409319713042,0.6087742271409982,28.94400000000041,2564.809,2510.865,37.538,434.708,9873.335,5088.788,4795.57,15000.018,93.14200000000004
2025-10-14 21:31:00,10/14,학습,341.566,5.0,3000.014,15000.017,18000.031,0.5988433527045383,0.6087748056415253,28.94299999999976,2564.803,2510.86,37.538,434.707,9872.097,5090.127,4795.727,15000.017,93.14100000000002
2025-10-14 21:32:00,10/14,학습,341.567,5.0,3000.014,15000.016,18000.03,0.5988485185594111,0.6087818911406713,28.94300000000021,2564.797,2510.854,37.538,434.707,9870.096,5091.476,4795.87,15000.016,93.14
2025-10-14 21:33:00,10/14,학습,341.567,5.0,3000.013,15000.015,18000.028,0.5988437310136708,0.6087824696525344,28.94299999999976,2564.792,2510.849,37.538,434.706,9867.347,5092.862,4795.997,15000.015,93.139
2025-10-14 21:34:00,10/14,학습,341.568,5.0,3000.013,15000.013,18000.026,0.5988420998177059,0.6087895551789321,28.94300000000021,2564.786,2510.843,37.538,434.706,9863.856,5094.31,4796.11,15000.013,93.13800000000003
2025-10-14 21:35:00,10/14,학습,341.568,5.0,3000.012,15000.012,18000.024,0.5988308204211081,0.6087901337021395,28.94299999999976,2564.781,2510.838,37.538,434.705,9859.621,5095.843,4796.208,15000.012,93.137
2025-10-14 21:36:00,10/14,학습,341.568,5.0,3000.011,15000.009,18000.02,0.5988206388713383,0.6087948573371876,28.942000000000007,2564.776,2510.834,37.538,434.705,9854.644,5097.484,4796.289,15000.009,93.137
2025-10-14 21:37:00,10/14,학습,341.569,5.0,3000.01,15000.006,18000.016,0.5988090011845802,0.6088007618893823,28.94299999999976,2564.772,2510.829,37.538,434.705,9848.979,5099.256,4796.348,15000.006,93.13599999999995
2025-10-14 21:38:00,10/14,학습,341.569,5.0,3000.008,15000.002,18000.010000000002,0.5987998502984428,0.608798978557625,28.942000000000007,2564.768,2510.826,37.538,434.704,9845.223,5101.14,4796.87,15000.002,93.135
2025-10-14 21:39:00,10/14,학습,341.57,5.0,3000.006,14999.997,18000.003,0.5988144455090516,0.6088078472070715,28.94300000000021,2564.766,2510.823,37.538,434.705,9844.107,5103.031,4799.13,14999.997,93.135
2025-10-14 21:40:00,10/14,학습,341.57,5.0,3000.002,14999.991,17999.993,0.5988186593309711,0.6088090278883724,28.94299999999976,2564.765,2510.822,37.538,434.705,9842.461,5104.898,4801.963,14999.991,93.135
2025-10-14 21:41:00,10/14,학습,341.57,5.0,2999.999,14999.984,17999.983,0.5988219887162326,0.6088143537121412,28.94299999999976,2564.765,2510.822,37.538,434.706,9839.795,5106.776,4804.669,14999.984,93.13600000000002
2025-10-14 21:42:00,10/14,학습,341.57,5.0,2999.994,14999.976,17999.97,0.5988257489071926,0.6088226434691634,28.94299999999976,2564.767,2510.824,37.538,434.708,9836.565,5108.691,4807.355,14999.976,93.13800000000003
2025-10-14 21:43:00,10/14,학습,341.571,5.0,2999.99,14999.968,17999.958,0.5988270803233287,0.6088297523495466,28.94299999999976,2564.77,2510.827,37.538,434.71,9833.027,5110.657,4810.168,14999.968,93.13899999999995
2025-10-14 21:44:00,10/14,학습,341.571,5.0,2999.985,14999.959,17999.944,0.5988305833284796,0.60883982516699,28.94399999999996,2564.776,2510.832,37.538,434.713,9829.259,5112.679,4813.167,14999.959,93.142
2025-10-14 21:45:00,10/14,학습,341.571,5.0,2999.979,14999.949,17999.928,0.5988352304743564,0.6088516809335499,28.94299999999976,2564.783,2510.84,37.538,434.717,9825.283,5114.764,4816.367,14999.949,93.14599999999996
2025-10-14 21:46:00,10/14,학습,341.572,5.0,2999.974,14999.938,17999.912,0.598843395157587,0.6088676814980581,28.94399999999996,2564.793,2510.849,37.538,434.722,9821.109,5116.916,4819.771,14999.938,93.14999999999998
2025-10-14 21:47:00,10/14,학습,341.572,5.0,2999.967,14999.927,17999.894,0.598785576172321,0.6088179533358438,28.94399999999996,2564.805,2510.861,37.537,434.729,9816.743,5119.139,4823.38,14999.927,93.15699999999998
2025-10-14 21:48:00,10/14,학습,341.572,5.0,2999.96,14999.914,17999.874,0.5988028317461828,0.6088440257442205,28.94399999999996,2564.819,2510.875,37.537,434.737,9812.192,5121.438,4827.193,14999.914,93.16500000000002
2025-10-14 21:49:00,10/14,학습,341.573,5.0,2999.953,14999.901,17999.854,0.5988214417048849,0.6088718803502604,28.945000000000164,2564.837,2510.892,37.537,434.746,9807.464,5123.815,4831.209,14999.901,93.173
2025-10-14 21:50:00,10/14,학습,341.573,5.0,2999.945,14999.887,17999.832000000002,0.5988532746760924,0.6089133484282008,28.945999999999916,2564.857,2510.911,37.537,434.758,9802.565,5126.275,4835.43,14999.887,93.185
2025-10-14 21:51:00,10/14,학습,341.574,5.0,2999.936,14999.872,17999.808,0.5988128611344808,0.608882576890135,28.945999999999916,2564.88,2510.934,37.536,434.771,9797.503,5128.819,4839.853,14999.872,93.197
2025-10-14 21:52:00,10/14,학습,341.574,5.0,2999.928,14999.856,17999.784,0.5988517782687838,0.6089317515016384,28.94700000000012,2564.907,2510.96,37.536,434.786,9792.283,5131.45,4844.478,14999.856,93.212
2025-10-14 21:53:00,10/14,학습,341.575,5.0,2999.918,14999.84,17999.758,0.5988250557889162,0.6089151878759808,28.947999999999865,2564.937,2510.989,37.535,434.803,9786.911,5134.171,4849.305,14999.84,93.228
2025-10-14 21:54:00,10/14,학습,341.576,5.0,2999.909,14999.823,17999.732,0.5988765469726708,0.6089773908747939,28.94900000000007,2564.971,2511.022,37.535,434.822,9781.392,5136.984,4854.33,14999.823,93.24599999999998
2025-10-14 21:55:00,10/14,학습,341.576,5.0,2999.899,14999.806,17999.705,0.5988677428845955,0.6089791750814831,28.949999999999815,2565.008,2511.058,37.534,434.844,9775.731,5139.889,4859.554,14999.806,93.26799999999996
2025-10-14 21:56:00,10/14,학습,341.577,5.0,2999.889,14999.788,17999.677,0.5989319146796567,0.6090544016330554,28.951000000000025,2565.049,2511.098,37.534,434.867,9769.931,5142.89,4864.972,14999.788,93.29000000000002
2025-10-14 21:57:00,10/14,학습,341.578,5.0,2999.878,14999.769,17999.647,0.5989346819021664,0.609068022830339,28.952000000000226,2565.094,2511.142,37.533,434.893,9763.997,5145.986,4870.584,14999.769,93.315
2025-10-14 21:58:00,10/14,학습,341.578,5.0,2999.867,14999.751,17999.618000000002,0.5989497362724224,0.6090940629219549,28.95400000000018,2565.143,2511.189,37.532,434.922,9757.933,5149.18,4876.385,14999.751,93.34400000000004
2025-10-14 21:59:00,10/14,학습,341.579,5.0,2999.856,14999.731,17999.587,0.5990430859311888,0.6091988698938663,28.955000000000386,2565.195,2511.24,37.532,434.953,9751.742,5152.471,4882.373,14999.731,93.37399999999997
2025-10-14 22:00:00,10/14,학습,341.58,5.0,2999.845,14999.712,17999.557,0.5990711536309288,0.6092367360831721,28.95699999999988,2565.252,2511.295,37.531,434.986,9745.703,5155.859,4888.545,14999.712,93.406
2025-10-14 22:01:00,10/14,학습,341.581,5.0,2999.833,14999.691,17999.524,0.5991121327899522,0.6092846527064615,28.958000000000084,2565.313,2511.355,37.53,435.022,9740.153,5159.325,4894.865,14999.691,93.44099999999996
2025-10-14 22:02:00,10/14,학습,341.582,5.0,2999.822,14999.671,17999.493000000002,0.5991613504488099,0.6093396559734958,28.96000000000004,2565.378,2511.418,37.529,435.06,9734.773,5162.855,4901.2,14999.671,93.478
2025-10-14 22:03:00,10/14,학습,341.583,5.0,2999.81,14999.651,17999.461,0.5992225040416879,0.6094058843861311,28.962999999999735,2565.448,2511.485,37.528,435.101,9729.476,5166.443,4907.474,14999.651,93.51799999999996
2025-10-14 22:04:00,10/14,학습,341.584,5.0,2999.798,14999.63,17999.428,0.5992890788410872,0.6094768328130687,28.9640000000004,2565.521,2511.557,37.527,435.144,9724.264,5170.084,4913.675,14999.63,93.56
2025-10-14 22:05:00,10/14,학습,341.585,5.0,2999.786,14999.61,17999.396,0.5993675261843284,0.609558999778767,28.96600000000035,2565.599,2511.633,37.526,435.19,9719.14,5173.774,4919.801,14999.61,93.60500000000002
2025-10-14 22:06:00,10/14,학습,341.586,5.0,2999.775,14999.59,17999.365,0.5993812475709341,0.6095753679870327,28.96900000000005,2565.681,2511.712,37.524,435.238,9714.11,5177.507,4925.85,14999.59,93.652
2025-10-14 22:07:00,10/14,학습,341.587,5.0,2999.763,14999.571,17999.334,0.5994781207715444,0.6096746378929626,28.971000000000004,2565.767,2511.796,37.523,435.289,9709.177,5181.279,4931.823,14999.571,93.702
2025-10-14 22:08:00,10/14,학습,341.588,5.0,2999.752,14999.552,17999.304,0.5995826946387016,0.6097809757841783,28.97400000000016,2565.857,2511.883,37.522,435.342,9704.346,5185.085,4937.719,14999.552,93.75399999999996
2025-10-14 22:09:00,10/14,학습,341.589,5.0,2999.742,14999.534,17999.275999999998,0.5996266183437297,0.6098256314805685,28.975999999999654,2565.95,2511.974,37.52,435.398,9699.62,5188.92,4943.537,14999.534,93.80900000000004
2025-10-14 22:10:00,10/14,학습,341.59,5.0,2999.731,14999.516,17999.247,0.599750719169545,0.6099502297175958,28.97899999999981,2566.047,2512.068,37.519,435.456,9695.002,5192.781,4949.278,14999.516,93.86600000000004
2025-10-14 22:11:00,10/14,학습,341.591,5.0,2999.722,14999.5,17999.222,0.5998812698210981,0.6100807044002323,28.98199999999997,2566.148,2512.166,37.518,435.516,9690.494,5196.662,4954.943,14999.5,93.925
2025-10-14 22:12:00,10/14,학습,341.593,5.0,2999.712,14999.484,17999.196,0.5999470643497374,0.6101453370090867,28.98400000000038,2566.251,2512.267,37.516,435.578,9686.098,5200.56,4960.531,14999.484,93.98499999999996
2025-10-14 22:13:00,10/14,학습,341.594,5.0,2999.704,14999.469,17999.173,0.6000216018998474,0.6102181909299116,28.98700000000008,2566.357,2512.37,37.514,435.642,9681.814,5204.469,4966.042,14999.469,94.048
2025-10-14 22:14:00,10/14,학습,341.595,5.0,2999.695,14999.455,17999.15,0.6001709467223795,0.6103656744003841,28.98999999999978,2566.466,2512.476,37.513,435.707,9677.642,5208.386,4971.477,14999.455,94.11199999999997
2025-10-14 22:15:00,10/14,학습,341.596,5.0,2999.688,14999.441,17999.129,0.6002553625507356,0.6104472919063766,28.992999999999935,2566.578,2512.585,37.511,435.774,9673.582,5212.307,4976.833,14999.441,94.178
2025-10-14 22:16:00,10/14,학습,341.598,5.0,2999.681,14999.429,17999.11,0.6004221355645144,0.610611214458799,28.996999999999844,2566.692,2512.695,37.51,435.843,9669.633,5216.228,4982.111,14999.429,94.245
2025-10-14 22:17:00,10/14,학습,341.599,5.0,2999.674,14999.418,17999.092,0.6005186857227536,0.6107039426480214,29.0,2566.808,2512.808,37.508,435.913,9665.793,5220.146,4987.308,14999.418,94.31400000000002
2025-10-14 22:18:00,10/14,학습,341.6,5.0,2999.668,14999.407,17999.075,0.6006185832977807,0.6107995631592751,29.00300000000016,2566.926,2512.923,37.506,435.984,9662.061,5224.056,4992.425,14999.407,94.38399999999996
2025-10-14 22:19:00,10/14,학습,341.601,5.0,2999.663,14999.397,17999.06,0.6007177007565404,0.6108939430787219,29.006999999999607,2567.046,2513.039,37.504,436.055,9658.435,5227.956,4997.458,14999.397,94.454
2025-10-14 22:20:00,10/14,학습,341.602,5.0,2999.658,14999.388,17999.046000000002,0.6008979128393029,0.6110694558619135,29.009999999999764,2567.167,2513.157,37.503,436.128,9654.914,5231.843,5002.407,14999.388,94.526
2025-10-14 22:21:00,10/14,학습,341.603,5.0,2999.653,14999.38,17999.033,0.6010089419036424,0.6111749269212118,29.01200000000017,2567.289,2513.277,37.501,436.202,9651.497,5235.713,5007.27,14999.38,94.599
2025-10-14 22:22:00,10/14,학습,341.605,5.0,2999.649,14999.372,17999.021,0.6011202841365028,0.6112803328596205,29.01600000000008,2567.413,2513.397,37.499,436.276,9648.181,5239.564,5012.045,14999.372,94.671
2025-10-14 22:23:00,10/14,학습,341.606,5.0,2999.645,14999.365,17999.01,0.6012296104983136,0.6113833148643315,29.019000000000236,2567.538,2513.519,37.497,436.35,9644.967,5243.393,5016.731,14999.365,94.74400000000004
2025-10-14 22:24:00,10/14,학습,341.607,5.0,2999.642,14999.359,17999.001,0.6013444859551593,0.6114915383422097,29.02300000000014,2567.664,2513.641,37.495,436.425,9641.852,5247.198,5021.326,14999.359,94.81799999999998
2025-10-14 22:25:00,10/14,학습,341.608,5.0,2999.639,14999.354,17998.993,0.6015310032536594,0.6116714737124046,29.02599999999984,2567.79,2513.764,37.494,436.5,9638.838,5250.975,5025.829,14999.354,94.892
2025-10-14 22:26:00,10/14,학습,341.609,5.0,2999.637,14999.349,17998.986,0.6016440729786625,0.6117772116219277,29.029,2567.917,2513.888,37.492,436.575,9635.922,5254.723,5030.239,14999.349,94.966
2025-10-14 22:27:00,10/14,학습,341.61,5.0,2999.635,14999.345,17998.98,0.6017626709780852,0.6118881869425843,29.0329999999999,2568.045,2514.012,37.49,436.651,9633.105,5258.439,5034.554,14999.345,95.041
2025-10-14 22:28:00,10/14,학습,341.611,5.0,2999.633,14999.341,17998.974000000002,0.6018750647505882,0.6119926124925603,29.035999999999603,2568.173,2514.137,37.488,436.726,9630.386,5262.121,5038.774,14999.341,95.115
2025-10-14 22:29:00,10/14,학습,341.612,5.0,2999.632,14999.338,17998.97,0.6019888437533479,0.6120981509510138,29.039999999999964,2568.301,2514.261,37.486,436.801,9627.766,5265.768,5042.897,14999.338,95.18899999999996
2025-10-14 22:30:00,10/14,학습,341.613,5.0,2999.631,14999.336,17998.967,0.6021069379672975,0.6122077454771764,29.04300000000012,2568.429,2514.386,37.484,436.877,9625.245,5269.376,5046.923,14999.336,95.264
2025-10-14 22:31:00,10/14,학습,341.614,5.0,2999.63,14999.334,17998.964,0.6022146983208774,0.6123066716320614,29.04599999999982,2568.557,2514.511,37.482,436.951,9622.822,5272.944,5050.851,14999.334,95.33700000000005
2025-10-14 22:32:00,10/14,학습,341.614,5.0,2999.63,14999.332,17998.962,0.6024004876469771,0.6124838266606193,29.048999999999975,2568.685,2514.636,37.481,437.026,9620.497,5276.47,5054.68,14999.332,95.41200000000003
2025-10-14 22:33:00,10/14,학습,341.615,5.0,2999.63,14999.331,17998.961,0.6025086115916578,0.6125826291890286,29.05200000000013,2568.813,2514.761,37.479,437.1,9618.271,5279.951,5058.409,14999.331,95.485
2025-10-14 22:34:00,10/14,학습,341.616,5.0,2999.63,14999.331,17998.961,0.6026180937042624,0.612682545932358,29.055999999999585,2568.941,2514.885,37.477,437.174,9616.143,5283.388,5062.039,14999.331,95.558
2025-10-14 22:35:00,10/14,학습,341.617,5.0,2999.63,14999.331,17998.961,0.6027277372606112,0.612782398219994,29.059999999999945,2569.069,2515.009,37.475,437.248,9614.114,5286.776,5065.568,14999.331,95.63099999999996
2025-10-14 22:36:00,10/14,학습,341.617,5.0,2999.631,14999.331,17998.962,0.6028322491146147,0.6128768900211651,29.063000000000105,2569.196,2515.133,37.473,437.321,9612.183,5290.116,5068.996,14999.331,95.704
2025-10-14 22:37:00,10/14,학습,341.618,5.0,2999.632,14999.332,17998.964,0.6029328121816392,0.6129672020553499,29.06600000000026,2569.322,2515.256,37.471,437.393,9610.35,5293.405,5072.322,14999.332,95.77499999999998
2025-10-14 22:38:00,10/14,학습,341.619,5.0,2999.633,14999.333,17998.966,0.6031061656126703,0.6131304776309923,29.06899999999996,2569.448,2515.379,37.47,437.465,9608.615,5296.641,5075.548,14999.333,95.84599999999996
2025-10-14 22:39:00,10/14,학습,341.619,5.0,2999.634,14999.335,17998.968999999997,0.6032029067844019,0.6132165575828843,29.07199999999966,2569.573,2515.501,37.468,437.536,9606.977,5299.823,5078.671,14999.335,95.91699999999996
2025-10-14 22:40:00,10/14,학습,341.62,5.0,2999.636,14999.337,17998.972999999998,0.6032956579824873,0.6132984630268841,29.075000000000276,2569.697,2515.622,37.466,437.606,9605.437,5302.951,5081.692,14999.337,95.986
2025-10-14 22:41:00,10/14,학습,341.62,5.0,2999.638,14999.339,17998.977,0.6033896737826526,0.6133814881853044,29.078999999999724,2569.821,2515.742,37.464,437.676,9603.992,5306.021,5084.612,14999.339,96.05599999999998
2025-10-14 22:42:00,10/14,학습,341.621,5.0,2999.639,14999.342,17998.981,0.6034785558883016,0.613459163315737,29.08199999999988,2569.944,2515.862,37.462,437.745,9602.643,5309.034,5087.429,14999.342,96.12400000000002
2025-10-14 22:43:00,10/14,학습,341.621,5.0,2999.642,14999.345,17998.987,0.6036360850984782,0.613605720145396,29.08499999999958,2570.066,2515.981,37.461,437.813,9601.389,5311.987,5090.145,14999.345,96.192
2025-10-14 22:44:00,10/14,학습,341.621,5.0,2999.644,14999.348,17998.992,0.6037169312063225,0.6136750643352834,29.08699999999999,2570.186,2516.099,37.459,437.88,9600.23,5314.88,5092.759,14999.348,96.259
2025-10-14 22:45:00,10/14,학습,341.622,5.0,2999.646,14999.352,17998.998,0.6038001840288921,0.613746709997574,29.09099999999989,2570.306,2516.215,37.457,437.947,9599.163,5317.712,5095.271,14999.352,96.325
2025-10-14 22:46:00,10/14,학습,341.622,5.0,2999.649,14999.356,17999.005,0.6038781943195757,0.6138130128050381,29.09400000000005,2570.425,2516.331,37.455,438.013,9598.188,5320.481,5097.682,14999.356,96.39099999999996
2025-10-14 22:47:00,10/14,학습,341.622,5.0,2999.652,14999.361,17999.013,0.6040249263511839,0.6139482246933222,29.096000000000004,2570.542,2516.446,37.454,438.078,9597.305,5323.187,5099.993,14999.361,96.45599999999996
2025-10-14 22:48:00,10/14,학습,341.623,5.0,2999.655,14999.365,17999.02,0.6040907549607336,0.6140021004299314,29.09999999999991,2570.659,2516.559,37.452,438.141,9596.511,5325.829,5102.203,14999.365,96.51800000000004
2025-10-14 22:49:00,10/14,학습,341.623,5.0,2999.658,14999.37,17999.028000000002,0.6041577805747012,0.6140571045783104,29.103000000000065,2570.774,2516.671,37.45,438.204,9595.806,5328.406,5104.314,14999.37,96.58100000000002
2025-10-14 22:50:00,10/14,학습,341.623,5.0,2999.661,14999.376,17999.037,0.6042935234942634,0.6141810386088099,29.105999999999767,2570.888,2516.782,37.449,438.266,9595.188,5330.917,5106.326,14999.376,96.64300000000004
2025-10-14 22:51:00,10/14,학습,341.623,5.0,2999.665,14999.381,17999.046,0.6043523524629724,0.6142277363494282,29.10800000000017,2571.0,2516.892,37.447,438.327,9594.655,5333.361,5108.24,14999.381,96.704
2025-10-14 22:52:00,10/14,학습,341.623,5.0,2999.668,14999.387,17999.055,0.604479941750119,0.6143433764616301,29.11099999999988,2571.112,2517.001,37.446,438.387,9594.207,5335.739,5110.057,14999.387,96.764
2025-10-14 22:53:00,10/14,학습,341.623,5.0,2999.672,14999.393,17999.065,0.6045317452085316,0.6143829524346489,29.11299999999983,2571.221,2517.108,37.444,438.446,9593.841,5338.049,5111.778,14999.393,96.82300000000004
2025-10-14 22:54:00,10/14,학습,341.623,5.0,2999.676,14999.4,17999.076,0.6045805968512632,0.6144195553807187,29.11699999999973,2571.33,2517.213,37.442,438.504,9593.556,5340.291,5113.403,14999.4,96.88100000000004
2025-10-14 22:55:00,10/14,학습,341.623,5.0,2999.68,14999.406,17999.086,0.6046970047858696,0.6145239443026002,29.118999999999687,2571.437,2517.318,37.441,438.561,9593.35,5342.465,5114.935,14999.406,96.938
2025-10-14 22:56:00,10/14,학습,341.623,5.0,2999.684,14999.413,17999.097,0.6047387633162778,0.6145534353706724,29.121999999999844,2571.542,2517.42,37.439,438.617,9593.222,5344.57,5116.375,14999.413,96.99400000000004
2025-10-14 22:57:00,10/14,학습,341.623,5.0,2999.688,14999.42,17999.108,0.6048480713627007,0.6146507250548069,29.12400000000025,2571.646,2517.522,37.438,438.672,9593.168,5346.606,5117.723,14999.42,97.04900000000004
2025-10-14 22:58:00,10/14,학습,341.623,5.0,2999.692,14999.428,17999.12,0.6048815177332258,0.6146719333293776,29.126000000000204,2571.748,2517.622,37.436,438.726,9593.188,5348.574,5118.982,14999.428,97.103
2025-10-14 22:59:00,10/14,학습,341.623,5.0,2999.696,14999.435,17999.131,0.6049848705602108,0.6147633073211858,29.12900000000036,2571.849,2517.72,37.435,438.779,9593.279,5350.473,5120.152,14999.435,97.156
2025-10-14 23:00:00,10/14,학습,341.623,5.0,2999.698,14999.438,17999.136,0.6049679456203939,0.6147422695379153,29.13000000000011,2571.882,2517.752,37.434,438.796,9593.324,5351.091,5120.524,14999.438,97.173
2025-10-15 15:00:00,10/15,학습,341.57,5.0,3000.0,15000.0,18000.0,0.6059825333293245,0.6154941961631916,29.22000000000025,2575.8,2521.58,37.378,440.571,9671.519,5328.481,5115.005,15000.0,99.00100000000003
2025-10-15 15:01:00,10/15,학습,341.57,5.0,3000.0,15000.0,18000.0,0.6059825333293245,0.6154941961631916,29.22000000000025,2575.8,2521.58,37.378,440.571,9671.519,5328.481,5115.005,15000.0,99.00100000000003
2025-10-15 15:02:00,10/15,학습,341.57,5.0,3000.0,15000.0,18000.0,0.6059825333293245,0.6154941961631916,29.22000000000025,2575.8,2521.58,37.378,440.571,9671.519,5328.481,5115.005,15000.0,99.00100000000003
2025-10-15 15:03:00,10/15,학습,341.57,5.0,3000.0,15000.0,18000.0,0.6059825333293245,0.6154941961631916,29.22000000000025,2575.8,2521.58,37.378,440.571,9671.519,5328.481,5115.005,15000.0,99.00100000000003
2025-10-15 15:04:00,10/15,학습,341.57,5.0,3000.0,15000.0,18000.0,0.6059825333293245,0.6154941961631916,29.22000000000025,2575.8,2521.58,37.378,440.571,9671.519,5328.481,5115.005,15000.0,99.00100000000003
2025-10-15 15:05:00,10/15,학습,341.57,5.0,3000.0,15000.0,18000.0,0.6059825333293245,0.6154941961631916,29.22000000000025,2575.8,2521.58,37.378,440.571,9671.519,5328.481,5115.005,15000.0,99.00100000000003
2025-10-15 15:06:00,10/15,학습,341.57,5.0,3000.0,15000.0,18000.0,0.6059825333293245,0.6154941961631916,29.22000000000025,2575.8,2521.58,37.378,440.571,9671.519,5328.481,5115.005,15000.0,99.00100000000003
2025-10-15 15:07:00,10/15,학습,341.57,5.0,3000.0,15000.0,18000.0,0.6059825333293245,0.6154941961631916,29.22000000000025,2575.8,2521.58,37.378,440.571,9671.519,5328.481,5115.005,15000.0,99.00100000000003
2025-10-15 15:08:00,10/15,학습,341.57,5.0,3000.0,15000.0,18000.0,0.6059825333293245,0.6154941961631916,29.22000000000025,2575.8,2521.58,37.378,440.571,9671.519,5328.481,5115.005,15000.0,99.00100000000003
2025-10-15 15:09:00,10/15,학습,341.57,5.0,3000.0,15000.0,18000.0,0.6059825333293245,0.6154941961631916,29.22000000000025,2575.8,2521.58,37.378,440.571,9671.519,5328.481,5115.005,15000.0,99.00100000000003
2025-10-15 15:10:00,10/15,학습,341.57,5.0,3000.0,15000.0,18000.0,0.6059825333293245,0.6154941961631916,29.22000000000025,2575.8,2521.58,37.378,440.571,9671.519,5328.481,5115.005,15000.0,99.00100000000003
2025-10-15 15:11:00,10/15,학습,341.57,5.0,3000.0,15000.0,18000.0,0.6059825333293245,0.6154941961631916,29.22000000000025,2575.8,2521.58,37.378,440.571,9671.519,5328.481,5115.005,15000.0,99.00100000000003
2025-10-15 15:12:00,10/15,학습,341.57,5.0,3000.0,15000.0,18000.0,0.6059825333293245,0.6154941961631916,29.22000000000025,2575.8,2521.58,37.378,440.571,9671.519,5328.481,5115.005,15000.0,99.00100000000003
2025-10-15 15:13:00,10/15,학습,341.57,5.0,3000.0,15000.0,18000.0,0.6059825333293245,0.6154941961631916,29.22000000000025,2575.8,2521.58,37.378,440.571,9671.519,5328.481,5115.005,15000.0,99.00100000000003
2025-10-15 15:14:00,10/15,학습,341.57,5.0,3000.0,15000.0,18000.0,0.6059825333293245,0.6154941961631916,29.22000000000025,2575.8,2521.58,37.378,440.571,9671.519,5328.481,5115.005,15000.0,99.00100000000003
2025-10-15 15:15:00,10/15,학습,341.57,5.0,3000.0,15000.0,18000.0,0.6059825333293245,0.6154941961631916,29.22000000000025,2575.8,2521.58,37.378,440.571,9671.519,5328.481,5115.005,15000.0,99.00100000000003
2025-10-15 15:16:00,10/15,학습,341.57,5.0,3000.0,15000.0,18000.0,0.6059825333293245,0.6154941961631916,29.22000000000025,2575.8,2521.58,37.378,440.571,9671.519,5328.481,5115.005,15000.0,99.00100000000003
2025-10-15 15:17:00,10/15,학습,341.57,5.0,3000.0,15000.0,18000.0,0.6059825333293245,0.6154941961631916,29.22000000000025,2575.8,2521.58,37.378,440.571,9671.519,5328.481,5115.005,15000.0,99.00100000000003
2025-10-15 15:18:00,10/15,학습,341.57,5.0,3000.0,15000.0,18000.0,0.6059825333293245,0.6154941961631916,29.22000000000025,2575.8,2521.58,37.378,440.571,9671.519,5328.481,5115.005,15000.0,99.00100000000003
2025-10-15 15:19:00,10/15,학습,341.57,5.0,3000.0,15000.0,18000.0,0.6059825333293245,0.6154941961631916,29.22000000000025,2575.8,2521.58,37.378,440.571,9671.519,5328.481,5115.005,15000.0,99.00100000000003
2025-10-15 15:20:00,10/15,학습,341.57,5.0,3000.0,15000.0,18000.0,0.6059825333293245,0.6154941961631916,29.22000000000025,2575.8,2521.58,37.378,440.571,9671.519,5328.481,5115.005,15000.0,99.00100000000003
2025-10-15 15:21:00,10/15,학습,341.57,5.0,3000.0,15000.0,18000.0,0.6059825333293245,0.6154941961631916,29.22000000000025,2575.8,2521.58,37.378,440.571,9671.519,5328.481,5115.005,15000.0,99.00100000000003
2025-10-15 15:22:00,10/15,학습,341.57,5.0,3000.0,15000.0,18000.0,0.6059825333293245,0.6154941961631916,29.22000000000025,2575.8,2521.58,37.378,440.571,9671.519,5328.481,5115.005,15000.0,99.00100000000003
2025-10-15 15:23:00,10/15,학습,341.57,5.0,3000.0,15000.0,18000.0,0.6059825333293245,0.6154941961631916,29.22000000000025,2575.8,2521.58,37.378,440.571,9671.519,5328.481,5115.005,15000.0,99.00100000000003
2025-10-15 15:24:00,10/15,학습,341.57,5.0,3000.0,15000.0,18000.0,0.6059825333293245,0.6154941961631916,29.22000000000025,2575.8,2521.58,37.378,440.571,9671.519,5328.481,5115.005,15000.0,99.00100000000003
2025-10-15 15:25:00,10/15,학습,341.57,5.0,3000.0,15000.0,18000.0,0.6059825333293245,0.6154941961631916,29.22000000000025,2575.8,2521.58,37.378,440.571,9671.519,5328.481,5115.005,15000.0,99.00100000000003
2025-10-15 15:26:00,10/15,학습,341.57,5.0,3000.0,15000.0,18000.0,0.6059825333293245,0.6154941961631916,29.22000000000025,2575.8,2521.58,37.378,440.571,9671.519,5328.481,5115.005,15000.0,99.00100000000003
2025-10-15 15:27:00,10/15,학습,341.57,5.0,3000.0,15000.0,18000.0,0.6059825333293245,0.6154941961631916,29.22000000000025,2575.8,2521.58,37.378,440.571,9671.519,5328.481,5115.005,15000.0,99.00100000000003
2025-10-15 15:28:00,10/15,학습,341.57,5.0,3000.0,15000.0,18000.0,0.6059825333293245,0.6154941961631916,29.22000000000025,2575.8,2521.58,37.378,440.571,9671.519,5328.481,5115.005,15000.0,99.00100000000003
2025-10-15 15:29:00,10/15,학습,341.57,5.0,3000.0,15000.0,18000.0,0.6059825333293245,0.6154941961631916,29.22000000000025,2575.8,2521.58,37.378,440.571,9671.519,5328.481,5115.005,15000.0,99.00100000000003
2025-10-15 15:30:00,10/15,학습,341.57,5.0,3000.0,15000.0,18000.0,0.6059825333293245,0.6154941961631916,29.22000000000025,2575.8,2521.58,37.378,440.571,9671.519,5328.481,5115.005,15000.0,99.00100000000003
2025-10-15 15:31:00,10/15,학습,341.57,5.0,3000.0,15000.0,18000.0,0.6059825333293245,0.6154941961631916,29.22000000000025,2575.8,2521.58,37.378,440.571,9671.519,5328.481,5115.005,15000.0,99.00100000000003
2025-10-15 15:32:00,10/15,학습,341.57,5.0,3000.0,15000.0,18000.0,0.6059825333293245,0.6154941961631916,29.22000000000025,2575.8,2521.58,37.378,440.571,9671.519,5328.481,5115.005,15000.0,99.00100000000003
2025-10-15 15:33:00,10/15,학습,341.57,5.0,3000.0,15000.0,18000.0,0.6059825333293245,0.6154941961631916,29.22000000000025,2575.8,2521.58,37.378,440.571,9671.519,5328.481,5115.005,15000.0,99.00100000000003
2025-10-15 15:34:00,10/15,학습,341.57,5.0,3000.0,15000.0,18000.0,0.6059825333293245,0.6154941961631916,29.22000000000025,2575.8,2521.58,37.378,440.571,9671.519,5328.481,5115.005,15000.0,99.00100000000003
2025-10-15 15:35:00,10/15,학습,341.57,5.0,3000.0,15000.0,18000.0,0.6059825333293245,0.6154941961631916,29.22000000000025,2575.8,2521.58,37.378,440.571,9671.519,5328.481,5115.005,15000.0,99.00100000000003
2025-10-15 15:36:00,10/15,학습,341.57,5.0,3000.0,15000.0,18000.0,0.6059825333293245,0.6154941961631916,29.22000000000025,2575.8,2521.58,37.378,440.571,9671.519,5328.481,5115.005,15000.0,99.00100000000003
2025-10-15 15:37:00,10/15,학습,341.57,5.0,3000.0,15000.0,18000.0,0.6059825333293245,0.6154941961631916,29.22000000000025,2575.8,2521.58,37.378,440.571,9671.519,5328.481,5115.005,15000.0,99.00100000000003
2025-10-15 15:38:00,10/15,학습,341.57,5.0,3000.0,15000.0,18000.0,0.6059825333293245,0.6154941961631916,29.22000000000025,2575.8,2521.58,37.378,440.571,9671.519,5328.481,5115.005,15000.0,99.00100000000003
2025-10-15 15:39:00,10/15,학습,341.57,5.0,3000.0,15000.0,18000.0,0.6059825333293245,0.6154941961631916,29.22000000000025,2575.8,2521.58,37.378,440.571,9671.519,5328.481,5115.005,15000.0,99.00100000000003
2025-10-15 15:40:00,10/15,학습,341.57,5.0,3000.0,15000.0,18000.0,0.6059825333293245,0.6154941961631916,29.22000000000025,2575.8,2521.58,37.378,440.571,9671.519,5328.481,5115.005,15000.0,99.00100000000003
2025-10-15 15:41:00,10/15,학습,341.57,5.0,3000.0,15000.0,18000.0,0.6059825333293245,0.6154941961631916,29.22000000000025,2575.8,2521.58,37.378,440.571,9671.519,5328.481,5115.005,15000.0,99.00100000000003
2025-10-15 15:42:00,10/15,학습,341.57,5.0,3000.0,15000.0,18000.0,0.6059825333293245,0.6154941961631916,29.22000000000025,2575.8,2521.58,37.378,440.571,9671.519,5328.481,5115.005,15000.0,99.00100000000003
2025-10-15 15:43:00,10/15,학습,341.57,5.0,3000.0,15000.0,18000.0,0.6059825333293245,0.6154941961631916,29.22000000000025,2575.8,2521.58,37.378,440.571,9671.519,5328.481,5115.005,15000.0,99.00100000000003
2025-10-15 15:44:00,10/15,학습,341.57,5.0,3000.0,15000.0,18000.0,0.6059825333293245,0.6154941961631916,29.22000000000025,2575.8,2521.58,37.378,440.571,9671.519,5328.481,5115.005,15000.0,99.00100000000003
2025-10-15 15:45:00,10/15,학습,341.57,5.0,3000.0,15000.0,18000.0,0.6059825333293245,0.6154941961631916,29.22000000000025,2575.8,2521.58,37.378,440.571,9671.519,5328.481,5115.005,15000.0,99.00100000000003
2025-10-15 15:46:00,10/15,학습,341.57,5.0,3000.0,15000.0,18000.0,0.6059825333293245,0.6154941961631916,29.22000000000025,2575.8,2521.58,37.378,440.571,9671.519,5328.481,5115.005,15000.0,99.00100000000003
2025-10-15 15:47:00,10/15,학습,341.57,5.0,3000.0,15000.0,18000.0,0.6059825333293245,0.6154941961631916,29.22000000000025,2575.8,2521.58,37.378,440.571,9671.519,5328.481,5115.005,15000.0,99.00100000000003
2025-10-15 15:48:00,10/15,학습,341.57,5.0,3000.0,15000.0,18000.0,0.6059825333293245,0.6154941961631916,29.22000000000025,2575.8,2521.58,37.378,440.571,9671.519,5328.481,5115.005,15000.0,99.00100000000003
2025-10-15 15:49:00,10/15,학습,341.57,5.0,3000.0,15000.0,18000.0,0.6059825333293245,0.6154941961631916,29.22000000000025,2575.8,2521.58,37.378,440.571,9671.519,5328.481,5115.005,15000.0,99.00100000000003
2025-10-15 15:50:00,10/15,학습,341.57,5.0,3000.0,15000.0,18000.0,0.6059825333293245,0.6154941961631916,29.22000000000025,2575.8,2521.58,37.378,440.571,9671.519,5328.481,5115.005,15000.0,99.00100000000003
2025-10-15 15:51:00,10/15,학습,341.57,5.0,3000.0,15000.0,18000.0,0.6059825333293245,0.6154941961631916,29.22000000000025,2575.8,2521.58,37.378,440.571,9671.519,5328.481,5115.005,15000.0,99.00100000000003
2025-10-15 15:52:00,10/15,학습,341.57,5.0,3000.0,15000.0,18000.0,0.6059825333293245,0.6154941961631916,29.22000000000025,2575.8,2521.58,37.378,440.571,9671.519,5328.481,5115.005,15000.0,99.00100000000003
2025-10-15 15:53:00,10/15,학습,341.57,5.0,3000.0,15000.0,18000.0,0.6059825333293245,0.6154941961631916,29.22000000000025,2575.8,2521.58,37.378,440.571,9671.519,5328.481,5115.005,15000.0,99.00100000000003
2025-10-15 15:54:00,10/15,학습,341.57,5.0,3000.0,15000.0,18000.0,0.6059825333293245,0.6154941961631916,29.22000000000025,2575.8,2521.58,37.378,440.571,9671.519,5328.481,5115.005,15000.0,99.00100000000003
2025-10-15 15:55:00,10/15,학습,341.57,5.0,3000.0,15000.0,18000.0,0.6059825333293245,0.6154941961631916,29.22000000000025,2575.8,2521.58,37.378,440.571,9671.519,5328.481,5115.005,15000.0,99.00100000000003
2025-10-15 15:56:00,10/15,학습,341.57,5.0,3000.0,15000.0,18000.0,0.6059825333293245,0.6154941961631916,29.22000000000025,2575.8,2521.58,37.378,440.571,9671.519,5328.481,5115.005,15000.0,99.00100000000003
2025-10-15 15:57:00,10/15,학습,341.57,5.0,3000.0,15000.0,18000.0,0.6059825333293245,0.6154941961631916,29.22000000000025,2575.8,2521.58,37.378,440.571,9671.519,5328.481,5115.005,15000.0,99.00100000000003
2025-10-15 15:58:00,10/15,학습,341.57,5.0,3000.0,15000.0,18000.0,0.6059825333293245,0.6154941961631916,29.22000000000025,2575.8,2521.58,37.378,440.571,9671.519,5328.481,5115.005,15000.0,99.00100000000003
2025-10-15 15:59:00,10/15,학습,341.57,5.0,3000.0,15000.0,18000.0,0.6059825333293245,0.6154941961631916,29.22000000000025,2575.8,2521.58,37.378,440.571,9671.519,5328.481,5115.005,15000.0,99.00100000000003
2025-10-15 16:00:00,10/15,학습,341.583,5.004,2997.841,15002.256,18000.096999999998,0.6060102452765814,0.615539196165527,29.213999999999945,2575.615,2521.401,37.375,440.567,9670.948,5328.511,5114.998,15002.256,98.98399999999998
2025-10-15 16:01:00,10/15,학습,341.629,5.016,2991.837,15005.631,17997.468,0.6059275878091396,0.6155393572851774,29.19299999999976,2574.823,2520.63,37.363,440.519,9665.671,5328.753,5113.802,15005.631,98.89
2025-10-15 16:02:00,10/15,학습,341.69,5.029,2984.109,15007.653,17991.762,0.6057444941889797,0.6154273716812441,29.161999999999807,2573.586,2519.424,37.348,440.391,9656.288,5329.356,5109.568,15007.653,98.70100000000002
2025-10-15 16:03:00,10/15,학습,341.755,5.044,2975.44,15008.589,17984.029,0.6056231306253463,0.6153871680817831,29.128999999999905,2572.076,2517.947,37.331,440.237,9646.36,5330.337,5102.307,15008.589,98.48200000000004
2025-10-15 16:04:00,10/15,학습,341.821,5.06,2966.195,15008.737,17974.932,0.6057404910036939,0.6155750296907176,29.09099999999989,2570.429,2516.338,37.313,440.107,9638.291,5331.628,5092.45,15008.737,98.286
2025-10-15 16:05:00,10/15,학습,341.883,5.076,2956.618,15008.482,17965.1,0.6059340392114199,0.6158025520515747,29.050000000000185,2568.737,2514.687,37.294,439.989,9634.804,5333.079,5081.221,15008.482,98.106
2025-10-15 16:06:00,10/15,학습,341.941,5.093,2946.892,15008.077,17954.968999999997,0.606018472597353,0.6158993780669549,29.00900000000001,2567.045,2513.036,37.274,439.857,9637.713,5334.477,5070.019,15008.077,97.91600000000004
2025-10-15 16:07:00,10/15,학습,341.992,5.11,2937.125,15007.626,17944.751,0.6059940800539175,0.6158508614447407,28.966999999999643,2565.374,2511.407,37.254,439.703,9647.148,5335.588,5059.485,15007.626,97.71099999999996
2025-10-15 16:08:00,10/15,학습,342.037,5.126,2927.377,15007.185,17934.561999999998,0.6058730552598344,0.6156583206285303,28.923999999999975,2563.733,2509.809,37.235,439.519,9662.291,5336.205,5049.569,15007.185,97.48200000000004
2025-10-15 16:09:00,10/15,학습,342.077,5.143,2917.682,15006.784,17924.466,0.6055482037603406,0.6152608187761324,28.880999999999855,2562.123,2508.242,37.216,439.301,9681.947,5336.164,5039.89,15006.784,97.224
2025-10-15 16:10:00,10/15,학습,342.112,5.16,2908.06,15006.43,17914.49,0.6050059573058224,0.6146357064997181,28.838999999999945,2560.542,2506.703,37.197,439.048,9704.736,5335.356,5029.915,15006.43,96.93599999999998
2025-10-15 16:11:00,10/15,학습,342.143,5.177,2898.514,15006.12,17904.634000000002,0.6043328826597647,0.613877890247498,28.79599999999982,2558.984,2505.188,37.179,438.763,9729.308,5333.722,5019.08,15006.12,96.62
2025-10-15 16:12:00,10/15,학습,342.17,5.194,2889.046,15005.846,17894.892,0.6034626177088008,0.6129280342627166,28.75400000000036,2557.445,2503.691,37.161,438.448,9754.517,5331.249,5006.913,15005.846,96.27799999999996
2025-10-15 16:13:00,10/15,학습,342.194,5.211,2879.654,15005.602,17885.256,0.6024237166784951,0.6118194703868955,28.710999999999785,2555.921,2502.21,37.143,438.109,9779.495,5327.962,4993.087,15005.602,95.91499999999996
2025-10-15 16:14:00,10/15,학습,342.215,5.228,2870.334,15005.382,17875.716,0.6013104590992163,0.6106487873090697,28.66899999999987,2554.41,2500.741,37.126,437.749,9803.655,5323.909,4977.431,15005.382,95.53400000000003
2025-10-15 16:15:00,10/15,학습,342.234,5.245,2861.083,15005.181,17866.264,0.5999892236864528,0.6092844936913879,28.626999999999956,2552.91,2499.283,37.108,437.372,9826.67,5319.152,4959.914,15005.181,95.13800000000003
2025-10-15 16:16:00,10/15,학습,342.251,5.261,2851.898,15004.996,17856.894,0.5986386710270498,0.6078869597498097,28.58500000000004,2551.419,2497.834,37.091,436.982,9848.433,5313.759,4940.62,15004.996,94.73100000000004
2025-10-15 16:17:00,10/15,학습,342.267,5.278,2842.778,15004.823,17847.601,0.5972721937812525,0.6065026184094495,28.54399999999987,2549.937,2496.393,37.075,436.581,9868.995,5307.796,4919.71,15004.823,94.31400000000002
2025-10-15 16:18:00,10/15,학습,342.281,5.295,2833.721,15004.66,17838.381,0.5957508387427087,0.6049751866462502,28.501999999999956,2548.462,2494.96,37.058,436.172,9888.517,5301.323,4897.397,15004.66,93.89100000000002
2025-10-15 16:19:00,10/15,학습,342.293,5.312,2824.724,15004.507,17829.231,0.5942409081845369,0.6034676706973293,28.46100000000024,2546.994,2493.533,37.042,435.756,9907.223,5294.392,4873.914,15004.507,93.46299999999997
2025-10-15 16:20:00,10/15,학습,342.304,5.329,2815.787,15004.362,17820.148999999998,0.592588777866955,0.6018265398914283,28.420000000000076,2545.534,2492.114,37.025,435.334,9925.358,5287.044,4849.494,15004.362,93.03000000000004
2025-10-15 16:21:00,10/15,학습,342.314,5.345,2806.909,15004.225,17811.134000000002,0.590967757921299,0.6002062028940722,28.378999999999905,2544.08,2490.701,37.009,434.908,9943.164,5279.31,4824.358,15004.225,92.594
2025-10-15 16:22:00,10/15,학습,342.322,5.362,2798.089,15004.094,17802.182999999997,0.5893040929069434,0.5985638724897844,28.337999999999735,2542.633,2489.295,36.993,434.479,9960.858,5271.212,4798.701,15004.094,92.15699999999998
2025-10-15 16:23:00,10/15,학습,342.33,5.379,2789.327,15003.97,17793.297,0.5876799946224625,0.5969639632328373,28.29800000000023,2541.193,2487.895,36.978,434.047,9978.619,5262.764,4772.691,15003.97,91.71700000000004
2025-10-15 16:24:00,10/15,학습,342.336,5.396,2780.621,15003.851,17784.472,0.585939973371343,0.5952523271017727,28.258000000000266,2539.76,2486.502,36.962,433.613,9996.586,5253.973,4746.464,15003.851,91.277
2025-10-15 16:25:00,10/15,학습,342.342,5.413,2771.971,15003.738,17775.709,0.5842522826223546,0.5935945601478404,28.21900000000005,2538.334,2485.115,36.947,433.178,10014.856,5244.844,4720.129,15003.738,90.836
2025-10-15 16:26:00,10/15,학습,342.346,5.429,2763.376,15003.63,17767.006,0.5824540064874784,0.5918157887938429,28.179000000000087,2536.914,2483.735,36.931,432.742,10033.485,5235.377,4693.769,15003.63,90.39600000000002
2025-10-15 16:27:00,10/15,학습,342.35,5.446,2754.836,15003.527,17758.363,0.5807131208004263,0.5901098963416318,28.139000000000124,2535.501,2482.362,36.916,432.306,10052.496,5225.571,4667.445,15003.527,89.95599999999996
2025-10-15 16:28:00,10/15,학습,342.353,5.463,2746.35,15003.429,17749.779,0.5789437478843197,0.5883839049057504,28.09999999999991,2534.095,2480.995,36.901,431.87,10070.288,5215.435,4641.195,15003.429,89.517
2025-10-15 16:29:00,10/15,학습,342.355,5.48,2737.919,15003.335,17741.254,0.5770973320218372,0.5866377084386775,28.06100000000015,2532.695,2479.634,36.886,431.434,10073.272,5205.307,4615.061,15003.335,89.07900000000001
2025-10-15 16:30:00,10/15,학습,342.357,5.497,2729.541,15003.246,17732.787,0.5752365363255942,0.584878350230043,28.02200000000039,2531.3,2478.278,36.871,430.999,10075.231,5195.452,4589.161,15003.246,88.642
2025-10-15 16:31:00,10/15,학습,342.358,5.513,2721.215,15003.159,17724.374,0.5734485911784469,0.5831747748914317,27.984999999999676,2529.912,2476.927,36.857,430.565,10077.401,5185.864,4563.429,15003.159,88.207
2025-10-15 16:32:00,10/15,학습,342.358,5.53,2712.941,15003.076,17716.017,0.5715714526231745,0.5813928463243132,27.945999999999916,2528.529,2475.583,36.842,430.133,10079.785,5176.526,4537.817,15003.076,87.77499999999998
2025-10-15 16:33:00,10/15,학습,342.358,5.547,2704.718,15002.996,17707.714,0.5697672693004572,0.579679739191954,27.90899999999965,2527.153,2474.244,36.828,429.702,10082.386,5167.422,4512.318,15002.996,87.344
2025-10-15 16:34:00,10/15,학습,342.358,5.564,2696.546,15002.918,17699.464,0.5679504603413542,0.5779512927372521,27.870000000000346,2525.782,2472.912,36.814,429.272,10085.207,5158.536,4486.933,15002.918,86.91399999999999
2025-10-15 16:35:00,10/15,학습,342.357,5.581,2688.424,15002.844,17691.268,0.5660458601216901,0.5761334829115504,27.833999999999836,2524.419,2471.585,36.799,428.844,10088.248,5149.853,4461.661,15002.844,86.48699999999997
2025-10-15 16:36:00,10/15,학습,342.355,5.597,2680.352,15002.773,17683.125,0.5642177249280496,0.574377543638164,27.79600000000028,2523.061,2470.265,36.785,428.418,10091.509,5141.358,4436.499,15002.773,86.06299999999999
2025-10-15 16:37:00,10/15,학습,342.353,5.614,2672.33,15002.705,17675.035,0.5624693855142627,0.5727093480527785,27.76000000000022,2521.71,2468.95,36.772,427.994,10094.992,5133.037,4411.444,15002.705,85.64100000000002
2025-10-15 16:38:00,10/15,학습,342.351,5.631,2664.356,15002.64,17666.996,0.5606373422990937,0.5709562994273416,27.72299999999996,2520.364,2467.641,36.758,427.573,10098.694,5124.877,4386.494,15002.64,85.22199999999998
2025-10-15 16:39:00,10/15,학습,342.348,5.648,2656.431,15002.578,17659.009,0.5587932191918703,0.5691892694286258,27.686999999999895,2519.025,2466.338,36.744,427.153,10102.615,5116.865,4361.648,15002.578,84.805
2025-10-15 16:40:00,10/15,학습,342.346,5.664,2648.554,15002.518,17651.072,0.5570340733380115,0.5674944131862669,27.64999999999964,2517.691,2465.041,36.731,426.736,10106.753,5108.988,4336.909,15002.518,84.38999999999999
2025-10-15 16:41:00,10/15,학습,342.343,5.681,2640.725,15002.46,17643.184999999998,0.5551929238444233,0.5657269740832371,27.61499999999978,2516.363,2463.748,36.717,426.322,10111.105,5101.235,4312.28,15002.46,83.97899999999998
2025-10-15 16:42:00,10/15,학습,342.339,5.698,2632.943,15002.404,17635.347,0.553429638992597,0.5640348763469427,27.57799999999997,2515.04,2462.462,36.704,425.91,10115.671,5093.593,4287.766,15002.404,83.57100000000003
2025-10-15 16:43:00,10/15,학습,342.336,5.715,2625.208,15002.351,17627.559,0.5516756805422787,0.5623505550193714,27.54300000000012,2513.723,2461.18,36.691,425.502,10120.446,5086.052,4263.373,15002.351,83.166
2025-10-15 16:44:00,10/15,학습,342.332,5.731,2617.519,15002.299,17619.818,0.5499158931985707,0.5606503762450656,27.50799999999981,2512.412,2459.904,36.678,425.096,10125.426,5078.601,4239.109,15002.299,82.76400000000001
2025-10-15 16:45:00,10/15,학습,342.328,5.748,2609.875,15002.25,17612.125,0.548157838254844,0.5589597455793593,27.47300000000041,2511.106,2458.633,36.665,424.693,10130.609,5071.231,4214.981,15002.25,82.36500000000001
2025-10-15 16:46:00,10/15,학습,342.324,5.765,2602.277,15002.202,17604.479,0.5464028841889288,0.557271111762,27.43899999999985,2509.805,2457.366,36.652,424.293,10135.989,5063.932,4190.998,15002.202,81.969
2025-10-15 16:47:00,10/15,학습,342.32,5.782,2594.724,15002.156,17596.88,0.5447350566201564,0.5556676794695466,27.4050000000002,2508.51,2456.105,36.64,423.896,10141.562,5056.694,4167.166,15002.156,81.57600000000002
2025-10-15 16:48:00,10/15,학습,342.316,5.799,2587.215,15002.111,17589.326,0.542982406065535,0.5539794961360991,27.36999999999989,2507.219,2454.849,36.627,423.502,10147.324,5049.51,4143.492,15002.111,81.18600000000004
2025-10-15 16:49:00,10/15,학습,342.312,5.815,2579.751,15002.068,17581.819,0.5413188258534305,0.5523712115174529,27.33600000000024,2505.934,2453.598,36.615,423.111,10153.27,5042.371,4119.982,15002.068,80.79899999999998
2025-10-15 16:50:00,10/15,학습,342.307,5.832,2572.33,15002.027,17574.357,0.5395776855197352,0.5506932580056954,27.302999999999884,2504.654,2452.351,36.602,422.724,10159.394,5035.269,4096.642,15002.027,80.41699999999997
2025-10-15 16:51:00,10/15,학습,342.302,5.849,2564.952,15001.987,17566.939,0.5379184737195157,0.5490957584736463,27.26800000000003,2503.378,2451.11,36.59,422.339,10165.692,5028.198,4073.475,15001.987,80.03699999999998
2025-10-15 16:52:00,10/15,학습,342.298,5.866,2557.618,15001.948,17559.566,0.5362630234363547,0.547501503618885,27.235000000000127,2502.108,2449.873,36.578,421.957,10172.159,5021.15,4050.487,15001.948,79.65899999999999
2025-10-15 16:53:00,10/15,학습,342.293,5.882,2550.325,15001.91,17552.235,0.5346178307319134,0.5459105202020818,27.202000000000226,2500.842,2448.64,36.566,421.579,10178.79,5014.119,4027.679,15001.91,79.286
2025-10-15 16:54:00,10/15,학습,342.288,5.899,2543.075,15001.874,17544.949,0.532968681381481,0.5443219799764456,27.170000000000076,2499.582,2447.412,36.554,421.203,10185.579,5007.099,4005.056,15001.874,78.91499999999996
2025-10-15 16:55:00,10/15,학습,342.284,5.916,2535.867,15001.839,17537.706,0.5313220246468411,0.5427356266792335,27.13700000000017,2498.326,2446.189,36.542,420.83,10192.523,5000.084,3982.618,15001.839,78.54599999999999
2025-10-15 16:56:00,10/15,학습,342.279,5.933,2528.699,15001.804,17530.503,0.52977510082293,0.5412477021919094,27.10400000000027,2497.074,2444.97,36.531,420.461,10199.616,4993.069,3960.367,15001.804,78.18200000000002
2025-10-15 16:57:00,10/15,학습,342.274,5.949,2521.573,15001.771,17523.344,0.5281353560332024,0.5396623141706309,27.07200000000012,2495.828,2443.756,36.519,420.094,10206.854,4986.049,3938.304,15001.771,77.82
2025-10-15 16:58:00,10/15,학습,342.269,5.966,2514.488,15001.739,17516.227,0.5265960573380601,0.5381818971265795,27.039999999999964,2494.586,2442.546,36.508,419.731,10214.233,4979.019,3916.431,15001.739,77.46199999999999
2025-10-15 16:59:00,10/15,학습,342.264,5.983,2507.442,15001.708,17509.15,0.5249635111919487,0.5366091689320652,27.007000000000065,2493.348,2441.341,36.496,419.37,10221.749,4971.975,3894.747,15001.708,77.106
2025-10-15 17:00:00,10/15,학습,342.239,5.994,2502.464,15000.931,17503.395,0.5234104642821272,0.53509996089212,26.983999999999924,2492.389,2440.405,36.489,419.016,10229.396,4964.903,3873.192,15000.931,76.77700000000004
2025-10-15 17:01:00,10/15,학습,342.172,5.998,2500.745,15000.157,17500.902,0.5220266481224635,0.5337467893741484,26.97499999999991,2492.139,2440.164,36.493,418.696,10237.134,4957.779,3852.744,15000.157,76.524
2025-10-15 17:02:00,10/15,학습,342.103,6.0,2500.121,14999.88,17500.001,0.5204037957294093,0.5321549853629377,26.971000000000004,2492.19,2440.219,36.496,418.421,10244.872,4950.615,3835.204,14999.88,76.31799999999998
2025-10-15 17:03:00,10/15,학습,342.042,6.0,2499.94,14999.87,17499.81,0.5186423286665595,0.5304200416517019,26.965000000000146,2492.302,2440.337,36.5,418.126,10252.556,4943.427,3820.136,14999.87,76.084
2025-10-15 17:04:00,10/15,학습,341.991,6.0,2499.953,14999.975,17499.928,0.5167412411829897,0.5285482605388021,26.962999999999735,2492.354,2440.391,36.504,417.796,10260.192,4936.222,3806.425,14999.975,75.805
2025-10-15 17:05:00,10/15,학습,341.948,6.0,2500.015,15000.063,17500.078,0.5149038842740544,0.5267397919738157,26.96100000000024,2492.331,2440.37,36.507,417.473,10267.837,4929.001,3792.601,15000.063,75.52500000000003
2025-10-15 17:06:00,10/15,학습,341.913,6.0,2500.06,15000.104,17500.164,0.5133891768897821,0.5252503534505647,26.958999999999836,2492.267,2440.308,36.51,417.19,10275.588,4921.763,3777.71,15000.104,75.27699999999999
2025-10-15 17:07:00,10/15,학습,341.882,6.0,2500.08,15000.115,17500.195,0.512100666527893,0.5239845831058426,26.95600000000013,2492.188,2440.232,36.512,416.952,10283.537,4914.502,3761.837,15000.115,75.07
2025-10-15 17:08:00,10/15,학습,341.856,6.0,2500.083,15000.109,17500.192,0.5109851824091395,0.5228899798293813,26.954999999999927,2492.111,2440.156,36.513,416.754,10291.748,4907.211,3745.65,15000.109,74.89800000000002
2025-10-15 17:09:00,10/15,학습,341.833,6.0,2500.077,15000.097,17500.174,0.5100887012995904,0.5220120581643736,26.953999999999724,2492.042,2440.088,36.514,416.591,10300.248,4899.884,3729.884,15000.097,74.75799999999998
2025-10-15 17:10:00,10/15,학습,341.812,6.0,2500.067,15000.084,17500.151,0.5093489879302209,0.5212893065074921,26.95199999999977,2491.982,2440.03,36.515,416.454,10309.029,4892.514,3715.117,15000.084,74.642
2025-10-15 17:11:00,10/15,학습,341.793,6.0,2500.058,15000.074,17500.132,0.5086374382536386,0.520594601173051,26.950999999999567,2491.932,2439.981,36.515,416.337,10318.063,4885.096,3701.71,15000.074,74.54399999999998
2025-10-15 17:12:00,10/15,학습,341.776,6.0,2500.051,15000.066,17500.117000000002,0.5081131427036011,0.5200852042362766,26.94900000000007,2491.887,2439.938,36.516,416.236,10327.307,4877.624,3689.821,15000.066,74.45999999999998
2025-10-15 17:13:00,10/15,학습,341.76,6.0,2500.045,15000.061,17500.106,0.507570100991784,0.5195574741492915,26.947999999999865,2491.848,2439.9,36.516,416.147,10336.714,4870.095,3679.455,15000.061,74.387
2025-10-15 17:14:00,10/15,학습,341.745,6.0,2500.041,15000.057,17500.098,0.5071725487192181,0.5191737155430358,26.94700000000012,2491.812,2439.865,36.517,416.067,10346.238,4862.507,3670.517,15000.057,74.322
2025-10-15 17:15:00,10/15,학습,341.732,6.0,2500.038,15000.054,17500.092,0.5067394178168635,0.5187549653017115,26.945999999999916,2491.779,2439.833,36.517,415.996,10355.836,4854.859,3662.861,15000.054,74.26399999999995
2025-10-15 17:16:00,10/15,학습,341.719,6.0,2500.036,15000.052,17500.088,0.5063428953875483,0.5183725454723688,26.945000000000164,2491.748,2439.803,36.517,415.931,10365.473,4847.151,3656.316,15000.052,74.21199999999999
2025-10-15 17:17:00,10/15,학습,341.708,6.0,2500.034,15000.05,17500.084,0.5060817597927749,0.5181240139438298,26.945000000000164,2491.719,2439.774,36.518,415.873,10375.118,4839.384,3650.71,15000.05,74.16499999999996
2025-10-15 17:18:00,10/15,학습,341.697,6.0,2500.032,15000.048,17500.08,0.505751964549118,0.5178077671056996,26.94299999999976,2491.691,2439.748,36.518,415.819,10384.748,4831.559,3645.878,15000.048,74.12200000000001
2025-10-15 17:19:00,10/15,학습,341.687,6.0,2500.03,15000.046,17500.076,0.5054618561166445,0.5175308262254186,26.94299999999976,2491.665,2439.722,36.518,415.771,10394.345,4823.679,3641.674,15000.046,74.084
2025-10-15 17:20:00,10/15,학습,341.678,6.0,2500.029,15000.045,17500.074,0.5051952334509192,0.5172771693024927,26.942000000000007,2491.64,2439.698,36.518,415.727,10403.894,4815.746,3637.967,15000.045,74.04899999999998
2025-10-15 17:21:00,10/15,학습,341.669,6.0,2500.028,15000.044,17500.072,0.5049469575913252,0.5170417030530051,26.940999999999804,2491.616,2439.675,36.518,415.686,10413.387,4807.765,3634.649,15000.044,74.017
2025-10-15 17:22:00,10/15,학습,341.661,6.0,2500.027,15000.044,17500.071,0.5048143695774661,0.5169205314140285,26.94000000000005,2491.593,2439.653,36.519,415.649,10422.816,4799.738,3631.631,15000.044,73.988
2025-10-15 17:23:00,10/15,학습,341.654,6.0,2500.027,15000.043,17500.07,0.5046043354464886,0.5167229299629703,26.939000000000306,2491.57,2439.631,36.519,415.614,10432.176,4791.668,3628.841,15000.043,73.95999999999998
2025-10-15 17:24:00,10/15,학습,341.647,6.0,2500.026,15000.043,17500.069,0.5044208321827284,0.5165515609140519,26.93899999999985,2491.548,2439.609,36.519,415.583,10441.463,4783.56,3626.227,15000.043,73.93600000000004
2025-10-15 17:25:00,10/15,학습,341.641,6.0,2500.026,15000.043,17500.069,0.5042505811762967,0.5163933033944336,26.93899999999985,2491.526,2439.587,36.519,415.554,10450.675,4775.417,3623.75,15000.043,73.91299999999995
2025-10-15 17:26:00,10/15,학습,341.635,6.0,2500.026,15000.043,17500.069,0.5041828202737233,0.5163362410467801,26.938000000000105,2491.504,2439.566,36.52,415.527,10459.809,4767.242,3621.383,15000.043,73.892
2025-10-15 17:27:00,10/15,학습,341.629,6.0,2500.026,15000.044,17500.07,0.504039118441245,0.5162042180043405,26.938000000000105,2491.482,2439.544,36.52,415.502,10468.864,4759.041,3619.109,15000.044,73.87299999999999
2025-10-15 17:28:00,10/15,학습,341.624,6.0,2500.026,15000.044,17500.07,0.5039072246216002,0.5160838563254021,26.93599999999969,2491.459,2439.523,36.52,415.479,10477.838,4750.815,3616.92,15000.044,73.85499999999996
2025-10-15 17:29:00,10/15,학습,341.619,6.0,2500.027,15000.045,17500.072,0.5037915846767976,0.5159795361643367,26.936999999999895,2491.437,2439.5,36.52,415.458,10486.729,4742.569,3614.812,15000.045,73.839
2025-10-15 17:30:00,10/15,학습,341.615,6.0,2500.027,15000.046,17500.073,0.5037718393854753,0.5159698565920922,26.93600000000015,2491.414,2439.478,36.521,415.438,10495.535,4734.306,3612.784,15000.046,73.82299999999998
2025-10-15 17:31:00,10/15,학습,341.611,6.0,2500.028,15000.047,17500.075,0.5036695198185501,0.5158786571755961,26.934999999999945,2491.39,2439.455,36.521,415.419,10504.254,4726.031,3610.84,15000.047,73.80799999999999
2025-10-15 17:32:00,10/15,학습,341.607,6.0,2500.028,15000.048,17500.076,0.5035819986712825,0.5158020450136073,26.934999999999945,2491.366,2439.431,36.521,415.402,10512.883,4717.745,3608.982,15000.048,73.79499999999996
2025-10-15 17:33:00,10/15,학습,341.604,6.0,2500.029,15000.049,17500.078,0.5034944997858772,0.5157254287485837,26.93399999999974,2491.341,2439.407,36.521,415.385,10521.422,4709.454,3607.214,15000.049,73.781
2025-10-15 17:34:00,10/15,학습,341.6,6.0,2500.03,15000.05,17500.079999999998,0.503512535683649,0.5157529417716633,26.93399999999974,2491.316,2439.382,36.522,415.37,10529.868,4701.159,3605.537,15000.05,73.76999999999998
2025-10-15 17:35:00,10/15,학습,341.597,6.0,2500.03,15000.051,17500.081,0.5034398817409005,0.5156909129881797,26.932999999999996,2491.29,2439.357,36.522,415.355,10538.219,4692.865,3603.953,15000.051,73.75800000000004
2025-10-15 17:36:00,10/15,학습,341.594,6.0,2500.031,15000.051,17500.082,0.5033768745691163,0.515638367904694,26.932999999999996,2491.263,2439.33,36.522,415.341,10546.474,4684.574,3602.463,15000.051,73.74700000000001
2025-10-15 17:37:00,10/15,학습,341.592,6.0,2500.032,15000.052,17500.084,0.5034098025656601,0.5156804645197585,26.93199999999979,2491.236,2439.304,36.523,415.328,10554.631,4676.29,3601.066,15000.052,73.73599999999999
2025-10-15 17:38:00,10/15,학습,341.589,6.0,2500.033,15000.053,17500.086,0.5033550122536662,0.5156359427669193,26.932000000000244,2491.208,2439.276,36.523,415.315,10562.69,4668.016,3599.76,15000.053,73.726
2025-10-15 17:39:00,10/15,학습,341.587,6.0,2500.033,15000.054,17500.087,0.5033069240254646,0.5155979872439772,26.93100000000004,2491.179,2439.248,36.523,415.303,10570.648,4659.755,3598.542,15000.054,73.71600000000001
2025-10-15 17:40:00,10/15,학습,341.585,6.0,2500.034,15000.055,17500.089,0.5033444195994328,0.5156444522907991,26.93100000000004,2491.15,2439.219,36.524,415.29,10578.506,4651.509,3597.409,15000.055,73.70500000000004
2025-10-15 17:41:00,10/15,학습,341.583,6.0,2500.035,15000.056,17500.091,0.5033045658604508,0.5156145219573626,26.92999999999984,2491.12,2439.19,36.524,415.279,10586.264,4643.282,3596.357,15000.056,73.69599999999997
2025-10-15 17:42:00,10/15,학습,341.581,6.0,2500.035,15000.057,17500.092,0.5033502907654798,0.5156690068743229,26.93000000000029,2491.09,2439.16,36.525,415.267,10593.921,4635.076,3595.381,15000.057,73.68599999999998
2025-10-15 17:43:00,10/15,학습,341.579,6.0,2500.036,15000.058,17500.094,0.5033120260654185,0.5156405336622378,26.929000000000087,2491.059,2439.13,36.525,415.256,10601.478,4626.894,3594.477,15000.058,73.67699999999996
2025-10-15 17:44:00,10/15,학습,341.577,6.0,2500.036,15000.058,17500.094,0.50327529913299,0.5156135186954964,26.927999999999884,2491.027,2439.099,36.525,415.245,10608.935,4618.738,3593.64,15000.058,73.668
2025-10-15 17:45:00,10/15,학습,341.576,6.0,2500.037,15000.059,17500.095999999998,0.5033293173949072,0.5156760233181289,26.92699999999968,2490.995,2439.068,36.526,415.234,10616.293,4610.611,3592.866,15000.059,73.65799999999996
2025-10-15 17:46:00,10/15,학습,341.574,6.0,2500.037,15000.06,17500.096999999998,0.5033008438876041,0.5156570349115857,26.92700000000013,2490.963,2439.036,36.526,415.224,10623.552,4602.515,3592.149,15000.06,73.64999999999998
2025-10-15 17:47:00,10/15,학습,341.573,6.0,2500.038,15000.06,17500.097999999998,0.5033564506442999,0.5157209915751355,26.92599999999993,2490.93,2439.004,36.527,415.213,10630.714,4594.453,3591.487,15000.06,73.64000000000004
2025-10-15 17:48:00,10/15,학습,341.572,6.0,2500.038,15000.061,17500.099,0.503329580584289,0.5157034609836572,26.925000000000185,2490.896,2438.971,36.527,415.203,10637.779,4586.425,3590.876,15000.061,73.63099999999997
2025-10-15 17:49:00,10/15,학습,341.57,6.0,2500.039,15000.061,17500.1,0.5033934307337339,0.5157754390209875,26.924999999999727,2490.863,2438.938,36.528,415.193,10644.749,4578.435,3590.312,15000.061,73.62299999999999
2025-10-15 17:50:00,10/15,학습,341.569,6.0,2500.039,15000.061,17500.1,0.5033615162956084,0.515752796946471,26.925000000000185,2490.829,2438.904,36.528,415.182,10651.624,4570.484,3589.791,15000.061,73.613
2025-10-15 17:51:00,10/15,학습,341.568,6.0,2500.039,15000.062,17500.101,0.5034254817058619,0.5158247674778694,26.92299999999977,2490.794,2438.871,36.529,415.172,10658.407,4562.575,3589.312,15000.062,73.60400000000004
2025-10-15 17:52:00,10/15,학습,341.567,6.0,2500.04,15000.062,17500.102,0.5034070043149524,0.515815263177621,26.92300000000023,2490.76,2438.837,36.529,415.163,10665.098,4554.707,3588.871,15000.062,73.596
2025-10-15 17:53:00,10/15,학습,341.566,6.0,2500.04,15000.062,17500.102,0.5034725628815149,0.5158886859281125,26.922000000000025,2490.725,2438.803,36.53,415.153,10671.699,4546.884,3588.466,15000.062,73.58700000000005
2025-10-15 17:54:00,10/15,학습,341.565,6.0,2500.04,15000.062,17500.102,0.5034490469608288,0.5158740699855145,26.922000000000025,2490.69,2438.768,36.53,415.143,10678.211,4539.107,3588.095,15000.062,73.57799999999997
2025-10-15 17:55:00,10/15,학습,341.565,6.0,2500.04,15000.063,17500.103,0.5035213740967435,0.5159540552069573,26.92100000000028,2490.655,2438.734,36.531,415.134,10684.635,4531.377,3587.757,15000.063,73.56900000000002
2025-10-15 17:56:00,10/15,학습,341.564,6.0,2500.04,15000.063,17500.103,0.503497994857861,0.515939437999633,26.920000000000076,2490.619,2438.699,36.531,415.124,10690.973,4523.695,3587.449,15000.063,73.56
2025-10-15 17:57:00,10/15,학습,341.563,6.0,2500.041,15000.063,17500.104,0.5035719172785722,0.5160208757034641,26.919999999999614,2490.584,2438.664,36.532,415.115,10697.227,4516.064,3587.169,15000.063,73.55200000000002
2025-10-15 17:58:00,10/15,학습,341.563,6.0,2500.041,15000.063,17500.104,0.5035486765172148,0.5160062572535487,26.91899999999987,2490.548,2438.629,36.532,415.105,10703.396,4508.482,3586.917,15000.063,73.54200000000003
2025-10-15 17:59:00,10/15,학습,341.562,6.0,2500.041,15000.063,17500.104,0.5036227161318468,0.516087687598841,26.91899999999987,2490.513,2438.594,36.533,415.096,10709.484,4500.953,3586.69,15000.063,73.53399999999999
2025-10-15 18:00:00,10/15,학습,341.541,5.995,2502.069,14999.329,17501.398,0.503594466343102,0.5160575767422294,26.92599999999993,2490.752,2438.826,36.537,415.09,10715.489,4493.468,3586.425,14999.329,73.54899999999998
2025-10-15 18:01:00,10/15,학습,341.479,5.982,2507.329,14998.566,17505.895,0.5037436323882291,0.516186041312079,26.947999999999865,2491.7,2439.752,36.552,415.115,10721.391,4486.005,3586.989,14998.566,73.63600000000002
2025-10-15 18:02:00,10/15,학습,341.414,5.967,2513.684,14998.269,17511.953,0.5037077168328049,0.5161273267395611,26.97400000000016,2492.949,2440.975,36.567,415.178,10727.13,4478.582,3590.125,14998.269,73.76400000000001
2025-10-15 18:03:00,10/15,학습,341.358,5.95,2520.505,14998.225,17518.73,0.5034241127873926,0.5158194809915213,26.9989999999998,2494.263,2442.264,36.582,415.218,10732.668,4471.215,3595.459,14998.225,73.86000000000001
2025-10-15 18:04:00,10/15,학습,341.311,5.934,2527.554,14998.293,17525.847,0.5030687186713145,0.5154424699152501,27.027000000000044,2495.525,2443.498,36.598,415.221,10738.009,4463.913,3601.919,14998.293,73.91000000000003
2025-10-15 18:05:00,10/15,학습,341.271,5.917,2534.689,14998.344,17533.033,0.5027654007159931,0.5151146895864831,27.05699999999979,2496.725,2444.668,36.613,415.231,10743.189,4456.681,3608.141,14998.344,73.95999999999998
2025-10-15 18:06:00,10/15,학습,341.238,5.901,2541.849,14998.35,17540.199,0.5026609470314944,0.5149852953931509,27.08500000000004,2497.893,2445.808,36.627,415.278,10748.269,4449.521,3613.271,14998.35,74.04000000000002
2025-10-15 18:07:00,10/15,학습,341.21,5.884,2549.024,14998.326,17547.35,0.5028339936042445,0.515128263737578,27.11499999999978,2499.057,2446.942,36.641,415.366,10753.312,4442.43,3617.406,14998.326,74.156
2025-10-15 18:08:00,10/15,학습,341.185,5.867,2556.223,14998.285,17554.508,0.5031656910198571,0.5154280774595116,27.143999999999775,2500.229,2448.085,36.654,415.494,10758.365,4435.407,3621.18,14998.285,74.30900000000003
2025-10-15 18:09:00,10/15,학습,341.163,5.851,2563.452,14998.236,17561.688000000002,0.5036902967030451,0.5159207182372199,27.174999999999727,2501.417,2449.242,36.667,415.655,10763.45,4428.45,3625.289,14998.236,74.49199999999996
2025-10-15 18:10:00,10/15,학습,341.143,5.834,2570.718,14998.185,17568.903,0.5043565147735726,0.5165513950753099,27.20599999999968,2502.622,2450.416,36.68,415.842,10768.565,4421.557,3630.29,14998.185,74.69900000000001
2025-10-15 18:11:00,10/15,학습,341.124,5.818,2578.026,14998.136,17576.162,0.5050381054283439,0.517199522614552,27.23599999999988,2503.842,2451.606,36.692,416.049,10773.695,4414.727,3636.541,14998.136,74.92499999999995
2025-10-15 18:12:00,10/15,학습,341.107,5.801,2585.376,14998.087,17583.463,0.5058896800720221,0.5180135917017622,27.266999999999825,2505.075,2452.808,36.705,416.272,10778.811,4407.958,3644.211,14998.087,75.16499999999996
2025-10-15 18:13:00,10/15,학습,341.091,5.785,2592.77,14998.04,17590.81,0.5068046960625513,0.5188929145521324,27.29799999999977,2506.319,2454.021,36.718,416.508,10783.882,4401.251,3653.324,14998.04,75.41699999999997
2025-10-15 18:14:00,10/15,학습,341.076,5.768,2600.207,14997.993,17598.2,0.5076764645188669,0.5197269845747217,27.32900000000018,2507.574,2455.245,36.73,416.754,10788.873,4394.606,3663.812,14997.993,75.678
2025-10-15 18:15:00,10/15,학습,341.062,5.751,2607.687,14997.946,17605.633,0.508682786086229,0.520694143618404,27.36100000000033,2508.838,2456.477,36.743,417.01,10793.753,4388.026,3675.554,14997.946,75.94799999999998
2025-10-15 18:16:00,10/15,학습,341.049,5.735,2615.211,14997.898,17613.109,0.5097282523739186,0.5217029681296156,27.39300000000003,2510.111,2457.718,36.756,417.275,10798.493,4381.512,3688.409,14997.898,76.226
2025-10-15 18:17:00,10/15,학습,341.036,5.718,2622.778,14997.849,17620.627,0.5108011575658832,0.5227361018731501,27.424999999999727,2511.392,2458.967,36.769,417.547,10803.068,4375.067,3702.229,14997.849,76.51100000000002
2025-10-15 18:18:00,10/15,학습,341.024,5.702,2630.388,14997.799,17628.187,0.511908883532895,0.5238069840533386,27.458000000000084,2512.681,2460.223,36.782,417.827,10807.457,4368.695,3716.875,14997.799,76.803
2025-10-15 18:19:00,10/15,학습,341.013,5.685,2638.043,14997.748,17635.791,0.5129514980829668,0.5248102782287395,27.490999999999985,2513.978,2461.487,36.794,418.113,10811.641,4362.401,3732.221,14997.748,77.10000000000002
2025-10-15 18:20:00,10/15,학습,341.002,5.669,2645.742,14997.694,17643.436,0.5141077242353529,0.5259297088135555,27.52500000000009,2515.283,2462.758,36.807,418.406,10815.608,4356.188,3748.159,14997.694,77.404
2025-10-15 18:21:00,10/15,학습,340.992,5.652,2653.485,14997.64,17651.125,0.5153625030460225,0.5271433316523808,27.557000000000244,2516.594,2464.037,36.821,418.704,10819.346,4350.061,3764.596,14997.64,77.71199999999999
2025-10-15 18:22:00,10/15,학습,340.982,5.635,2661.273,14997.584,17658.857,0.5165605762173392,0.5283008854117687,27.59099999999989,2517.913,2465.322,36.834,419.009,10822.844,4344.026,3781.461,14997.584,78.02699999999999
2025-10-15 18:23:00,10/15,학습,340.972,5.619,2669.106,14997.526,17666.632,0.5177668258014434,0.5294708351101648,27.625,2519.239,2466.614,36.847,419.318,10826.096,4338.087,3798.696,14997.526,78.346
2025-10-15 18:24:00,10/15,학습,340.963,5.602,2676.985,14997.466,17674.451,0.518994821517776,0.5306584569935263,27.659000000000106,2520.571,2467.912,36.86,419.633,10829.094,4332.25,3816.26,14997.466,78.66999999999996
2025-10-15 18:25:00,10/15,학습,340.954,5.586,2684.911,14997.405,17682.316,0.520320606005323,0.5319477215727197,27.69299999999976,2521.91,2469.217,36.874,419.953,10831.833,4326.521,3834.123,14997.405,78.99899999999997
2025-10-15 18:26:00,10/15,학습,340.946,5.569,2692.882,14997.341,17690.223,0.5215711027178737,0.5331581906347769,27.728000000000065,2523.256,2470.528,36.887,420.277,10834.307,4320.903,3852.268,14997.341,79.33099999999996
2025-10-15 18:27:00,10/15,학습,340.938,5.553,2700.9,14997.276,17698.176,0.5229197431128272,0.5344711493630858,27.76200000000017,2524.607,2471.845,36.901,420.606,10836.512,4315.403,3870.686,14997.276,79.668
2025-10-15 18:28:00,10/15,학습,340.93,5.536,2708.966,14997.207,17706.173,0.5241945674497217,0.5357064085316898,27.79800000000023,2525.965,2473.167,36.914,420.939,10838.441,4310.027,3889.374,14997.207,80.00900000000001
2025-10-15 18:29:00,10/15,학습,340.922,5.52,2717.079,14997.137,17714.216,0.5255651606013307,0.5370423149008703,27.833000000000084,2527.329,2474.496,36.928,421.277,10840.09,4304.779,3908.335,14997.137,80.35499999999996
2025-10-15 18:30:00,10/15,학습,340.914,5.503,2725.239,14997.064,17722.303,0.5269445661809739,0.538382085066548,27.869000000000145,2528.699,2475.83,36.942,421.619,10841.455,4299.664,3927.573,14997.064,80.70500000000004
2025-10-15 18:31:00,10/15,학습,340.907,5.486,2733.448,14996.988,17730.435999999998,0.5283251980934882,0.5397234309673922,27.904,2530.074,2477.17,36.956,421.964,10842.529,4294.688,3947.096,14996.988,81.05700000000002
2025-10-15 18:32:00,10/15,학습,340.9,5.47,2741.706,14996.909,17738.614999999998,0.5297202889701117,0.5410855844981253,27.94100000000026,2531.456,2478.515,36.97,422.314,10843.307,4289.857,3966.911,14996.909,81.41400000000004
2025-10-15 18:33:00,10/15,학습,340.893,5.453,2750.012,14996.827,17746.839,0.5312039051076906,0.5425301503155001,27.97699999999986,2532.843,2479.866,36.985,422.668,10843.785,4285.176,3987.026,14996.827,81.77500000000003
2025-10-15 18:34:00,10/15,학습,340.886,5.437,2758.368,14996.741,17755.109,0.5326063016378317,0.5439011139454227,28.01299999999992,2534.236,2481.223,36.999,423.025,10843.957,4280.649,4007.449,14996.741,82.13899999999995
2025-10-15 18:35:00,10/15,학습,340.879,5.42,2766.774,14996.652,17763.426,0.534016540904461,0.5452740249305056,28.050000000000185,2535.635,2482.585,37.013,423.386,10843.817,4276.282,4028.185,14996.652,82.507
2025-10-15 18:36:00,10/15,학습,340.872,5.404,2775.229,14996.558,17771.787,0.535515218866015,0.5467422814307764,28.08699999999999,2537.039,2483.952,37.028,423.751,10843.362,4272.081,4049.24,14996.558,82.87899999999996
2025-10-15 18:37:00,10/15,학습,340.865,5.387,2783.736,14996.461,17780.197,0.5370135379458982,0.5482039834980109,28.12400000000025,2538.449,2485.325,37.043,424.119,10842.587,4268.05,4070.617,14996.461,83.25400000000002
2025-10-15 18:38:00,10/15,학습,340.859,5.371,2792.293,14996.359,17788.652000000002,0.5385172719481918,0.5496791686718135,28.160999999999603,2539.865,2486.704,37.058,424.491,10841.486,4264.194,4092.32,14996.359,83.632
2025-10-15 18:39:00,10/15,학습,340.852,5.354,2800.901,14996.252,17797.153,0.5399476030376797,0.5510747356835033,28.19899999999961,2541.287,2488.088,37.072,424.867,10840.055,4260.519,4114.351,14996.252,84.01500000000004
2025-10-15 18:40:00,10/15,학습,340.846,5.338,2809.561,14996.141,17805.702,0.541538234845375,0.5526383351086255,28.23700000000008,2542.714,2489.477,37.088,425.246,10838.291,4257.029,4136.711,14996.141,84.39999999999998
2025-10-15 18:41:00,10/15,학습,340.84,5.321,2818.274,14996.024,17814.298,0.5430538006798281,0.5541202368604414,28.27500000000009,2544.147,2490.872,37.103,425.629,10836.189,4253.73,4159.402,14996.024,84.78900000000004
2025-10-15 18:42:00,10/15,학습,340.833,5.304,2827.038,14995.901,17822.939,0.5445682680906158,0.555601736377302,28.312999999999647,2545.586,2492.273,37.118,426.015,10833.745,4250.627,4182.425,14995.901,85.18199999999996
2025-10-15 18:43:00,10/15,학습,340.827,5.288,2835.856,14995.771,17831.627,0.5460885204914591,0.5570985342213911,28.35199999999986,2547.031,2493.679,37.133,426.405,10830.957,4247.723,4205.779,14995.771,85.57799999999997
2025-10-15 18:44:00,10/15,학습,340.821,5.271,2844.727,14995.636,17840.363,0.5476928382085035,0.5586712448911576,28.39100000000008,2548.481,2495.09,37.149,426.799,10827.822,4245.025,4229.467,14995.636,85.97799999999995
2025-10-15 18:45:00,10/15,학습,340.815,5.255,2853.652,14995.493,17849.145,0.5493006932882328,0.5602576559625051,28.43100000000004,2549.938,2496.507,37.165,427.197,10824.335,4242.536,4253.488,14995.493,86.382
2025-10-15 18:46:00,10/15,학습,340.809,5.238,2862.63,14995.342,17857.972,0.5508283638131442,0.5617559543014257,28.47000000000025,2551.4,2497.93,37.18,427.598,10820.496,4240.261,4277.845,14995.342,86.78899999999999
2025-10-15 18:47:00,10/15,학습,340.803,5.222,2871.664,14995.183,17866.847,0.5524386563864534,0.5633473229011817,28.509999999999764,2552.868,2499.358,37.196,428.003,10816.301,4238.206,4302.538,14995.183,87.19999999999999
2025-10-15 18:48:00,10/15,학습,340.797,5.205,2880.752,14995.015,17875.767,0.5540519868453074,0.5649330039617376,28.550000000000185,2554.342,2500.792,37.212,428.412,10811.748,4236.373,4327.569,14995.015,87.61499999999995
2025-10-15 18:49:00,10/15,학습,340.791,5.189,2889.895,14994.838,17884.733,0.5556694141692772,0.5665341385328543,28.58999999999969,2555.821,2502.231,37.228,428.825,10806.835,4234.768,4352.94,14994.838,88.03399999999999
2025-10-15 18:50:00,10/15,학습,340.785,5.172,2899.094,14994.651,17893.745,0.5572894945270292,0.5681286996654406,28.630999999999855,2557.307,2503.676,37.244,429.242,10801.561,4233.394,4378.655,14994.651,88.457
2025-10-15 18:51:00,10/15,학습,340.779,5.156,2908.349,14994.453,17902.802,0.5589940229775784,0.5698195364739288,28.67099999999982,2558.798,2505.127,37.261,429.664,10795.924,4232.256,4404.714,14994.453,88.88499999999999
2025-10-15 18:52:00,10/15,학습,340.773,5.139,2917.661,14994.242,17911.903,0.56062101483584,0.5714232603051271,28.713000000000196,2560.295,2506.582,37.277,430.089,10789.923,4231.357,4431.122,14994.242,89.31599999999997
2025-10-15 18:53:00,10/15,학습,340.767,5.123,2927.03,14994.019,17921.049,0.562330212257228,0.5731217227760909,28.75300000000016,2561.797,2508.044,37.294,430.519,10783.556,4230.702,4457.882,14994.019,89.75200000000001
2025-10-15 18:54:00,10/15,학습,340.762,5.106,2936.455,14993.782,17930.237,0.5639676807906268,0.5747382223595296,28.79599999999982,2563.306,2509.51,37.31,430.953,10776.823,4230.295,4484.997,14993.782,90.19099999999996
2025-10-15 18:55:00,10/15,학습,340.756,5.09,2945.938,14993.53,17939.468,0.5656875285175617,0.5764503430371788,28.83699999999999,2564.819,2510.982,37.327,431.392,10769.724,4230.138,4512.47,14993.53,90.63600000000002
2025-10-15 18:56:00,10/15,학습,340.75,5.073,2955.48,14993.261,17948.741,0.5674094576959492,0.57815372493899,28.87900000000036,2566.338,2512.459,37.344,431.835,10762.257,4230.235,4540.306,14993.261,91.08499999999998
2025-10-15 18:57:00,10/15,학습,340.745,5.057,2965.079,14992.975,17958.054,0.5691399723804723,0.5798796517948736,28.92299999999977,2567.863,2513.94,37.361,432.283,10754.424,4230.589,4568.509,14992.975,91.538
2025-10-15 18:58:00,10/15,학습,340.739,5.04,2974.737,14992.669,17967.406,0.5708763819087601,0.5816000414383434,28.96499999999969,2569.392,2515.427,37.378,432.736,10746.223,4231.204,4597.082,14992.669,91.997
2025-10-15 18:59:00,10/15,학습,340.734,5.023,2984.453,14992.342,17976.795000000002,0.5726208631700536,0.5833296184081157,29.00900000000001,2570.927,2516.918,37.395,433.194,10737.656,4232.082,4626.029,14992.342,92.46000000000004
2025-10-15 19:00:00,10/15,학습,340.729,5.007,2994.229,14991.992,17986.221,0.5743665679060073,0.5850754193398539,29.05199999999968,2572.466,2518.414,37.412,433.656,10728.722,4233.226,4655.356,14991.992,92.92700000000002
2025-10-15 19:01:00,10/15,학습,340.724,4.99,3004.064,14991.616,17995.68,0.5761986109364913,0.5868953218802722,29.0949999999998,2574.009,2519.914,37.43,434.124,10719.424,4234.639,4685.066,14991.616,93.40000000000003
2025-10-15 19:02:00,10/15,학습,340.719,4.974,3013.959,14991.213,18005.172,0.5779707519075193,0.5886709046044363,29.139999999999876,2575.557,2521.417,37.447,434.598,10709.763,4236.323,4715.164,14991.213,93.87900000000002
2025-10-15 19:03:00,10/15,학습,340.714,4.957,3023.913,14990.779,18014.692,0.5798226771021534,0.5905134295681385,29.1840000000002,2577.108,2522.924,37.465,435.077,10699.739,4238.28,4745.655,14990.779,94.363
2025-10-15 19:04:00,10/15,학습,340.709,4.941,3033.928,14990.312,18024.24,0.5816146775014862,0.5923122684350832,29.22899999999981,2578.663,2524.434,37.482,435.562,10689.355,4240.512,4776.542,14990.312,94.853
2025-10-15 19:05:00,10/15,학습,340.705,4.924,3044.002,14989.808,18033.81,0.583486488842013,0.5941774364335106,29.273999999999887,2580.221,2525.947,37.5,436.052,10678.614,4243.021,4807.832,14989.808,95.34700000000004
2025-10-15 19:06:00,10/15,학습,340.7,4.908,3054.136,14989.263,18043.399,0.5852995495223738,0.5960007184154245,29.31899999999996,2581.781,2527.462,37.517,436.548,10667.518,4245.807,4839.528,14989.263,95.848
2025-10-15 19:07:00,10/15,학습,340.696,4.891,3064.331,14988.673,18053.004,0.5872027594613644,0.597900108901314,29.364000000000036,2583.343,2528.979,37.535,437.051,10656.069,4248.873,4871.636,14988.673,96.35499999999996
2025-10-15 19:08:00,10/15,학습,340.692,4.875,3074.585,14988.033,18062.618,0.5891206947386302,0.5998320879914426,29.40999999999985,2584.906,2530.496,37.553,437.56,10644.272,4252.218,4904.161,14988.033,96.868
2025-10-15 19:09:00,10/15,학습,340.689,4.858,3084.899,14987.338,18072.237,0.5910581294424042,0.60176850552207,29.45600000000013,2586.469,2532.013,37.571,438.076,10632.13,4255.844,4937.109,14987.338,97.387
2025-10-15 19:10:00,10/15,학습,340.685,4.842,3095.272,14986.582,18081.854,0.5930095325641335,0.6037374883142592,29.501999999999956,2588.032,2533.53,37.589,438.598,10619.648,4259.75,4970.484,14986.582,97.913
2025-10-15 19:11:00,10/15,학습,340.683,4.825,3105.705,14985.757,18091.462,0.5949166283729191,0.6056459358243217,29.54799999999977,2589.593,2535.045,37.606,439.128,10606.83,4263.936,5004.292,14985.757,98.445
2025-10-15 19:12:00,10/15,학습,340.68,4.809,3116.196,14984.857,18101.053,0.5969171510542083,0.6076675963652947,29.5949999999998,2591.151,2536.556,37.624,439.665,10593.682,4268.402,5038.54,14984.857,98.985
2025-10-15 19:13:00,10/15,학습,340.678,4.792,3126.746,14983.872,18110.618,0.5989438564089534,0.6096988507906635,29.64200000000028,2592.706,2538.064,37.642,440.21,10580.208,4273.146,5073.233,14983.872,99.53199999999998
2025-10-15 19:14:00,10/15,학습,340.677,4.776,3137.353,14982.794,18120.147,0.6009996206802033,0.6117793403109307,29.689000000000306,2594.255,2539.566,37.66,440.763,10566.417,4278.166,5108.379,14982.794,100.08599999999996
2025-10-15 19:15:00,10/15,학습,340.676,4.759,3148.016,14981.61,18129.626,0.6030169578208743,0.6138033841143172,29.73599999999988,2595.796,2541.06,37.677,441.324,10552.313,4283.461,5143.983,14981.61,100.64800000000002
2025-10-15 19:16:00,10/15,학습,340.676,4.743,3158.735,14980.309,18139.044,0.6051349924147932,0.6159496266579498,29.784000000000106,2597.329,2542.545,37.695,441.893,10537.904,4289.028,5180.053,14980.309,101.21699999999998
2025-10-15 19:17:00,10/15,학습,340.676,4.726,3169.509,14978.874,18148.383,0.607012189140798,0.6181203914116777,29.83100000000013,2598.85,2544.019,37.713,442.472,10471.067,4295.117,5216.575,14978.874,101.796
2025-10-15 19:18:00,10/15,학습,340.681,4.709,3180.415,14977.22,18157.635,0.6032657592238175,0.6202561482944088,29.876999999999956,2600.296,2545.419,37.729,443.059,9358.359,4343.021,5255.779,14977.22,102.37800000000004
2025-10-15 19:19:00,10/15,학습,340.685,4.693,3191.3,14975.391,18166.691,0.605476513691111,0.622425748415815,29.92299999999977,2601.736,2546.813,37.745,443.651,9333.381,4388.643,5300.087,14975.391,102.966
2025-10-15 19:20:00,10/15,학습,340.689,4.676,3202.208,14973.348,18175.556,0.6077567534931047,0.6247034752363954,29.9699999999998,2603.163,2548.193,37.762,444.256,9299.348,4433.561,5338.001,14973.348,103.56699999999996
2025-10-15 19:21:00,10/15,학습,340.695,4.659,3213.143,14971.056,18184.199,0.6100345790233795,0.6269731393088005,30.01600000000008,2604.574,2549.558,37.778,444.874,9265.91,4478.01,5375.857,14971.056,104.17900000000004
2025-10-15 19:22:00,10/15,학습,340.701,4.643,3224.116,14968.545,18192.661,0.6122817995273788,0.6292282927106684,30.062000000000356,2605.965,2550.903,37.793,445.498,9232.923,4521.979,5395.547,14968.545,104.79699999999995
2025-10-15 19:23:00,10/15,학습,340.708,4.626,3235.131,14965.797,18200.928,0.6146398239142985,0.6315767794358375,30.10800000000017,2607.329,2552.221,37.809,446.13,9200.238,4565.464,5395.816,14965.797,105.42199999999995
2025-10-15 19:24:00,10/15,학습,340.717,4.609,3246.186,14962.773,18208.959,0.6169893304747769,0.6339147191035818,30.154,2608.661,2553.507,37.824,446.771,9167.562,4608.466,5396.021,14962.773,106.05400000000004
2025-10-15 19:25:00,10/15,학습,340.728,4.593,3257.275,14959.448,18216.723,0.6193509451865821,0.636289480162075,30.197999999999865,2609.955,2554.757,37.838,447.425,9134.688,4650.995,5396.278,14959.448,106.697
2025-10-15 19:26:00,10/15,학습,340.741,4.576,3268.396,14955.799,18224.195,0.6217927873915771,0.638727140946265,30.242999999999935,2611.207,2555.964,37.852,448.092,9101.484,4693.066,5396.588,14955.799,107.351
2025-10-15 19:27:00,10/15,학습,340.756,4.559,3279.542,14951.801,18231.343,0.6243269534382591,0.6412646069241179,30.28899999999976,2612.412,2557.123,37.866,448.774,9067.837,4734.697,5396.949,14951.801,108.01800000000004
2025-10-15 19:28:00,10/15,학습,340.774,4.542,3290.71,14947.427,18238.137,0.6268383831101505,0.6437795132590779,30.33199999999988,2613.564,2558.232,37.878,449.473,9033.677,4775.908,5397.361,14947.427,108.699
2025-10-15 19:29:00,10/15,학습,340.793,4.525,3301.893,14942.658,18244.551,0.6295235345454149,0.6464813404083557,30.37599999999975,2614.66,2559.284,37.891,450.19,8998.973,4816.717,5397.825,14942.658,109.397
2025-10-15 19:30:00,10/15,학습,340.816,4.509,3313.087,14937.478,18250.565,0.632202594201913,0.6492050268617389,30.419000000000324,2615.695,2560.276,37.902,450.926,8963.721,4857.144,5398.341,14937.478,110.11
2025-10-15 19:31:00,10/15,학습,340.841,4.492,3324.288,14931.875,18256.163,0.6349385171947659,0.6519645876392979,30.460999999999785,2616.667,2561.206,37.912,451.681,8927.932,4897.207,5398.911,14931.875,110.83999999999996
2025-10-15 19:32:00,10/15,학습,340.868,4.475,3335.49,14925.84,18261.33,0.6378032408673486,0.6548622809342118,30.501999999999956,2617.573,2562.071,37.922,452.457,8891.634,4936.922,5399.534,14925.84,111.589
2025-10-15 19:33:00,10/15,학습,340.897,4.458,3346.691,14919.372,18266.063,0.6407263179348884,0.657822731950271,30.54300000000012,2618.413,2562.87,37.931,453.252,8854.862,4976.304,5400.213,14919.372,112.35500000000002
2025-10-15 19:34:00,10/15,학습,340.929,4.441,3357.887,14912.475,18270.362,0.6437164792171942,0.6608547296305529,30.58200000000033,2619.184,2563.602,37.939,454.068,8817.66,5015.364,5400.949,14912.475,113.139
2025-10-15 19:35:00,10/15,학습,340.962,4.424,3369.077,14905.156,18274.233,0.6467640791250886,0.6639475284777341,30.6220000000003,2619.889,2564.267,37.946,454.903,8780.078,5054.114,5401.743,14905.156,113.94100000000005
2025-10-15 19:36:00,10/15,학습,340.998,4.407,3380.259,14897.429,18277.688,0.6498663126110067,0.6670976315239046,30.660999999999603,2620.528,2564.867,37.952,455.757,8742.166,5092.562,5402.598,14897.429,114.759
2025-10-15 19:37:00,10/15,학습,341.034,4.39,3391.433,14889.31,18280.743,0.6530752303545816,0.6703597234056187,30.697999999999865,2621.103,2565.405,37.958,456.629,8703.979,5130.716,5403.515,14889.31,115.59500000000004
2025-10-15 19:38:00,10/15,학습,341.072,4.373,3402.601,14880.82,18283.421,0.6563233503318175,0.6736617471457088,30.73400000000038,2621.617,2565.883,37.963,457.518,8665.568,5168.581,5404.495,14880.82,116.44599999999996
2025-10-15 19:39:00,10/15,학습,341.111,4.356,3413.763,14871.979,18285.742,0.659594504271633,0.6769860760995919,30.769999999999985,2622.074,2566.304,37.967,458.421,8626.982,5206.161,5405.541,14871.979,117.31
2025-10-15 19:40:00,10/15,학습,341.15,4.34,3424.923,14862.811,18287.734,0.6629352852922615,0.6804151927855439,30.80600000000004,2622.478,2566.672,37.971,459.336,8588.266,5243.46,5406.653,14862.811,118.18600000000004
2025-10-15 19:41:00,10/15,학습,341.189,4.323,3436.085,14853.339,18289.424,0.6662816839175046,0.6838148579346219,30.84099999999989,2622.832,2566.991,37.974,460.263,8549.461,5280.48,5407.834,14853.339,119.07399999999996
2025-10-15 19:42:00,10/15,학습,341.228,4.306,3447.251,14843.586,18290.837,0.6696162056762848,0.6871989813250505,30.875,2623.141,2567.266,37.976,461.199,8510.598,5317.224,5409.084,14843.586,119.971
2025-10-15 19:43:00,10/15,학습,341.267,4.289,3458.427,14833.573,18292.0,0.6729861466298955,0.6906175854194312,30.909000000000106,2623.409,2567.5,37.978,462.142,8471.702,5353.693,5410.405,14833.573,120.875
2025-10-15 19:44:00,10/15,학습,341.306,4.272,3469.617,14823.321,18292.938,0.6763778665711215,0.6940561227349279,30.94300000000021,2623.641,2567.698,37.98,463.09,8432.793,5389.888,5411.799,14823.321,121.784
2025-10-15 19:45:00,10/15,학습,341.343,4.256,3480.827,14812.85,18293.677,0.679721489245728,0.697478017805251,30.976000000000116,2623.839,2567.863,37.981,464.041,8393.882,5425.812,5413.265,14812.85,122.69799999999998
2025-10-15 19:46:00,10/15,학습,341.38,4.239,3492.06,14802.178,18294.238,0.6830665168230468,0.7008619581286618,31.007000000000065,2624.007,2568.0,37.982,464.994,8354.978,5461.465,5414.805,14802.178,123.61400000000005
2025-10-15 19:47:00,10/15,학습,341.416,4.222,3503.323,14791.32,18294.643,0.6863456692415526,0.7041735461176741,31.039999999999964,2624.15,2568.11,37.982,465.947,8316.085,5496.851,5416.418,14791.32,124.531
2025-10-15 19:48:00,10/15,학습,341.45,4.205,3514.619,14780.291,18294.91,0.6896658330221858,0.707525783378977,31.07200000000012,2624.27,2568.198,37.983,466.899,8277.206,5531.971,5418.106,14780.291,125.449
2025-10-15 19:49:00,10/15,학습,341.484,4.189,3525.953,14769.104,18295.057,0.692905689192014,0.7108310402112432,31.10399999999981,2624.37,2568.266,37.983,467.849,8238.343,5566.829,5419.869,14769.104,126.365
2025-10-15 19:50:00,10/15,학습,341.516,4.172,3537.33,14757.77,18295.1,0.6961161571740744,0.7140634801261867,31.13400000000001,2624.451,2568.317,37.983,468.796,8199.498,5601.427,5421.706,14757.77,127.27999999999996
2025-10-15 19:51:00,10/15,학습,341.55,4.155,3548.787,14745.746,18294.533,0.699267551715856,0.7172339320153528,31.164999999999964,2624.479,2568.314,37.982,469.739,8160.604,5635.761,5423.617,14745.746,128.18899999999996
2025-10-15 19:52:00,10/15,학습,341.582,4.138,3560.241,14733.923,18294.164,0.7023862016024935,0.7203671918158379,31.195000000000164,2624.485,2568.29,37.981,470.677,8121.594,5669.832,5425.602,14733.923,129.09500000000003
2025-10-15 19:53:00,10/15,학습,341.612,4.122,3571.731,14722.143,18293.874,0.7054768712707049,0.723514472639682,31.226000000000116,2624.489,2568.263,37.98,471.616,8082.362,5703.661,5427.66,14722.143,130.00399999999996
2025-10-15 19:54:00,10/15,학습,341.639,4.105,3583.275,14710.221,18293.496,0.7086188865568287,0.7266745598188235,31.257000000000065,2624.489,2568.232,37.98,472.562,8042.883,5737.264,5429.791,14710.221,130.923
2025-10-15 19:55:00,10/15,학습,341.666,4.089,3594.873,14698.167,18293.04,0.7116569033898466,0.729765226934129,31.286999999999807,2624.486,2568.199,37.979,473.503,8003.652,5770.644,5431.994,14698.167,131.837
2025-10-15 19:56:00,10/15,학습,341.691,4.072,3606.535,14686.05,18292.585,0.7146251669695014,0.7327302130534415,31.31800000000021,2624.481,2568.163,37.978,474.432,7964.994,5803.788,5434.271,14686.05,132.74100000000004
2025-10-15 19:57:00,10/15,학습,341.714,4.055,3618.27,14673.866,18292.136,0.7175327136068839,0.7356256854686416,31.34799999999996,2624.473,2568.125,37.977,475.352,7926.736,5836.686,5436.621,14673.866,133.63799999999998
2025-10-15 19:58:00,10/15,학습,341.735,4.039,3630.077,14661.589,18291.666,0.7203969703189487,0.7385193540332606,31.37800000000016,2624.463,2568.085,37.976,476.268,7888.688,5869.333,5439.044,14661.589,134.53299999999996
2025-10-15 19:59:00,10/15,학습,341.756,4.022,3641.958,14649.227,18291.185,0.7232067168962762,0.7413064339914454,31.4079999999999,2624.451,2568.043,37.975,477.177,7850.834,5901.727,5441.539,14649.227,135.42100000000005
2025-10-15 20:00:00,10/15,학습,341.771,4.01,3651.42,14642.631,18294.051,0.7260649439783914,0.7442599198684983,31.44000000000005,2624.435,2567.995,37.974,478.074,7812.916,5933.93,5444.105,14642.631,136.303
2025-10-15 20:01:00,10/15,학습,341.773,4.005,3656.137,14643.506,18299.643,0.7288747296078482,0.7472827193508906,31.463999999999945,2624.412,2567.948,37.973,478.908,7773.142,5966.288,5446.737,14643.506,137.135
2025-10-15 20:02:00,10/15,학습,341.772,4.003,3658.642,14644.392,18303.034,0.7311521243690645,0.7497546186312626,31.47700000000032,2624.385,2567.908,37.97,479.598,7735.09,5998.92,5449.435,14644.392,137.82600000000002
2025-10-15 20:03:00,10/15,학습,341.77,4.001,3659.936,14644.462,18304.398,0.7327048712844336,0.7512835657675283,31.480999999999767,2624.357,2567.876,37.965,480.08,7705.781,6031.599,5452.206,14644.462,138.31
2025-10-15 20:04:00,10/15,학습,341.767,4.001,3660.562,14644.193,18304.755,0.7336546252099884,0.7521025270952706,31.48199999999997,2624.328,2567.846,37.96,480.356,7687.154,6063.942,5455.051,14644.193,138.589
2025-10-15 20:05:00,10/15,학습,341.76,4.0,3660.827,14643.736,18304.563,0.7342619324588819,0.7523988489249106,31.480999999999767,2624.299,2567.818,37.956,480.497,7676.059,6095.627,5457.956,14643.736,138.73700000000002
2025-10-15 20:06:00,10/15,학습,341.754,4.0,3660.882,14643.044,18303.926,0.7346357645605931,0.7524473331875217,31.47799999999961,2624.269,2567.791,37.952,480.562,7668.901,6126.476,5460.904,14643.044,138.808
2025-10-15 20:07:00,10/15,학습,341.747,4.0,3660.81,14642.214,18303.024,0.7347765129655182,0.7522303193223704,31.47400000000016,2624.239,2567.765,37.947,480.574,7663.797,6156.411,5463.876,14642.214,138.827
2025-10-15 20:08:00,10/15,학습,341.741,4.0,3660.667,14641.368,18302.035,0.7348283183738445,0.7519175080065544,31.47000000000025,2624.21,2567.74,37.943,480.547,7659.663,6185.408,5466.857,14641.368,138.80600000000004
2025-10-15 20:09:00,10/15,학습,341.734,4.0,3660.49,14640.525,18301.015,0.734800848864863,0.7515333850414925,31.465000000000146,2624.181,2567.716,37.939,480.502,7655.587,6213.483,5469.834,14640.525,138.76800000000003
2025-10-15 20:10:00,10/15,학습,341.728,4.0,3660.294,14639.671,18299.965,0.7347222168266121,0.7511188146189465,31.46199999999999,2624.153,2567.691,37.935,480.449,7650.733,6240.683,5472.801,14639.671,138.721
2025-10-15 20:11:00,10/15,학습,341.722,4.0,3660.089,14638.823,18298.912,0.7346500793610901,0.7507490818319643,31.458000000000084,2624.125,2567.667,37.932,480.393,7643.921,6267.08,5475.757,14638.823,138.671
2025-10-15 20:12:00,10/15,학습,341.717,4.0,3659.887,14638.018,18297.905,0.7333816232480352,0.75031958537129,31.453999999999724,2624.095,2567.641,37.928,480.336,7547.742,6293.843,5478.305,14638.018,138.61900000000003
2025-10-15 20:13:00,10/15,학습,341.712,4.0,3659.703,14637.276,18296.979,0.7324420644089163,0.7498984460435719,31.449999999999815,2624.06,2567.61,37.924,480.28,7473.273,6323.667,5482.076,14637.276,138.56799999999998
2025-10-15 20:14:00,10/15,학습,341.707,4.0,3659.522,14636.406,18295.928,0.7327492190056112,0.749549032388942,31.445999999999916,2624.018,2567.572,37.921,480.226,7491.779,6352.855,5486.078,14636.406,138.519
2025-10-15 20:15:00,10/15,학습,341.703,4.0,3659.323,14635.561,18294.884,0.7330702339315015,0.7491536409215789,31.442000000000007,2623.976,2567.534,37.917,480.175,7516.941,6380.134,5489.252,14635.561,138.47200000000004
2025-10-15 20:16:00,10/15,학습,341.699,4.0,3659.116,14634.751,18293.867,0.7333855269130164,0.7488374610045845,31.43899999999985,2623.937,2567.498,37.914,480.13,7537.716,6405.609,5491.574,14634.751,138.43099999999998
2025-10-15 20:17:00,10/15,학습,341.695,4.0,3658.907,14633.957,18292.864,0.733644460114323,0.748542876569232,31.43600000000015,2623.9,2567.464,37.911,480.091,7554.207,6429.503,5493.224,14633.957,138.39600000000002
2025-10-15 20:18:00,10/15,학습,341.691,4.0,3658.701,14633.184,18291.885,0.7338578655910285,0.748262069431033,31.432999999999996,2623.865,2567.432,37.908,480.056,7567.655,6452.0,5494.383,14633.184,138.365
2025-10-15 20:19:00,10/15,학습,341.687,4.0,3658.5,14632.445,18290.945,0.7340415407689027,0.7479950456196648,31.43100000000004,2623.833,2567.402,37.905,480.025,7579.147,6473.237,5495.196,14632.445,138.33799999999997
2025-10-15 20:20:00,10/15,학습,341.684,4.0,3658.307,14631.744,18290.051,0.7342069811841784,0.7477427233476918,31.429000000000087,2623.802,2567.373,37.902,479.998,7589.408,6493.316,5495.766,14631.744,138.31399999999996
2025-10-15 20:21:00,10/15,학습,341.68,4.0,3658.123,14631.075,18289.198,0.7343641390928121,0.7475081109528021,31.42599999999993,2623.772,2567.346,37.899,479.976,7598.904,6512.313,5496.169,14631.075,138.296
2025-10-15 20:22:00,10/15,학습,341.677,4.0,3657.946,14630.439,18288.385,0.734511289062145,0.7472842948994962,31.423999999999975,2623.744,2567.32,37.896,479.957,7607.944,6530.291,5496.454,14630.439,138.27999999999997
2025-10-15 20:23:00,10/15,학습,341.675,4.0,3657.779,14629.837,18287.616,0.7347104793901584,0.7471320116490342,31.422000000000025,2623.718,2567.296,37.894,479.942,7616.706,6547.299,5496.658,14629.837,138.267
2025-10-15 20:24:00,10/15,학습,341.672,4.0,3657.62,14629.269,18286.889,0.7349053442084971,0.7469914614078812,31.42100000000028,2623.693,2567.272,37.892,479.93,7625.266,6563.382,5496.805,14629.269,138.25799999999998
2025-10-15 20:25:00,10/15,학습,341.67,4.0,3657.469,14628.731,18286.2,0.735034751705626,0.7467991601369687,31.41899999999987,2623.669,2567.25,37.889,479.92,7633.646,6578.582,5496.911,14628.731,138.25
2025-10-15 20:26:00,10/15,학습,341.666,4.0,3657.188,14627.697,18284.885,0.7500455010556892,0.7467047446016483,31.41899999999987,2623.692,2567.273,37.888,479.916,8844.284,6566.279,5527.216,14627.697,138.25
2025-10-15 20:27:00,10/15,학습,341.665,4.0,3656.949,14627.13,18284.079,0.7427568008546357,0.7466016637931863,31.419000000000324,2623.717,2567.298,37.886,479.925,8291.166,6549.273,5584.223,14627.13,138.26
2025-10-15 20:28:00,10/15,학습,341.666,4.0,3656.886,14627.15,18284.036,0.7343920369662494,0.7465531190566878,31.419999999999614,2623.709,2567.289,37.884,479.94,7626.058,6553.505,5654.763,14627.15,138.274
2025-10-15 20:29:00,10/15,학습,341.668,4.0,3657.011,14627.674,18284.685,0.7190593503574106,0.7465071361672585,31.41800000000012,2623.648,2567.23,37.882,479.944,6373.299,6590.243,5725.25,14627.674,138.276
2025-10-15 20:30:00,10/15,학습,341.666,4.0,3657.085,14627.559,18284.644,0.7338565396700105,0.7464740034608276,31.416000000000167,2623.589,2567.173,37.881,479.937,7509.857,6629.238,5806.118,14627.559,138.27100000000002
2025-10-15 20:31:00,10/15,학습,341.663,4.0,3656.969,14626.891,18283.86,0.7356063051926375,0.7464188301485144,31.41500000000042,2623.568,2567.153,37.88,479.933,7637.63,6643.39,5873.701,14626.891,138.26999999999998
2025-10-15 20:32:00,10/15,학습,341.661,4.0,3656.831,14626.336,18283.167,0.7361435801754219,0.7463091448342645,31.41300000000001,2623.551,2567.138,37.878,479.931,7676.365,6654.641,5923.552,14626.336,138.26999999999998
2025-10-15 20:33:00,10/15,학습,341.659,4.0,3656.699,14625.897,18282.596,0.7364789449487361,0.7462210594573155,31.412000000000265,2623.536,2567.124,37.877,479.92,7698.948,6664.454,5960.753,14625.897,138.26100000000002
2025-10-15 20:34:00,10/15,학습,341.656,4.0,3656.583,14625.551,18282.134,0.7366403957975589,0.7460742680912417,31.411000000000055,2623.522,2567.111,37.875,479.909,7713.442,6673.282,5988.852,14625.551,138.253
2025-10-15 20:35:00,10/15,학습,341.654,4.0,3656.481,14625.212,18281.693,0.7368100772164601,0.7460069357494733,31.409000000000106,2623.509,2567.1,37.874,479.904,7723.206,6681.378,6010.355,14625.212,138.25
2025-10-15 20:36:00,10/15,학습,341.652,4.0,3656.387,14624.88,18281.267,0.7368833859043636,0.7458857204059393,31.409000000000106,2623.498,2567.089,37.872,479.9,7730.199,6688.894,6027.057,14624.88,138.248
2025-10-15 20:37:00,10/15,학습,341.649,4.0,3656.299,14624.583,18280.882,0.736986610605351,0.7458213821997262,31.4079999999999,2623.487,2567.079,37.871,479.896,7735.647,6695.925,6040.268,14624.583,138.247
2025-10-15 20:38:00,10/15,학습,341.647,4.0,3656.22,14624.318,18280.538,0.7370679095475561,0.7457531223100341,31.407000000000156,2623.476,2567.069,37.87,479.891,7740.153,6702.531,6050.942,14624.318,138.24400000000003
2025-10-15 20:39:00,10/15,학습,341.645,4.0,3656.147,14624.066,18280.213,0.7371391516002769,0.7456878635424805,31.407000000000156,2623.467,2567.06,37.869,479.887,7744.059,6708.754,6059.78,14624.066,138.24200000000002
2025-10-15 20:40:00,10/15,학습,341.643,4.0,3656.079,14623.829,18279.908,0.7372003822368257,0.7456216876541951,31.40599999999995,2623.458,2567.052,37.868,479.883,7747.641,6714.624,6067.297,14623.829,138.24
2025-10-15 20:41:00,10/15,학습,341.641,4.0,3656.017,14623.611,18279.628,0.7371975576229145,0.7454976904402199,31.4050000000002,2623.449,2567.044,37.866,479.879,7751.072,6720.161,6073.875,14623.611,138.238
2025-10-15 20:42:00,10/15,학습,341.639,4.0,3655.958,14623.408,18279.366,0.7373000855126137,0.7454854064872667,31.404999999999745,2623.441,2567.036,37.866,479.874,7754.424,6725.381,6079.798,14623.408,138.235
2025-10-15 20:43:00,10/15,학습,341.637,4.0,3655.904,14623.217,18279.121,0.7373394479869644,0.7454143872938443,31.404,2623.433,2567.029,37.865,479.869,7757.733,6730.297,6085.277,14623.217,138.23200000000003
2025-10-15 20:44:00,10/15,학습,341.636,4.0,3655.853,14623.036,18278.889,0.7373697362322577,0.7453385315977864,31.402999999999796,2623.426,2567.023,37.864,479.863,7761.027,6734.923,6090.47,14623.036,138.22699999999998
2025-10-15 20:45:00,10/15,학습,341.634,4.0,3655.805,14622.867,18278.672,0.7373959929187853,0.7452626717234881,31.402000000000044,2623.419,2567.017,37.863,479.857,7764.316,6739.268,6095.497,14622.867,138.223
2025-10-15 20:46:00,10/15,학습,341.632,4.0,3655.76,14622.709,18278.469,0.7374143721225316,0.7451828884989016,31.402000000000044,2623.413,2567.011,37.862,479.85,7767.593,6743.342,6100.452,14622.709,138.21800000000002
2025-10-15 20:47:00,10/15,학습,341.63,4.0,3655.717,14622.559,18278.276,0.7374240235615122,0.7450982676579865,31.40100000000029,2623.407,2567.006,37.861,479.842,7770.847,6747.156,6105.405,14622.559,138.212
2025-10-15 20:48:00,10/15,학습,341.628,4.0,3655.677,14622.417,18278.094,0.737487244479815,0.7450714817955811,31.39999999999964,2623.401,2567.001,37.861,479.834,7774.067,6750.721,6110.413,14622.417,138.20600000000002
2025-10-15 20:49:00,10/15,학습,341.627,4.0,3655.639,14622.284,18277.923,0.73748508951888,0.7449829355182619,31.40000000000009,2623.396,2566.996,37.86,479.825,7777.239,6754.046,6115.522,14622.284,138.19799999999998
2025-10-15 20:50:00,10/15,학습,341.625,4.0,3655.604,14622.158,18277.762,0.7374780041220786,0.7448934702045049,31.398999999999887,2623.391,2566.992,37.859,479.816,7780.351,6757.142,6120.769,14622.158,138.19099999999997
2025-10-15 20:51:00,10/15,학습,341.623,4.0,3655.57,14622.04,18277.61,0.7375206880012055,0.7448579277870304,31.399000000000346,2623.387,2566.988,37.859,479.806,7783.39,6760.02,6126.184,14622.04,138.183
2025-10-15 20:52:00,10/15,학습,341.621,4.0,3655.539,14621.929,18277.468,0.7375008813141767,0.7447636217460226,31.397999999999683,2623.383,2566.985,37.858,479.796,7786.348,6762.69,6131.796,14621.929,138.175
2025-10-15 20:53:00,10/15,학습,341.62,4.0,3655.509,14621.824,18277.333,0.7375318611014711,0.7447241564954382,31.397999999999683,2623.379,2566.981,37.858,479.785,7789.218,6765.161,6137.628,14621.824,138.16500000000002
2025-10-15 20:54:00,10/15,학습,341.618,4.0,3655.481,14621.726,18277.207,0.737500482136415,0.7446259226572493,31.39699999999993,2623.375,2566.978,37.857,479.774,7791.993,6767.446,6143.702,14621.726,138.156
2025-10-15 20:55:00,10/15,학습,341.616,4.0,3655.455,14621.634,18277.089,0.7375182477298584,0.7445807056380427,31.39599999999973,2623.372,2566.976,37.857,479.762,7794.673,6769.553,6150.037,14621.634,138.14600000000002
2025-10-15 20:56:00,10/15,학습,341.615,4.0,3655.43,14621.548,18276.978,0.7374796302196244,0.7444824635927129,31.396000000000186,2623.369,2566.973,37.856,479.751,7797.257,6771.492,6156.653,14621.548,138.13599999999997
2025-10-15 20:57:00,10/15,학습,341.613,4.0,3655.407,14621.468,18276.875,0.7374904610951797,0.7444372427705712,31.394999999999985,2623.366,2566.971,37.856,479.739,7799.746,6773.273,6163.567,14621.468,138.12599999999998
2025-10-15 20:58:00,10/15,학습,341.612,4.0,3655.386,14621.393,18276.779,0.737494126816868,0.7443880994127797,31.394999999999985,2623.364,2566.969,37.856,479.726,7802.144,6774.904,6170.798,14621.393,138.11399999999998
2025-10-15 20:59:00,10/15,학습,341.61,4.0,3655.365,14621.323,18276.688,0.7374409956225236,0.7442850114493427,31.393999999999775,2623.361,2566.967,37.855,479.714,7804.456,6776.394,6178.362,14621.323,138.10399999999998
2025-10-15 21:00:00,10/15,학습,341.605,4.004,3652.847,14627.105,18279.952,0.7375506223673014,0.7444160995644822,31.393999999999775,2623.357,2566.963,37.855,479.697,7806.425,6777.813,6186.277,14627.105,138.09199999999998
2025-10-15 21:01:00,10/15,학습,341.588,4.016,3645.523,14640.371,18285.894,0.7375894163545874,0.7446392223301942,31.38700000000017,2623.348,2566.961,37.854,479.62,7806.241,6779.516,6194.532,14640.371,138.03199999999998
2025-10-15 21:02:00,10/15,학습,341.568,4.03,3635.974,14653.624,18289.598,0.7373606467681857,0.7442819552289442,31.369000000000145,2623.339,2566.97,37.851,479.404,7829.044,6781.502,6203.273,14653.624,137.836
2025-10-15 21:03:00,10/15,학습,341.549,4.046,3625.15,14665.647,18290.797,0.7434714213205591,0.7431347320672225,31.342999999999847,2623.361,2567.018,37.847,478.99,8449.431,6764.534,6225.798,14665.647,137.44100000000003
2025-10-15 21:04:00,10/15,학습,341.529,4.062,3613.78,14677.766,18291.546,0.7378404550104537,0.7412830671597104,31.31500000000005,2623.376,2567.061,37.844,478.387,8175.275,6750.922,6254.846,14677.766,136.858
2025-10-15 21:05:00,10/15,학습,341.509,4.078,3602.213,14689.917,18292.13,0.7327173201801838,0.7389284723890462,31.28499999999985,2623.377,2567.092,37.841,477.661,7968.118,6746.384,6295.183,14689.917,136.152
2025-10-15 21:06:00,10/15,학습,341.488,4.095,3590.577,14701.915,18292.492,0.7278194198296793,0.7363761028431507,31.25400000000036,2623.367,2567.113,37.839,476.864,7786.44,6749.178,6346.415,14701.915,135.37599999999998
2025-10-15 21:07:00,10/15,학습,341.467,4.111,3578.93,14713.759,18292.689,0.7231127146769902,0.7336295114793567,31.222000000000207,2623.347,2567.125,37.838,476.021,7621.227,6758.361,6406.608,14713.759,134.55400000000003
2025-10-15 21:08:00,10/15,학습,341.447,4.128,3567.312,14725.506,18292.818,0.7184860248677926,0.7307112824237659,31.19000000000005,2623.318,2567.128,37.836,475.145,7470.26,6773.168,6473.761,14725.506,133.69799999999998
2025-10-15 21:09:00,10/15,학습,341.425,4.145,3555.683,14736.903,18292.586,0.7219277040514903,0.7277479464057979,31.159000000000106,2623.3,2567.141,37.835,474.254,8024.418,6782.053,6544.182,14736.903,132.829
2025-10-15 21:10:00,10/15,학습,341.403,4.161,3544.001,14747.895,18291.896,0.7223258689661245,0.7248092641767672,31.128999999999905,2623.315,2567.186,37.836,473.366,8342.376,6770.216,6590.543,14747.895,131.96299999999997
2025-10-15 21:11:00,10/15,학습,341.384,4.178,3532.458,14759.331,18291.789,0.7155661628037366,0.7218815991066228,31.09999999999991,2623.319,2567.219,37.836,472.49,8027.641,6763.65,6616.741,14759.331,131.106
2025-10-15 21:12:00,10/15,학습,341.366,4.195,3521.08,14771.014,18292.094,0.7100019621486209,0.7189616441082628,31.07199999999966,2623.307,2567.235,37.836,471.62,7799.719,6767.492,6646.804,14771.014,130.25400000000002
2025-10-15 21:13:00,10/15,학습,341.347,4.212,3509.757,14782.409,18292.166,0.7130121680518213,0.7161049170197458,31.04399999999987,2623.306,2567.262,37.837,470.761,8353.643,6764.984,6682.142,14782.409,129.41400000000004
2025-10-15 21:14:00,10/15,학습,341.33,4.229,3498.491,14793.766,18292.257,0.7078679262304401,0.7133569003802527,31.01800000000003,2623.316,2567.298,37.839,469.923,8160.433,6755.375,6699.963,14793.766,128.59300000000002
2025-10-15 21:15:00,10/15,학습,341.315,4.245,3487.381,14805.416,18292.797,0.7041151523623841,0.7106256428712506,30.99199999999973,2623.31,2567.318,37.841,469.102,8077.192,6755.309,6717.198,14805.416,127.78699999999998
2025-10-15 21:16:00,10/15,학습,341.299,4.262,3476.31,14816.771,18293.081,0.7039634487160444,0.7079378026361925,30.968000000000306,2623.32,2567.352,37.843,468.292,8345.982,6746.09,6732.662,14816.771,126.993
2025-10-15 21:17:00,10/15,학습,341.285,4.279,3465.374,14828.436,18293.81,0.6978994884266301,0.7053710171407688,30.94400000000041,2623.318,2567.374,37.846,467.5,8028.4,6743.058,6740.181,14828.436,126.21499999999996
2025-10-15 21:18:00,10/15,학습,341.271,4.296,3454.508,14839.891,18294.399,0.7000020822807678,0.7028334077940063,30.920000000000076,2623.323,2567.403,37.849,466.723,8507.382,6736.863,6752.49,14839.891,125.452
2025-10-15 21:19:00,10/15,학습,341.258,4.313,3443.705,14851.342,18295.047,0.6948272659876431,0.7003321757152884,30.89800000000014,2623.335,2567.437,37.852,465.962,8273.136,6725.656,6751.401,14851.342,124.704
2025-10-15 21:20:00,10/15,학습,341.246,4.329,3433.044,14863.035,18296.079,0.6925165575269598,0.6979087717153748,30.876000000000204,2623.333,2567.457,37.856,465.216,8301.025,6723.296,6753.607,14863.035,123.97000000000004
2025-10-15 21:21:00,10/15,학습,341.234,4.346,3422.405,14874.377,18296.782,0.6920110933093766,0.6955321276412402,30.855000000000015,2623.349,2567.494,37.86,464.482,8525.365,6710.117,6752.698,14874.377,123.24800000000003
2025-10-15 21:22:00,10/15,학습,341.224,4.363,3411.9,14886.056,18297.956,0.6861152778663561,0.6932783523972214,30.83500000000004,2623.351,2567.516,37.865,463.764,8172.374,6704.763,6745.497,14886.056,122.54000000000002
2025-10-15 21:23:00,10/15,학습,341.213,4.38,3401.462,14897.536,18298.998,0.6880166583042747,0.6909801653183482,30.81500000000005,2623.358,2567.543,37.869,463.057,8639.322,6697.441,6745.992,14897.536,121.844
2025-10-15 21:24:00,10/15,학습,341.203,4.397,3391.061,14908.9,18299.961,0.6841587620619684,0.6887731719600245,30.79600000000028,2623.376,2567.58,37.874,462.364,8500.768,6682.168,6734.034,14908.9,121.161
2025-10-15 21:25:00,10/15,학습,341.195,4.413,3380.808,14920.592,18301.4,0.6803288276937942,0.6865847237024855,30.777000000000044,2623.376,2567.599,37.879,461.684,8343.046,6678.127,6724.085,14920.592,120.48900000000005
2025-10-15 21:26:00,10/15,학습,341.186,4.43,3370.575,14931.904,18302.479,0.6820319010898849,0.6844961315080808,30.75900000000001,2623.393,2567.634,37.885,461.013,8791.108,6664.754,6717.497,14931.904,119.827
2025-10-15 21:27:00,10/15,학습,341.178,4.447,3360.432,14943.393,18303.825,0.6763025042922759,0.6823891430915173,30.740999999999985,2623.405,2567.664,37.89,460.356,8423.74,6652.944,6700.0,14943.393,119.178
2025-10-15 21:28:00,10/15,학습,341.171,4.464,3350.386,14954.892,18305.278,0.6766328002246926,0.6803760638605341,30.723999999999705,2623.412,2567.688,37.896,459.709,8714.094,6645.144,6690.128,14954.892,118.538
2025-10-15 21:29:00,10/15,학습,341.163,4.48,3340.362,14966.155,18306.517,0.6742224997657965,0.6783395819032081,30.70700000000033,2623.434,2567.727,37.902,459.072,8707.683,6627.91,6672.63,14966.155,117.909
2025-10-15 21:30:00,10/15,학습,341.157,4.497,3330.471,14977.737,18308.208,0.6703833889999458,0.676384771930255,30.69100000000026,2623.438,2567.747,37.908,458.446,8518.169,6621.061,6655.373,14977.737,117.28900000000004
2025-10-15 21:31:00,10/15,학습,341.151,4.514,3320.602,14988.968,18309.57,0.672107000207933,0.6744261066315616,30.674999999999727,2623.457,2567.782,37.914,457.827,8984.222,6605.968,6642.373,14988.968,116.676
2025-10-15 21:32:00,10/15,학습,341.145,4.531,3310.802,15000.283,18311.085,0.6672500929471804,0.672567091134207,30.65899999999965,2623.477,2567.818,37.921,457.22,8670.167,6589.588,6617.565,15000.283,116.07500000000005
2025-10-15 21:33:00,10/15,학습,341.14,4.547,3301.132,15011.815,18312.947,0.6648676025319794,0.6706495544827256,30.643999999999775,2623.479,2567.835,37.927,456.621,8636.065,6584.316,6600.898,15011.815,115.481
2025-10-15 21:34:00,10/15,학습,341.134,4.564,3291.461,15022.934,18314.395,0.6663972184269025,0.6688080719379434,30.628999999999905,2623.5,2567.871,37.934,456.026,9083.287,6567.774,6586.266,15022.934,114.892
2025-10-15 21:35:00,10/15,학습,341.129,4.581,3281.859,15034.156,18316.015,0.6615973526090904,0.6670060244366103,30.613999999999574,2623.519,2567.905,37.941,455.443,8756.721,6550.759,6559.06,15034.156,114.31399999999996
2025-10-15 21:36:00,10/15,학습,341.125,4.598,3272.372,15045.535,18317.907,0.6603154650592586,0.6652332576053671,30.59999999999991,2623.525,2567.925,37.948,454.867,8846.816,6542.569,6539.648,15045.535,113.74200000000002
2025-10-15 21:37:00,10/15,학습,341.12,4.614,3262.885,15056.556,18319.441,0.6608892546960445,0.6634741528577308,30.58600000000024,2623.55,2567.964,37.956,454.294,9180.265,6522.775,6518.559,15056.556,113.17399999999998
2025-10-15 21:38:00,10/15,학습,341.116,4.631,3253.493,15067.786,18321.279,0.6556420914316149,0.6617226540723509,30.572999999999865,2623.566,2567.993,37.963,453.732,8774.435,6507.539,6488.356,15067.786,112.61600000000004
2025-10-15 21:39:00,10/15,학습,341.113,4.648,3244.192,15079.043,18323.235,0.6554138915864811,0.6599906672336805,30.55899999999974,2623.573,2568.014,37.97,453.176,8999.126,6497.988,6468.582,15079.043,112.063
2025-10-15 21:40:00,10/15,학습,341.108,4.665,3234.901,15090.027,18324.928,0.6539866751013663,0.6583078353617385,30.54599999999982,2623.595,2568.049,37.978,452.623,9075.308,6479.036,6444.427,15090.027,111.515
2025-10-15 21:41:00,10/15,학습,341.105,4.682,3225.712,15101.22,18326.932,0.65133452750983,0.6566616576882701,30.53399999999965,2623.604,2568.07,37.986,452.078,8976.672,6467.567,6419.071,15101.22,110.97299999999996
2025-10-15 21:42:00,10/15,학습,341.101,4.698,3216.547,15112.158,18328.705,0.6508179779299526,0.6549107460403397,30.519999999999985,2623.623,2568.103,37.993,451.537,9180.276,6449.526,6394.812,15112.158,110.43599999999998
2025-10-15 21:43:00,10/15,학습,341.098,4.715,3207.475,15123.286,18330.761,0.6472892600695915,0.6532752652580581,30.508000000000266,2623.632,2568.124,38.001,451.001,8958.467,6437.71,6367.836,15123.286,109.90299999999996
2025-10-15 21:44:00,10/15,학습,341.095,4.732,3198.428,15134.161,18332.589,0.6491731654554334,0.6516321282911295,30.49599999999964,2623.651,2568.155,38.009,450.469,9485.697,6419.806,6352.7,15134.161,109.37399999999997
2025-10-15 21:45:00,10/15,학습,341.092,4.748,3189.375,15144.656,18334.031000000003,0.6438220664508872,0.6500392999300019,30.485000000000127,2623.685,2568.2,38.018,449.945,9014.134,6391.463,6316.419,15144.656,108.853
2025-10-15 21:46:00,10/15,학습,341.092,4.765,3180.505,15155.909,18336.414,0.642909968624983,0.6484415592019214,30.471999999999756,2623.682,2568.21,38.026,449.424,9137.973,6385.63,6299.434,15155.909,108.332
2025-10-15 21:47:00,10/15,학습,341.09,4.782,3171.655,15166.872,18338.527,0.6415754000080235,0.6468236995808238,30.460999999999785,2623.694,2568.233,38.034,448.905,9216.682,6370.989,6287.783,15166.872,107.815
2025-10-15 21:48:00,10/15,학습,341.088,4.799,3162.864,15177.804,18340.668,0.6400508429838834,0.6453088058356192,30.450000000000276,2623.706,2568.256,38.043,448.396,9254.774,6355.508,6278.951,15177.804,107.308
2025-10-15 21:49:00,10/15,학습,341.086,4.815,3154.126,15188.662,18342.788,0.6385126921484375,0.6437895906373824,30.43899999999985,2623.718,2568.279,38.052,447.894,9288.432,6339.724,6271.892,15188.662,106.808
2025-10-15 21:50:00,10/15,학습,341.084,4.832,3145.439,15199.482,18344.921,0.6368942530798533,0.6422322438906841,30.427999999999884,2623.729,2568.301,38.06,447.396,9320.051,6323.749,6265.936,15199.482,106.312
2025-10-15 21:51:00,10/15,학습,341.082,4.849,3136.805,15210.259,18347.064,0.6353272815827337,0.6407344964967289,30.41699999999992,2623.74,2568.323,38.069,446.899,9350.458,6307.638,6260.659,15210.259,105.817
2025-10-15 21:52:00,10/15,학습,341.079,4.866,3128.221,15220.983,18349.204,0.633688842718402,0.6391738211267115,30.407000000000156,2623.751,2568.344,38.077,446.406,9379.937,6291.429,6255.788,15220.983,105.327
2025-10-15 21:53:00,10/15,학습,341.076,4.882,3119.686,15231.662,18351.348,0.6321132525701717,0.6376565230677039,30.396000000000186,2623.76,2568.364,38.086,445.915,9408.694,6275.15,6251.152,15231.662,104.839
2025-10-15 21:54:00,10/15,학습,341.073,4.899,3111.202,15242.301,18353.503,0.6305316802092715,0.6361607055172281,30.385999999999967,2623.768,2568.382,38.095,445.426,9436.867,6258.824,6246.645,15242.301,104.353
2025-10-15 21:55:00,10/15,학습,341.071,4.916,3102.768,15252.898,18355.666,0.6289427223616606,0.6346608538797498,30.37599999999975,2623.776,2568.4,38.104,444.939,9464.536,6242.468,6242.203,15252.898,103.868
2025-10-15 21:56:00,10/15,학습,341.068,4.933,3094.384,15263.454,18357.838,0.6273546812170587,0.633164484502283,30.365999999999985,2623.782,2568.416,38.113,444.455,9491.763,6226.097,6237.788,15263.454,103.387
2025-10-15 21:57:00,10/15,학습,341.066,4.949,3086.049,15273.968,18360.017,0.6257682889012796,0.6316500063846612,30.356000000000225,2623.786,2568.43,38.122,443.974,9518.601,6209.725,6233.381,15273.968,102.90800000000002
2025-10-15 21:58:00,10/15,학습,341.063,4.966,3077.762,15284.44,18362.202,0.6241883060200357,0.63016551999483,30.346000000000004,2623.789,2568.443,38.131,443.497,9545.09,6193.362,6228.974,15284.44,102.43400000000004
2025-10-15 21:59:00,10/15,학습,341.061,4.983,3069.524,15294.868,18364.392,0.6226122499644089,0.6286862426982524,30.33600000000024,2623.789,2568.453,38.14,443.023,9571.262,6177.017,6224.564,15294.868,101.96200000000005
2025-10-15 22:00:00,10/15,학습,341.063,4.994,3063.545,15300.246,18363.791,0.6210556774164424,0.6271699735223254,30.326000000000025,2623.79,2568.464,38.15,442.555,9597.395,6160.644,6220.157,15300.246,101.49200000000002
2025-10-15 22:01:00,10/15,학습,341.075,4.998,3061.324,15299.75,18361.074,0.6194571156037626,0.6255763142055679,30.320999999999916,2623.793,2568.472,38.158,442.128,9625.42,6143.956,6215.782,15299.75,101.053
2025-10-15 22:02:00,10/15,학습,341.093,4.999,3060.431,15299.439,18359.87,0.6183177810541916,0.6244187387897857,30.320999999999916,2623.794,2568.473,38.166,441.795,9652.579,6126.854,6211.452,15299.439,100.702
2025-10-15 22:03:00,10/15,학습,341.114,5.0,3060.109,15299.624,18359.733,0.6178647526761332,0.6239861665223494,30.32400000000007,2623.792,2568.468,38.174,441.599,9673.164,6109.513,6207.104,15299.624,100.485
2025-10-15 22:04:00,10/15,학습,341.138,5.0,3060.03,15299.95,18359.98,0.6178548581437114,0.6240169877214294,30.32900000000018,2623.788,2568.459,38.179,441.535,9685.636,6092.226,6202.661,15299.95,100.39700000000003
2025-10-15 22:05:00,10/15,학습,341.165,5.0,3060.051,15300.33,18360.381,0.6182364200428321,0.6244644446966251,30.33500000000004,2623.781,2568.446,38.183,441.563,9691.994,6075.247,6198.097,15300.33,100.39799999999995
2025-10-15 22:06:00,10/15,학습,341.193,5.0,3060.115,15300.729,18360.844,0.6188584794352406,0.6251655304122022,30.33999999999969,2623.769,2568.429,38.186,441.652,9694.744,6058.735,6193.442,15300.729,100.459
2025-10-15 22:07:00,10/15,학습,341.22,5.0,3060.192,15301.079,18361.271,0.6196973654645255,0.6260862710879141,30.34400000000005,2623.752,2568.408,38.189,441.782,9695.722,6042.765,6188.754,15301.079,100.56199999999995
2025-10-15 22:08:00,10/15,학습,341.247,5.0,3060.266,15301.356,18361.622,0.620592907479474,0.6270629398376866,30.34900000000016,2623.73,2568.381,38.191,441.935,9696.199,6027.355,6184.095,15301.356,100.688
2025-10-15 22:09:00,10/15,학습,341.273,5.0,3060.332,15301.564,18361.896,0.6214784817764002,0.6280260813504831,30.35199999999986,2623.701,2568.349,38.192,442.098,9696.935,6012.485,6179.522,15301.564,100.825
2025-10-15 22:10:00,10/15,학습,341.297,5.0,3060.387,15301.698,18362.085,0.6223890822018314,0.629008402760965,30.355000000000015,2623.664,2568.309,38.193,442.263,9698.195,5998.119,6175.08,15301.698,100.96599999999997
2025-10-15 22:11:00,10/15,학습,341.323,5.0,3060.45,15301.308,18361.758,0.623330097590691,0.6300164595934675,30.35699999999997,2623.594,2568.237,38.194,442.426,9699.892,5984.215,6170.794,15301.308,101.103
2025-10-15 22:12:00,10/15,학습,341.352,4.999,3060.471,15300.549,18361.02,0.6241672841899976,0.630898549537513,30.357000000000426,2623.452,2568.095,38.193,442.581,9701.565,5970.727,6166.673,15300.549,101.22900000000004
2025-10-15 22:13:00,10/15,학습,341.381,4.999,3060.434,15299.641,18360.075,0.6250262862110776,0.6318223517753147,30.35699999999997,2623.269,2567.912,38.192,442.731,9702.814,5957.643,6162.711,15299.641,101.35000000000002
2025-10-15 22:14:00,10/15,학습,341.412,4.999,3060.351,15298.303,18358.654,0.6258950342397903,0.6327585405660969,30.356000000000225,2623.03,2567.674,38.19,442.885,9703.069,5944.964,6158.892,15298.303,101.473
2025-10-15 22:15:00,10/15,학습,341.446,4.998,3060.209,15296.339,18356.548,0.6267332317014036,0.6336462502854238,30.353000000000065,2622.715,2567.362,38.186,443.045,9702.163,5932.696,6155.194,15296.339,101.599
2025-10-15 22:16:00,10/15,학습,341.485,4.998,3059.997,15293.569,18353.566,0.6276126008243346,0.6345992266711191,30.346999999999756,2622.292,2566.945,38.181,443.204,9700.107,5920.84,6151.599,15293.569,101.719
2025-10-15 22:17:00,10/15,학습,341.533,4.997,3059.695,15289.625,18349.32,0.6285404405870941,0.6355822675225337,30.338999999999945,2621.715,2566.376,38.174,443.367,9696.559,5909.391,6148.087,15289.625,101.834
2025-10-15 22:18:00,10/15,학습,341.593,4.996,3059.271,15283.907,18343.178,0.6295031014862612,0.6366067172999027,30.326000000000025,2620.907,2565.581,38.163,443.543,9690.923,5898.35,6144.633,15283.907,101.95
2025-10-15 22:19:00,10/15,학습,341.674,4.994,3058.669,15275.48,18334.149,0.6305966937654872,0.637748003201966,30.30600000000004,2619.75,2564.444,38.147,443.739,9682.403,5887.711,6141.204,15275.48,102.065
2025-10-15 22:20:00,10/15,학습,341.788,4.991,3057.803,15262.868,18320.671,0.6318857459042108,0.6390747650487274,30.27599999999984,2618.053,2562.777,38.123,443.968,9669.743,5877.467,6137.762,15262.868,102.18
2025-10-15 22:21:00,10/15,학습,341.953,4.987,3056.525,15243.898,18300.423,0.6335239342708814,0.6407468579327522,30.230999999999767,2615.526,2560.295,38.087,444.253,9650.897,5867.605,6134.249,15243.898,102.3
2025-10-15 22:22:00,10/15,학습,342.192,4.981,3054.566,15216.07,18270.636,0.6357611106041339,0.6429989445393471,30.16400000000021,2611.782,2556.618,38.034,444.629,9622.771,5858.119,6130.587,15216.07,102.437
2025-10-15 22:23:00,10/15,학습,342.521,4.974,3051.469,15178.396,18229.865,0.6388350926816714,0.6461005014176467,30.07200000000012,2606.487,2551.415,37.958,445.154,9581.409,5849.065,6126.669,15178.396,102.63299999999998
2025-10-15 22:24:00,10/15,학습,342.919,4.968,3046.654,15134.591,18181.245,0.643498757746107,0.6508483896391637,29.960999999999785,2599.736,2544.775,37.865,445.912,9523.594,5840.666,6122.369,15134.591,102.993
2025-10-15 22:25:00,10/15,학습,343.317,4.965,3039.883,15092.895,18132.778,0.6500844434679884,0.657617840184781,29.850999999999654,2592.352,2537.501,37.765,447.009,9450.337,5833.398,6117.59,15092.895,103.692
2025-10-15 22:26:00,10/15,학습,343.635,4.967,3031.757,15059.853,18091.61,0.6584986697411205,0.6663496232566243,29.75500000000011,2585.52,2530.765,37.672,448.493,9370.372,5827.826,6112.355,15059.853,104.858
2025-10-15 22:27:00,10/15,학습,343.835,4.973,3023.451,15036.552,18060.003,0.6677847365781632,0.6760013036875925,29.677999999999884,2580.103,2525.425,37.594,450.247,9300.696,5824.159,6106.893,15036.552,106.41200000000003
2025-10-15 22:28:00,10/15,학습,343.92,4.98,3016.018,15021.056,18037.074,0.676267287218135,0.6846814051530388,29.61299999999983,2576.364,2521.751,37.531,451.976,9261.822,5821.893,6101.669,15021.056,108.05599999999998
2025-10-15 22:29:00,10/15,학습,343.913,4.987,3010.053,15011.133,18021.186,0.6826615300943384,0.69094058187584,29.559999999999945,2574.119,2519.559,37.483,453.355,9268.325,5819.824,6097.274,15011.133,109.442
2025-10-15 22:30:00,10/15,학습,343.839,4.992,3005.686,15005.015,18010.701,0.6864330818253964,0.6941617499287189,29.514999999999876,2572.988,2518.473,37.449,454.199,9321.234,5816.448,6094.205,15005.015,110.36
2025-10-15 22:31:00,10/15,학습,343.723,4.996,3002.734,15001.41,18004.144,0.6875127016433834,0.6944346207485901,29.47700000000032,2572.588,2518.111,37.425,454.487,9408.442,5810.479,6092.669,15001.41,110.764
2025-10-15 22:32:00,10/15,학습,343.585,4.998,3000.884,14999.424,18000.308,0.6863282946618287,0.6923563588339635,29.44700000000012,2572.621,2518.174,37.409,454.304,9511.218,5801.202,6092.522,14999.424,110.719
2025-10-15 22:33:00,10/15,학습,343.438,5.0,2999.819,14998.458,17998.277000000002,0.6834102620986593,0.6887045207039499,29.42100000000028,2572.876,2518.455,37.399,453.774,9611.011,5788.576,6093.358,14998.458,110.336
2025-10-15 22:34:00,10/15,학습,343.292,5.001,2999.277,14998.106,17997.383,0.6792551541754163,0.6840578689080611,29.399000000000346,2573.222,2518.823,37.393,453.018,9693.645,5773.119,6094.632,14998.106,109.726
2025-10-15 22:35:00,10/15,학습,343.152,5.001,2999.06,14998.101,17997.161,0.6743696693450697,0.678957934055743,29.380999999999855,2573.584,2519.203,37.39,452.141,9750.942,5755.71,6095.801,14998.101,108.98900000000005
2025-10-15 22:36:00,10/15,학습,343.022,5.001,2999.032,14998.272,17997.304,0.6691308021785625,0.6737861315858699,29.36499999999978,2573.921,2519.556,37.389,451.218,9780.447,5737.373,6096.403,14998.272,108.19600000000004
2025-10-15 22:37:00,10/15,학습,342.902,5.001,2999.104,14998.517,17997.621,0.6637467601384783,0.6686916873531028,29.351000000000116,2574.216,2519.865,37.388,450.303,9784.109,5719.096,6096.11,14998.517,107.401
2025-10-15 22:38:00,10/15,학습,342.793,5.001,2999.221,14998.778,17997.999,0.6584526676015481,0.6638356476366457,29.338000000000196,2574.462,2520.124,37.387,449.426,9766.648,5701.707,6094.729,14998.778,106.63299999999998
2025-10-15 22:39:00,10/15,학습,342.694,5.001,2999.351,14999.024,17998.375,0.6534959399596032,0.6593926781606302,29.32699999999977,2574.662,2520.335,37.387,448.607,9734.089,5685.814,6092.185,14999.024,105.913
2025-10-15 22:40:00,10/15,학습,342.603,5.001,2999.476,14999.238,17998.714,0.6488871228293142,0.6553167400338367,29.317000000000007,2574.821,2520.504,37.387,447.852,9692.637,5671.786,6088.483,14999.238,105.24899999999997
2025-10-15 22:41:00,10/15,학습,342.521,5.0,2999.586,14999.416,17999.002,0.6446711919793635,0.6515834857494663,29.30699999999979,2574.944,2520.637,37.387,447.162,9647.93,5659.769,6083.668,14999.416,104.64099999999996
2025-10-15 22:42:00,10/15,학습,342.447,5.0,2999.679,14999.557,17999.236,0.6408682653759348,0.6482335378337709,29.299000000000436,2575.039,2520.74,37.387,446.536,9604.606,5649.724,6077.793,14999.557,104.089
2025-10-15 22:43:00,10/15,학습,342.378,5.0,2999.753,14999.664,17999.417,0.6374571474660886,0.6452029373737762,29.289999999999964,2575.111,2520.821,37.387,445.968,9566.119,5641.469,6070.878,14999.664,103.59000000000005
2025-10-15 22:44:00,10/15,학습,342.315,5.0,2999.81,14999.741,17999.551,0.6343424215500018,0.6423899115429806,29.2829999999999,2575.167,2520.884,37.386,445.453,9534.73,5634.731,6062.885,14999.741,103.13799999999998
2025-10-15 22:45:00,10/15,학습,342.257,5.0,2999.852,14999.794,17999.646,0.6316334982169264,0.639903295709071,29.27599999999984,2575.211,2520.935,37.386,444.985,9511.606,5629.181,6053.689,14999.794,102.728
2025-10-15 22:46:00,10/15,학습,342.202,5.0,2999.88,14999.826,17999.706,0.6291473743051099,0.637567807616738,29.269999999999985,2575.248,2520.978,37.385,444.559,9496.989,5624.482,6043.06,14999.826,102.35700000000004
2025-10-15 22:47:00,10/15,학습,342.152,5.0,2999.898,14999.844,17999.742,0.6269974054726392,0.6355058139612101,29.264000000000124,2575.28,2521.016,37.385,444.171,9490.403,5620.311,6030.647,14999.844,102.019
2025-10-15 22:48:00,10/15,학습,342.105,5.0,2999.908,14999.85,17999.758,0.6249959309981499,0.6335426025493838,29.25799999999981,2575.31,2521.052,37.384,443.816,9490.86,5616.382,6015.973,14999.85,101.71099999999996
2025-10-15 22:49:00,10/15,학습,342.062,5.0,2999.911,14999.85,17999.761,0.6232624074413319,0.6318090625461383,29.25400000000036,2575.34,2521.086,37.384,443.491,9497.07,5612.459,5998.464,14999.85,101.42899999999996
2025-10-15 22:50:00,10/15,학습,342.021,5.0,2999.911,14999.844,17999.754999999997,0.6217022464412847,0.6302228030773906,29.24900000000025,2575.371,2521.122,37.384,443.195,9507.623,5608.366,5977.519,14999.844,101.17399999999998
2025-10-15 22:51:00,10/15,학습,341.983,5.0,2999.908,14999.837,17999.745,0.6202135337960554,0.6286926034674841,29.24499999999989,2575.403,2521.158,37.383,442.924,9521.164,5603.979,5952.671,14999.837,100.94099999999996
2025-10-15 22:52:00,10/15,학습,341.948,5.0,2999.904,14999.829,17999.733,0.6189292050636638,0.6273585400953641,29.24199999999973,2575.437,2521.195,37.383,442.677,9536.52,5599.224,5923.796,14999.829,100.72900000000004
2025-10-15 22:53:00,10/15,학습,341.916,5.0,2999.899,14999.822,17999.721,0.6177689840272726,0.6261466702797153,29.239000000000036,2575.473,2521.234,37.383,442.454,9552.76,5594.068,5891.295,14999.822,100.538
2025-10-15 22:54:00,10/15,학습,341.886,5.0,2999.895,14999.816,17999.711,0.616636404850789,0.6249655087805649,29.23700000000008,2575.51,2521.273,37.382,442.251,9569.167,5588.506,5856.065,14999.816,100.36499999999997
2025-10-15 22:55:00,10/15,학습,341.859,5.0,2999.892,14999.812,17999.703999999998,0.6156791853797037,0.6239644362145141,29.233999999999924,2575.548,2521.314,37.382,442.069,9585.171,5582.558,5819.248,14999.812,100.21000000000004
2025-10-15 22:56:00,10/15,학습,341.834,5.0,2999.889,14999.81,17999.699,0.6148199193495417,0.6230687859842184,29.23300000000017,2575.587,2521.354,37.382,441.907,9600.3,5576.261,5781.912,14999.81,100.07299999999998
2025-10-15 22:57:00,10/15,학습,341.812,5.0,2999.888,14999.81,17999.698,0.6139704236154758,0.6221926811119719,29.23199999999997,2575.627,2521.395,37.381,441.763,9614.195,5569.667,5744.866,14999.81,99.95099999999996
2025-10-15 22:58:00,10/15,학습,341.791,5.0,2999.888,14999.813,17999.701,0.613269914316142,0.6214745075945307,29.231000000000225,2575.666,2521.435,37.381,441.635,9626.625,5562.835,5708.65,14999.813,99.844
2025-10-15 22:59:00,10/15,학습,341.773,5.0,2999.889,14999.817,17999.706,0.6126488303727621,0.6208452497627703,29.230000000000015,2575.705,2521.475,37.381,441.524,9637.489,5555.828,5673.594,14999.817,99.75099999999998
2025-10-15 23:00:00,10/15,학습,341.767,5.0,2999.889,14999.818,17999.707,0.6124559527909639,0.6206515830834421,29.230000000000015,2575.718,2521.488,37.381,441.49,9640.776,5553.465,5662.19,14999.818,99.723
2025-10-16 15:00:00,10/16,학습,341.321,5.0,3000.054,14999.86,17999.914,0.605851096792247,0.6153638195362381,29.213000000000196,2575.766,2521.553,37.375,440.582,9671.627,5328.468,5114.955,14999.86,99.26099999999995
2025-10-16 15:01:00,10/16,학습,341.201,5.0,2999.536,14998.122,17997.658,0.6047196022675937,0.6141971667171572,29.19000000000005,2575.987,2521.797,37.36,440.624,9675.67,5328.375,5115.242,14998.122,99.423
2025-10-16 15:02:00,10/16,학습,341.118,5.001,2998.992,14997.451,17996.443,0.6012541158987518,0.6106470175129264,29.162000000000265,2576.407,2522.245,37.346,440.242,9693.914,5327.857,5117.615,14997.451,99.12400000000002
2025-10-16 15:03:00,10/16,학습,341.014,5.001,2999.107,14998.692,17997.799,0.596633201821481,0.6058939289971695,29.152999999999796,2576.689,2522.536,37.349,439.365,9725.032,5326.437,5121.986,14998.692,98.351
2025-10-16 15:04:00,10/16,학습,340.917,5.001,2999.433,14999.311,17998.744,0.5928112750288478,0.6020036492748555,29.148999999999887,2576.817,2522.668,37.354,438.59,9746.963,5324.124,5118.973,14999.311,97.673
2025-10-16 15:05:00,10/16,학습,340.837,5.0,2999.577,14999.337,17998.914,0.5893887436526077,0.5985630011061234,29.140000000000327,2576.927,2522.787,37.354,437.971,9754.567,5321.4,5103.366,14999.337,97.134
2025-10-16 15:06:00,10/16,학습,340.766,5.0,2999.672,14999.522,17999.194,0.5860666578207356,0.5952678299182026,29.13299999999981,2577.019,2522.886,37.354,437.373,9755.462,5318.633,5079.747,14999.522,96.60699999999996
2025-10-16 15:07:00,10/16,학습,340.699,5.0,2999.778,14999.728,17999.505999999998,0.5830687316753475,0.5923091643759495,29.126999999999956,2577.074,2522.947,37.355,436.817,9752.651,5315.996,5052.293,14999.728,96.118
2025-10-16 15:08:00,10/16,학습,340.64,5.0,2999.852,14999.81,17999.662,0.5803886243987364,0.5896741384231471,29.12100000000009,2577.109,2522.988,37.355,436.332,9747.076,5313.599,5022.816,14999.81,95.692
2025-10-16 15:09:00,10/16,학습,340.587,5.0,2999.894,14999.853,17999.747,0.5780796509374063,0.5874071362876643,29.115999999999985,2577.137,2523.021,37.356,435.901,9740.85,5311.492,4993.039,14999.853,95.31400000000002
2025-10-16 15:10:00,10/16,학습,340.538,5.0,2999.923,14999.893,17999.816,0.5759360364608526,0.5852973519475796,29.11100000000033,2577.157,2523.046,37.356,435.512,9735.749,5309.653,4964.512,14999.893,94.974
2025-10-16 15:11:00,10/16,학습,340.494,5.0,2999.942,14999.915,17999.857,0.5740256303883942,0.5834105729816197,29.10699999999997,2577.173,2523.066,37.356,435.164,9732.606,5308.019,4938.106,14999.915,94.66999999999996
2025-10-16 15:12:00,10/16,학습,340.453,5.0,2999.953,14999.924,17999.877,0.5723254151074005,0.5817237038203452,29.103000000000065,2577.186,2523.083,37.356,434.853,9731.831,5306.506,4914.236,14999.924,94.40000000000003
2025-10-16 15:13:00,10/16,학습,340.415,5.0,2999.958,14999.927,17999.885,0.5707952132443808,0.5801973880156149,29.09999999999991,2577.199,2523.099,37.356,434.572,9733.567,5305.024,4893.074,14999.927,94.15699999999998
2025-10-16 15:14:00,10/16,학습,340.381,5.0,2999.961,14999.928,17999.889,0.569427273609622,0.5788254931093758,29.096000000000004,2577.211,2523.115,37.356,434.32,9737.659,5303.486,4874.588,14999.928,93.93900000000002
2025-10-16 15:15:00,10/16,학습,340.35,5.0,2999.961,14999.926,17999.887,0.5681931238059358,0.5775815147105143,29.093000000000306,2577.224,2523.131,37.356,434.092,9743.752,5301.818,4858.592,14999.926,93.74199999999996
2025-10-16 15:16:00,10/16,학습,340.321,5.0,2999.96,14999.923,17999.883,0.5670059651428955,0.5763808735114566,29.09099999999989,2577.238,2523.147,37.355,433.886,9751.403,5299.962,4844.823,14999.923,93.565
2025-10-16 15:17:00,10/16,학습,340.294,5.0,2999.958,14999.92,17999.878,0.5660074334930157,0.575366599530638,29.088999999999945,2577.252,2523.163,37.355,433.701,9760.134,5297.88,4832.986,14999.92,93.40700000000004
2025-10-16 15:18:00,10/16,학습,340.27,5.0,2999.956,14999.917,17999.873,0.5651044927878754,0.5744474685466392,29.08699999999999,2577.267,2523.18,37.355,433.534,9769.477,5295.549,4822.78,14999.917,93.264
2025-10-16 15:19:00,10/16,학습,340.247,5.0,2999.954,14999.915,17999.869000000002,0.5642852653328294,0.5736128591376674,29.08500000000004,2577.283,2523.198,37.355,433.383,9779.013,5292.966,4813.923,14999.915,93.13599999999995
2025-10-16 15:20:00,10/16,학습,340.227,5.0,2999.952,14999.913,17999.865,0.5635501539906522,0.5728640832497494,29.084000000000287,2577.3,2523.216,37.355,433.248,9788.385,5290.14,4806.162,14999.913,93.02100000000002
2025-10-16 15:21:00,10/16,학습,340.208,5.0,2999.951,14999.912,17999.863,0.5628878332442526,0.5721904692173182,29.083000000000084,2577.317,2523.234,37.355,433.127,9797.317,5287.09,4799.281,14999.912,92.91899999999998
2025-10-16 15:22:00,10/16,학습,340.191,5.0,2999.95,14999.913,17999.863,0.5622169061179606,0.5715113326535212,29.08099999999968,2577.334,2523.253,37.354,433.019,9805.608,5283.844,4793.102,14999.913,92.82800000000005
2025-10-16 15:23:00,10/16,학습,340.175,5.0,2999.95,14999.914,17999.864,0.5616779747033204,0.5709667031089526,29.08099999999968,2577.352,2523.271,37.354,432.922,9813.128,5280.436,4787.487,14999.914,92.747
2025-10-16 15:24:00,10/16,학습,340.161,5.0,2999.95,14999.916,17999.865999999998,0.5611954551901701,0.5704812681513243,29.079999999999927,2577.369,2523.289,37.354,432.836,9819.813,5276.899,4782.326,14999.916,92.675
2025-10-16 15:25:00,10/16,학습,340.148,5.0,2999.951,14999.919,17999.87,0.5607641669357456,0.570049679238438,29.07900000000018,2577.386,2523.307,37.354,432.76,9825.65,5273.27,4777.544,14999.919,92.61199999999997
2025-10-16 15:26:00,10/16,학습,340.136,5.0,2999.952,14999.923,17999.875,0.5603747821190559,0.5696623687517776,29.078999999999724,2577.403,2523.324,37.354,432.692,9830.665,5269.58,4773.083,14999.923,92.55599999999998
2025-10-16 15:27:00,10/16,학습,340.126,5.0,2999.954,14999.927,17999.881,0.5599584345438836,0.5692505336712406,29.078999999999724,2577.419,2523.34,37.353,432.633,9834.913,5265.862,4768.906,14999.927,92.507
2025-10-16 15:28:00,10/16,학습,340.116,5.0,2999.956,14999.932,17999.888,0.5596527632059564,0.5689506675810492,29.07799999999997,2577.434,2523.356,37.353,432.581,9838.47,5262.142,4764.988,14999.932,92.46500000000005
2025-10-16 15:29:00,10/16,학습,340.107,5.0,2999.958,14999.937,17999.895,0.5593792524036315,0.5686843532813659,29.07799999999997,2577.449,2523.371,37.353,432.535,9841.418,5258.443,4761.314,14999.937,92.428
2025-10-16 15:30:00,10/16,학습,340.099,5.0,2999.961,14999.943,17999.904,0.5591340002989167,0.5684473941466672,29.07799999999997,2577.462,2523.384,37.353,432.494,9843.843,5254.786,4757.872,14999.943,92.39500000000004
2025-10-16 15:31:00,10/16,학습,340.092,5.0,2999.964,14999.949,17999.913,0.5589203697243642,0.5682428223405273,29.07799999999997,2577.475,2523.397,37.353,432.459,9845.829,5251.187,4754.654,14999.949,92.36700000000002
2025-10-16 15:32:00,10/16,학습,340.085,5.0,2999.967,14999.955,17999.922,0.5586488634487599,0.5679813722343863,29.07799999999997,2577.487,2523.409,37.352,432.427,9847.45,5247.657,4751.654,14999.955,92.34200000000004
2025-10-16 15:33:00,10/16,학습,340.079,5.0,2999.97,14999.961,17999.931,0.5584798898517389,0.5678223688354227,29.07799999999997,2577.498,2523.42,37.352,432.4,9848.775,5244.206,4748.862,14999.961,92.32099999999996
2025-10-16 15:34:00,10/16,학습,340.073,5.0,2999.973,14999.967,17999.940000000002,0.5583226730859823,0.5676753521135248,29.077000000000226,2577.507,2523.43,37.352,432.375,9849.861,5240.84,4746.272,14999.967,92.30200000000002
2025-10-16 15:35:00,10/16,학습,340.068,5.0,2999.976,14999.973,17999.949,0.5581827907168304,0.5675457297063107,29.077000000000226,2577.516,2523.439,37.352,432.353,9850.754,5237.565,4743.872,14999.973,92.28500000000004
2025-10-16 15:36:00,10/16,학습,340.063,5.0,2999.979,14999.979,17999.958,0.5580561222654271,0.5674292912035402,29.07799999999997,2577.524,2523.446,37.352,432.333,9851.493,5234.384,4741.651,14999.979,92.27000000000004
2025-10-16 15:37:00,10/16,학습,340.058,5.0,2999.983,14999.986,17999.969,0.557865709536552,0.567249382922726,29.077000000000226,2577.53,2523.453,37.351,432.315,9852.106,5231.297,4739.597,14999.986,92.257
2025-10-16 15:38:00,10/16,학습,340.054,5.0,2999.986,14999.992,17999.978,0.5577620918099242,0.5671557434819342,29.077000000000226,2577.536,2523.459,37.351,432.299,9852.615,5228.305,4737.696,14999.992,92.245
2025-10-16 15:39:00,10/16,학습,340.05,5.0,2999.989,14999.998,17999.987,0.5576664306923403,0.5670698881256372,29.07699999999977,2577.54,2523.463,37.351,432.284,9853.035,5225.409,4735.935,14999.998,92.23399999999998
2025-10-16 15:40:00,10/16,학습,340.047,5.0,2999.992,15000.004,17999.996,0.5575709239161198,0.5669840287469841,29.076000000000025,2577.543,2523.467,37.351,432.269,9853.377,5222.607,4734.301,15000.004,92.22199999999998
2025-10-16 15:41:00,10/16,학습,340.043,5.0,2999.996,15000.01,18000.006,0.5574876306223087,0.5669101701043112,29.076000000000025,2577.546,2523.47,37.351,432.256,9853.649,5219.899,4732.782,15000.01,92.21299999999997
2025-10-16 15:42:00,10/16,학습,340.04,5.0,2999.999,15000.016,18000.015,0.5574069227415274,0.5668386911079908,29.076000000000025,2577.547,2523.471,37.351,432.243,9853.856,5217.283,4731.364,15000.016,92.20299999999996
2025-10-16 15:43:00,10/16,학습,340.037,5.0,3000.002,15000.022,18000.024,0.5573263967288539,0.5667672092038273,29.075999999999567,2577.548,2523.472,37.351,432.23,9854.001,5214.758,4730.038,15000.022,92.19300000000004
2025-10-16 15:44:00,10/16,학습,340.034,5.0,3000.005,15000.027,18000.032,0.5572538723981715,0.5667035145351853,29.076000000000025,2577.547,2523.471,37.351,432.218,9854.086,5212.323,4728.794,15000.027,92.18400000000004
2025-10-16 15:45:00,10/16,학습,340.032,5.0,3000.008,15000.033,18000.040999999997,0.5571815335807604,0.5666398174525585,29.076000000000025,2577.546,2523.47,37.351,432.206,9854.114,5209.977,4727.622,15000.033,92.17400000000004
2025-10-16 15:46:00,10/16,학습,340.029,5.0,3000.01,15000.038,18000.048000000003,0.5571160105998547,0.5665827170379142,29.075000000000276,2577.543,2523.468,37.351,432.195,9854.087,5207.717,4726.515,15000.038,92.166
2025-10-16 15:47:00,10/16,학습,340.027,5.0,3000.013,15000.043,18000.056,0.557046426057754,0.5665213983532998,29.074999999999815,2577.54,2523.465,37.351,432.183,9854.007,5205.543,4725.468,15000.043,92.156
2025-10-16 15:48:00,10/16,학습,340.025,5.0,3000.016,15000.048,18000.064000000002,0.556978219445062,0.566461268853695,29.075000000000276,2577.536,2523.461,37.351,432.171,9853.875,5203.454,4724.474,15000.048,92.14600000000002
2025-10-16 15:49:00,10/16,학습,340.023,5.0,3000.018,15000.052,18000.07,0.5569168279199327,0.5664077367832316,29.074999999999815,2577.531,2523.456,37.351,432.16,9853.696,5201.446,4723.53,15000.052,92.137
2025-10-16 15:50:00,10/16,학습,340.021,5.0,3000.021,15000.057,18000.078,0.5568501830740781,0.566348794500742,29.07400000000007,2577.525,2523.451,37.351,432.148,9853.471,5199.52,4722.632,15000.057,92.127
2025-10-16 15:51:00,10/16,학습,340.019,5.0,3000.023,15000.061,18000.084,0.556790359603266,0.5662964501006884,29.07399999999961,2577.519,2523.445,37.351,432.137,9853.205,5197.673,4721.776,15000.061,92.118
2025-10-16 15:52:00,10/16,학습,340.017,5.0,3000.025,15000.064,18000.089,0.5567319166443133,0.5662452954793081,29.07400000000007,2577.512,2523.438,37.351,432.126,9852.899,5195.904,4720.962,15000.064,92.10899999999998
2025-10-16 15:53:00,10/16,학습,340.016,5.0,3000.027,15000.068,18000.095,0.5566694401512466,0.5661899216903978,29.07400000000007,2577.504,2523.43,37.351,432.114,9852.558,5194.212,4720.186,15000.068,92.09799999999996
2025-10-16 15:54:00,10/16,학습,340.014,5.0,3000.029,15000.071,18000.1,0.5566125716660701,0.5661399549785696,29.072999999999865,2577.495,2523.422,37.351,432.103,9852.184,5192.593,4719.447,15000.071,92.089
2025-10-16 15:55:00,10/16,학습,340.013,5.0,3000.031,15000.074,18000.105,0.5565504771368107,0.5660845771993108,29.07199999999966,2577.486,2523.414,37.351,432.091,9851.78,5191.048,4718.744,15000.074,92.07800000000005
2025-10-16 15:56:00,10/16,학습,340.012,5.0,3000.033,15000.077,18000.11,0.5564963850340067,0.5660369901555725,29.072999999999865,2577.477,2523.404,37.351,432.08,9851.35,5189.573,4718.076,15000.077,92.06799999999998
2025-10-16 15:57:00,10/16,학습,340.01,5.0,3000.034,15000.079,18000.113,0.556441303019225,0.5659882097027683,29.07200000000012,2577.467,2523.395,37.351,432.069,9850.895,5188.167,4717.441,15000.079,92.05900000000004
2025-10-16 15:58:00,10/16,학습,340.009,5.0,3000.035,15000.081,18000.116,0.5563821907100732,0.5659352093934481,29.070999999999916,2577.456,2523.385,37.351,432.057,9850.419,5186.829,4716.839,15000.081,92.048
2025-10-16 15:59:00,10/16,학습,340.008,5.0,3000.037,15000.083,18000.12,0.5564043195264442,0.5659631051247204,29.071000000000367,2577.445,2523.374,37.352,432.046,9849.924,5185.557,4716.268,15000.083,92.038
2025-10-16 16:00:00,10/16,학습,340.02,5.0,3000.031,15000.061,18000.092,0.556348708941317,0.5659131282933588,29.070999999999916,2577.437,2523.366,37.352,432.035,9849.41,5184.347,4715.729,15000.061,92.01500000000004
2025-10-16 16:01:00,10/16,학습,340.055,5.0,3000.056,15000.19,18000.246,0.5563606031717636,0.5659312943554857,29.07300000000032,2577.418,2523.345,37.353,432.02,9848.68,5183.203,4715.217,15000.19,91.96499999999996
2025-10-16 16:02:00,10/16,학습,340.1,5.0,3000.142,15000.447,18000.589,0.5566737854042558,0.5662538877762822,29.07799999999997,2577.362,2523.284,37.356,432.025,9846.765,5182.151,4714.634,15000.447,91.92499999999995
2025-10-16 16:03:00,10/16,학습,340.156,5.0,3000.239,15000.621,18000.86,0.5574401768550515,0.567035781212537,29.084000000000287,2577.271,2523.187,37.359,432.107,9842.195,5181.26,4713.813,15000.621,91.95100000000002
2025-10-16 16:04:00,10/16,학습,340.222,5.0,3000.302,15000.686,18000.988,0.5587103433732784,0.5683271738100785,29.09100000000035,2577.166,2523.075,37.362,432.28,9835.01,5180.618,4713.115,15000.686,92.058
2025-10-16 16:05:00,10/16,학습,340.298,5.0,3000.34,15000.731,18001.071,0.560296543325341,0.5699377992253735,29.09799999999996,2577.052,2522.954,37.364,432.524,9826.513,5180.285,4713.622,15000.731,92.226
2025-10-16 16:06:00,10/16,학습,340.381,5.0,3000.367,15000.768,18001.135000000002,0.5623208801104499,0.5719880990072693,29.10699999999997,2576.931,2522.824,37.367,432.834,9817.585,5180.277,4716.284,15000.768,92.45300000000005
2025-10-16 16:07:00,10/16,학습,340.471,5.0,3000.385,15000.786,18001.171000000002,0.5645962704509893,0.5742903434951722,29.11499999999978,2576.805,2522.69,37.369,433.204,9808.634,5180.593,4721.598,15000.786,92.733
2025-10-16 16:08:00,10/16,학습,340.568,5.0,3000.397,15000.797,18001.194,0.5671693062758666,0.576890610602029,29.125,2576.677,2522.552,37.371,433.629,9799.95,5181.215,4729.816,15000.797,93.06100000000004
2025-10-16 16:09:00,10/16,학습,340.67,5.0,3000.406,15000.809,18001.215,0.5699960002426652,0.5797446737476178,29.135999999999967,2576.546,2522.41,37.373,434.101,9791.668,5182.123,4741.031,15000.809,93.43099999999998
2025-10-16 16:10:00,10/16,학습,340.777,5.0,3000.414,15000.824,18001.238,0.5730469117270894,0.5828233531014972,29.146000000000186,2576.411,2522.265,37.375,434.615,9783.733,5183.293,4755.174,15000.824,93.83800000000002
2025-10-16 16:11:00,10/16,학습,340.888,5.0,3000.424,15000.842,18001.266,0.5763684250275489,0.5861737836448349,29.1579999999999,2576.274,2522.116,37.378,435.166,9775.992,5184.707,4772.072,15000.842,94.27800000000002
2025-10-16 16:12:00,10/16,학습,341.004,5.0,3000.435,15000.864,18001.299,0.5797964263709274,0.5896322804128351,29.170000000000076,2576.132,2521.962,37.38,435.751,9768.247,5186.355,4791.497,15000.864,94.74699999999996
2025-10-16 16:13:00,10/16,학습,341.123,5.0,3000.448,15000.89,18001.338,0.5834549137414337,0.5933241003782769,29.182000000000244,2575.985,2521.803,37.383,436.366,9760.284,5188.233,4813.199,15000.89,95.243
2025-10-16 16:14:00,10/16,학습,341.245,5.0,3000.463,15000.92,18001.383,0.5871747838033521,0.5970806919716044,29.19399999999996,2575.832,2521.638,37.385,437.007,9751.899,5190.344,4836.923,15000.92,95.762
2025-10-16 16:15:00,10/16,학습,341.371,5.0,3000.481,15000.953,18001.434,0.5910957440523482,0.6010432167169606,29.20599999999968,2575.673,2521.467,37.388,437.673,9742.918,5192.699,4862.427,15000.953,96.30200000000002
2025-10-16 16:16:00,10/16,학습,341.499,4.999,3000.5,15000.988,18001.487999999998,0.5951238029742092,0.6051010542850912,29.2199999999998,2575.508,2521.288,37.391,438.36,9733.209,5195.313,4889.488,15000.988,96.861
2025-10-16 16:17:00,10/16,학습,341.63,4.999,3000.52,15001.026,18001.546,0.5991790923233615,0.6092085188130509,29.233999999999924,2575.335,2521.101,37.393,439.067,9722.682,5198.205,4917.913,15001.026,97.437
2025-10-16 16:18:00,10/16,학습,341.763,4.999,3000.542,15001.066,18001.608,0.6033842908638155,0.6134729203829947,29.246999999999844,2575.154,2520.907,37.396,439.79,9711.288,5201.394,4947.532,15001.066,98.02700000000004
2025-10-16 16:19:00,10/16,학습,341.898,4.999,3000.564,15001.106,18001.67,0.6077456298990455,0.6179010183457848,29.260999999999967,2574.965,2520.704,37.4,440.53,9699.017,5204.901,4978.201,15001.106,98.63199999999996
2025-10-16 16:20:00,10/16,학습,342.035,4.999,3000.588,15001.148,18001.736,0.6120902730763418,0.6223194300211949,29.27599999999984,2574.768,2520.492,37.403,441.282,9685.891,5208.746,5009.801,15001.148,99.24699999999996
2025-10-16 16:21:00,10/16,학습,342.174,4.999,3000.612,15001.189,18001.801,0.6164946918967306,0.6268050439948346,29.289999999999964,2574.562,2520.272,37.406,442.047,9671.955,5212.945,5042.231,15001.189,99.87300000000003
2025-10-16 16:22:00,10/16,학습,342.315,4.999,3000.636,15001.23,18001.865999999998,0.6210176482488294,0.631416970531977,29.30500000000029,2574.347,2520.042,37.41,442.822,9657.272,5217.514,5075.408,15001.23,100.507
2025-10-16 16:23:00,10/16,학습,342.457,4.999,3000.661,15001.27,18001.931,0.6255115869815341,0.636006511376858,29.31999999999971,2574.124,2519.804,37.413,443.607,9641.918,5222.464,5109.262,15001.27,101.15000000000003
2025-10-16 16:24:00,10/16,학습,342.6,4.999,3000.685,15001.31,18001.995,0.6301069137114184,0.6407046315637976,29.33500000000004,2573.892,2519.557,37.417,444.399,9625.973,5227.804,5143.735,15001.31,101.79899999999998
2025-10-16 16:25:00,10/16,학습,342.744,4.999,3000.709,15001.348,18002.057,0.6347261343824772,0.6454329354433515,29.34999999999991,2573.651,2519.301,37.421,445.197,9609.518,5233.539,5178.775,15001.348,102.45299999999996
2025-10-16 16:26:00,10/16,학습,342.889,4.999,3000.732,15001.385,18002.117,0.639369483530088,0.6501911808944242,29.36499999999978,2573.401,2519.036,37.425,446.001,9592.632,5239.67,5214.336,15001.385,103.11199999999997
2025-10-16 16:27:00,10/16,학습,343.035,4.999,3000.755,15001.42,18002.175,0.6440309248869341,0.6549728097138039,29.38000000000011,2573.143,2518.763,37.429,446.81,9575.39,5246.198,5250.377,15001.42,103.77499999999998
2025-10-16 16:28:00,10/16,학습,343.183,4.999,3000.778,15001.453,18002.231,0.6487017222001058,0.6597685087996833,29.39599999999973,2572.877,2518.481,37.433,447.622,9557.859,5253.119,5286.861,15001.453,104.43900000000002
2025-10-16 16:29:00,10/16,학습,343.33,4.999,3000.799,15001.483,18002.282,0.6534475934866554,0.6646441251753603,29.411000000000055,2572.602,2518.191,37.438,448.436,9540.102,5260.427,5323.75,15001.483,105.106
2025-10-16 16:30:00,10/16,학습,343.479,4.999,3000.819,15001.512,18002.331000000002,0.6581247245333975,0.6694538217655909,29.426000000000386,2572.32,2517.894,37.442,449.252,9522.172,5268.115,5361.008,15001.512,105.77300000000002
2025-10-16 16:31:00,10/16,학습,343.628,4.999,3000.839,15001.538,18002.377,0.6628735127777201,0.6743391476747501,29.442000000000007,2572.03,2517.588,37.447,450.069,9504.116,5276.175,5394.506,15001.538,106.44100000000005
2025-10-16 16:32:00,10/16,학습,343.778,4.999,3000.857,15001.562,18002.419,0.6675489552088054,0.6791523975451553,29.45700000000033,2571.733,2517.276,37.451,450.887,9486.022,5284.595,5396.621,15001.562,107.10899999999998
2025-10-16 16:33:00,10/16,학습,343.928,4.999,3000.875,15001.583,18002.458,0.6722847642281089,0.6840285585782774,29.472000000000207,2571.429,2516.957,37.456,451.704,9467.928,5293.362,5396.8,15001.583,107.776
2025-10-16 16:34:00,10/16,학습,344.079,4.999,3000.891,15001.602,18002.493000000002,0.6770101775875181,0.6888956329839881,29.48700000000008,2571.118,2516.631,37.461,452.52,9449.845,5302.463,5397.028,15001.602,108.44099999999996
2025-10-16 16:35:00,10/16,학습,344.23,4.999,3000.906,15001.619,18002.525,0.6817255344631918,0.6937536734346864,29.50400000000036,2570.802,2516.298,37.466,453.335,9431.792,5311.884,5397.308,15001.619,109.10499999999996
2025-10-16 16:36:00,10/16,학습,344.381,4.999,3000.92,15001.633,18002.553,0.6864289600222554,0.6986004328062833,29.518999999999775,2570.479,2515.96,37.471,454.149,9413.786,5321.613,5397.638,15001.633,109.76800000000004
2025-10-16 16:37:00,10/16,학습,344.533,4.999,3000.932,15001.645,18002.577,0.6911109786119968,0.703425938564713,29.53399999999965,2570.151,2515.617,37.476,454.96,9395.842,5331.635,5398.018,15001.645,110.42699999999996
2025-10-16 16:38:00,10/16,학습,344.685,4.999,3000.943,15001.654,18002.597,0.695776941650907,0.7082353345930661,29.550000000000185,2569.819,2515.269,37.481,455.769,9377.975,5341.938,5398.447,15001.654,111.084
2025-10-16 16:39:00,10/16,학습,344.838,4.999,3000.953,15001.661,18002.614,0.7004875205715528,0.7130899690952502,29.56500000000005,2569.481,2514.916,37.487,456.574,9360.2,5352.507,5398.926,15001.661,111.736
2025-10-16 16:40:00,10/16,학습,344.99,4.999,3000.962,15001.666,18002.628,0.7051126464507539,0.7178574139227785,29.58100000000013,2569.139,2514.558,37.492,457.377,9342.529,5363.328,5399.454,15001.666,112.387
2025-10-16 16:41:00,10/16,학습,345.143,4.999,3000.97,15001.668,18002.638,0.709715852484342,0.7226018490936553,29.596999999999756,2568.794,2514.197,37.497,458.177,9324.978,5374.389,5400.03,15001.668,113.03400000000003
2025-10-16 16:42:00,10/16,학습,345.296,4.999,3000.976,15001.669,18002.645,0.7143575779545845,0.7273844385911928,29.61200000000008,2568.445,2513.833,37.503,458.972,9307.557,5385.676,5400.657,15001.669,113.676
2025-10-16 16:43:00,10/16,학습,345.45,4.999,3000.982,15001.667,18002.648999999998,0.7189095067355808,0.7320744747516122,29.626999999999956,2568.092,2513.465,37.508,459.764,9290.282,5397.174,5401.332,15001.667,114.31400000000002
2025-10-16 16:44:00,10/16,학습,345.603,4.999,3000.986,15001.663,18002.649,0.7235044355681685,0.7368066334602055,29.64300000000003,2567.738,2513.095,37.514,460.552,9273.165,5408.872,5402.057,15001.663,114.949
2025-10-16 16:45:00,10/16,학습,345.757,4.999,3000.989,15001.657,18002.646,0.7280037052830692,0.7414395623179609,29.6579999999999,2567.381,2512.723,37.519,461.336,9256.22,5420.755,5402.832,15001.657,115.579
2025-10-16 16:46:00,10/16,학습,345.911,4.999,3000.99,15001.65,18002.64,0.7325477880146498,0.746115909931573,29.673999999999975,2567.022,2512.348,37.525,462.116,9239.46,5432.81,5403.656,15001.65,116.20499999999998
2025-10-16 16:47:00,10/16,학습,346.065,4.999,3000.991,15001.64,18002.631,0.7369855147133126,0.7506815448405693,29.68899999999985,2566.662,2511.973,37.53,462.89,9222.899,5445.024,5404.531,15001.64,116.825
2025-10-16 16:48:00,10/16,학습,346.219,4.999,3000.991,15001.629,18002.620000000003,0.7414676394432418,0.7552896718635675,29.70400000000018,2566.3,2511.596,37.536,463.66,9206.551,5457.383,5405.455,15001.629,117.44100000000005
2025-10-16 16:49:00,10/16,학습,346.373,4.999,3000.989,15001.617,18002.606,0.7458543396953538,0.7597974747291802,29.7199999999998,2565.939,2511.219,37.541,464.426,9190.429,5469.874,5406.43,15001.617,118.053
2025-10-16 16:50:00,10/16,학습,346.528,4.999,3000.987,15001.602,18002.589,0.7502743546380787,0.7643359643573142,29.733999999999924,2565.576,2510.842,37.547,465.186,9174.548,5482.484,5407.455,15001.602,118.65799999999996
2025-10-16 16:51:00,10/16,학습,346.682,4.999,3000.983,15001.587,18002.57,0.7545953859468336,0.7687698976130198,29.75,2565.215,2510.465,37.552,465.941,9158.919,5495.2,5408.529,15001.587,119.25899999999996
2025-10-16 16:52:00,10/16,학습,346.837,4.999,3000.978,15001.57,18002.548,0.7589553280818075,0.7732396256693501,29.764999999999876,2564.853,2510.088,37.558,466.691,9143.557,5508.008,5409.655,15001.57,119.85399999999998
2025-10-16 16:53:00,10/16,학습,346.991,4.999,3000.973,15001.551,18002.523999999998,0.7632847002926767,0.7776741161918718,29.7800000000002,2564.492,2509.712,37.564,467.436,9128.475,5520.895,5410.83,15001.551,120.445
2025-10-16 16:54:00,10/16,학습,347.146,4.999,3000.966,15001.532,18002.498,0.767509932663306,0.7819979267991634,29.794999999999614,2564.133,2509.338,37.569,468.175,9113.684,5533.849,5412.056,15001.532,121.029
2025-10-16 16:55:00,10/16,학습,347.301,4.999,3000.959,15001.511,18002.47,0.7717740052759549,0.7863567745905311,29.809999999999945,2563.775,2508.965,37.575,468.909,9099.198,5546.855,5413.331,15001.511,121.608
2025-10-16 16:56:00,10/16,학습,347.456,4.999,3000.951,15001.489,18002.44,0.7759303434932857,0.7906008202246356,29.826000000000025,2563.42,2508.594,37.58,469.636,9085.028,5559.902,5414.657,15001.489,122.18
2025-10-16 16:57:00,10/16,학습,347.611,4.999,3000.942,15001.466,18002.408,0.7800560235722183,0.7948084860856763,29.83999999999969,2563.066,2508.226,37.585,470.358,9071.185,5572.975,5416.032,15001.466,122.747
2025-10-16 16:58:00,10/16,학습,347.766,4.999,3000.932,15001.443,18002.375,0.7842159318981218,0.7990456970811867,29.855000000000015,2562.715,2507.86,37.591,471.074,9057.681,5586.063,5417.456,15001.443,123.308
2025-10-16 16:59:00,10/16,학습,347.921,4.999,3000.922,15001.418,18002.34,0.7882721402720737,0.8031716503519712,29.86999999999989,2562.368,2507.498,37.596,471.784,9044.525,5599.153,5418.93,15001.418,123.863
2025-10-16 17:00:00,10/16,학습,348.066,4.999,3000.915,15001.406,18002.321,0.7923018726873002,0.8072652338029174,29.88500000000022,2562.021,2507.136,37.601,472.489,9031.724,5612.232,5420.453,15001.406,124.423
2025-10-16 17:01:00,10/16,학습,348.192,4.999,3000.885,15001.302,18002.186999999998,0.7963164617023496,0.8113335436347724,29.89699999999993,2561.686,2506.789,37.606,473.194,9019.419,5625.286,5422.024,15001.302,125.002
2025-10-16 17:02:00,10/16,학습,348.312,4.999,3000.796,15001.085,18001.880999999998,0.8001412115707555,0.8151769542343521,29.9079999999999,2561.395,2506.487,37.609,473.893,9008.724,5638.277,5423.645,15001.085,125.58099999999996
2025-10-16 17:03:00,10/16,학습,348.423,4.999,3000.681,15000.896,18001.577,0.8035796775980717,0.818555460781842,29.917999999999665,2561.153,2506.235,37.61,474.536,9002.185,5651.102,5425.323,15000.896,126.113
2025-10-16 17:04:00,10/16,학습,348.526,4.999,3000.59,15000.785,18001.375,0.8068586482396713,0.8216951822158091,29.92599999999993,2560.942,2506.016,37.613,475.108,9000.401,5663.602,5427.06,15000.785,126.582
2025-10-16 17:05:00,10/16,학습,348.621,4.999,3000.518,15000.688,18001.206,0.8098312559217832,0.8244820344995459,29.93399999999974,2560.754,2505.82,37.615,475.626,9001.315,5675.659,5428.854,15000.688,127.005
2025-10-16 17:06:00,10/16,학습,348.71,4.999,3000.452,15000.593,18001.045000000002,0.8125737945722484,0.8270226183777336,29.940999999999804,2560.589,2505.648,37.617,476.098,9003.232,5687.227,5430.701,15000.593,127.38800000000003
2025-10-16 17:07:00,10/16,학습,348.792,5.0,3000.394,15000.514,18000.908,0.815012529062428,0.82931077808456,29.947999999999865,2560.446,2505.498,37.618,476.525,9005.38,5698.302,5432.594,15000.514,127.733
2025-10-16 17:08:00,10/16,학습,348.869,5.0,3000.345,15000.448,18000.793,0.8173040239537623,0.8314084135725045,29.95299999999997,2560.319,2505.366,37.62,476.913,9007.118,5708.905,5434.529,15000.448,128.04399999999998
2025-10-16 17:09:00,10/16,학습,348.941,5.0,3000.302,15000.388,18000.690000000002,0.8193215247331492,0.8332503943195925,29.959000000000287,2560.208,2505.249,37.621,477.265,9007.899,5719.077,5436.498,15000.388,128.324
2025-10-16 17:10:00,10/16,학습,349.009,5.0,3000.264,15000.334,18000.598,0.8212196268368569,0.8349979701469619,29.963999999999945,2560.111,2505.147,37.623,477.586,9007.467,5728.873,5438.496,15000.334,128.577
2025-10-16 17:11:00,10/16,학습,349.072,5.0,3000.23,15000.286,18000.516,0.8228803104508129,0.836531615408111,29.96900000000005,2560.026,2505.057,37.624,477.879,9005.783,5738.349,5440.518,15000.286,128.80700000000002
2025-10-16 17:12:00,10/16,학습,349.131,5.0,3000.199,15000.244,18000.443,0.8243824421345911,0.8379296691457854,29.97300000000041,2559.952,2504.979,37.625,478.146,9002.915,5747.559,5442.56,15000.244,129.01500000000004
2025-10-16 17:13:00,10/16,학습,349.187,5.0,3000.172,15000.205,18000.377,0.8257500137154178,0.8392132634346583,29.97699999999986,2559.888,2504.911,37.626,478.391,8999.021,5756.552,5444.619,15000.205,129.204
2025-10-16 17:14:00,10/16,학습,349.239,5.0,3000.147,15000.17,18000.317,0.8269258242193939,0.8403198819072971,29.980000000000015,2559.832,2504.852,37.626,478.615,8994.321,5765.368,5446.69,15000.17,129.37600000000003
2025-10-16 17:15:00,10/16,학습,349.288,5.0,3000.125,15000.138,18000.263,0.8280592271261268,0.8413960805388632,29.98299999999972,2559.785,2504.802,37.627,478.82,8989.068,5774.038,5448.773,15000.138,129.53199999999998
2025-10-16 17:16:00,10/16,학습,349.333,5.0,3000.104,15000.108,18000.212,0.8291036228974399,0.8423896335195592,29.98700000000008,2559.746,2504.759,37.628,479.009,8983.516,5782.581,5450.864,15000.108,129.676
2025-10-16 17:17:00,10/16,학습,349.376,5.0,3000.085,15000.081,18000.166,0.8300005750696811,0.8432368598147674,29.99000000000024,2559.713,2504.723,37.628,479.183,8977.911,5791.008,5452.962,15000.081,129.80700000000002
2025-10-16 17:18:00,10/16,학습,349.417,5.0,3000.068,15000.056,18000.124,0.8308939764900556,0.8440794489667712,29.992999999999935,2559.687,2504.694,37.629,479.343,8972.476,5799.322,5455.066,15000.056,129.92600000000004
2025-10-16 17:19:00,10/16,학습,349.454,5.0,3000.052,15000.033,18000.085,0.8316567175810667,0.8447852338304987,29.99499999999989,2559.667,2504.672,37.629,479.49,8967.4,5807.518,5457.175,15000.033,130.036
2025-10-16 17:20:00,10/16,학습,349.49,5.0,3000.037,15000.011,18000.048,0.8323715182870753,0.8454353355369482,29.998000000000047,2559.652,2504.654,37.629,479.626,8962.84,5815.585,5459.287,15000.011,130.13599999999997
2025-10-16 17:21:00,10/16,학습,349.523,5.0,3000.023,14999.991,18000.014,0.8330416083271167,0.8460311373781557,29.9989999999998,2559.642,2504.643,37.629,479.752,8958.915,5823.507,5461.403,14999.991,130.22899999999998
2025-10-16 17:22:00,10/16,학습,349.554,5.0,3000.01,14999.972,17999.982,0.8336714544677387,0.8465760072335488,30.001999999999956,2559.638,2504.636,37.629,479.868,8955.707,5831.265,5463.522,14999.972,130.31400000000002
2025-10-16 17:23:00,10/16,학습,349.583,5.0,2999.998,14999.955,17999.953,0.8342697215070234,0.8470781475594629,30.003999999999905,2559.638,2504.634,37.629,479.976,8953.265,5838.841,5465.642,14999.955,130.39299999999997
2025-10-16 17:24:00,10/16,학습,349.61,5.0,2999.987,14999.938,17999.925,0.8348374720909506,0.8475386997617673,30.005999999999855,2559.642,2504.636,37.629,480.076,8951.609,5846.212,5467.765,14999.938,130.466
2025-10-16 17:25:00,10/16,학습,349.636,5.0,2999.976,14999.923,17999.899,0.8353780415690404,0.8479623238088112,30.008000000000266,2559.65,2504.642,37.629,480.169,8950.683,5853.36,5469.888,14999.923,130.53299999999996
2025-10-16 17:26:00,10/16,학습,349.659,5.0,2999.966,14999.91,17999.876,0.8358909311887405,0.8483536722290239,30.009999999999764,2559.662,2504.652,37.629,480.256,8950.227,5860.272,5472.014,14999.91,130.59699999999998
2025-10-16 17:27:00,10/16,학습,349.682,5.0,2999.957,14999.897,17999.854,0.8363782958346511,0.8487173910047836,30.010999999999967,2559.677,2504.666,37.629,480.338,8950.115,5866.942,5474.148,14999.897,130.656
2025-10-16 17:28:00,10/16,학습,349.703,5.0,2999.949,14999.886,17999.835,0.8367857005769811,0.8490510818466167,30.01300000000037,2559.695,2504.682,37.629,480.414,8947.477,5873.4,5476.287,14999.886,130.711
2025-10-16 17:29:00,10/16,학습,349.722,5.0,2999.945,14999.88,17999.825,0.835877384584905,0.8493593850675213,30.014000000000124,2559.714,2504.7,37.629,480.485,8873.596,5880.735,5478.171,14999.88,130.76300000000003
2025-10-16 17:30:00,10/16,학습,349.741,5.0,2999.947,14999.88,17999.826999999997,0.8354179438917345,0.8495852062619352,30.01600000000008,2559.73,2504.714,37.628,480.552,8826.151,5890.517,5481.231,14999.88,130.81100000000004
2025-10-16 17:31:00,10/16,학습,349.759,5.0,2999.945,14999.871,17999.816,0.8361081949441026,0.8498586368731529,30.016999999999825,2559.747,2504.73,37.628,480.615,8838.774,5900.277,5484.655,14999.871,130.856
2025-10-16 17:32:00,10/16,학습,349.774,5.0,2999.936,14999.855,17999.791,0.8368712000635594,0.8500407869639447,30.018999999999775,2559.769,2504.75,37.627,480.674,8861.261,5909.011,5487.529,14999.855,130.89999999999998
2025-10-16 17:33:00,10/16,학습,349.789,5.0,2999.924,14999.836,17999.76,0.8376405974320795,0.8502789028867729,30.019999999999985,2559.797,2504.777,37.627,480.732,8882.176,5916.664,5489.714,14999.836,130.94300000000004
2025-10-16 17:34:00,10/16,학습,349.802,5.0,2999.911,14999.819,17999.73,0.8383069105847353,0.8504929941193596,30.02099999999973,2559.83,2504.809,37.627,480.786,8899.736,5923.37,5491.307,14999.819,130.98399999999998
2025-10-16 17:35:00,10/16,학습,349.815,5.0,2999.899,14999.807,17999.706000000002,0.8388206046272926,0.8506250706773578,30.02300000000014,2559.868,2504.845,37.626,480.838,8914.242,5929.276,5492.452,14999.807,131.02300000000002
2025-10-16 17:36:00,10/16,학습,349.826,5.0,2999.891,14999.8,17999.691,0.8393214354671594,0.8508025795180255,30.023999999999887,2559.909,2504.885,37.626,480.886,8926.32,5934.505,5493.271,14999.8,131.06
2025-10-16 17:37:00,10/16,학습,349.837,5.0,2999.885,14999.796,17999.681,0.8396987733760082,0.8509013936008583,30.02600000000029,2559.952,2504.926,37.625,480.932,8936.54,5939.156,5493.86,14999.796,131.09500000000003
2025-10-16 17:38:00,10/16,학습,349.847,5.0,2999.882,14999.796,17999.678,0.8400978179906331,0.8510581889232396,30.028000000000247,2559.996,2504.968,37.625,480.976,8945.347,5943.305,5494.287,14999.796,131.12900000000002
2025-10-16 17:39:00,10/16,학습,349.857,5.0,2999.881,14999.798,17999.679,0.8404593320812757,0.8512057336589074,30.029,2560.039,2505.01,37.625,481.018,8953.079,5947.015,5494.601,14999.798,131.16099999999994
2025-10-16 17:40:00,10/16,학습,349.866,5.0,2999.882,14999.802,17999.684,0.8407254207475579,0.851280312790377,30.03099999999995,2560.083,2505.052,37.624,481.059,8959.987,5950.334,5494.834,14999.802,131.19300000000004
2025-10-16 17:41:00,10/16,학습,349.875,5.0,2999.884,14999.807,17999.691,0.8410375861973747,0.8514196972558474,30.032000000000156,2560.125,2505.093,37.624,481.099,8966.267,5953.301,5495.011,14999.807,131.224
2025-10-16 17:42:00,10/16,학습,349.884,5.0,2999.886,14999.812,17999.698,0.8412633880586297,0.8514872209047286,30.034000000000106,2560.167,2505.133,37.623,481.138,8972.074,5955.95,5495.146,14999.812,131.25399999999996
2025-10-16 17:43:00,10/16,학습,349.892,5.0,2999.889,14999.819,17999.708,0.8415461748385259,0.8516241656335649,30.03499999999985,2560.207,2505.172,37.623,481.177,8977.531,5958.306,5495.253,14999.819,131.28500000000005
2025-10-16 17:44:00,10/16,학습,349.9,5.0,2999.893,14999.825,17999.718,0.8418120927059038,0.8517540729291877,30.037000000000265,2560.246,2505.209,37.623,481.214,8982.739,5960.391,5495.338,14999.825,131.31400000000002
2025-10-16 17:45:00,10/16,학습,349.907,5.0,2999.896,14999.831,17999.727,0.8420018442744833,0.8518156349308651,30.03800000000001,2560.284,2505.246,37.622,481.251,8987.772,5962.221,5495.406,14999.831,131.344
2025-10-16 17:46:00,10/16,학습,349.914,5.0,2999.9,14999.837,17999.737,0.8422459062725957,0.8519384953564583,30.039999999999964,2560.321,2505.281,37.622,481.286,8992.69,5963.811,5495.463,14999.837,131.372
2025-10-16 17:47:00,10/16,학습,349.92,5.0,2999.892,14999.829,17999.720999999998,0.8505828782416719,0.8519875013945136,30.041000000000167,2560.362,2505.321,37.621,481.321,9442.778,5961.873,5503.328,14999.829,131.401
2025-10-16 17:48:00,10/16,학습,349.924,5.0,2999.831,14999.758,17999.589,0.8543536554351557,0.8521314886966495,30.044000000000324,2560.447,2505.403,37.622,481.357,9660.792,5940.495,5550.761,14999.758,131.43300000000005
2025-10-16 17:49:00,10/16,학습,349.931,5.0,2999.856,14999.834,17999.690000000002,0.840754940913008,0.8522507199328838,30.04599999999982,2560.504,2505.458,37.622,481.396,8927.698,5932.859,5617.751,14999.834,131.46500000000003
2025-10-16 17:50:00,10/16,학습,349.942,5.0,2999.962,14999.975,17999.937,0.8276088883397347,0.8522691155692518,30.045000000000076,2560.492,2505.447,37.62,481.427,8198.051,5950.978,5696.213,14999.975,131.485
2025-10-16 17:51:00,10/16,학습,349.949,5.0,2999.995,14999.977,17999.972,0.8425534088936668,0.8523710399897815,30.04599999999982,2560.48,2505.434,37.62,481.446,8989.438,5961.002,5782.572,14999.977,131.497
2025-10-16 17:52:00,10/16,학습,349.954,5.0,2999.984,14999.953,17999.936999999998,0.8434437402225038,0.8524842943410514,30.047000000000025,2560.487,2505.44,37.62,481.472,9030.514,5961.795,5848.802,14999.953,131.51799999999997
2025-10-16 17:53:00,10/16,학습,349.959,5.0,2999.961,14999.907,17999.868,0.8438263090144741,0.8525724076729619,30.04800000000023,2560.505,2505.457,37.619,481.51,9046.409,5961.683,5900.04,14999.907,131.551
2025-10-16 17:54:00,10/16,학습,349.963,5.0,2999.94,14999.883,17999.823,0.8441175946180024,0.8527050915869304,30.048999999999975,2560.532,2505.483,37.619,481.545,9055.409,5961.157,5940.641,14999.883,131.582
2025-10-16 17:55:00,10/16,학습,349.966,5.0,2999.93,14999.883,17999.813,0.8443090511221445,0.852794079083534,30.048999999999975,2560.56,2505.511,37.619,481.571,9061.69,5960.388,5973.279,14999.883,131.60500000000002
2025-10-16 17:56:00,10/16,학습,349.969,5.0,2999.928,14999.886,17999.814,0.8443932882707821,0.852806616188406,30.050000000000185,2560.588,2505.538,37.618,481.595,9066.532,5959.452,5999.758,14999.886,131.62600000000003
2025-10-16 17:57:00,10/16,학습,349.972,5.0,2999.928,14999.889,17999.817,0.8445186944949106,0.852879361547494,30.05200000000013,2560.616,2505.564,37.618,481.617,9070.478,5958.396,6021.387,14999.889,131.64500000000004
2025-10-16 17:58:00,10/16,학습,349.974,5.0,2999.931,14999.897,17999.828,0.8446187853786852,0.8529382775776524,30.05199999999968,2560.642,2505.59,37.618,481.636,9073.916,5957.249,6039.169,14999.897,131.66200000000003
2025-10-16 17:59:00,10/16,학습,349.977,5.0,2999.935,14999.905,17999.84,0.8446368968153872,0.8529229493272659,30.05300000000034,2560.666,2505.613,37.617,481.653,9077.028,5956.027,6053.889,14999.905,131.67600000000004
2025-10-16 18:00:00,10/16,학습,349.97,5.0,2999.944,14999.926,17999.87,0.8447215812734175,0.8529803551086316,30.054000000000087,2560.686,2505.632,37.617,481.67,9079.89,5954.744,6066.168,14999.926,131.7
2025-10-16 18:01:00,10/16,학습,349.945,5.0,2999.933,14999.864,17999.797,0.8447604047951822,0.8529928674114984,30.052999999999884,2560.712,2505.659,37.616,481.694,9082.658,5953.408,6076.503,14999.864,131.74900000000002
2025-10-16 18:02:00,10/16,학습,349.913,5.0,2999.869,14999.696,17999.565,0.8447300478520902,0.8529158057821932,30.049999999999727,2560.772,2505.722,37.614,481.722,9086.335,5952.005,6085.301,14999.696,131.80899999999997
2025-10-16 18:03:00,10/16,학습,349.872,5.0,2999.78,14999.551,17999.331,0.8444631034928336,0.8525408904652243,30.04599999999982,2560.872,2505.826,37.611,481.71,9093.378,5950.46,6092.92,14999.551,131.83799999999997
2025-10-16 18:04:00,10/16,학습,349.823,5.0,2999.712,14999.475,17999.187,0.8439690758218356,0.85186862807088,30.04199999999992,2560.995,2505.953,37.608,481.639,9104.682,5948.634,6099.666,14999.475,131.81600000000003
2025-10-16 18:05:00,10/16,학습,349.766,5.0,2999.661,14999.407,17999.068,0.8432848796346761,0.8509710373686005,30.036999999999807,2561.133,2506.096,37.605,481.523,9118.471,5946.42,6105.76,14999.407,131.757
2025-10-16 18:06:00,10/16,학습,349.701,5.0,2999.613,14999.337,17998.95,0.8424065354903739,0.8498768239439624,30.0300000000002,2561.288,2506.258,37.602,481.369,9132.972,5943.777,6111.339,14999.337,131.668
2025-10-16 18:07:00,10/16,학습,349.631,5.0,2999.571,14999.277,17998.847999999998,0.8413021481930295,0.8485716192444472,30.023999999999887,2561.459,2506.435,37.599,481.173,9147.262,5940.714,6116.496,14999.277,131.54200000000003
2025-10-16 18:08:00,10/16,학습,349.553,5.001,2999.535,14999.225,17998.760000000002,0.8399156045296631,0.8470694263824525,30.016999999999825,2561.642,2506.625,37.595,480.94,9160.648,5937.264,6121.294,14999.225,131.387
2025-10-16 18:09:00,10/16,학습,349.47,5.001,2999.502,14999.175,17998.677,0.8383906059531885,0.8454062665047065,30.00899999999956,2561.836,2506.827,37.592,480.673,9172.578,5933.483,6125.78,14999.175,131.20299999999995
2025-10-16 18:10:00,10/16,학습,349.382,5.001,2999.472,14999.128,17998.600000000002,0.83659635319978,0.8435128515566924,30.001000000000204,2562.041,2507.04,37.588,480.374,9182.803,5929.439,6129.986,14999.128,130.99200000000002
2025-10-16 18:11:00,10/16,학습,349.288,5.001,2999.444,14999.083,17998.527000000002,0.8346768027925947,0.8415305139588233,29.99199999999973,2562.256,2507.264,37.585,480.044,9191.32,5925.2,6133.943,14999.083,130.75599999999997
2025-10-16 18:12:00,10/16,학습,349.19,5.001,2999.417,14999.039,17998.456000000002,0.8325139505793,0.8393376359688327,29.98300000000017,2562.48,2507.497,37.581,479.686,9198.272,5920.831,6137.676,14999.039,130.49599999999998
2025-10-16 18:13:00,10/16,학습,349.086,5.001,2999.392,14998.997,17998.389,0.8301820857880685,0.8370023332100147,29.97400000000016,2562.713,2507.739,37.577,479.3,9203.901,5916.386,6141.21,14998.997,130.214
2025-10-16 18:14:00,10/16,학습,348.979,5.001,2999.368,14998.955,17998.323,0.827700721143532,0.8345369358572968,29.963000000000196,2562.954,2507.991,37.573,478.889,9208.531,5911.909,6144.57,14998.955,129.91000000000005
2025-10-16 18:15:00,10/16,학습,348.867,5.001,2999.344,14998.913,17998.257,0.8250797724048619,0.8319442671834637,29.95299999999997,2563.203,2508.25,37.569,478.453,9212.509,5907.429,6147.778,14998.913,129.58599999999996
2025-10-16 18:16:00,10/16,학습,348.751,5.001,2999.321,14998.872,17998.193,0.822332350007917,0.8292309201278669,29.940999999999804,2563.459,2508.518,37.565,477.994,9216.181,5902.963,6150.857,14998.872,129.24300000000005
2025-10-16 18:17:00,10/16,학습,348.632,5.001,2999.299,14998.831,17998.13,0.8194001547670535,0.8263331649761759,29.93000000000029,2563.724,2508.794,37.56,477.513,9219.877,5898.515,6153.826,14998.831,128.88099999999997
2025-10-16 18:18:00,10/16,학습,348.509,5.001,2999.277,14998.79,17998.067000000003,0.8164275012620272,0.8233895335573775,29.917999999999665,2563.995,2509.077,37.556,477.01,9223.887,5894.078,6156.703,14998.79,128.50099999999998
2025-10-16 18:19:00,10/16,학습,348.382,5.001,2999.254,14998.748,17998.002,0.8132821400935811,0.8202649949213916,29.90599999999995,2564.274,2509.368,37.551,476.486,9228.453,5889.635,6159.503,14998.748,128.10399999999998
2025-10-16 18:20:00,10/16,학습,348.252,5.001,2999.233,14998.707,17997.940000000002,0.8100446527367234,0.8170374041156273,29.89300000000003,2564.56,2509.667,37.546,475.943,9233.765,5885.164,6162.237,14998.707,127.69099999999996
2025-10-16 18:21:00,10/16,학습,348.119,5.001,2999.211,14998.665,17997.876,0.8067869477433541,0.8137766491281904,29.88000000000011,2564.853,2509.973,37.542,475.381,9239.957,5880.636,6164.914,14998.665,127.26199999999994
2025-10-16 18:22:00,10/16,학습,347.983,5.001,2999.189,14998.624,17997.813,0.8033693175359915,0.8103437038963338,29.86699999999973,2565.153,2510.286,37.537,474.8,9247.113,5876.02,6167.539,14998.624,126.817
2025-10-16 18:23:00,10/16,학습,347.845,5.001,2999.168,14998.583,17997.751,0.7998686979680766,0.806815567534691,29.853000000000065,2565.46,2510.607,37.532,474.202,9255.27,5871.284,6170.115,14998.583,126.35699999999996
2025-10-16 18:24:00,10/16,학습,347.703,5.001,2999.147,14998.542,17997.689,0.7962857501876843,0.8031939609053712,29.83999999999969,2565.774,2510.934,37.527,473.587,9264.423,5866.398,6172.641,14998.542,125.884
2025-10-16 18:25:00,10/16,학습,347.56,5.001,2999.127,14998.502,17997.629,0.792623057625608,0.799483106434239,29.826000000000025,2566.093,2511.267,37.522,472.956,9274.539,5861.332,6175.114,14998.502,125.39600000000002
2025-10-16 18:26:00,10/16,학습,347.413,5.001,2999.107,14998.462,17997.569,0.78880690263642,0.7956116841273942,29.811999999999895,2566.419,2511.607,37.516,472.309,9285.56,5856.058,6177.528,14998.462,124.89600000000002
2025-10-16 18:27:00,10/16,학습,347.265,5.001,2999.088,14998.424,17997.512000000002,0.7849809756348984,0.7917243520897201,29.797000000000025,2566.75,2511.953,37.511,471.647,9297.41,5850.555,6179.877,14998.424,124.382
2025-10-16 18:28:00,10/16,학습,347.115,5.001,2999.07,14998.387,17997.457000000002,0.7810833534290639,0.7877616694776697,29.7829999999999,2567.087,2512.304,37.506,470.972,9310.008,5844.801,6182.152,14998.387,123.85699999999996
2025-10-16 18:29:00,10/16,학습,346.963,5.001,2999.052,14998.35,17997.402000000002,0.7770314738485079,0.7836436535697733,29.76800000000003,2567.428,2512.66,37.5,470.282,9323.266,5838.782,6184.344,14998.35,123.31899999999996
2025-10-16 18:30:00,10/16,학습,346.809,5.001,2999.036,14998.315,17997.351000000002,0.7729784834123304,0.7795239965075599,29.7529999999997,2567.774,2513.021,37.495,469.58,9337.102,5832.484,6186.442,14998.315,122.77099999999996
2025-10-16 18:31:00,10/16,학습,346.653,5.001,2999.02,14998.282,17997.302,0.7687823330748798,0.7752633692244167,29.73799999999983,2568.124,2513.386,37.489,468.866,9351.435,5825.899,6188.436,14998.282,122.21299999999997
2025-10-16 18:32:00,10/16,학습,346.495,5.001,2999.006,14998.25,17997.256,0.7645778136789845,0.7709967027181749,29.72299999999996,2568.478,2513.755,37.484,468.139,9366.195,5819.021,6190.316,14998.25,121.644
2025-10-16 18:33:00,10/16,학습,346.337,5.001,2998.993,14998.22,17997.213,0.760232473412501,0.7665939096805104,29.708000000000084,2568.835,2514.127,37.478,467.401,9381.318,5811.847,6192.07,14998.22,121.06400000000002
2025-10-16 18:34:00,10/16,학습,346.177,5.001,2998.981,14998.192,17997.173,0.755887105461411,0.7621951411129311,29.692000000000007,2569.194,2514.502,37.473,466.652,9396.752,5804.376,6193.69,14998.192,120.47499999999997
2025-10-16 18:35:00,10/16,학습,346.015,5.001,2998.97,14998.165,17997.135000000002,0.7514031284133598,0.7576640446414963,29.67599999999993,2569.556,2514.88,37.467,465.893,9412.451,5796.607,6195.165,14998.165,119.878
2025-10-16 18:36:00,10/16,학습,345.853,5.001,2998.96,14998.141,17997.101,0.7469245644302178,0.7531434459292792,29.661000000000055,2569.92,2515.259,37.462,465.124,9428.379,5788.545,6196.488,14998.141,119.27100000000002
2025-10-16 18:37:00,10/16,학습,345.689,5.001,2998.952,14998.118,17997.07,0.7423065349495235,0.7484906381002695,29.644999999999985,2570.285,2515.64,37.456,464.345,9444.506,5780.191,6197.649,14998.118,118.656
2025-10-16 18:38:00,10/16,학습,345.524,5.001,2998.944,14998.097,17997.041,0.7376259932650676,0.7437817619777795,29.628999999999905,2570.651,2516.022,37.45,463.557,9460.809,5771.55,6198.643,14998.097,118.03300000000002
2025-10-16 18:39:00,10/16,학습,345.358,5.001,2998.938,14998.078,17997.016,0.7329553338964754,0.7390885119040675,29.614000000000036,2571.018,2516.404,37.445,462.76,9477.269,5762.628,6199.462,14998.078,117.402
2025-10-16 18:40:00,10/16,학습,345.192,5.001,2998.933,14998.061,17996.994,0.7281504544607939,0.7342687245605889,29.59799999999996,2571.384,2516.786,37.439,461.954,9493.87,5753.428,6200.102,14998.061,116.762
2025-10-16 18:41:00,10/16,학습,345.024,5.001,2998.93,14998.047,17996.977,0.7232876529939084,0.7293977762869649,29.58199999999988,2571.75,2517.168,37.433,461.14,9510.6,5743.957,6200.559,14998.047,116.116
2025-10-16 18:42:00,10/16,학습,344.856,5.001,2998.927,14998.034,17996.961,0.718438964548318,0.7245465664148729,29.5649999999996,2572.115,2517.55,37.428,460.318,9527.446,5734.22,6200.828,14998.034,115.462
2025-10-16 18:43:00,10/16,학습,344.687,5.001,2998.926,14998.024,17996.95,0.7134617991184908,0.7195746092286941,29.548999999999975,2572.479,2517.93,37.422,459.488,9544.399,5724.224,6200.909,14998.024,114.801
2025-10-16 18:44:00,10/16,학습,344.517,5.001,2998.926,14998.017,17996.943,0.7085056786021721,0.7146291391257907,29.534000000000106,2572.842,2518.308,37.417,458.651,9561.449,5713.975,6200.798,14998.017,114.134
2025-10-16 18:45:00,10/16,학습,344.346,5.001,2998.927,14998.011,17996.938000000002,0.7034190891266308,0.7095608661848839,29.51700000000028,2573.202,2518.685,37.411,457.806,9578.588,5703.478,6200.496,14998.011,113.45999999999998
2025-10-16 18:46:00,10/16,학습,344.175,5.001,2998.93,14998.009,17996.939,0.6983543732943356,0.7045197622510135,29.50099999999975,2573.56,2519.059,37.406,456.954,9595.807,5692.741,6200.002,14998.009,112.779
2025-10-16 18:47:00,10/16,학습,344.004,5.001,2998.934,14998.008,17996.942,0.6931708608448863,0.6993672457432456,29.48400000000038,2573.914,2519.43,37.4,456.096,9613.098,5681.769,6199.319,14998.008,112.09199999999998
2025-10-16 18:48:00,10/16,학습,343.831,5.001,2998.939,14998.011,17996.95,0.6879577489509416,0.694242636424645,29.46900000000005,2574.266,2519.797,37.395,455.231,9624.991,5670.624,6198.447,14998.011,111.39999999999998
2025-10-16 18:49:00,10/16,학습,343.659,5.001,2998.947,14998.018,17996.965,0.682617148647902,0.6890739147684659,29.452000000000226,2574.612,2520.16,37.39,454.359,9627.974,5659.666,6197.394,14998.018,110.7
2025-10-16 18:50:00,10/16,학습,343.486,5.001,2998.957,14998.028,17996.985,0.6771728250204632,0.6837948284475253,29.43600000000015,2574.954,2520.518,37.384,453.481,9631.074,5648.983,6196.165,14998.028,109.995
2025-10-16 18:51:00,10/16,학습,343.312,5.001,2998.968,14998.039,17997.007,0.6717714407300615,0.6785492337297165,29.41899999999987,2575.29,2520.871,37.379,452.597,9634.391,5638.562,6194.764,14998.039,109.28499999999995
2025-10-16 18:52:00,10/16,학습,343.138,5.001,2998.98,14998.051,17997.031,0.6663401690330719,0.673265974925804,29.403000000000247,2575.621,2521.218,37.374,451.707,9637.927,5628.385,6193.193,14998.051,108.56900000000002
2025-10-16 18:53:00,10/16,학습,342.964,5.001,2998.992,14998.066,17997.058,0.6608822715801553,0.6679487017464039,29.385999999999967,2575.946,2521.56,37.369,450.812,9641.685,5618.436,6191.457,14998.066,107.848
2025-10-16 18:54:00,10/16,학습,342.789,5.001,2999.005,14998.083,17997.088,0.6553929445604734,0.6625932019454229,29.368999999999687,2576.265,2521.896,37.364,449.911,9645.665,5608.701,6189.562,14998.083,107.122
2025-10-16 18:55:00,10/16,학습,342.614,5.001,2999.02,14998.103,17997.123,0.6498765752505794,0.6572043075419546,29.35199999999986,2576.578,2522.226,37.359,449.005,9649.869,5599.164,6187.513,14998.103,106.39100000000002
2025-10-16 18:56:00,10/16,학습,342.438,5.001,2999.035,14998.126,17997.161,0.6444022819778511,0.6518505777089865,29.33600000000024,2576.885,2522.549,37.355,448.093,9654.297,5589.811,6185.316,14998.126,105.65500000000004
2025-10-16 18:57:00,10/16,학습,342.263,5.001,2999.052,14998.152,17997.204,0.6388321943907994,0.6463965498013301,29.320000000000164,2577.185,2522.865,37.35,447.177,9658.948,5580.628,6182.979,14998.152,104.91400000000004
2025-10-16 18:58:00,10/16,학습,342.087,5.001,2999.07,14998.182,17997.252,0.6333069646467481,0.6409813767103173,29.30199999999968,2577.477,2523.175,37.346,446.256,9663.822,5571.602,6180.506,14998.182,104.16899999999998
2025-10-16 18:59:00,10/16,학습,341.91,5.001,2999.09,14998.215,17997.305,0.6277608903494599,0.6355406944528261,29.286000000000055,2577.762,2523.476,37.342,445.331,9668.917,5562.721,6177.905,14998.215,103.421
2025-10-16 19:00:00,10/16,학습,341.734,5.001,2999.111,14998.251,17997.362,0.6221168441292293,0.6299987114268037,29.269999999999985,2578.04,2523.77,37.337,444.402,9674.234,5553.971,6175.18,14998.251,102.668
2025-10-16 19:01:00,10/16,학습,341.557,5.001,2999.133,14998.291,17997.424,0.6165248469911478,0.6245039334342709,29.25300000000016,2578.308,2524.055,37.333,443.469,9679.771,5545.34,6172.336,14998.291,101.91199999999998
2025-10-16 19:02:00,10/16,학습,341.38,5.001,2999.157,14998.335,17997.492,0.6109143401771424,0.6189870837941457,29.23700000000008,2578.569,2524.332,37.329,442.533,9685.528,5536.819,6169.377,14998.335,101.15300000000002
2025-10-16 19:03:00,10/16,학습,341.203,5.001,2999.182,14998.382,17997.564,0.6053657902021039,0.6135280057445939,29.22000000000025,2578.82,2524.6,37.326,441.595,9691.502,5528.394,6166.305,14998.382,100.39200000000004
2025-10-16 19:04:00,10/16,학습,341.026,5.001,2999.208,14998.432,17997.64,0.5997257443537243,0.607975441133461,29.203999999999724,2579.062,2524.858,37.322,440.654,9697.694,5520.056,6163.12,14998.432,99.628
2025-10-16 19:05:00,10/16,학습,340.849,5.001,2999.236,14998.486,17997.722,0.5941469033102302,0.6024806046326969,29.188000000000105,2579.295,2525.107,37.319,439.711,9704.101,5511.795,6159.82,14998.486,98.86200000000002
2025-10-16 19:06:00,10/16,학습,340.672,5.001,2999.265,14998.543,17997.808,0.5885555665397229,0.5969709801104195,29.172000000000025,2579.518,2525.346,37.316,438.766,9710.722,5503.6,6156.397,14998.543,98.094
2025-10-16 19:07:00,10/16,학습,340.494,5.001,2999.295,14998.603,17997.898,0.582876428117758,0.5913724393007395,29.156000000000404,2579.731,2525.575,37.312,437.819,9717.555,5495.463,6152.841,14998.603,97.325
2025-10-16 19:08:00,10/16,학습,340.317,5.001,2999.326,14998.666,17997.992,0.5773445675246603,0.5859175858672628,29.139000000000124,2579.933,2525.794,37.31,436.872,9724.6,5487.374,6149.134,14998.666,96.555
2025-10-16 19:09:00,10/16,학습,340.139,5.001,2999.359,14998.732,17998.091,0.5717307615695599,0.5803801920029997,29.123000000000047,2580.125,2526.002,37.307,435.924,9731.854,5479.323,6145.247,14998.732,95.78499999999995
2025-10-16 19:10:00,10/16,학습,339.962,5.001,2999.392,14998.8,17998.192,0.5661084260845435,0.5748330218607935,29.10699999999997,2580.307,2526.2,37.304,434.975,9739.315,5471.304,6141.14,14998.8,95.01300000000003
2025-10-16 19:11:00,10/16,학습,339.784,5.001,2999.426,14998.872,17998.298,0.5605603934552084,0.5693582170454488,29.09099999999989,2580.477,2526.386,37.302,434.026,9746.983,5463.308,6136.753,14998.872,94.24200000000002
2025-10-16 19:12:00,10/16,학습,339.607,5.001,2999.462,14998.946,17998.408,0.5550100922946865,0.5638803482549409,29.074999999999815,2580.636,2526.561,37.3,433.077,9754.855,5455.327,6132.002,14998.946,93.46999999999996
2025-10-16 19:13:00,10/16,학습,339.429,5.001,2999.498,14999.022,17998.52,0.5494573196380548,0.5583994022923652,29.0590000000002,2580.784,2526.725,37.298,432.128,9762.93,5447.354,6126.762,14999.022,92.699
2025-10-16 19:14:00,10/16,학습,339.252,5.0,2999.535,14999.101,17998.636,0.5439140414378972,0.5529189323587087,29.04399999999987,2580.921,2526.877,37.296,431.181,9771.206,5439.381,6120.848,14999.101,91.92899999999996
2025-10-16 19:15:00,10/16,학습,339.074,5.0,2999.572,14999.181,17998.753,0.5383679207945204,0.547444846436489,29.027999999999796,2581.046,2527.018,37.294,430.234,9779.683,5431.402,6113.983,14999.181,91.15999999999995
2025-10-16 19:16:00,10/16,학습,338.897,5.0,2999.611,14999.264,17998.875,0.532906844039011,0.5420547915242347,29.01299999999992,2581.16,2527.147,37.293,429.289,9788.359,5423.41,6105.739,14999.264,90.392
2025-10-16 19:17:00,10/16,학습,338.719,5.0,2999.65,14999.348,17998.998,0.5273736408513189,0.5365935976597886,28.996999999999844,2581.261,2527.264,37.291,428.345,9797.235,5415.399,6095.432,14999.348,89.62600000000003
2025-10-16 19:18:00,10/16,학습,338.542,5.0,2999.69,14999.434,17999.124,0.5219255075384532,0.5312167860084454,28.98199999999997,2581.351,2527.369,37.29,427.403,9806.311,5407.363,6081.927,14999.434,88.86100000000005
2025-10-16 19:19:00,10/16,학습,338.364,5.0,2999.73,14999.521,17999.251,0.5164865505486704,0.5258495094064738,28.9670000000001,2581.429,2527.462,37.289,426.463,9815.59,5399.295,6063.279,14999.521,88.09900000000005
2025-10-16 19:20:00,10/16,학습,338.187,5.0,2999.77,14999.609,17999.379,0.5111329468581034,0.5205671886996898,28.95199999999977,2581.495,2527.543,37.289,425.525,9825.078,5391.19,6036.112,14999.609,87.33799999999997
2025-10-16 19:21:00,10/16,학습,338.01,5.0,2999.811,14999.698,17999.509000000002,0.5057178740665741,0.5152249089145159,28.93599999999969,2581.548,2527.612,37.288,424.59,9834.786,5383.042,5994.994,14999.698,86.57999999999998
2025-10-16 19:22:00,10/16,학습,337.833,5.0,2999.852,14999.788,17999.64,0.500395118109525,0.5099747696992134,28.922000000000025,2581.59,2527.668,37.288,423.658,9844.728,5374.844,5933.875,14999.788,85.82499999999999
2025-10-16 19:23:00,10/16,학습,337.656,5.0,2999.893,14999.878,17999.771,0.49508719980006843,0.5047403793834515,28.907000000000156,2581.619,2527.712,37.288,422.729,9854.91,5366.59,5852.525,14999.878,85.07299999999998
2025-10-16 19:24:00,10/16,학습,337.479,5.0,2999.935,14999.969,17999.904,0.48979413098011493,0.4995218806243292,28.891999999999825,2581.636,2527.744,37.288,421.803,9865.315,5358.275,5759.329,14999.969,84.32400000000001
2025-10-16 19:25:00,10/16,학습,337.302,5.0,2999.976,15000.058,18000.034,0.4845159567752213,0.49431941622611936,28.876999999999956,2581.641,2527.764,37.288,420.88,9875.914,5349.894,5662.512,15000.058,83.57799999999997
2025-10-16 19:26:00,10/16,학습,337.125,5.0,3000.017,15000.147,18000.164,0.47926417143757855,0.4891443994926526,28.863000000000284,2581.635,2527.772,37.288,419.962,9886.686,5341.441,5565.751,15000.147,82.83699999999999
2025-10-16 19:27:00,10/16,학습,336.948,5.0,3000.056,15000.224,18000.28,0.4741098844266552,0.48406173133372615,28.84799999999996,2581.616,2527.768,37.289,419.047,9894.864,5332.929,5489.738,15000.224,82.09900000000005
2025-10-16 19:28:00,10/16,학습,336.771,5.0,3000.068,15000.182,18000.25,0.4689215486236735,0.47891197968983606,28.834000000000287,2581.597,2527.763,37.289,418.136,9887.981,5324.667,5481.457,15000.182,81.36500000000001
2025-10-16 19:29:00,10/16,학습,336.595,5.0,3000.086,15000.275,18000.361,0.4638539265722619,0.4739213935286625,28.820000000000164,2581.574,2527.754,37.291,417.228,9900.252,5316.54,5475.326,15000.275,80.63299999999998
2025-10-16 19:30:00,10/16,학습,336.421,5.0,3000.159,15000.54,18000.699,0.45870151060535896,0.46888232548704256,28.80600000000004,2581.521,2527.715,37.292,416.321,9924.805,5308.109,5478.352,15000.54,79.90000000000003
2025-10-16 19:31:00,10/16,학습,336.248,5.0,3000.261,15000.772,18001.033,0.45368426490030733,0.46396357663133697,28.79200000000037,2581.434,2527.642,37.294,415.417,9942.636,5299.31,5487.627,15000.772,79.16899999999998
2025-10-16 19:32:00,10/16,학습,336.073,5.0,3000.323,15000.806,18001.129,0.44869635532406654,0.45902974164722044,28.777999999999796,2581.332,2527.554,37.295,414.523,9945.702,5290.479,5488.53,15000.806,78.45000000000005
2025-10-16 19:33:00,10/16,학습,335.897,5.0,3000.339,15000.788,18001.127,0.44382529275341315,0.4542348728029441,28.764000000000124,2581.233,2527.469,37.297,413.643,9955.976,5281.723,5484.705,15000.788,77.74599999999998
2025-10-16 19:34:00,10/16,학습,335.721,5.0,3000.36,15000.854,18001.214,0.4388897947176948,0.4493974676328298,28.75,2581.128,2527.378,37.298,412.77,9971.67,5272.783,5488.31,15000.854,77.04899999999998
2025-10-16 19:35:00,10/16,학습,335.545,5.0,3000.382,15000.896,18001.278000000002,0.43406558988287397,0.4446489051985519,28.73599999999988,2581.016,2527.28,37.3,411.9,9981.488,5263.767,5486.294,15000.896,76.35499999999996
2025-10-16 19:36:00,10/16,학습,335.368,5.0,3000.409,15000.967,18001.376,0.42916488072479203,0.4398398847120282,28.721999999999756,2580.894,2527.172,37.301,411.033,9994.759,5254.642,5486.933,15000.967,75.66500000000002
2025-10-16 19:37:00,10/16,학습,335.192,5.0,3000.442,15001.04,18001.482,0.4243529813575782,0.4351179966404513,28.708000000000084,2580.762,2527.054,37.303,410.168,10007.595,5245.403,5486.71,15001.04,74.976
2025-10-16 19:38:00,10/16,학습,335.015,5.0,3000.477,15001.116,18001.593,0.41964373160613244,0.4304976721905431,28.695000000000164,2580.619,2526.924,37.306,409.307,10020.24,5236.049,5487.102,15001.116,74.29200000000003
2025-10-16 19:39:00,10/16,학습,334.839,5.0,3000.512,15001.191,18001.703,0.41486875499361936,0.4258172254340827,28.68100000000004,2580.465,2526.784,37.308,408.449,10033.569,5226.594,5486.434,15001.191,73.61000000000001
2025-10-16 19:40:00,10/16,학습,334.663,5.0,3000.549,15001.268,18001.817,0.4102038222780441,0.4212459225081055,28.66800000000012,2580.299,2526.631,37.311,407.596,10046.778,5217.021,5485.47,15001.268,72.93299999999999
2025-10-16 19:41:00,10/16,학습,334.487,4.999,3000.588,15001.347,18001.935,0.40556260733195376,0.4167143233879342,28.6550000000002,2580.121,2526.466,37.314,406.747,10060.169,5207.315,5485.879,15001.347,72.25999999999999
2025-10-16 19:42:00,10/16,학습,334.311,4.999,3000.625,15001.415,18002.04,0.4008741384862968,0.4121224496155147,28.64100000000008,2579.931,2526.29,37.316,405.903,10073.31,5197.497,5485.368,15001.415,71.59200000000004
2025-10-16 19:43:00,10/16,학습,334.135,4.999,3000.659,15001.48,18002.139,0.39637655245376907,0.40772114430513245,28.62800000000016,2579.731,2526.103,37.32,405.065,10086.693,5187.562,5484.978,15001.48,70.93
2025-10-16 19:44:00,10/16,학습,333.959,4.999,3000.691,15001.539,18002.23,0.39183771409232093,0.40327946823169436,28.615999999999985,2579.521,2525.905,37.323,404.233,10099.952,5177.517,5483.931,15001.539,70.274
2025-10-16 19:45:00,10/16,학습,333.784,4.999,3000.723,15001.597,18002.32,0.3873263628618146,0.3988663437615686,28.60200000000032,2579.3,2525.698,37.326,403.406,10113.305,5167.362,5481.67,15001.597,69.62200000000001
2025-10-16 19:46:00,10/16,학습,333.608,4.999,3000.754,15001.653,18002.407,0.38293011108277086,0.39456775756287366,28.588999999999945,2579.069,2525.48,37.33,402.585,10126.71,5157.099,5476.648,15001.653,68.97699999999998
2025-10-16 19:47:00,10/16,학습,333.433,4.999,3000.784,15001.711,18002.495,0.3785673250225075,0.39030553417795444,28.576000000000025,2578.828,2525.252,37.334,401.77,10140.492,5146.723,5471.645,15001.711,68.33699999999999
2025-10-16 19:48:00,10/16,학습,333.258,4.999,3000.816,15001.768,18002.584,0.37416143910407856,0.3860037597890789,28.564000000000306,2578.577,2525.013,37.337,400.961,10154.571,5136.228,5467.11,15001.768,67.70300000000003
2025-10-16 19:49:00,10/16,학습,333.084,4.999,3000.847,15001.823,18002.670000000002,0.36987525629010093,0.3818222602862645,28.549999999999727,2578.314,2524.764,37.341,400.159,10168.867,5125.612,5462.933,15001.823,67.07499999999999
2025-10-16 19:50:00,10/16,학습,332.91,4.999,3000.877,15001.873,18002.75,0.3656986171464026,0.37775074260426206,28.53800000000001,2578.042,2524.504,37.346,399.362,10183.346,5114.87,5459.024,15001.873,66.452
2025-10-16 19:51:00,10/16,학습,332.735,4.999,3000.905,15001.919,18002.824,0.3614839638108463,0.3736439454781485,28.52500000000009,2577.76,2524.235,37.35,398.572,10197.991,5104.001,5455.31,15001.919,65.83699999999999
2025-10-16 19:52:00,10/16,학습,332.561,4.999,3000.931,15001.959,18002.89,0.3573055486852993,0.3695748764752318,28.51199999999972,2577.468,2523.956,37.354,397.788,10212.795,5093.004,5451.735,15001.959,65.22700000000003
2025-10-16 19:53:00,10/16,학습,332.387,4.999,3000.955,15001.995,18002.95,0.3532414456121439,0.36562023579351727,28.5,2577.168,2523.668,37.359,397.01,10227.752,5081.877,5448.256,15001.995,64.62299999999999
2025-10-16 19:54:00,10/16,학습,332.213,4.999,3000.978,15002.027,18003.005,0.3491376239508672,0.3616284986245727,28.48700000000008,2576.86,2523.373,37.363,396.239,10242.86,5070.619,5444.84,15002.027,64.02599999999995
2025-10-16 19:55:00,10/16,학습,332.039,4.999,3000.999,15002.056,18003.055,0.3451488504046201,0.3577518248681036,28.47499999999991,2576.544,2523.069,37.368,395.474,10258.118,5059.228,5441.463,15002.056,63.435
2025-10-16 19:56:00,10/16,학습,331.865,4.999,3001.019,15002.082,18003.101,0.3411876316295685,0.35390415610890563,28.46199999999999,2576.22,2522.758,37.373,394.714,10273.527,5047.704,5438.106,15002.082,62.84899999999999
2025-10-16 19:57:00,10/16,학습,331.69,4.999,3001.038,15002.106,18003.144,0.3371886489453588,0.35002130395845177,28.450000000000276,2575.889,2522.439,37.377,393.961,10289.086,5036.046,5434.756,15002.106,62.271000000000015
2025-10-16 19:58:00,10/16,학습,331.516,4.999,3001.056,15002.128,18003.184,0.33329692873025274,0.3462457558338523,28.438000000000105,2575.551,2522.113,37.382,393.213,10304.798,5024.252,5431.403,15002.128,61.697
2025-10-16 19:59:00,10/16,학습,331.342,4.999,3001.073,15002.148,18003.220999999998,0.329439721413534,0.34250601975077544,28.424999999999727,2575.205,2521.78,37.387,392.471,10320.662,5012.323,5428.041,15002.148,61.12900000000002
2025-10-16 20:00:00,10/16,학습,331.185,4.999,3001.08,15002.132,18003.212,0.3256848477633668,0.33886912318975976,28.41300000000001,2574.857,2521.444,37.393,391.734,10336.682,5000.256,5424.664,15002.132,60.54899999999998
2025-10-16 20:01:00,10/16,학습,331.056,4.999,3001.115,15002.256,18003.371,0.3219869700340894,0.3352886744181519,28.402999999999796,2574.493,2521.09,37.399,391.004,10352.86,4988.052,5421.27,15002.256,59.94800000000004
2025-10-16 20:02:00,10/16,학습,330.941,4.999,3001.185,15002.399,18003.584,0.3186790342319148,0.3320910314766866,28.396000000000186,2574.097,2520.701,37.407,390.305,10369.201,4975.714,5417.856,15002.399,59.36400000000003
2025-10-16 20:03:00,10/16,학습,330.84,4.999,3001.221,15002.37,18003.591,0.31569361306042987,0.32921345351991815,28.389999999999876,2573.691,2520.301,37.413,389.682,10385.725,4963.237,5414.421,15002.37,58.84200000000004
2025-10-16 20:04:00,10/16,학습,330.751,4.999,3001.194,15002.22,18003.414,0.3131191930563893,0.3267443547659985,28.384999999999764,2573.303,2519.918,37.418,389.142,10402.456,4950.615,5410.966,15002.22,58.39100000000002
2025-10-16 20:05:00,10/16,학습,330.673,4.999,3001.128,15002.042,18003.17,0.31085145258033536,0.32458021851078694,28.378999999999905,2572.941,2519.562,37.422,388.67,10419.416,4937.843,5407.498,15002.042,57.997000000000014
2025-10-16 20:06:00,10/16,학습,330.604,4.999,3001.043,15001.852,18002.895,0.3089183058840536,0.32274726578574137,28.37400000000025,2572.61,2519.236,37.426,388.258,10436.613,4924.917,5404.022,15001.852,57.654
2025-10-16 20:07:00,10/16,학습,330.541,4.999,3000.949,15001.663,18002.612,0.3071823445813976,0.3211100728275235,28.369000000000145,2572.311,2518.942,37.429,387.897,10454.047,4911.837,5400.547,15001.663,57.356
2025-10-16 20:08:00,10/16,학습,330.486,4.999,3000.855,15001.49,18002.345,0.30567544745349917,0.31969914234701585,28.364000000000036,2572.043,2518.679,37.432,387.579,10471.71,4898.599,5397.082,15001.49,57.09300000000002
2025-10-16 20:09:00,10/16,학습,330.436,4.999,3000.767,15001.337,18002.104,0.3042861864208504,0.3184046880322501,28.359999999999676,2571.803,2518.443,37.434,387.298,10489.59,4885.203,5393.635,15001.337,56.86200000000002
2025-10-16 20:10:00,10/16,학습,330.391,4.999,3000.689,15001.205,18001.894,0.303139578621864,0.3173486769543371,28.356000000000225,2571.588,2518.232,37.437,387.048,10507.672,4871.649,5155.024,15001.205,56.65699999999998
2025-10-16 20:11:00,10/16,학습,330.35,4.999,3000.621,15001.093,18001.714,0.3020578752279388,0.3163565545427666,28.35299999999961,2571.394,2518.041,37.439,386.825,10525.928,4857.936,2854.705,15001.093,56.474999999999966
2025-10-16 20:12:00,10/16,학습,330.314,4.999,3000.561,15000.997,18001.558,0.30102504449250256,0.3154124125777685,28.34999999999991,2571.218,2517.868,37.44,386.626,10544.333,4844.065,2814.466,15000.997,56.31199999999996
2025-10-16 20:13:00,10/16,학습,330.281,4.999,3000.511,15000.915,18001.426,0.3001783462838094,0.3146504172955153,28.34800000000041,2571.059,2517.711,37.442,386.447,10562.885,4830.038,2801.497,15000.915,56.166
2025-10-16 20:14:00,10/16,학습,330.252,5.0,3000.467,15000.846,18001.313,0.2994343517964611,0.3139574441374542,28.3439999999996,2570.912,2517.568,37.444,386.287,10581.57,4815.855,2789.861,15000.846,56.03499999999997
2025-10-16 20:15:00,10/16,학습,330.225,5.0,3000.43,15000.786,18001.216,0.2986982626248384,0.31330322620583334,28.341999999999643,2570.778,2517.436,37.445,386.143,10600.375,4801.518,2779.334,15000.786,55.91799999999995
2025-10-16 20:16:00,10/16,학습,330.201,5.0,3000.397,15000.735,18001.132,0.29811991706982305,0.3128030361166795,28.34099999999989,2570.654,2517.313,37.447,386.013,10619.287,4787.029,2769.742,15000.735,55.81199999999996
2025-10-16 20:17:00,10/16,학습,330.18,5.0,3000.369,15000.691,18001.06,0.29753844088361964,0.3122992548343721,28.338000000000196,2570.538,2517.2,37.448,385.897,10638.292,4772.39,2760.948,15000.691,55.71699999999999
2025-10-16 20:18:00,10/16,학습,330.161,5.0,3000.345,15000.653,18000.998,0.2970187136179028,0.3118552193318011,28.335999999999785,2570.43,2517.094,37.449,385.792,10657.374,4757.605,2752.84,15000.653,55.63099999999997
2025-10-16 20:19:00,10/16,학습,330.144,5.0,3000.324,15000.62,18000.944,0.2965622230267098,0.3114722649188207,28.33500000000004,2570.329,2516.994,37.45,385.698,10676.521,4742.675,2745.333,15000.62,55.55399999999997
2025-10-16 20:20:00,10/16,학습,330.129,5.0,3000.306,15000.592,18000.898,0.2961486350568429,0.31113036669731253,28.333000000000084,2570.234,2516.901,37.451,385.612,10695.719,4727.605,2738.353,15000.592,55.483
2025-10-16 20:21:00,10/16,학습,330.115,5.0,3000.291,15000.569,18000.86,0.2957884989396759,0.31083965764842797,28.33100000000013,2570.143,2516.812,37.452,385.535,10714.954,4712.397,2731.844,15000.569,55.420000000000016
2025-10-16 20:22:00,10/16,학습,330.102,5.0,3000.278,15000.548,18000.826,0.29546908120387205,0.31058763375393983,28.329999999999927,2570.057,2516.727,37.453,385.465,10734.214,4697.056,2725.757,15000.548,55.363
2025-10-16 20:23:00,10/16,학습,330.091,5.0,3000.267,15000.532,18000.799,0.29519185395193914,0.3103755961025955,28.32900000000018,2569.974,2516.645,37.454,385.402,10753.486,4681.586,2720.051,15000.532,55.31099999999998
2025-10-16 20:24:00,10/16,학습,330.081,5.0,3000.257,15000.518,18000.775,0.29493631705663653,0.31018347460076706,28.32699999999977,2569.894,2516.567,37.455,385.343,10772.759,4665.991,2714.691,15000.518,55.262
2025-10-16 20:25:00,10/16,학습,330.072,5.0,3000.25,15000.507,18000.756999999998,0.29471946859109416,0.3100276572553202,28.326000000000025,2569.816,2516.49,37.456,385.29,10792.022,4650.276,2709.646,15000.507,55.21800000000002
2025-10-16 20:26:00,10/16,학습,330.064,5.0,3000.244,15000.498,18000.742,0.29452585488126365,0.3098930579095126,28.32399999999961,2569.74,2516.416,37.457,385.241,10811.264,4634.444,2704.889,15000.498,55.17699999999997
2025-10-16 20:27:00,10/16,학습,330.056,5.0,3000.239,15000.492,18000.731,0.2943516963392064,0.309775966814195,28.32300000000032,2569.666,2516.343,37.458,385.195,10830.478,4618.502,2700.395,15000.492,55.13900000000001
2025-10-16 20:28:00,10/16,학습,330.049,5.0,3000.235,15000.487,18000.721999999998,0.2942035175080663,0.30968266467327377,28.32199999999966,2569.593,2516.271,37.459,385.153,10849.654,4602.454,2696.142,15000.487,55.10400000000004
2025-10-16 20:29:00,10/16,학습,330.043,5.0,3000.233,15000.484,18000.717,0.29407497166539326,0.3096068841892956,28.321000000000367,2569.521,2516.2,37.46,385.114,10868.787,4586.305,2692.111,15000.484,55.07099999999997
2025-10-16 20:30:00,10/16,학습,330.037,5.0,3000.231,15000.482,18000.713,0.29395957401178757,0.3095423546343986,28.31899999999996,2569.449,2516.13,37.461,385.077,10887.868,4570.06,2688.282,15000.482,55.04000000000002
2025-10-16 20:31:00,10/16,학습,330.032,5.0,3000.23,15000.481,18000.711,0.29385999598535917,0.30949163484649256,28.31799999999976,2569.377,2516.059,37.462,385.042,10906.894,4553.724,2684.64,15000.481,55.00999999999999
2025-10-16 20:32:00,10/16,학습,330.028,5.0,3000.23,15000.482,18000.712,0.2937685041028892,0.3094471736129391,28.317000000000007,2569.305,2515.988,37.463,385.008,10925.861,4537.301,2681.169,15000.482,54.97999999999996
2025-10-16 20:33:00,10/16,학습,330.023,5.0,3000.23,15000.483,18000.713,0.2936966064111721,0.3094202480555765,28.31500000000005,2569.233,2515.918,37.464,384.977,10944.763,4520.798,2677.856,15000.483,54.95399999999995
2025-10-16 20:34:00,10/16,학습,330.019,5.0,3000.231,15000.485,18000.716,0.2936289663085441,0.30939586395283597,28.31399999999985,2569.16,2515.846,37.465,384.946,10963.599,4504.218,2674.688,15000.485,54.92700000000002
2025-10-16 20:35:00,10/16,학습,330.016,5.0,3000.232,15000.487,18000.718999999997,0.2934942176574274,0.30930454963095005,28.311999999999895,2569.087,2515.775,37.465,384.917,10982.367,4487.566,2671.655,15000.487,54.900999999999954
2025-10-16 20:36:00,10/16,학습,330.012,5.0,3000.234,15000.491,18000.725,0.2934503377629191,0.30930025378089704,28.31099999999969,2569.013,2515.702,37.466,384.889,11001.065,4470.847,2668.746,15000.491,54.87700000000001
2025-10-16 20:37:00,10/16,학습,330.009,5.0,3000.236,15000.494,18000.73,0.2934881988393736,0.30937413059318086,28.309999999999945,2568.939,2515.629,37.468,384.861,11019.691,4454.065,2665.953,15000.494,54.851999999999975
2025-10-16 20:38:00,10/16,학습,330.006,5.0,3000.238,15000.498,18000.736,0.2934550127871744,0.3093773629284511,28.307999999999996,2568.863,2515.555,37.469,384.834,11038.247,4437.225,2663.267,15000.498,54.82800000000003
2025-10-16 20:39:00,10/16,학습,330.004,5.0,3000.24,15000.501,18000.741,0.29343100626543717,0.30938814080020627,28.30699999999979,2568.787,2515.48,37.47,384.808,11056.73,4420.331,2660.682,15000.501,54.80399999999997
2025-10-16 20:40:00,10/16,학습,330.001,5.0,3000.243,15000.505,18000.748,0.2934097184358913,0.30940018609578757,28.30600000000004,2568.71,2515.404,37.471,384.782,11075.142,4403.388,2658.192,15000.505,54.781000000000006
2025-10-16 20:41:00,10/16,학습,329.999,5.0,3000.245,15000.51,18000.755,0.293397444350927,0.3094197779528397,28.303999999999636,2568.631,2515.327,37.472,384.757,11093.484,4386.398,2655.791,15000.51,54.75799999999998
2025-10-16 20:42:00,10/16,학습,329.997,5.0,3000.248,15000.514,18000.762,0.2933878156028343,0.3094406379634953,28.30300000000034,2568.552,2515.249,37.473,384.732,11111.755,4369.366,2653.474,15000.514,54.735000000000014
2025-10-16 20:43:00,10/16,학습,329.995,5.0,3000.251,15000.518,18000.769,0.2933807173663026,0.3094627659647676,28.30099999999993,2568.471,2515.17,37.474,384.707,11129.957,4352.295,2651.237,15000.518,54.71199999999999
2025-10-16 20:44:00,10/16,학습,329.993,5.0,3000.254,15000.522,18000.776,0.2933825208209882,0.3094924422069003,28.299999999999727,2568.39,2515.09,37.475,384.683,11148.092,4335.19,2649.076,15000.522,54.69
2025-10-16 20:45:00,10/16,학습,329.991,5.0,3000.256,15000.526,18000.782,0.2933867205196107,0.3095233868558532,28.29799999999977,2568.307,2515.009,37.476,384.659,11166.159,4318.052,2646.987,15000.526,54.668000000000006
2025-10-16 20:46:00,10/16,학습,329.99,5.0,3000.259,15000.53,18000.789,0.2934735806685153,0.3096337378849129,28.29599999999982,2568.223,2514.927,37.478,384.635,11184.161,4300.886,2644.968,15000.53,54.64499999999998
2025-10-16 20:47:00,10/16,학습,329.988,5.0,3000.262,15000.533,18000.795,0.2934825380118932,0.30966721502998346,28.295000000000076,2568.139,2514.844,37.479,384.611,11202.098,4283.695,2643.015,15000.533,54.62299999999999
2025-10-16 20:48:00,10/16,학습,329.987,5.0,3000.264,15000.537,18000.801,0.2934950255384001,0.3097032387351931,28.29399999999987,2568.053,2514.759,37.48,384.587,11219.973,4266.481,2641.126,15000.537,54.599999999999966
2025-10-16 20:49:00,10/16,학습,329.986,5.0,3000.267,15000.54,18000.807,0.2935085157744447,0.30973925328972557,28.29199999999992,2567.966,2514.674,37.481,384.563,11237.785,4249.247,2639.3,15000.54,54.577
2025-10-16 20:50:00,10/16,학습,329.985,5.0,3000.269,15000.543,18000.811999999998,0.2936043542926283,0.309854649095967,28.289999999999964,2567.878,2514.588,37.483,384.539,11255.538,4231.995,2637.534,15000.543,54.55399999999997
2025-10-16 20:51:00,10/16,학습,329.983,5.0,3000.272,15000.546,18000.818,0.2936221846801184,0.30989319606811166,28.28800000000001,2567.789,2514.501,37.484,384.515,11273.231,4214.729,2635.827,15000.546,54.53199999999998
2025-10-16 20:52:00,10/16,학습,329.982,5.0,3000.274,15000.549,18000.823,0.2936485173152094,0.30993929348514815,28.286999999999807,2567.7,2514.413,37.485,384.492,11290.867,4197.45,2634.179,15000.549,54.50999999999999
2025-10-16 20:53:00,10/16,학습,329.981,5.0,3000.276,15000.552,18000.828,0.2937506686988548,0.31005847055530783,28.28499999999985,2567.609,2514.324,37.487,384.468,11308.446,4180.162,2632.587,15000.552,54.48700000000002
2025-10-16 20:54:00,10/16,학습,329.981,5.0,3000.278,15000.554,18000.832,0.2937746666350932,0.3101008189176679,28.284000000000106,2567.518,2514.234,37.488,384.444,11325.969,4162.865,2631.053,15000.554,54.46300000000002
2025-10-16 20:55:00,10/16,학습,329.98,5.0,3000.28,15000.557,18000.837,0.293807127080896,0.3101507184884171,28.282000000000156,2567.425,2514.143,37.489,384.421,11343.437,4145.562,2629.577,15000.557,54.44099999999997
2025-10-16 20:56:00,10/16,학습,329.979,5.0,3000.282,15000.559,18000.841,0.29391398476960817,0.3102723986122253,28.279999999999745,2567.332,2514.052,37.491,384.397,11360.85,4128.256,2628.16,15000.559,54.418000000000006
2025-10-16 20:57:00,10/16,학습,329.978,5.0,3000.284,15000.561,18000.845,0.29394904779384745,0.31032355318717436,28.277999999999796,2567.238,2513.96,37.492,384.374,11378.211,4110.947,2626.805,15000.561,54.396000000000015
2025-10-16 20:58:00,10/16,학습,329.978,5.0,3000.286,15000.563,18000.849000000002,0.2939796028293374,0.3103696942946697,28.27599999999984,2567.143,2513.867,37.493,384.35,11395.517,4093.638,2625.518,15000.563,54.372000000000014
2025-10-16 20:59:00,10/16,학습,329.977,5.0,3000.288,15000.564,18000.852,0.29409221947219494,0.310495155485363,28.27499999999964,2567.048,2513.773,37.495,384.326,11412.771,4076.33,2624.305,15000.564,54.349000000000046
2025-10-16 21:00:00,10/16,학습,329.993,5.0,3000.28,15000.535,18000.815,0.29412587982286514,0.31054372110911016,28.27300000000014,2566.956,2513.683,37.496,384.303,11429.97,4059.025,2623.18,15000.535,54.31
2025-10-16 21:01:00,10/16,학습,330.039,5.0,3000.299,15000.625,18000.924,0.29433902313823407,0.3107649600991867,28.27500000000009,2566.855,2513.58,37.499,384.28,11447.116,4041.726,2622.184,15000.625,54.24099999999999
2025-10-16 21:02:00,10/16,학습,330.098,5.0,3000.349,15000.72,18001.069,0.2947573647406128,0.3111777292084767,28.278000000000247,2566.728,2513.45,37.502,384.282,11463.675,4024.44,2621.363,15000.72,54.18399999999997
2025-10-16 21:03:00,10/16,학습,330.171,5.0,3000.362,15000.667,18001.029,0.2957565748245305,0.3120188212954157,28.28099999999995,2566.6,2513.319,37.505,384.352,11467.622,4007.401,2620.862,15000.667,54.18099999999998
2025-10-16 21:04:00,10/16,학습,330.256,5.0,3000.317,15000.523,18000.84,0.2969698484573679,0.3130571070179657,28.286000000000055,2566.5,2513.214,37.505,384.496,11469.672,3990.875,2621.255,15000.523,54.24000000000001
2025-10-16 21:05:00,10/16,학습,330.35,5.0,3000.239,15000.364,18000.603,0.29859389601175135,0.3145045252865243,28.29000000000042,2566.434,2513.144,37.506,384.7,11471.69,3974.855,2623.329,15000.364,54.349999999999966
2025-10-16 21:06:00,10/16,학습,330.452,5.0,3000.15,15000.204,18000.354,0.30035202481810624,0.316090177384442,28.294999999999614,2566.403,2513.108,37.505,384.958,11473.671,3959.325,2627.5,15000.204,54.50600000000003
2025-10-16 21:07:00,10/16,학습,330.56,5.0,3000.057,15000.051,18000.108,0.3023457087511921,0.31791281171584185,28.299999999999727,2566.406,2513.106,37.504,385.261,11475.612,3944.269,2633.794,15000.051,54.70100000000002
2025-10-16 21:08:00,10/16,학습,330.675,5.0,2999.969,14999.914,17999.883,0.30453997744839834,0.3199379447996967,28.305999999999585,2566.441,2513.135,37.503,385.603,11477.513,3929.672,2642.106,14999.914,54.928
2025-10-16 21:09:00,10/16,학습,330.794,5.0,2999.891,14999.796,17999.687,0.3068215320780019,0.3220546142541503,28.312000000000356,2566.503,2513.191,37.501,385.978,11479.378,3915.519,2652.291,14999.796,55.184000000000026
2025-10-16 21:10:00,10/16,학습,330.918,5.0,2999.822,14999.695,17999.517,0.3092488848312759,0.32432015847686857,28.31800000000021,2566.588,2513.27,37.499,386.382,11481.213,3901.797,2664.18,14999.695,55.464
2025-10-16 21:11:00,10/16,학습,331.045,5.0,2999.763,14999.609,17999.372,0.3118011311591614,0.32671410364739567,28.325000000000276,2566.693,2513.368,37.497,386.811,11483.023,3888.491,2677.59,14999.609,55.76599999999996
2025-10-16 21:12:00,10/16,학습,331.177,5.0,2999.713,14999.536,17999.249,0.31446877352187874,0.3292272343291395,28.33199999999988,2566.814,2513.482,37.495,387.263,11484.814,3875.588,2692.345,14999.536,56.08599999999996
2025-10-16 21:13:00,10/16,학습,331.311,5.0,2999.67,14999.473,17999.143,0.3172423007340532,0.3318503691300888,28.340000000000146,2566.949,2513.609,37.493,387.736,11486.595,3863.075,2708.294,14999.473,56.42500000000001
2025-10-16 21:14:00,10/16,학습,331.449,5.0,2999.634,14999.418,17999.052,0.3200357075291148,0.33449909710704967,28.347000000000207,2567.096,2513.749,37.49,388.229,11488.373,3850.939,2725.283,14999.418,56.77999999999997
2025-10-16 21:15:00,10/16,학습,331.589,5.0,2999.603,14999.372,17998.975,0.32300057247932296,0.33732220516885514,28.356000000000225,2567.253,2513.897,37.488,388.74,11490.155,3839.167,2743.159,14999.372,57.15100000000001
2025-10-16 21:16:00,10/16,학습,331.731,5.0,2999.577,14999.332,17998.909,0.3259643216559109,0.3401502664511837,28.364000000000036,2567.418,2514.054,37.485,389.267,11491.951,3827.747,2761.815,14999.332,57.536
2025-10-16 21:17:00,10/16,학습,331.875,5.001,2999.556,14999.298,17998.854,0.3290083007495007,0.343036463555339,28.3720000000003,2567.59,2514.218,37.482,389.81,11493.766,3816.666,2781.165,14999.298,57.935
2025-10-16 21:18:00,10/16,학습,332.021,5.001,2999.537,14999.27,17998.807,0.33220836578251955,0.34610910785503285,28.380999999999855,2567.767,2514.386,37.48,390.368,11495.608,3805.912,2801.137,14999.27,58.34699999999998
2025-10-16 21:19:00,10/16,학습,332.169,5.001,2999.523,14999.247,17998.77,0.33539280039052166,0.34917203812459957,28.389999999999876,2567.949,2514.559,37.477,390.939,11497.481,3795.473,2821.675,14999.247,58.77000000000004
2025-10-16 21:20:00,10/16,학습,332.318,5.001,2999.512,14999.23,17998.742,0.3386377264551119,0.35230007357062765,28.40000000000009,2568.134,2514.734,37.474,391.522,11499.391,3785.338,2842.733,14999.23,59.20400000000001
2025-10-16 21:21:00,10/16,학습,332.469,5.001,2999.504,14999.218,17998.722,0.34202023364023126,0.3555689694489036,28.40800000000036,2568.32,2514.912,37.472,392.117,11501.339,3775.495,2864.274,14999.218,59.648000000000025
2025-10-16 21:22:00,10/16,학습,332.621,5.001,2999.499,14999.21,17998.709,0.3453804484639681,0.3588211687945723,28.417999999999665,2568.508,2515.09,37.469,392.723,11503.329,3765.933,2886.269,14999.21,60.10200000000003
2025-10-16 21:23:00,10/16,학습,332.773,5.001,2999.497,14999.207,17998.704,0.34879191348894406,0.36212890606298137,28.42800000000034,2568.695,2515.267,37.466,393.339,11505.362,3756.642,2908.694,14999.207,60.56599999999997
2025-10-16 21:24:00,10/16,학습,332.927,5.001,2999.497,14999.208,17998.705,0.35233151628752035,0.3655678492369936,28.436999999999895,2568.881,2515.444,37.464,393.965,11507.437,3747.611,2931.53,14999.208,61.037999999999954
2025-10-16 21:25:00,10/16,학습,333.081,5.001,2999.5,14999.214,17998.714,0.35583383734237867,0.3689747013561782,28.447999999999865,2569.066,2515.618,37.461,394.599,11509.555,3738.829,2954.761,14999.214,61.51799999999997
2025-10-16 21:26:00,10/16,학습,333.236,5.001,2999.506,14999.223,17998.729,0.35938208431994945,0.37243130238859223,28.45699999999988,2569.247,2515.79,37.458,395.242,11511.713,3730.289,2978.374,14999.223,62.00600000000003
2025-10-16 21:27:00,10/16,학습,333.391,5.001,2999.513,14999.236,17998.749,0.36304445642659855,0.3760048650448094,28.4670000000001,2569.425,2515.958,37.456,395.892,11513.912,3721.978,3002.356,14999.236,62.500999999999976
2025-10-16 21:28:00,10/16,학습,333.547,5.001,2999.523,14999.253,17998.776,0.36675006689516226,0.3796252123859684,28.478000000000065,2569.599,2516.121,37.454,396.55,11516.148,3713.89,3026.699,14999.253,63.00299999999999
2025-10-16 21:29:00,10/16,학습,333.703,5.001,2999.535,14999.273,17998.807999999997,0.3704134033923061,0.38320774777832967,28.48799999999983,2569.768,2516.28,37.451,397.215,11518.42,3706.015,3051.392,14999.273,63.512
2025-10-16 21:30:00,10/16,학습,333.86,5.001,2999.548,14999.296,17998.844,0.37418683992363677,0.386902794602831,28.498000000000047,2569.931,2516.433,37.449,397.886,11520.725,3698.344,3076.427,14999.296,64.02600000000001
2025-10-16 21:31:00,10/16,학습,334.017,5.001,2999.563,14999.321,17998.884,0.3779910295293594,0.39063180408608195,28.507000000000065,2570.088,2516.581,37.447,398.563,11523.061,3690.87,3101.797,14999.321,64.54599999999999
2025-10-16 21:32:00,10/16,학습,334.174,5.0,2999.58,14999.35,17998.93,0.3818236685939742,0.39441029505057096,28.51800000000003,2570.239,2516.721,37.445,399.245,11525.424,3683.584,3127.495,14999.35,65.07100000000003
2025-10-16 21:33:00,10/16,학습,334.332,5.0,2999.598,14999.381,17998.979,0.38569422370636497,0.3982109270344515,28.529,2570.384,2516.855,37.443,399.934,11527.814,3676.48,3153.514,14999.381,65.60200000000003
2025-10-16 21:34:00,10/16,학습,334.489,5.0,2999.617,14999.414,17999.031000000003,0.3895857715238496,0.402035401471047,28.53800000000001,2570.52,2516.982,37.441,400.627,11530.226,3669.55,3179.848,14999.414,66.13800000000003
2025-10-16 21:35:00,10/16,학습,334.647,5.0,2999.638,14999.449,17999.087,0.3935843831734319,0.4059686772601217,28.550000000000185,2570.65,2517.1,37.44,401.325,11532.659,3662.787,3206.491,14999.449,66.678
2025-10-16 21:36:00,10/16,학습,334.805,5.0,2999.659,14999.486,17999.145,0.397532303222627,0.4098546588910045,28.5600000000004,2570.771,2517.211,37.438,402.028,11535.111,3656.185,3233.437,14999.486,67.22300000000001
2025-10-16 21:37:00,10/16,학습,334.963,5.0,2999.682,14999.525,17999.207,0.40158700449626444,0.4138489193309888,28.56999999999971,2570.883,2517.313,37.437,402.736,11537.578,3649.738,3260.682,14999.525,67.77299999999997
2025-10-16 21:38:00,10/16,학습,335.123,5.0,2999.737,14999.463,17999.2,0.41519430562024356,0.4178148467503406,28.580000000000386,2570.963,2517.383,37.435,403.447,9834.911,3662.609,3288.226,14999.463,68.32400000000001
2025-10-16 21:39:00,10/16,학습,335.284,5.0,2999.779,14999.509,17999.288,0.4155960770170587,0.4219049433475575,28.590000000000146,2571.016,2517.426,37.434,404.162,10420.804,3697.88,3315.971,14999.509,68.87799999999999
2025-10-16 21:40:00,10/16,학습,335.443,5.0,2999.792,14999.514,17999.306,0.41937438024696366,0.42592423805960844,28.59999999999991,2571.071,2517.471,37.432,404.88,10403.465,3729.628,3343.764,14999.514,69.43700000000001
2025-10-16 21:41:00,10/16,학습,335.601,5.0,2999.796,14999.513,17999.309,0.4232665886982628,0.4300560173912093,28.610000000000127,2571.127,2517.517,37.431,405.606,10386.428,3760.874,3371.679,14999.513,70.005
2025-10-16 21:42:00,10/16,학습,335.759,5.0,2999.8,14999.526,17999.326,0.42716216373344995,0.43418505866086765,28.61999999999989,2571.182,2517.562,37.43,406.333,10369.902,3791.622,3399.79,14999.526,70.57400000000001
2025-10-16 21:43:00,10/16,학습,335.916,5.0,2999.811,14999.558,17999.369000000002,0.4310547933121091,0.43830461195593384,28.63000000000011,2571.232,2517.602,37.429,407.059,10353.892,3821.87,3428.137,14999.558,71.14300000000003
2025-10-16 21:44:00,10/16,학습,336.074,5.0,2999.828,14999.598,17999.426,0.4350256856415867,0.44249912334004643,28.639999999999876,2571.275,2517.635,37.429,407.785,10338.258,3851.621,3456.698,14999.598,71.71100000000001
2025-10-16 21:45:00,10/16,학습,336.231,5.0,2999.851,14999.645,17999.496,0.4390037849223182,0.44669359762049754,28.65000000000009,2571.31,2517.66,37.429,408.511,10322.856,3880.878,3485.426,14999.645,72.28000000000003
2025-10-16 21:46:00,10/16,학습,336.388,5.0,2999.876,14999.695,17999.571,0.4430015057070879,0.45090086569259563,28.65999999999985,2571.336,2517.676,37.429,409.239,10307.569,3909.653,3514.286,14999.695,72.851
2025-10-16 21:47:00,10/16,학습,336.546,5.0,2999.903,14999.747,17999.649999999998,0.44701444179403954,0.45511628671467297,28.670000000000076,2571.352,2517.682,37.429,409.968,10292.312,3937.959,3543.258,14999.747,73.42200000000003
2025-10-16 21:48:00,10/16,학습,336.703,5.0,2999.931,14999.798,17999.729,0.4510479156000102,0.45934558497598904,28.68100000000004,2571.359,2517.678,37.429,410.699,10277.029,3965.811,3572.334,14999.798,73.99600000000004
2025-10-16 21:49:00,10/16,학습,336.861,5.0,2999.959,14999.849,17999.808,0.4551790825699716,0.4636689369305902,28.69100000000026,2571.356,2517.665,37.43,411.433,10261.513,3993.228,3601.516,14999.849,74.572
2025-10-16 21:50:00,10/16,학습,337.019,5.0,2999.986,14999.9,17999.886,0.4592646824352023,0.46793590203353436,28.702000000000226,2571.344,2517.642,37.43,412.17,10245.258,4020.243,3630.818,14999.9,75.15100000000001
2025-10-16 21:51:00,10/16,학습,337.176,5.0,3000.014,14999.949,17999.963,0.46344219119701047,0.472290785558887,28.712999999999735,2571.323,2517.61,37.431,412.909,10228.304,4046.895,3660.256,14999.949,75.733
2025-10-16 21:52:00,10/16,학습,337.334,5.0,3000.041,14999.998,18000.039,0.46764902811857173,0.4766692019276845,28.72299999999996,2571.292,2517.569,37.432,413.652,10210.664,4073.219,3689.845,14999.998,76.31799999999998
2025-10-16 21:53:00,10/16,학습,337.492,5.0,3000.067,15000.045,18000.112,0.471878785034094,0.48106528008660093,28.73400000000038,2571.253,2517.519,37.433,414.398,10192.348,4099.252,3719.6,15000.045,76.906
2025-10-16 21:54:00,10/16,학습,337.651,5.0,3000.094,15000.092,18000.186,0.47613062342681894,0.4854788937289766,28.744000000000145,2571.204,2517.46,37.434,415.147,10173.366,4125.026,3749.532,15000.092,77.49599999999998
2025-10-16 21:55:00,10/16,학습,337.809,5.0,3000.119,15000.138,18000.257,0.48040487710568447,0.4899111344431092,28.755999999999855,2571.147,2517.391,37.435,415.899,10153.723,4150.573,3779.651,15000.138,78.08999999999997
2025-10-16 21:56:00,10/16,학습,337.967,5.0,3000.145,15000.183,18000.328,0.48476414306502297,0.4944277437815211,28.76600000000008,2571.081,2517.315,37.437,416.653,10133.426,4175.924,3809.963,15000.183,78.68600000000004
2025-10-16 21:57:00,10/16,학습,338.125,5.0,3000.17,15000.227,18000.397,0.4890773841007703,0.4988931390112917,28.777000000000044,2571.006,2517.229,37.438,417.411,10112.478,4201.108,3840.471,15000.227,79.286
2025-10-16 21:58:00,10/16,학습,338.283,5.0,3000.194,15000.27,18000.464,0.4934752305767046,0.5034437352852023,28.78799999999956,2570.923,2517.135,37.44,418.171,10090.88,4226.153,3871.174,15000.27,79.88799999999998
2025-10-16 21:59:00,10/16,학습,338.442,5.0,3000.218,15000.311,18000.529,0.49789552096139583,0.5080155062894028,28.798999999999975,2570.832,2517.033,37.442,418.935,10068.634,4251.087,3902.072,15000.311,80.493
2025-10-16 22:00:00,10/16,학습,338.586,5.0,3000.248,15000.372,18000.62,0.5023302529431402,0.5126007110232039,28.80899999999974,2570.729,2516.92,37.444,419.701,10045.745,4275.935,3933.158,15000.372,81.11500000000001
2025-10-16 22:01:00,10/16,학습,338.707,5.0,3000.247,15000.3,18000.547,0.5067043305152237,0.5171219143725252,28.81899999999996,2570.631,2516.812,37.445,420.472,10022.43,4300.72,3964.434,15000.3,81.76499999999999
2025-10-16 22:02:00,10/16,학습,338.818,5.0,3000.191,15000.14,18000.331,0.5107844528885589,0.521336849174446,28.824999999999815,2570.562,2516.737,37.444,421.224,9999.615,4325.438,3996.003,15000.14,82.406
2025-10-16 22:03:00,10/16,학습,338.919,5.0,3000.134,15000.071,18000.205,0.51451696317184,0.5251891156740606,28.829999999999927,2570.514,2516.684,37.444,421.904,9978.508,4350.049,4028.021,15000.071,82.98500000000001
2025-10-16 22:04:00,10/16,학습,339.008,5.0,3000.115,15000.089,18000.203999999998,0.5177886824755111,0.5285586010395341,28.834000000000287,2570.467,2516.633,37.444,422.499,9963.087,4374.473,4059.749,15000.089,83.49100000000004
2025-10-16 22:05:00,10/16,학습,339.089,5.0,3000.117,15000.118,18000.235,0.520797932043765,0.5316307959981516,28.838999999999945,2570.416,2516.577,37.445,423.027,9981.333,4397.873,4100.905,15000.118,83.93799999999999
2025-10-16 22:06:00,10/16,학습,339.162,5.0,3000.128,15000.15,18000.278,0.5234777670255578,0.5343693272746468,28.8420000000001,2570.36,2516.518,37.446,423.495,9976.489,4420.216,4139.754,15000.15,84.33300000000003
2025-10-16 22:07:00,10/16,학습,339.229,5.0,3000.145,15000.19,18000.335,0.5258552000017558,0.536797113795063,28.8449999999998,2570.297,2516.452,37.447,423.906,9965.136,4442.085,4171.324,15000.19,84.67700000000002
2025-10-16 22:08:00,10/16,학습,339.29,5.0,3000.165,15000.227,18000.392,0.528059778473008,0.5390450123582325,28.847000000000207,2570.226,2516.379,37.449,424.27,9952.957,4463.588,4199.949,15000.227,84.97999999999996
2025-10-16 22:09:00,10/16,학습,339.346,5.0,3000.184,15000.259,18000.443,0.5299681950168271,0.5409860260498223,28.848999999999705,2570.149,2516.3,37.45,424.591,9940.193,4484.76,4226.193,15000.259,85.245
2025-10-16 22:10:00,10/16,학습,339.398,5.0,3000.2,15000.283,18000.483,0.5317595944324757,0.542805787844377,28.851000000000116,2570.068,2516.217,37.452,424.876,9926.829,4505.633,4250.144,15000.283,85.47799999999995
2025-10-16 22:11:00,10/16,학습,339.445,5.0,3000.212,15000.3,18000.512,0.5333063163052517,0.5443727525850773,28.85199999999986,2569.982,2516.13,37.453,425.128,9912.978,4526.236,4271.927,15000.3,85.68299999999999
2025-10-16 22:12:00,10/16,학습,339.488,5.0,3000.221,15000.311,18000.532,0.534776976781443,0.5458610505166902,28.85299999999961,2569.894,2516.041,37.455,425.352,9898.822,4546.591,4291.724,15000.311,85.86399999999998
2025-10-16 22:13:00,10/16,학습,339.528,5.0,3000.226,15000.315,18000.541,0.5360375727568708,0.5471323347175254,28.85399999999981,2569.805,2515.951,37.456,425.55,9884.569,4566.713,4309.747,15000.315,86.02199999999999
2025-10-16 22:14:00,10/16,학습,339.564,5.0,3000.228,15000.314,18000.542,0.5372525801685796,0.548356114828891,28.85400000000027,2569.715,2515.861,37.458,425.726,9870.424,4586.611,4326.212,15000.314,86.16199999999998
2025-10-16 22:15:00,10/16,학습,339.598,5.0,3000.227,15000.309,18000.536,0.5382868017278327,0.549392816866335,28.85399999999981,2569.627,2515.773,37.459,425.882,9856.572,4606.283,4341.328,15000.309,86.28399999999999
2025-10-16 22:16:00,10/16,학습,339.629,5.0,3000.223,15000.3,18000.523,0.539296290938173,0.5504031335793095,28.85399999999981,2569.54,2515.686,37.461,426.02,9843.165,4625.726,4355.287,15000.3,86.39099999999996
2025-10-16 22:17:00,10/16,학습,339.657,5.0,3000.217,15000.287,18000.504,0.5401457096314031,0.5512475028710735,28.85400000000027,2569.456,2515.602,37.462,426.142,9830.322,4644.928,4368.259,15000.287,86.48500000000001
2025-10-16 22:18:00,10/16,학습,339.683,5.0,3000.209,15000.271,18000.48,0.5409898073936171,0.5520852549156213,28.85399999999981,2569.375,2515.521,37.464,426.25,9818.127,4663.876,4380.391,15000.271,86.56700000000001
2025-10-16 22:19:00,10/16,학습,339.707,5.0,3000.2,15000.253,18000.453,0.5416889142942526,0.5527725653913784,28.853000000000065,2569.297,2515.444,37.465,426.345,9806.631,4682.557,4391.804,15000.253,86.63800000000003
2025-10-16 22:20:00,10/16,학습,339.729,5.0,3000.188,15000.232,18000.42,0.5423310098152421,0.5534000628732573,28.853000000000065,2569.224,2515.371,37.466,426.43,9795.854,4700.953,4402.601,15000.232,86.70100000000002
2025-10-16 22:21:00,10/16,학습,339.749,5.0,3000.176,15000.209,18000.385000000002,0.5429137142792639,0.5539654052544933,28.85199999999986,2569.156,2515.304,37.467,426.505,9785.796,4719.05,4412.863,15000.209,86.75599999999997
2025-10-16 22:22:00,10/16,학습,339.768,5.0,3000.162,15000.184,18000.345999999998,0.543455286727341,0.5544874710519938,28.85199999999986,2569.093,2515.241,37.468,426.573,9776.435,4736.834,4422.655,15000.184,86.805
2025-10-16 22:23:00,10/16,학습,339.785,5.0,3000.147,15000.158,18000.305,0.5439479456511817,0.5549584192574116,28.850999999999654,2569.035,2515.184,37.469,426.633,9767.735,4754.291,4432.031,15000.158,86.84799999999996
2025-10-16 22:24:00,10/16,학습,339.801,5.0,3000.131,15000.13,18000.261,0.5444087211075351,0.5553959072615064,28.85199999999986,2568.984,2515.132,37.47,426.688,9759.654,4771.41,4441.029,15000.13,86.887
2025-10-16 22:25:00,10/16,학습,339.816,5.0,3000.114,15000.101,18000.215,0.5448351432206918,0.5557975595981414,28.85199999999986,2568.939,2515.087,37.471,426.738,9752.14,4788.184,4449.681,15000.101,86.92200000000003
2025-10-16 22:26:00,10/16,학습,339.83,5.0,3000.096,15000.071,18000.167,0.5451614141885773,0.5560960737896445,28.85200000000032,2568.9,2515.048,37.471,426.784,9745.143,4804.605,4458.014,15000.071,86.95400000000001
2025-10-16 22:27:00,10/16,학습,339.843,5.0,3000.079,15000.041,18000.12,0.545535808830095,0.5564437324799942,28.851000000000116,2568.867,2515.016,37.472,426.827,9738.609,4820.668,4466.046,15000.041,86.98399999999998
2025-10-16 22:28:00,10/16,학습,339.854,5.0,3000.06,15000.01,18000.07,0.5458926199122254,0.5567732133298573,28.851000000000116,2568.841,2514.99,37.473,426.868,9732.491,4836.371,4473.795,15000.01,87.01400000000001
2025-10-16 22:29:00,10/16,학습,339.865,5.0,3000.042,14999.979,18000.021,0.546158280437604,0.55700935778532,28.851000000000116,2568.822,2514.971,37.473,426.907,9726.743,4851.714,4481.275,14999.979,87.04199999999997
2025-10-16 22:30:00,10/16,학습,339.876,5.0,3000.023,14999.948,17999.971,0.5464114007210678,0.5572328213823514,28.85199999999986,2568.81,2514.958,37.473,426.945,9721.323,4866.698,4488.5,14999.948,87.06900000000002
2025-10-16 22:31:00,10/16,학습,339.885,5.0,3000.005,14999.917,17999.922,0.5466560503597238,0.5574478810333356,28.85199999999986,2568.804,2514.952,37.473,426.983,9716.198,4881.324,4495.481,14999.917,87.09800000000001
2025-10-16 22:32:00,10/16,학습,339.894,5.0,2999.986,14999.886,17999.872,0.5468868284609844,0.5576490684362096,28.85199999999986,2568.805,2514.953,37.473,427.02,9711.335,4895.595,4502.232,14999.886,87.12599999999998
2025-10-16 22:33:00,10/16,학습,339.902,5.0,2999.968,14999.856,17999.824,0.547115529851201,0.5578485215683906,28.853000000000065,2568.813,2514.96,37.473,427.058,9706.709,4909.517,4508.762,14999.856,87.156
2025-10-16 22:34:00,10/16,학습,339.91,5.0,2999.95,14999.827,17999.777,0.5473367706720046,0.5580407713645728,28.85400000000027,2568.827,2514.973,37.473,427.096,9702.298,4923.094,4515.083,14999.827,87.18599999999998
2025-10-16 22:35:00,10/16,학습,339.918,5.0,2999.932,14999.798,17999.73,0.5475505191670735,0.558225819078234,28.855000000000015,2568.847,2514.992,37.473,427.134,9698.085,4936.332,4521.206,14999.798,87.21600000000001
2025-10-16 22:36:00,10/16,학습,339.925,5.0,2999.915,14999.77,17999.685,0.5477674512478149,0.5584146000801007,28.856000000000225,2568.873,2515.017,37.473,427.174,9694.056,4949.236,4527.141,14999.77,87.24899999999997
2025-10-16 22:37:00,10/16,학습,339.931,5.0,2999.899,14999.743,17999.642,0.5479821986713125,0.5586016454433603,28.85800000000017,2568.906,2515.048,37.473,427.215,9690.198,4961.813,4532.899,14999.743,87.28399999999999
2025-10-16 22:38:00,10/16,학습,339.937,5.0,2999.883,14999.717,17999.6,0.5481168353075043,0.5587075443052109,28.858999999999924,2568.944,2515.085,37.472,427.256,9686.502,4974.068,4538.489,14999.717,87.31899999999996
2025-10-16 22:39:00,10/16,학습,339.943,5.0,2999.867,14999.691,17999.558,0.5483283558561237,0.5588923158549801,28.860000000000127,2568.987,2515.127,37.472,427.299,9682.961,4986.009,4543.919,14999.691,87.356
2025-10-16 22:40:00,10/16,학습,339.949,5.0,2999.852,14999.667,17999.519,0.5484715880351482,0.5590080667967724,28.86099999999988,2569.035,2515.174,37.471,427.344,9679.568,4997.642,4549.198,14999.667,87.39499999999998
2025-10-16 22:41:00,10/16,학습,339.954,5.0,2999.838,14999.644,17999.482,0.5486083652967642,0.5591178108312302,28.86299999999983,2569.089,2515.226,37.47,427.389,9676.318,5008.972,4554.334,14999.644,87.435
2025-10-16 22:42:00,10/16,학습,339.959,5.0,2999.825,14999.622,17999.447,0.5487506050102744,0.5592336714843351,28.86499999999978,2569.147,2515.282,37.469,427.436,9673.205,5020.007,4559.333,14999.622,87.47699999999998
2025-10-16 22:43:00,10/16,학습,339.963,5.0,2999.812,14999.602,17999.414,0.5489645212667652,0.5594229358039388,28.865999999999985,2569.209,2515.343,37.469,427.484,9670.226,5030.753,4564.2,14999.602,87.52099999999996
2025-10-16 22:44:00,10/16,학습,339.968,5.0,2999.8,14999.582,17999.382,0.5491058413796707,0.5595389027892776,28.867999999999935,2569.276,2515.408,37.468,427.533,9667.376,5041.215,4568.942,14999.582,87.565
2025-10-16 22:45:00,10/16,학습,339.972,5.0,2999.788,14999.564,17999.352,0.5492484660786532,0.5596567140551173,28.87100000000009,2569.347,2515.476,37.467,427.583,9664.651,5051.4,4573.563,14999.564,87.61100000000005
2025-10-16 22:46:00,10/16,학습,339.976,5.0,2999.778,14999.546,17999.324,0.5493954004152546,0.5597794374566267,28.871999999999844,2569.421,2515.549,37.466,427.635,9662.047,5061.314,4578.066,14999.546,87.65899999999999
2025-10-16 22:47:00,10/16,학습,339.98,5.0,2999.768,14999.53,17999.298000000003,0.5495382779234864,0.5598985411756195,28.8739999999998,2569.499,2515.625,37.465,427.687,9659.561,5070.962,4582.455,14999.53,87.707
2025-10-16 22:48:00,10/16,학습,339.983,5.0,2999.758,14999.515,17999.273,0.5496836610800407,0.5600206808170544,28.876999999999956,2569.58,2515.703,37.464,427.74,9657.188,5080.351,4586.733,14999.515,87.757
2025-10-16 22:49:00,10/16,학습,339.987,5.0,2999.75,14999.501,17999.251,0.5497616358172625,0.5600749617999716,28.87900000000036,2569.664,2515.785,37.462,427.795,9654.927,5089.486,4590.903,14999.501,87.80799999999999
2025-10-16 22:50:00,10/16,학습,339.99,5.0,2999.741,14999.487,17999.228,0.5499042751924051,0.5601953167168997,28.882000000000065,2569.751,2515.869,37.461,427.849,9652.772,5098.372,4594.965,14999.487,87.85899999999998
2025-10-16 22:51:00,10/16,학습,339.993,5.0,2999.734,14999.475,17999.209,0.5500536267617345,0.560322966167084,28.88400000000001,2569.84,2515.956,37.46,427.905,9650.721,5107.016,4598.923,14999.475,87.91199999999998
2025-10-16 22:52:00,10/16,학습,339.996,5.0,2999.727,14999.464,17999.191,0.5502001331729522,0.5604481885921282,28.885999999999967,2569.931,2516.045,37.459,427.961,9648.771,5115.422,4602.778,14999.464,87.96500000000003
2025-10-16 22:53:00,10/16,학습,339.998,5.0,2999.721,14999.454,17999.175,0.5502761305327039,0.5605024674903989,28.88799999999992,2570.024,2516.136,37.457,428.018,9646.919,5123.596,4606.53,14999.454,88.01999999999998
2025-10-16 22:54:00,10/16,학습,340.001,5.0,2999.716,14999.445,17999.161,0.5504222986625078,0.5606282896948,28.89100000000008,2570.12,2516.229,37.456,428.075,9645.162,5131.542,4610.182,14999.445,88.07400000000001
2025-10-16 22:55:00,10/16,학습,340.004,5.0,2999.71,14999.437,17999.147,0.5505722267357238,0.5607583343586992,28.894000000000236,2570.217,2516.323,37.455,428.133,9643.497,5139.267,4613.733,14999.437,88.12899999999996
2025-10-16 22:56:00,10/16,학습,340.006,5.0,2999.706,14999.43,17999.136,0.5506461822090937,0.5608119673780476,28.896000000000186,2570.315,2516.419,37.453,428.191,9641.923,5146.774,4617.186,14999.43,88.185
2025-10-16 22:57:00,10/16,학습,340.008,5.0,2999.702,14999.423,17999.125,0.5507916146015754,0.5609383488823354,28.89800000000014,2570.414,2516.516,37.452,428.249,9640.437,5154.069,4620.541,14999.423,88.24100000000004
2025-10-16 22:58:00,10/16,학습,340.01,5.0,2999.698,14999.418,17999.115999999998,0.5508622392713703,0.5609895056929963,28.90099999999984,2570.515,2516.614,37.45,428.307,9639.037,5161.156,4623.798,14999.418,88.29700000000003
2025-10-16 22:59:00,10/16,학습,340.012,5.0,2999.695,14999.413,17999.108,0.5510044005554772,0.5611134200386891,28.904,2570.617,2516.713,37.449,428.365,9637.722,5168.04,4626.959,14999.413,88.35300000000001
2025-10-16 23:00:00,10/16,학습,340.013,5.0,2999.695,14999.411,17999.106,0.5510785033618729,0.5611818214205533,28.904,2570.651,2516.747,37.449,428.385,9637.301,5170.292,4627.993,14999.411,88.37200000000001
2025-10-17 15:00:00,10/17-18,검증,341.57,5.0,3000.0,15000.0,18000.0,0.6059825136598193,0.6154941961631916,29.22000000000025,2575.8,2521.58,37.378,440.571,9671.539,5328.461,5114.984,15000.0,99.00100000000003
2025-10-17 15:01:00,10/17-18,검증,341.57,5.0,3000.0,15000.0,18000.0,0.6059825136598193,0.6154941961631916,29.22000000000025,2575.8,2521.58,37.378,440.571,9671.539,5328.461,5114.984,15000.0,99.00100000000003
2025-10-17 15:02:00,10/17-18,검증,341.57,5.0,3000.0,15000.0,18000.0,0.6059825136598193,0.6154941961631916,29.22000000000025,2575.8,2521.58,37.378,440.571,9671.539,5328.461,5114.984,15000.0,99.00100000000003
2025-10-17 15:03:00,10/17-18,검증,341.57,5.0,3000.0,15000.0,18000.0,0.6059825136598193,0.6154941961631916,29.22000000000025,2575.8,2521.58,37.378,440.571,9671.539,5328.461,5114.984,15000.0,99.00100000000003
2025-10-17 15:04:00,10/17-18,검증,341.57,5.0,3000.0,15000.0,18000.0,0.6059825136598193,0.6154941961631916,29.22000000000025,2575.8,2521.58,37.378,440.571,9671.539,5328.461,5114.984,15000.0,99.00100000000003
2025-10-17 15:05:00,10/17-18,검증,341.57,5.0,3000.0,15000.0,18000.0,0.6059825136598193,0.6154941961631916,29.22000000000025,2575.8,2521.58,37.378,440.571,9671.539,5328.461,5114.984,15000.0,99.00100000000003
2025-10-17 15:06:00,10/17-18,검증,341.57,5.0,3000.0,15000.0,18000.0,0.6059825136598193,0.6154941961631916,29.22000000000025,2575.8,2521.58,37.378,440.571,9671.539,5328.461,5114.984,15000.0,99.00100000000003
2025-10-17 15:07:00,10/17-18,검증,341.57,5.0,3000.0,15000.0,18000.0,0.6059825136598193,0.6154941961631916,29.22000000000025,2575.8,2521.58,37.378,440.571,9671.539,5328.461,5114.984,15000.0,99.00100000000003
2025-10-17 15:08:00,10/17-18,검증,341.57,5.0,3000.0,15000.0,18000.0,0.6059825136598193,0.6154941961631916,29.22000000000025,2575.8,2521.58,37.378,440.571,9671.539,5328.461,5114.984,15000.0,99.00100000000003
2025-10-17 15:09:00,10/17-18,검증,341.57,5.0,3000.0,15000.0,18000.0,0.6059825136598193,0.6154941961631916,29.22000000000025,2575.8,2521.58,37.378,440.571,9671.539,5328.461,5114.984,15000.0,99.00100000000003
2025-10-17 15:10:00,10/17-18,검증,341.57,5.0,3000.0,15000.0,18000.0,0.6059825136598193,0.6154941961631916,29.22000000000025,2575.8,2521.58,37.378,440.571,9671.539,5328.461,5114.984,15000.0,99.00100000000003
2025-10-17 15:11:00,10/17-18,검증,341.57,5.0,3000.0,15000.0,18000.0,0.6059825136598193,0.6154941961631916,29.22000000000025,2575.8,2521.58,37.378,440.571,9671.539,5328.461,5114.984,15000.0,99.00100000000003
2025-10-17 15:12:00,10/17-18,검증,341.57,5.0,3000.0,15000.0,18000.0,0.6059825136598193,0.6154941961631916,29.22000000000025,2575.8,2521.58,37.378,440.571,9671.539,5328.461,5114.984,15000.0,99.00100000000003
2025-10-17 15:13:00,10/17-18,검증,341.57,5.0,3000.0,15000.0,18000.0,0.6059825136598193,0.6154941961631916,29.22000000000025,2575.8,2521.58,37.378,440.571,9671.539,5328.461,5114.984,15000.0,99.00100000000003
2025-10-17 15:14:00,10/17-18,검증,341.57,5.0,3000.0,15000.0,18000.0,0.6059825136598193,0.6154941961631916,29.22000000000025,2575.8,2521.58,37.378,440.571,9671.539,5328.461,5114.984,15000.0,99.00100000000003
2025-10-17 15:15:00,10/17-18,검증,341.57,5.0,3000.0,15000.0,18000.0,0.6059825136598193,0.6154941961631916,29.22000000000025,2575.8,2521.58,37.378,440.571,9671.539,5328.461,5114.984,15000.0,99.00100000000003
2025-10-17 15:16:00,10/17-18,검증,341.57,5.0,3000.0,15000.0,18000.0,0.6059825136598193,0.6154941961631916,29.22000000000025,2575.8,2521.58,37.378,440.571,9671.539,5328.461,5114.984,15000.0,99.00100000000003
2025-10-17 15:17:00,10/17-18,검증,341.57,5.0,3000.0,15000.0,18000.0,0.6059825136598193,0.6154941961631916,29.22000000000025,2575.8,2521.58,37.378,440.571,9671.539,5328.461,5114.984,15000.0,99.00100000000003
2025-10-17 15:18:00,10/17-18,검증,341.57,5.0,3000.0,15000.0,18000.0,0.6059825136598193,0.6154941961631916,29.22000000000025,2575.8,2521.58,37.378,440.571,9671.539,5328.461,5114.984,15000.0,99.00100000000003
2025-10-17 15:19:00,10/17-18,검증,341.57,5.0,3000.0,15000.0,18000.0,0.6059825136598193,0.6154941961631916,29.22000000000025,2575.8,2521.58,37.378,440.571,9671.539,5328.461,5114.984,15000.0,99.00100000000003
2025-10-17 15:20:00,10/17-18,검증,341.57,5.0,3000.0,15000.0,18000.0,0.6059825136598193,0.6154941961631916,29.22000000000025,2575.8,2521.58,37.378,440.571,9671.539,5328.461,5114.984,15000.0,99.00100000000003
2025-10-17 15:21:00,10/17-18,검증,341.57,5.0,3000.0,15000.0,18000.0,0.6059825136598193,0.6154941961631916,29.22000000000025,2575.8,2521.58,37.378,440.571,9671.539,5328.461,5114.984,15000.0,99.00100000000003
2025-10-17 15:22:00,10/17-18,검증,341.57,5.0,3000.0,15000.0,18000.0,0.6059825136598193,0.6154941961631916,29.22000000000025,2575.8,2521.58,37.378,440.571,9671.539,5328.461,5114.984,15000.0,99.00100000000003
2025-10-17 15:23:00,10/17-18,검증,341.57,5.0,3000.0,15000.0,18000.0,0.6059825136598193,0.6154941961631916,29.22000000000025,2575.8,2521.58,37.378,440.571,9671.539,5328.461,5114.984,15000.0,99.00100000000003
2025-10-17 15:24:00,10/17-18,검증,341.57,5.0,3000.0,15000.0,18000.0,0.6059825136598193,0.6154941961631916,29.22000000000025,2575.8,2521.58,37.378,440.571,9671.539,5328.461,5114.984,15000.0,99.00100000000003
2025-10-17 15:25:00,10/17-18,검증,341.57,5.0,3000.0,15000.0,18000.0,0.6059825136598193,0.6154941961631916,29.22000000000025,2575.8,2521.58,37.378,440.571,9671.539,5328.461,5114.984,15000.0,99.00100000000003
2025-10-17 15:26:00,10/17-18,검증,341.57,5.0,3000.0,15000.0,18000.0,0.6059825136598193,0.6154941961631916,29.22000000000025,2575.8,2521.58,37.378,440.571,9671.539,5328.461,5114.984,15000.0,99.00100000000003
2025-10-17 15:27:00,10/17-18,검증,341.57,5.0,3000.0,15000.0,18000.0,0.6059825136598193,0.6154941961631916,29.22000000000025,2575.8,2521.58,37.378,440.571,9671.539,5328.461,5114.984,15000.0,99.00100000000003
2025-10-17 15:28:00,10/17-18,검증,341.57,5.0,3000.0,15000.0,18000.0,0.6059825136598193,0.6154941961631916,29.22000000000025,2575.8,2521.58,37.378,440.571,9671.539,5328.461,5114.984,15000.0,99.00100000000003
2025-10-17 15:29:00,10/17-18,검증,341.57,5.0,3000.0,15000.0,18000.0,0.6059825136598193,0.6154941961631916,29.22000000000025,2575.8,2521.58,37.378,440.571,9671.539,5328.461,5114.984,15000.0,99.00100000000003
2025-10-17 15:30:00,10/17-18,검증,341.57,5.0,3000.0,15000.0,18000.0,0.6059825136598193,0.6154941961631916,29.22000000000025,2575.8,2521.58,37.378,440.571,9671.539,5328.461,5114.984,15000.0,99.00100000000003
2025-10-17 15:31:00,10/17-18,검증,341.57,5.0,3000.0,15000.0,18000.0,0.6059825136598193,0.6154941961631916,29.22000000000025,2575.8,2521.58,37.378,440.571,9671.539,5328.461,5114.984,15000.0,99.00100000000003
2025-10-17 15:32:00,10/17-18,검증,341.57,5.0,3000.0,15000.0,18000.0,0.6059825136598193,0.6154941961631916,29.22000000000025,2575.8,2521.58,37.378,440.571,9671.539,5328.461,5114.984,15000.0,99.00100000000003
2025-10-17 15:33:00,10/17-18,검증,341.57,5.0,3000.0,15000.0,18000.0,0.6059825136598193,0.6154941961631916,29.22000000000025,2575.8,2521.58,37.378,440.571,9671.539,5328.461,5114.984,15000.0,99.00100000000003
2025-10-17 15:34:00,10/17-18,검증,341.57,5.0,3000.0,15000.0,18000.0,0.6059825136598193,0.6154941961631916,29.22000000000025,2575.8,2521.58,37.378,440.571,9671.539,5328.461,5114.984,15000.0,99.00100000000003
2025-10-17 15:35:00,10/17-18,검증,341.57,5.0,3000.0,15000.0,18000.0,0.6059825136598193,0.6154941961631916,29.22000000000025,2575.8,2521.58,37.378,440.571,9671.539,5328.461,5114.984,15000.0,99.00100000000003
2025-10-17 15:36:00,10/17-18,검증,341.57,5.0,3000.0,15000.0,18000.0,0.6059825136598193,0.6154941961631916,29.22000000000025,2575.8,2521.58,37.378,440.571,9671.539,5328.461,5114.984,15000.0,99.00100000000003
2025-10-17 15:37:00,10/17-18,검증,341.57,5.0,3000.0,15000.0,18000.0,0.6059825136598193,0.6154941961631916,29.22000000000025,2575.8,2521.58,37.378,440.571,9671.539,5328.461,5114.984,15000.0,99.00100000000003
2025-10-17 15:38:00,10/17-18,검증,341.57,5.0,3000.0,15000.0,18000.0,0.6059825136598193,0.6154941961631916,29.22000000000025,2575.8,2521.58,37.378,440.571,9671.539,5328.461,5114.984,15000.0,99.00100000000003
2025-10-17 15:39:00,10/17-18,검증,341.57,5.0,3000.0,15000.0,18000.0,0.6059825136598193,0.6154941961631916,29.22000000000025,2575.8,2521.58,37.378,440.571,9671.539,5328.461,5114.984,15000.0,99.00100000000003
2025-10-17 15:40:00,10/17-18,검증,341.57,5.0,3000.0,15000.0,18000.0,0.6059825136598193,0.6154941961631916,29.22000000000025,2575.8,2521.58,37.378,440.571,9671.539,5328.461,5114.984,15000.0,99.00100000000003
2025-10-17 15:41:00,10/17-18,검증,341.57,5.0,3000.0,15000.0,18000.0,0.6059825136598193,0.6154941961631916,29.22000000000025,2575.8,2521.58,37.378,440.571,9671.539,5328.461,5114.984,15000.0,99.00100000000003
2025-10-17 15:42:00,10/17-18,검증,341.57,5.0,3000.0,15000.0,18000.0,0.6059825136598193,0.6154941961631916,29.22000000000025,2575.8,2521.58,37.378,440.571,9671.539,5328.461,5114.984,15000.0,99.00100000000003
2025-10-17 15:43:00,10/17-18,검증,341.57,5.0,3000.0,15000.0,18000.0,0.6059825136598193,0.6154941961631916,29.22000000000025,2575.8,2521.58,37.378,440.571,9671.539,5328.461,5114.984,15000.0,99.00100000000003
2025-10-17 15:44:00,10/17-18,검증,341.57,5.0,3000.0,15000.0,18000.0,0.6059825136598193,0.6154941961631916,29.22000000000025,2575.8,2521.58,37.378,440.571,9671.539,5328.461,5114.984,15000.0,99.00100000000003
2025-10-17 15:45:00,10/17-18,검증,341.57,5.0,3000.0,15000.0,18000.0,0.6059825136598193,0.6154941961631916,29.22000000000025,2575.8,2521.58,37.378,440.571,9671.539,5328.461,5114.984,15000.0,99.00100000000003
2025-10-17 15:46:00,10/17-18,검증,341.57,5.0,3000.0,15000.0,18000.0,0.6059825136598193,0.6154941961631916,29.22000000000025,2575.8,2521.58,37.378,440.571,9671.539,5328.461,5114.984,15000.0,99.00100000000003
2025-10-17 15:47:00,10/17-18,검증,341.57,5.0,3000.0,15000.0,18000.0,0.6059825136598193,0.6154941961631916,29.22000000000025,2575.8,2521.58,37.378,440.571,9671.539,5328.461,5114.984,15000.0,99.00100000000003
2025-10-17 15:48:00,10/17-18,검증,341.57,5.0,3000.0,15000.0,18000.0,0.6059825136598193,0.6154941961631916,29.22000000000025,2575.8,2521.58,37.378,440.571,9671.539,5328.461,5114.984,15000.0,99.00100000000003
2025-10-17 15:49:00,10/17-18,검증,341.57,5.0,3000.0,15000.0,18000.0,0.6059825136598193,0.6154941961631916,29.22000000000025,2575.8,2521.58,37.378,440.571,9671.539,5328.461,5114.984,15000.0,99.00100000000003
2025-10-17 15:50:00,10/17-18,검증,341.57,5.0,3000.0,15000.0,18000.0,0.6059825136598193,0.6154941961631916,29.22000000000025,2575.8,2521.58,37.378,440.571,9671.539,5328.461,5114.984,15000.0,99.00100000000003
2025-10-17 15:51:00,10/17-18,검증,341.57,5.0,3000.0,15000.0,18000.0,0.6059825136598193,0.6154941961631916,29.22000000000025,2575.8,2521.58,37.378,440.571,9671.539,5328.461,5114.984,15000.0,99.00100000000003
2025-10-17 15:52:00,10/17-18,검증,341.57,5.0,3000.0,15000.0,18000.0,0.6059825136598193,0.6154941961631916,29.22000000000025,2575.8,2521.58,37.378,440.571,9671.539,5328.461,5114.984,15000.0,99.00100000000003
2025-10-17 15:53:00,10/17-18,검증,341.57,5.0,3000.0,15000.0,18000.0,0.6059825136598193,0.6154941961631916,29.22000000000025,2575.8,2521.58,37.378,440.571,9671.539,5328.461,5114.984,15000.0,99.00100000000003
2025-10-17 15:54:00,10/17-18,검증,341.57,5.0,3000.0,15000.0,18000.0,0.6059825136598193,0.6154941961631916,29.22000000000025,2575.8,2521.58,37.378,440.571,9671.539,5328.461,5114.984,15000.0,99.00100000000003
2025-10-17 15:55:00,10/17-18,검증,341.57,5.0,3000.0,15000.0,18000.0,0.6059825136598193,0.6154941961631916,29.22000000000025,2575.8,2521.58,37.378,440.571,9671.539,5328.461,5114.984,15000.0,99.00100000000003
2025-10-17 15:56:00,10/17-18,검증,341.57,5.0,3000.0,15000.0,18000.0,0.6059825136598193,0.6154941961631916,29.22000000000025,2575.8,2521.58,37.378,440.571,9671.539,5328.461,5114.984,15000.0,99.00100000000003
2025-10-17 15:57:00,10/17-18,검증,341.57,5.0,3000.0,15000.0,18000.0,0.6059825136598193,0.6154941961631916,29.22000000000025,2575.8,2521.58,37.378,440.571,9671.539,5328.461,5114.984,15000.0,99.00100000000003
2025-10-17 15:58:00,10/17-18,검증,341.57,5.0,3000.0,15000.0,18000.0,0.6059825136598193,0.6154941961631916,29.22000000000025,2575.8,2521.58,37.378,440.571,9671.539,5328.461,5114.984,15000.0,99.00100000000003
2025-10-17 15:59:00,10/17-18,검증,341.57,5.0,3000.0,15000.0,18000.0,0.6059825136598193,0.6154941961631916,29.22000000000025,2575.8,2521.58,37.378,440.571,9671.539,5328.461,5114.984,15000.0,99.00100000000003
2025-10-17 16:00:00,10/17-18,검증,341.709,4.994,2999.893,14981.699,17981.592,0.6057431304246083,0.6151713614059484,29.17699999999968,2574.028,2519.851,37.349,440.549,9665.795,5328.1,5113.928,14981.699,98.83999999999996
2025-10-17 16:01:00,10/17-18,검증,341.925,4.985,2999.553,14953.665,17953.218,0.605522044175607,0.6148300157266289,29.11099999999988,2571.198,2517.087,37.304,440.526,9655.386,5327.529,5111.838,14953.665,98.601
2025-10-17 16:02:00,10/17-18,검증,342.274,4.978,2996.355,14916.293,17912.648,0.6072105668635229,0.6165081187960838,29.019999999999985,2565.619,2511.599,37.231,440.662,9616.304,5326.489,5101.641,14916.293,98.38799999999998
2025-10-17 16:03:00,10/17-18,검증,342.65,4.972,2991.904,14876.416,17868.32,0.6105017305660282,0.6198591818794038,28.922000000000025,2559.316,2505.394,37.147,441.108,9560.877,5325.911,5087.131,14876.416,98.45800000000004
2025-10-17 16:04:00,10/17-18,검증,343.063,4.969,2985.304,14832.694,17817.998,0.6168201428604083,0.6264084401657215,28.807999999999996,2551.907,2498.099,37.046,442.152,9476.346,5326.313,5065.005,14832.694,99.089
2025-10-17 16:05:00,10/17-18,검증,343.464,4.967,2977.34,14788.21,17765.55,0.6248378605270241,0.6346855250047004,28.684999999999945,2544.217,2490.532,36.936,443.597,9387.86,5328.538,5048.676,14788.21,100.13299999999998
2025-10-17 16:06:00,10/17-18,검증,343.855,4.966,2968.653,14743.374,17712.027,0.6336614867305714,0.6438069945129966,28.557999999999996,2536.396,2482.838,36.821,445.253,9298.869,5331.776,5036.683,14743.374,101.39799999999995
2025-10-17 16:07:00,10/17-18,검증,344.197,4.967,2959.309,14699.011,17658.32,0.6430695970321553,0.6533916781126283,28.42300000000023,2528.717,2475.294,36.704,447.064,9233.436,5336.646,5047.708,14699.011,102.86700000000002
2025-10-17 16:08:00,10/17-18,검증,344.515,4.968,2949.91,14654.937,17604.847,0.6520795604420411,0.6624769607006976,28.286999999999807,2521.154,2467.867,36.586,448.83,9181.99,5341.558,5069.262,14654.937,104.315
2025-10-17 16:09:00,10/17-18,검증,344.792,4.969,2940.483,14611.381,17551.864,0.6604471204296413,0.6706997590218641,28.14800000000014,2513.804,2460.656,36.468,450.487,9155.572,5346.348,5108.997,14611.381,105.69500000000004
2025-10-17 16:10:00,10/17-18,검증,345.034,4.97,2931.191,14568.212,17499.403,0.6678020138189766,0.6777091041445695,28.006000000000316,2506.628,2453.622,36.352,451.925,9150.477,5349.662,5161.201,14568.212,106.89100000000002
2025-10-17 16:11:00,10/17-18,검증,345.256,4.971,2921.976,14525.258,17447.234,0.6744135209868095,0.6838409075030478,27.863000000000284,2499.55,2446.687,36.235,453.234,9157.048,5352.042,5219.977,14525.258,107.978
2025-10-17 16:12:00,10/17-18,검증,345.438,4.972,2912.938,14482.63,17395.568,0.6795559653480907,0.6883526413118339,27.71599999999989,2492.629,2439.913,36.12,454.234,9179.711,5351.283,5284.157,14482.63,108.796
2025-10-17 16:13:00,10/17-18,검증,345.607,4.973,2903.958,14440.097,17344.055,0.6840463755671542,0.6921737941117809,27.56800000000021,2485.757,2433.189,36.005,455.112,9204.879,5349.009,5340.946,14440.097,109.505
2025-10-17 16:14:00,10/17-18,검증,345.752,4.973,2895.071,14397.716,17292.787,0.6874183909256768,0.6948265159336803,27.41700000000037,2478.963,2426.546,35.89,455.785,9233.046,5344.096,5382.276,14397.716,110.03300000000002
2025-10-17 16:15:00,10/17-18,검증,345.876,4.974,2886.245,14355.433,17241.678,0.6898156009947931,0.6965884778493665,27.26600000000008,2472.226,2419.96,35.775,456.289,9258.077,5336.716,5396.288,14355.433,110.413
2025-10-17 16:16:00,10/17-18,검증,345.99,4.974,2877.452,14313.205,17190.657,0.691645514437924,0.6977826776640798,27.113000000000284,2465.521,2413.408,35.66,456.696,9281.031,5327.933,5396.641,14313.205,110.70600000000002
2025-10-17 16:17:00,10/17-18,검증,346.08,4.975,2868.712,14271.07,17139.782,0.6923349086969491,0.6979976375056358,26.958000000000084,2458.875,2406.917,35.545,456.916,9295.839,5316.422,5396.986,14271.07,110.836
2025-10-17 16:18:00,10/17-18,검증,346.161,4.975,2859.991,14228.967,17088.958,0.6925837325139022,0.697795472018103,26.80200000000013,2452.25,2400.448,35.43,457.066,9306.823,5303.966,5397.327,14228.967,110.90499999999996
2025-10-17 16:19:00,10/17-18,검증,346.227,4.976,2851.3,14186.917,17038.217,0.6920896954441196,0.6969863084802095,26.644999999999985,2445.661,2394.016,35.315,457.098,9311.177,5289.957,5397.661,14186.917,110.87100000000004
2025-10-17 16:20:00,10/17-18,검증,346.28,4.976,2842.633,14144.906,16987.539,0.6908853088032763,0.6955248048070839,26.48700000000008,2439.101,2387.614,35.199,457.03,9309.804,5274.848,5397.963,14144.906,110.75
2025-10-17 16:21:00,10/17-18,검증,346.325,4.976,2833.979,14102.919,16936.898,0.6893825826395074,0.693815732653346,26.32799999999997,2432.557,2381.229,35.084,456.903,9305.214,5259.125,5398.245,14102.919,110.57800000000005
2025-10-17 16:22:00,10/17-18,검증,346.355,4.977,2825.352,14060.975,16886.327,0.6870825463530236,0.6914352656262632,26.165999999999716,2426.042,2374.876,34.968,456.66,9294.992,5242.405,5398.463,14060.975,110.305
2025-10-17 16:23:00,10/17-18,검증,346.378,4.977,2816.734,14019.045,16835.779,0.6845768300198048,0.6888466511121052,26.006000000000316,2419.539,2368.533,34.853,456.371,9283.103,5225.368,5398.647,14019.045,109.993
2025-10-17 16:24:00,10/17-18,검증,346.39,4.977,2808.133,13977.142,16785.275,0.6815274881137504,0.6857656773956986,25.84400000000005,2413.053,2362.209,34.737,456.006,9268.585,5207.824,5398.772,13977.142,109.616
2025-10-17 16:25:00,10/17-18,검증,346.394,4.978,2799.546,13935.259,16734.805,0.6780811280983338,0.6823496798047975,25.68000000000029,2406.579,2355.899,34.621,455.574,9252.85,5189.913,5398.832,13935.259,109.18
2025-10-17 16:26:00,10/17-18,검증,346.392,4.978,2790.967,13893.388,16684.355,0.6744885808802032,0.6787728050315878,25.516999999999825,2400.113,2349.596,34.506,455.105,9236.498,5171.792,5398.854,13893.388,108.71300000000002
2025-10-17 16:27:00,10/17-18,검증,346.379,4.978,2782.403,13851.539,16633.942,0.6703694453417012,0.674695054370353,25.35399999999981,2393.66,2343.306,34.39,454.558,9220.008,5153.26,5398.784,13851.539,108.17899999999996
2025-10-17 16:28:00,10/17-18,검증,346.363,4.979,2773.846,13809.699,16583.545000000002,0.6660686051742578,0.6704726910465986,25.18899999999985,2387.209,2337.02,34.274,453.981,9203.852,5134.548,5398.673,13809.699,107.618
2025-10-17 16:29:00,10/17-18,검증,346.339,4.979,2765.299,13767.873,16533.172,0.6614853828505657,0.6659492212979514,25.02500000000009,2380.765,2330.74,34.158,453.355,9188.384,5115.527,5398.49,13767.873,107.01600000000002
2025-10-17 16:30:00,10/17-18,검증,346.309,4.979,2756.761,13726.059,16482.82,0.6567384007774199,0.6612655341061154,24.860000000000127,2374.324,2324.464,34.043,452.686,9174.1,5096.16,5398.234,13726.059,106.37699999999997
2025-10-17 16:31:00,10/17-18,검증,346.277,4.979,2748.228,13684.252,16432.48,0.6517641578562545,0.6563635005095163,24.695000000000164,2367.884,2318.189,33.927,451.994,9160.53,5076.586,5397.936,13684.252,105.71700000000004
2025-10-17 16:32:00,10/17-18,검증,346.237,4.98,2739.705,13642.458,16382.163,0.6466161831023969,0.6513146154239926,24.529999999999745,2361.444,2311.914,33.812,451.256,9148.89,5056.475,5397.539,13642.458,105.01899999999996
2025-10-17 16:33:00,10/17-18,검증,346.196,4.98,2731.187,13600.669,16331.856,0.6412688239356276,0.6460495106877042,24.36499999999978,2355.004,2305.639,33.696,450.501,9138.139,5036.097,5397.099,13600.669,104.30499999999996
2025-10-17 16:34:00,10/17-18,검증,346.15,4.98,2722.676,13558.889,16281.565,0.6358429139833828,0.6407090656240918,24.19900000000007,2348.561,2299.362,33.581,449.719,9128.921,5015.251,5396.585,13558.889,103.56900000000002
2025-10-17 16:35:00,10/17-18,검증,346.102,4.98,2714.171,13517.116,16231.287,0.6302864080880417,0.6352448935654788,24.034000000000106,2342.114,2293.08,33.466,448.916,9121.206,4993.878,5395.997,13517.116,102.81400000000002
2025-10-17 16:36:00,10/17-18,검증,346.052,4.98,2705.669,13475.347,16181.016,0.6246382471700591,0.6296980223642108,23.869000000000145,2335.665,2286.796,33.351,448.101,9114.396,4972.191,5379.331,13475.347,102.04899999999998
2025-10-17 16:37:00,10/17-18,검증,345.999,4.981,2697.175,13433.587,16130.762,0.6188743022071924,0.6240606840671256,23.70400000000018,2329.208,2280.504,33.236,447.267,9110.045,4949.714,5106.019,13433.587,101.26799999999996
2025-10-17 16:38:00,10/17-18,검증,345.945,4.981,2688.684,13391.83,16080.514,0.613043811328114,0.6183470486642177,23.541000000000167,2322.748,2274.207,33.121,446.426,9106.419,4926.862,4895.057,13391.83,100.481
2025-10-17 16:39:00,10/17-18,검증,345.889,4.981,2680.198,13350.078,16030.276,0.6072318819517953,0.6126607415370589,23.377000000000407,2316.28,2267.903,33.007,445.577,9103.934,4903.362,4840.873,13350.078,99.688
2025-10-17 16:40:00,10/17-18,검증,345.833,4.981,2671.716,13308.331,15980.047,0.6012728562997866,0.6068437996656557,23.21199999999999,2309.803,2261.591,32.892,444.722,9102.517,4879.188,4786.594,13308.331,98.88899999999995
2025-10-17 16:41:00,10/17-18,검증,345.776,4.981,2663.237,13266.587,15929.824,0.5953610629393922,0.6010839852737334,23.048999999999975,2303.322,2255.273,32.778,443.865,9101.711,4854.62,4732.274,13266.587,98.089
2025-10-17 16:42:00,10/17-18,검증,345.718,4.982,2654.763,13224.848,15879.611,0.5894210715164657,0.5953255094440623,22.885999999999967,2296.829,2248.943,32.664,443.007,9102.11,4829.132,4678.058,13224.848,97.289
2025-10-17 16:43:00,10/17-18,검증,345.66,4.982,2646.291,13183.112,15829.402999999998,0.5834597256737695,0.5895428336997705,22.72299999999996,2290.33,2242.607,32.55,442.151,9102.952,4803.238,4623.96,13183.112,96.491
2025-10-17 16:44:00,10/17-18,검증,345.603,4.982,2637.823,13141.379,15779.202,0.5774875415346443,0.5837635056299396,22.559999999999945,2283.821,2236.261,32.436,441.298,9104.529,4776.647,4570.09,13141.379,95.695
2025-10-17 16:45:00,10/17-18,검증,345.545,4.982,2629.358,13099.649,15729.007,0.571608128607648,0.578087117148669,22.39800000000014,2277.302,2229.904,32.323,440.45,9106.67,4749.363,4516.569,13099.649,94.90499999999996
2025-10-17 16:46:00,10/17-18,검증,345.488,4.982,2620.895,13057.922,15678.817,0.5656208621519716,0.5723216107300709,22.23599999999988,2270.777,2223.541,32.209,439.605,9109.127,4721.676,4463.261,13057.922,94.11700000000002
2025-10-17 16:47:00,10/17-18,검증,345.432,4.982,2612.436,13016.198,15628.634,0.5597587826072362,0.5666906124633456,22.074999999999815,2264.239,2217.164,32.096,438.77,9112.118,4693.083,4410.555,13016.198,93.33799999999997
2025-10-17 16:48:00,10/17-18,검증,345.376,4.983,2603.979,12974.476,15578.455,0.5538996027466537,0.5610864939039266,21.91399999999976,2257.694,2210.78,31.983,437.941,9115.256,4664.105,4358.147,12974.476,92.565
2025-10-17 16:49:00,10/17-18,검증,345.321,4.983,2595.525,12932.756,15528.281,0.5480598013910244,0.5555039088117341,21.7529999999997,2251.138,2204.385,31.87,437.12,9118.621,4634.469,4306.262,12932.756,91.79899999999998
2025-10-17 16:50:00,10/17-18,검증,345.267,4.983,2587.073,12891.039,15478.112,0.5422566382550522,0.5499702770987763,21.593000000000306,2244.572,2197.979,31.757,436.31,9122.052,4604.208,4254.949,12891.039,91.043
2025-10-17 16:51:00,10/17-18,검증,345.214,4.983,2578.623,12849.323,15427.946,0.5365522580741359,0.5445432424648505,21.432999999999996,2238.0,2191.567,31.645,435.506,9125.512,4573.585,4203.973,12849.323,90.29199999999996
2025-10-17 16:52:00,10/17-18,검증,345.162,4.983,2570.176,12807.61,15377.786,0.5308118483236284,0.5390957588897282,21.27199999999993,2231.413,2185.141,31.532,434.716,9128.905,4542.178,4153.818,12807.61,89.55400000000003
2025-10-17 16:53:00,10/17-18,검증,345.11,4.983,2561.73,12765.898,15327.628,0.5251802249458936,0.5337631852450361,21.11299999999983,2224.821,2178.708,31.42,433.933,9132.205,4510.448,4104.034,12765.898,88.82299999999998
2025-10-17 16:54:00,10/17-18,검증,345.06,4.983,2553.287,12724.189,15277.476,0.5195847412297145,0.5284766930270418,20.953999999999724,2218.218,2172.264,31.308,433.16,9135.33,4478.173,4054.886,12724.189,88.10000000000002
2025-10-17 16:55:00,10/17-18,검증,345.01,4.984,2544.846,12682.48,15227.326,0.5140364242338356,0.52324998864022,20.795000000000076,2211.605,2165.81,31.196,432.399,9138.163,4445.398,4006.378,12682.48,87.38900000000001
2025-10-17 16:56:00,10/17-18,검증,344.962,4.984,2536.407,12640.773,15177.18,0.5084982280899315,0.5180380712478732,20.63699999999972,2204.986,2159.349,31.084,431.644,9140.819,4412.336,3958.244,12640.773,86.68200000000002
2025-10-17 16:57:00,10/17-18,검증,344.914,4.984,2527.97,12599.069,15127.039,0.5030325485779199,0.5129044519889637,20.47900000000027,2198.353,2152.874,30.972,430.904,9142.965,4378.676,3910.961,12599.069,85.99000000000001
2025-10-17 16:58:00,10/17-18,검증,344.868,4.984,2519.534,12557.365,15076.899,0.49757759137550045,0.507789705927214,20.320999999999916,2191.714,2146.393,30.86,430.17,9144.852,4344.78,3864.046,12557.365,85.30200000000002
2025-10-17 16:59:00,10/17-18,검증,344.823,4.984,2511.101,12515.662,15026.763,0.49216895269962,0.5027267581977102,20.16300000000001,2185.065,2139.902,30.748,429.447,9146.285,4310.487,3817.764,12515.662,84.62400000000002
2025-10-17 17:00:00,10/17-18,검증,344.538,4.99,2505.461,12501.068,15006.529,0.48747738116641626,0.49834683424015164,20.083999999999836,2181.689,2136.605,30.689,428.784,9158.219,4276.396,3773.571,12501.068,84.24599999999998
2025-10-17 17:01:00,10/17-18,검증,344.133,4.997,2501.405,12500.08,15001.485,0.48286779757915743,0.49404074644542956,20.045000000000076,2180.083,2135.038,30.656,428.148,9177.25,4242.402,3731.04,12500.08,84.01500000000004
2025-10-17 17:02:00,10/17-18,검증,343.725,4.999,2500.335,12499.917,15000.252,0.4763487464225679,0.48796736569584154,20.01199999999972,2180.6,2135.588,30.641,427.444,9225.842,4208.343,3698.385,12499.917,83.719
2025-10-17 17:03:00,10/17-18,검증,343.349,5.0,2499.751,12499.864,14999.615,0.46827698520907857,0.4804709907601154,19.981000000000225,2181.224,2136.243,30.631,426.423,9286.966,4173.584,3669.488,12499.864,83.07400000000001
2025-10-17 17:04:00,10/17-18,검증,343.035,5.0,2499.768,12499.928,14999.696,0.4573692869972764,0.47039534436300007,19.954999999999927,2181.796,2136.841,30.629,424.781,9369.464,4137.43,3646.872,12499.928,81.74599999999998
2025-10-17 17:05:00,10/17-18,검증,342.778,5.0,2499.878,12499.98,14999.858,0.44674609198230636,0.4605943582146108,19.937999999999647,2181.95,2137.012,30.633,422.979,9439.391,4099.623,3618.271,12499.98,80.20099999999996
2025-10-17 17:06:00,10/17-18,검증,342.552,5.0,2500.029,12500.023,15000.052,0.4362733423997047,0.45093259465945995,19.92599999999993,2181.883,2136.957,30.639,421.117,9500.413,4060.984,3585.493,12500.023,78.565
2025-10-17 17:07:00,10/17-18,검증,342.384,5.0,2500.085,12500.031,15000.116000000002,0.42802640361539485,0.44318281858356046,19.91899999999987,2181.649,2136.73,30.644,419.579,9519.493,4022.239,3533.766,12500.031,77.195
2025-10-17 17:08:00,10/17-18,검증,342.236,5.0,2500.118,12500.034,15000.152,0.42078527420026934,0.4362915616717384,19.91399999999976,2181.41,2136.496,30.649,418.199,9525.148,3984.259,3476.969,12500.034,75.96300000000002
2025-10-17 17:09:00,10/17-18,검증,342.119,5.0,2500.114,12500.028,15000.142,0.4152049578524304,0.4308229164879358,19.911000000000055,2181.179,2136.268,30.653,417.096,9509.193,3947.822,3412.401,12500.028,74.97699999999998
2025-10-17 17:10:00,10/17-18,검증,342.024,5.0,2500.099,12500.022,15000.121,0.41085826385804813,0.42645300864133096,19.909000000000106,2180.993,2136.084,30.656,416.22,9486.3,3913.674,3348.751,12500.022,74.19600000000003
2025-10-17 17:11:00,10/17-18,검증,341.942,5.0,2500.079,12500.014,15000.093,0.40716559381905004,0.4226585383989467,19.9079999999999,2180.834,2135.926,30.658,415.472,9460.232,3880.857,3286.088,12500.014,73.52999999999997
2025-10-17 17:12:00,10/17-18,검증,341.88,5.0,2500.059,12500.008,15000.067,0.4045708310373389,0.4199229471037724,19.9079999999999,2180.734,2135.826,30.659,414.945,9438.855,3851.031,3231.882,12500.008,73.065
2025-10-17 17:13:00,10/17-18,검증,341.825,5.0,2500.041,12500.002,15000.043,0.4023576718840928,0.41756686803296705,19.9079999999999,2180.654,2135.746,30.66,414.491,9421.954,3822.268,3182.39,12500.002,72.666
2025-10-17 17:14:00,10/17-18,검증,341.781,5.0,2500.025,12499.998,15000.023,0.4006234873538932,0.4157177553746659,19.909000000000106,2180.609,2135.7,30.66,414.153,9413.418,3795.258,3141.27,12499.998,72.37200000000001
2025-10-17 17:15:00,10/17-18,검증,341.745,5.0,2500.013,12499.995,15000.008000000002,0.3992768404773112,0.4142951919514875,19.90999999999985,2180.589,2135.679,30.66,413.897,9413.763,3769.388,3108.308,12499.995,72.15199999999999
2025-10-17 17:16:00,10/17-18,검증,341.714,5.0,2500.002,12499.992,14999.994,0.39814838135843156,0.41311355724916027,19.911000000000055,2180.582,2135.671,30.66,413.687,9419.122,3744.14,3079.994,12499.992,71.97300000000001
2025-10-17 17:17:00,10/17-18,검증,341.69,5.0,2499.994,12499.99,14999.984,0.3972611613303719,0.4122258737316422,19.91300000000001,2180.599,2135.686,30.659,413.552,9433.652,3719.705,3060.767,12499.99,71.86200000000002
2025-10-17 17:18:00,10/17-18,검증,341.669,5.0,2499.987,12499.988,14999.975,0.39649193708241515,0.41146808538818663,19.91400000000021,2180.623,2135.709,30.658,413.442,9450.695,3695.45,3044.654,12499.988,71.77300000000002
2025-10-17 17:19:00,10/17-18,검증,341.652,5.0,2499.982,12499.987,14999.969,0.395908578252518,0.41091553977481665,19.914999999999964,2180.658,2135.743,30.657,413.371,9471.622,3671.456,3033.634,12499.987,71.719
2025-10-17 17:20:00,10/17-18,검증,341.637,5.0,2499.978,12499.987,14999.965,0.3954614416699445,0.41050039308225633,19.91699999999992,2180.701,2135.784,30.656,413.326,9493.493,3647.567,3026.045,12499.987,71.68900000000002
2025-10-17 17:21:00,10/17-18,검증,341.625,5.0,2499.975,12499.986,14999.961,0.395101748151901,0.41017178366369583,19.91899999999987,2180.747,2135.828,30.655,413.297,9515.724,3623.741,3020.344,12499.986,71.67200000000003
2025-10-17 17:22:00,10/17-18,검증,341.615,5.0,2499.974,12499.987,14999.961,0.3948887101661026,0.40997230125587586,19.92099999999982,2180.798,2135.877,30.654,413.292,9536.155,3600.069,3017.381,12499.987,71.67699999999996
2025-10-17 17:23:00,10/17-18,검증,341.607,5.0,2499.973,12499.987,14999.96,0.3947272826157968,0.4098126651751862,19.92300000000023,2180.849,2135.926,30.653,413.294,9555.079,3576.522,3015.108,12499.987,71.68699999999995
2025-10-17 17:24:00,10/17-18,검증,341.6,5.0,2499.973,12499.987,14999.96,0.3946616075810768,0.409727046140168,19.925000000000185,2180.9,2135.975,30.652,413.309,9571.212,3553.21,3013.873,12499.987,71.709
2025-10-17 17:25:00,10/17-18,검증,341.594,5.0,2499.974,12499.988,14999.962,0.3946610999478014,0.40968277791175106,19.92599999999993,2180.949,2136.023,30.651,413.331,9583.924,3530.303,3013.01,12499.988,71.73700000000002
2025-10-17 17:26:00,10/17-18,검증,341.59,5.0,2499.975,12499.989,14999.964,0.39470611358281205,0.4096699689061414,19.92700000000013,2180.996,2136.069,30.65,413.358,9594.641,3507.648,3012.333,12499.989,71.76800000000003
2025-10-17 17:27:00,10/17-18,검증,341.586,5.0,2499.977,12499.99,14999.967,0.3948223662651082,0.409698807842116,19.927999999999884,2181.038,2136.11,30.649,413.391,9600.796,3485.774,3011.653,12499.99,71.805
2025-10-17 17:28:00,10/17-18,검증,341.583,5.0,2499.979,12499.991,14999.97,0.3949594311056576,0.4097378227972276,19.92999999999984,2181.078,2136.148,30.648,413.425,9605.154,3464.321,3010.888,12499.991,71.84199999999998
2025-10-17 17:29:00,10/17-18,검증,341.581,5.0,2499.981,12499.992,14999.973,0.3951389775624277,0.4098013968830343,19.93100000000004,2181.112,2136.181,30.647,413.462,9606.491,3443.612,3009.956,12499.992,71.88099999999997
2025-10-17 17:30:00,10/17-18,검증,341.579,5.0,2499.984,12499.993,14999.977,0.39533832323241747,0.40987244900032677,19.932000000000244,2181.141,2136.209,30.646,413.499,9605.399,3423.764,3008.826,12499.993,71.92000000000002
2025-10-17 17:31:00,10/17-18,검증,341.578,5.0,2499.987,12499.994,14999.981,0.39565123031814287,0.4100470619550875,19.932999999999996,2181.166,2136.233,30.646,413.536,9602.941,3404.425,3007.584,12499.994,71.95800000000003
2025-10-17 17:32:00,10/17-18,검증,341.576,5.0,2499.99,12499.996,14999.986,0.3958792399615028,0.4101303790832243,19.9340000000002,2181.183,2136.249,30.645,413.572,9598.053,3386.337,3006.133,12499.996,71.99599999999998
2025-10-17 17:33:00,10/17-18,검증,341.575,5.0,2499.993,12499.997,14999.99,0.396103802641664,0.410208292554454,19.9340000000002,2181.195,2136.261,30.644,413.606,9592.359,3368.814,3004.62,12499.997,72.031
2025-10-17 17:34:00,10/17-18,검증,341.575,5.0,2499.996,12499.998,14999.994,0.39643110682387395,0.4103828880778228,19.934999999999945,2181.201,2136.266,30.644,413.638,9585.36,3352.268,3003.012,12499.998,72.06299999999999
2025-10-17 17:35:00,10/17-18,검증,341.574,5.0,2499.999,12500.0,14999.999,0.39665005275761983,0.41045181126481506,19.934999999999945,2181.2,2136.265,30.643,413.667,9577.431,3336.707,3001.363,12500.0,72.09299999999996
2025-10-17 17:36:00,10/17-18,검증,341.573,5.0,2500.003,12500.001,15000.004,0.3969637498044148,0.4106129231149289,19.934999999999945,2181.195,2136.26,30.643,413.694,9568.976,3321.719,2999.695,12500.001,72.12100000000004
2025-10-17 17:37:00,10/17-18,검증,341.573,5.0,2500.006,12500.003,15000.009,0.3971606997426546,0.4106614889947669,19.934999999999945,2181.181,2136.246,30.642,413.716,9559.565,3308.034,2998.022,12500.003,72.14300000000003
2025-10-17 17:38:00,10/17-18,검증,341.572,5.0,2500.009,12500.004,15000.013,0.3974454614160774,0.41079656065507797,19.934999999999945,2181.163,2136.228,30.642,413.735,9549.762,3294.91,2996.352,12500.004,72.16300000000001
2025-10-17 17:39:00,10/17-18,검증,341.572,5.0,2500.013,12500.006,15000.019,0.39772216854326553,0.4109250540003282,19.9340000000002,2181.137,2136.203,30.642,413.751,9539.296,3282.746,2994.688,12500.006,72.17899999999997
2025-10-17 17:40:00,10/17-18,검증,341.571,5.0,2500.016,12500.007,15000.023,0.3979740820993743,0.411029907503847,19.9340000000002,2181.105,2136.171,30.642,413.761,9528.08,3271.528,2993.017,12500.007,72.19
2025-10-17 17:41:00,10/17-18,검증,341.571,5.0,2500.019,12500.008,15000.027,0.39822594982781817,0.4111350665370476,19.932999999999996,2181.068,2136.135,30.642,413.77,9516.411,3260.862,2991.338,12500.008,72.19899999999996
2025-10-17 17:42:00,10/17-18,검증,341.57,5.0,2500.023,12500.01,15000.033,0.39844661973870305,0.41120821478518754,19.93199999999979,2181.022,2136.09,30.642,413.771,9503.466,3251.451,2989.599,12500.01,72.20100000000002
2025-10-17 17:43:00,10/17-18,검증,341.57,5.0,2500.026,12500.011,15000.037,0.3986706811238642,0.4112831708301533,19.932000000000244,2180.972,2136.04,30.642,413.771,9489.803,3242.594,2987.804,12500.011,72.20100000000002
2025-10-17 17:44:00,10/17-18,검증,341.569,5.0,2500.03,12500.013,15000.043,0.398872456247953,0.41133299749232716,19.93000000000029,2180.914,2135.984,30.642,413.765,9474.865,3234.691,2985.906,12500.013,72.19599999999997
2025-10-17 17:45:00,10/17-18,검증,341.569,5.0,2500.033,12500.015,15000.048,0.39916815458192373,0.4114696281007832,19.927999999999884,2180.848,2135.92,30.643,413.755,9458.222,3227.772,2983.826,12500.015,72.18599999999998
2025-10-17 17:46:00,10/17-18,검증,341.568,5.0,2500.037,12500.016,15000.053,0.39935907557126543,0.4114991318464997,19.927999999999884,2180.779,2135.851,30.643,413.742,9440.54,3221.433,2981.63,12500.016,72.17400000000004
2025-10-17 17:47:00,10/17-18,검증,341.568,5.0,2500.04,12500.018,15000.058,0.39963465956966954,0.41159986603517823,19.92599999999993,2180.699,2135.773,30.644,413.722,9419.858,3216.488,2979.051,12500.018,72.154
2025-10-17 17:48:00,10/17-18,검증,341.567,5.0,2500.044,12500.019,15000.063,0.39981542855200036,0.4115991697821072,19.923999999999975,2180.614,2135.69,30.644,413.7,9397.536,3212.198,2976.238,12500.019,72.13299999999998
2025-10-17 17:49:00,10/17-18,검증,341.567,5.0,2500.048,12500.021,15000.069,0.4000899646146932,0.41167806874017643,19.92100000000028,2180.521,2135.6,30.645,413.673,9372.308,3209.046,2973.003,12500.021,72.106
2025-10-17 17:50:00,10/17-18,검증,341.566,5.0,2500.052,12500.023,15000.075,0.40036733361271337,0.41174200955600393,19.91899999999987,2180.42,2135.501,30.646,413.641,9343.437,3207.158,2969.183,12500.023,72.07500000000005
2025-10-17 17:51:00,10/17-18,검증,341.566,5.0,2500.056,12500.025,15000.081,0.40065144612361536,0.41180205745931486,19.91699999999992,2180.314,2135.397,30.647,413.607,9312.382,3206.022,2965.006,12500.025,72.04100000000005
2025-10-17 17:52:00,10/17-18,검증,341.566,5.0,2500.06,12500.026,15000.086,0.40094000916441,0.4118372648308422,19.91400000000021,2180.197,2135.283,30.648,413.566,9275.521,3206.791,2959.806,12500.026,72.0
2025-10-17 17:53:00,10/17-18,검증,341.565,5.0,2500.064,12500.028,15000.092,0.4012344205257928,0.4118643844272935,19.911000000000055,2180.074,2135.163,30.649,413.522,9235.875,3208.488,2954.079,12500.028,71.957
2025-10-17 17:54:00,10/17-18,검증,341.565,5.0,2500.068,12500.03,15000.098000000002,0.4015367719580809,0.41187503350555477,19.90800000000036,2179.943,2135.035,30.65,413.473,9191.387,3211.803,2947.424,12500.03,71.90800000000002
2025-10-17 17:55:00,10/17-18,검증,341.565,5.0,2500.073,12500.032,15000.105,0.4018474831359372,0.41187070619567895,19.904999999999745,2179.803,2134.898,30.651,413.419,9142.07,3216.931,2939.768,12500.032,71.85399999999998
2025-10-17 17:56:00,10/17-18,검증,341.564,5.0,2500.077,12500.034,15000.111,0.4021617354792868,0.4118567792306271,19.90100000000029,2179.657,2134.756,30.652,413.362,9090.0,3223.129,2931.533,12500.034,71.798
2025-10-17 17:57:00,10/17-18,검증,341.564,5.0,2500.081,12500.035,15000.116,0.40247707757653167,0.4118209812844996,19.89800000000014,2179.5,2134.602,30.653,413.298,9032.525,3231.954,2922.076,12500.035,71.73399999999998
2025-10-17 17:58:00,10/17-18,검증,341.564,5.0,2500.085,12500.037,15000.122,0.40288284335111585,0.41187304230973365,19.893999999999775,2179.337,2134.443,30.655,413.231,8973.493,3241.967,2912.231,12500.037,71.66699999999997
2025-10-17 17:59:00,10/17-18,검증,341.563,5.0,2500.089,12500.039,15000.128,0.4031819639233399,0.41181112368215966,19.890000000000327,2179.166,2134.276,30.656,413.159,8912.025,3254.027,2901.761,12500.039,71.596
2025-10-17 18:00:00,10/17-18,검증,339.463,4.708,2653.925,12492.927,15146.852,0.41007582279182264,0.41837273920161866,20.644999999999985,2208.186,2162.541,31.1,413.437,8916.185,3266.737,2890.439,12492.927,73.97399999999999
2025-10-17 18:01:00,10/17-18,검증,338.903,4.576,2731.007,12497.239,15228.246,0.40958005462581837,0.41845184126424434,20.959000000000287,2229.376,2183.417,31.309,414.983,9043.179,3276.362,2926.986,12497.239,76.07999999999998
2025-10-17 18:02:00,10/17-18,검증,339.419,4.528,2760.516,12499.285,15259.801,0.4008243024726117,0.4095609176767043,20.95600000000013,2235.617,2189.661,31.254,415.684,9049.7,3283.25,2977.74,12499.285,76.26500000000004
2025-10-17 18:03:00,10/17-18,검증,339.995,4.508,2773.229,12500.568,15273.797,0.3893792091839129,0.39717391210485914,20.963000000000196,2234.735,2188.772,31.231,413.419,8945.673,3291.867,3004.091,12500.568,73.42399999999998
2025-10-17 18:04:00,10/17-18,검증,340.445,4.499,2778.702,12500.899,15279.601,0.38761499287227597,0.39399298831216656,21.019999999999985,2230.505,2184.485,31.239,411.551,8764.873,3305.331,2999.834,12500.899,71.106
2025-10-17 18:05:00,10/17-18,검증,340.792,4.497,2779.75,12500.545,15280.295,0.3957840717878789,0.4008358918499214,21.05200000000013,2227.17,2181.118,31.22,412.297,8544.642,3325.572,2966.783,12500.545,71.50500000000005
2025-10-17 18:06:00,10/17-18,검증,341.038,4.498,2779.079,12500.201,15279.28,0.4073310662484195,0.41162629282677377,21.057000000000244,2225.722,2179.665,31.189,414.505,8344.153,3352.669,2928.552,12500.201,73.46699999999998
2025-10-17 18:07:00,10/17-18,검증,341.196,4.499,2778.33,12500.037,15278.367,0.41797481171464046,0.4221057713256871,21.05499999999984,2225.374,2179.319,31.164,416.853,8199.196,3384.955,2909.776,12500.037,75.65699999999998
2025-10-17 18:08:00,10/17-18,검증,341.293,4.5,2777.883,12499.974,15277.857,0.42646322534070236,0.43079537190181555,21.05200000000013,2225.474,2179.422,31.147,418.85,8113.052,3420.175,2919.314,12499.974,77.55700000000002
2025-10-17 18:09:00,10/17-18,검증,341.355,4.5,2777.678,12499.958,15277.636,0.43271702851246574,0.43741889541192913,21.04799999999977,2225.72,2179.672,31.136,420.389,8073.627,3456.35,2953.61,12499.958,79.03399999999999
2025-10-17 18:10:00,10/17-18,검증,341.395,4.5,2777.626,12499.968,15277.594,0.43703677025422677,0.4421365784085258,21.04300000000012,2225.955,2179.912,31.13,421.474,8066.002,3492.063,3004.448,12499.968,80.07900000000001
2025-10-17 18:11:00,10/17-18,검증,341.423,4.5,2777.658,12499.988,15277.646,0.4398142477634771,0.44527797921120066,21.03800000000001,2226.105,2180.067,31.127,422.18,8076.734,3526.448,3063.298,12499.988,80.757
2025-10-17 18:12:00,10/17-18,검증,341.444,4.5,2777.719,12500.007,15277.726,0.4415289275567117,0.447303569616157,21.0329999999999,2226.158,2180.125,31.126,422.609,8095.172,3559.096,3123.057,12500.007,81.16499999999996
2025-10-17 18:13:00,10/17-18,검증,341.459,4.5,2777.778,12500.022,15277.8,0.4425527713733603,0.4485812325594066,21.029,2226.133,2180.104,31.126,422.854,8113.939,3589.926,3178.725,12500.022,81.39499999999998
2025-10-17 18:14:00,10/17-18,검증,341.472,4.5,2777.825,12500.032,15277.857,0.44318291028561085,0.44941223682255893,21.02500000000009,2226.053,2180.028,31.127,422.98,8128.659,3619.069,3227.438,12500.032,81.50800000000004
2025-10-17 18:15:00,10/17-18,검증,341.482,4.5,2777.857,12500.038,15277.895,0.44360064340357724,0.449983281849091,21.019999999999985,2225.938,2179.918,31.129,423.029,8137.244,3646.761,3268.046,12500.038,81.54699999999997
2025-10-17 18:16:00,10/17-18,검증,341.49,4.5,2777.878,12500.042,15277.92,0.44384371869598516,0.45033524550528276,21.01700000000028,2225.802,2179.785,31.131,423.029,8139.166,3673.275,3300.568,12500.042,81.53899999999999
2025-10-17 18:17:00,10/17-18,검증,341.496,4.5,2777.892,12500.044,15277.936,0.44397171791637896,0.450535045032305,21.01200000000017,2225.652,2179.64,31.133,422.996,8134.865,3698.876,3325.705,12500.044,81.5
2025-10-17 18:18:00,10/17-18,검증,341.502,4.5,2777.899,12500.045,15277.944,0.44411099108799723,0.45072067037489955,21.00799999999981,2225.495,2179.487,31.136,422.941,8125.312,3723.796,3344.491,12500.045,81.43899999999996
2025-10-17 18:19:00,10/17-18,검증,341.506,4.5,2777.904,12500.046,15277.95,0.444113891825803,0.45074410450988134,21.0029999999997,2225.332,2179.329,31.138,422.87,8111.702,3748.218,3358.064,12500.046,81.36400000000003
2025-10-17 18:20:00,10/17-18,검증,341.51,4.5,2777.908,12500.046,15277.954,0.44415389230194996,0.4507924862349311,20.998000000000047,2225.166,2179.168,31.141,422.786,8095.252,3772.281,3367.526,12500.046,81.27600000000001
2025-10-17 18:21:00,10/17-18,검증,341.514,4.5,2777.91,12500.046,15277.956,0.4440830268866643,0.45071675755781,20.994000000000145,2224.998,2179.004,31.143,422.694,8077.075,3796.074,3373.867,12500.046,81.18
2025-10-17 18:22:00,10/17-18,검증,341.517,4.5,2777.911,12500.046,15277.957,0.4440680012415171,0.45069515350132255,20.98999999999978,2224.828,2178.838,31.146,422.595,8058.122,3819.651,3377.937,12500.046,81.07800000000003
2025-10-17 18:23:00,10/17-18,검증,341.519,4.5,2777.912,12500.046,15277.958,0.44403039525293037,0.4506492674337654,20.985000000000127,2224.656,2178.671,31.149,422.491,8039.144,3843.031,3380.435,12500.046,80.97199999999998
2025-10-17 18:24:00,10/17-18,검증,341.522,4.5,2777.913,12500.046,15277.959,0.4439714142298063,0.4505828511491317,20.980000000000015,2224.484,2178.504,31.152,422.383,8020.702,3866.213,3381.913,12500.046,80.86099999999999
2025-10-17 18:25:00,10/17-18,검증,341.524,4.5,2777.913,12500.045,15277.958,0.4438168073746066,0.4504202381992051,20.976000000000116,2224.312,2178.336,31.154,422.273,8003.173,3889.177,3382.796,12500.045,80.74900000000002
2025-10-17 18:26:00,10/17-18,검증,341.526,4.5,2777.913,12500.045,15277.958,0.4437367780162466,0.45033958270977154,20.971999999999756,2224.14,2178.168,31.157,422.162,7986.779,3911.895,3383.392,12500.045,80.63599999999997
2025-10-17 18:27:00,10/17-18,검증,341.528,4.5,2777.912,12500.044,15277.956,0.44363980042616447,0.45024590754466337,20.9670000000001,2223.969,2178.002,31.16,422.049,7971.615,3934.334,3383.917,12500.044,80.52099999999996
2025-10-17 18:28:00,10/17-18,검증,341.529,4.5,2777.911,12500.043,15277.954,0.44354197296573894,0.4501558529398994,20.96199999999999,2223.799,2177.837,31.163,421.937,7957.678,3956.461,3384.507,12500.043,80.40800000000002
2025-10-17 18:29:00,10/17-18,검증,341.531,4.5,2777.909,12500.043,15277.952,0.4433486980984796,0.4499707313840309,20.958000000000084,2223.632,2177.674,31.165,421.824,7944.897,3978.245,3385.243,12500.043,80.293
2025-10-17 18:30:00,10/17-18,검증,341.533,4.5,2777.907,12500.042,15277.949,0.44324170081761866,0.4498788277761869,20.953999999999724,2223.468,2177.514,31.168,421.713,7933.156,3999.659,3386.161,12500.042,80.18
2025-10-17 18:31:00,10/17-18,검증,341.534,4.5,2777.904,12500.04,15277.944,0.4431315905850506,0.44978654803381696,20.949999999999815,2223.308,2177.358,31.171,421.603,7922.317,4020.683,3387.264,12500.04,80.06900000000002
2025-10-17 18:32:00,10/17-18,검증,341.535,4.5,2777.901,12500.039,15277.94,0.4429412614292855,0.4496132242932545,20.945999999999916,2223.151,2177.205,31.173,421.495,7912.233,4041.301,3388.538,12500.039,79.95999999999998
2025-10-17 18:33:00,10/17-18,검증,341.537,4.5,2777.898,12500.038,15277.936000000002,0.4428367559286949,0.44953043301538276,20.942000000000007,2222.999,2177.057,31.176,421.389,7902.763,4061.505,3389.957,12500.038,79.85200000000003
2025-10-17 18:34:00,10/17-18,검증,341.538,4.5,2777.894,12500.037,15277.931,0.44265678038328765,0.4493704045528391,20.938000000000105,2222.851,2176.913,31.178,421.286,7893.779,4081.29,3391.49,12500.037,79.74799999999999
2025-10-17 18:35:00,10/17-18,검증,341.539,4.5,2777.89,12500.035,15277.925,0.44256746079675197,0.4493046794385841,20.93399999999974,2222.709,2176.775,31.181,421.186,7885.17,4100.656,3393.105,12500.035,79.64699999999999
2025-10-17 18:36:00,10/17-18,검증,341.54,4.5,2777.886,12500.034,15277.92,0.4424022004090995,0.449160418207578,20.93100000000004,2222.573,2176.642,31.183,421.089,7876.847,4119.607,3394.773,12500.034,79.54899999999998
2025-10-17 18:37:00,10/17-18,검증,341.541,4.5,2777.881,12500.032,15277.913,0.4422454158157673,0.44902472308262514,20.927999999999884,2222.442,2176.514,31.185,420.995,7868.738,4138.15,3396.468,12500.032,79.45400000000001
2025-10-17 18:38:00,10/17-18,검증,341.543,4.5,2777.876,12500.031,15277.907,0.4420997168058522,0.4489000471323738,20.925000000000185,2222.318,2176.393,31.187,420.905,7860.793,4156.292,3398.17,12500.031,79.36199999999997
2025-10-17 18:39:00,10/17-18,검증,341.544,4.5,2777.872,12500.029,15277.901,0.44196657152818836,0.4487877353170068,20.922000000000025,2222.2,2176.278,31.189,420.819,7852.977,4174.043,3399.864,12500.029,79.27500000000003
2025-10-17 18:40:00,10/17-18,검증,341.545,4.5,2777.867,12500.028,15277.895,0.44185099362978825,0.44869291409760365,20.919000000000324,2222.088,2176.169,31.191,420.738,7845.27,4191.415,3401.537,12500.028,79.19299999999998
2025-10-17 18:41:00,10/17-18,검증,341.546,4.5,2777.861,12500.026,15277.887,0.4417418325849737,0.44860402372789204,20.916000000000167,2221.983,2176.067,31.193,420.66,7837.66,4208.416,3403.183,12500.026,79.11400000000003
2025-10-17 18:42:00,10/17-18,검증,341.547,4.5,2777.856,12500.024,15277.88,0.4416503396355595,0.44853264316689445,20.91400000000021,2221.885,2175.971,31.195,420.587,7830.147,4225.058,3404.798,12500.024,79.03999999999996
2025-10-17 18:43:00,10/17-18,검증,341.548,4.5,2777.851,12500.023,15277.874,0.441486965729654,0.448386635202858,20.912000000000265,2221.793,2175.881,31.196,420.518,7822.735,4241.35,3406.378,12500.023,78.96999999999997
2025-10-17 18:44:00,10/17-18,검증,341.55,4.5,2777.846,12500.021,15277.867,0.4414244209483292,0.448343856175845,20.91000000000031,2221.708,2175.798,31.198,420.454,7815.433,4257.302,3407.924,12500.021,78.904
2025-10-17 18:45:00,10/17-18,검증,341.551,4.5,2777.841,12500.02,15277.861,0.44136950213055365,0.4483083725750958,20.9079999999999,2221.629,2175.721,31.2,420.393,7808.25,4272.922,3409.436,12500.02,78.84199999999998
2025-10-17 18:46:00,10/17-18,검증,341.552,4.5,2777.836,12500.018,15277.854,0.4412461311619144,0.4482020881922993,20.90599999999995,2221.557,2175.651,31.201,420.337,7801.197,4288.22,3410.914,12500.018,78.78499999999997
2025-10-17 18:47:00,10/17-18,검증,341.553,4.5,2777.831,12500.017,15277.848,0.4411365018513066,0.44810957984565214,20.9050000000002,2221.491,2175.586,31.202,420.285,7794.283,4303.201,3412.359,12500.017,78.73200000000003
2025-10-17 18:48:00,10/17-18,검증,341.554,4.5,2777.826,12500.015,15277.841,0.4410379725199606,0.4480281824234253,20.903000000000247,2221.431,2175.528,31.203,420.237,7787.518,4317.873,3413.772,12500.015,78.68300000000005
2025-10-17 18:49:00,10/17-18,검증,341.556,4.5,2777.822,12500.014,15277.836,0.44095313075672604,0.4479605728062738,20.902000000000044,2221.377,2175.475,31.204,420.193,7780.91,4332.243,3415.152,12500.014,78.637
2025-10-17 18:50:00,10/17-18,검증,341.557,4.5,2777.817,12500.012,15277.829000000002,0.4408806358092797,0.4479054202656217,20.90100000000029,2221.329,2175.428,31.205,420.153,7774.463,4346.315,3416.501,12500.012,78.596
2025-10-17 18:51:00,10/17-18,검증,341.558,4.5,2777.813,12500.011,15277.824,0.4408204977113567,0.4478627295193507,20.898999999999887,2221.286,2175.387,31.206,420.117,7768.183,4360.096,3417.816,12500.011,78.55900000000003
2025-10-17 18:52:00,10/17-18,검증,341.559,4.5,2777.808,12500.01,15277.818,0.4407689801186659,0.44782871604584557,20.897999999999683,2221.249,2175.351,31.207,420.084,7762.073,4373.59,3419.097,12500.01,78.52499999999998
2025-10-17 18:53:00,10/17-18,검증,341.56,4.5,2777.804,12500.008,15277.812,0.4407261189419172,0.44780338283065213,20.89699999999993,2221.217,2175.32,31.208,420.054,7756.132,4386.803,3420.342,12500.008,78.49399999999997
2025-10-17 18:54:00,10/17-18,검증,341.561,4.5,2777.8,12500.007,15277.807,0.4406968999130525,0.4477918570479517,20.896000000000186,2221.19,2175.294,31.209,420.028,7750.362,4399.738,3421.55,12500.007,78.46700000000004
2025-10-17 18:55:00,10/17-18,검증,341.562,4.5,2777.796,12500.006,15277.802,0.4405925855831308,0.447703371348492,20.896000000000186,2221.168,2175.272,31.209,420.005,7744.762,4412.401,3422.719,12500.006,78.44299999999998
2025-10-17 18:56:00,10/17-18,검증,341.563,4.5,2777.793,12500.005,15277.798,0.44057693577649065,0.447705433287683,20.89599999999973,2221.151,2175.255,31.21,419.984,7739.33,4424.795,3423.847,12500.005,78.42099999999999
2025-10-17 18:57:00,10/17-18,검증,341.564,4.5,2777.789,12500.004,15277.793,0.44048981686522953,0.4476343311533836,20.894999999999985,2221.138,2175.243,31.21,419.967,7734.065,4436.925,3424.932,12500.004,78.40299999999996
2025-10-17 18:58:00,10/17-18,검증,341.566,4.5,2777.786,12500.003,15277.789,0.44049407646389854,0.44765644849754,20.894999999999985,2221.129,2175.234,31.211,419.952,7728.962,4448.794,3425.973,12500.003,78.38600000000002
2025-10-17 18:59:00,10/17-18,검증,341.566,4.5,2777.783,12500.002,15277.785,0.4404231256297848,0.4476016185761861,20.894999999999985,2221.124,2175.229,31.211,419.94,7724.021,4460.408,3426.968,12500.002,78.37400000000002
2025-10-17 19:00:00,10/17-18,검증,344.197,4.5,2777.653,12500.18,15277.833,0.442046046170585,0.4492786160071092,20.94499999999971,2221.602,2175.657,31.24,419.887,7719.531,4471.753,3428.111,12500.18,75.69
2025-10-17 19:01:00,10/17-18,검증,345.344,4.498,2779.443,12500.731,15280.174,0.45060759752702256,0.45793307198570327,21.05899999999974,2218.613,2172.554,31.305,419.667,7692.915,4483.178,3427.348,12500.731,74.32299999999998
2025-10-17 19:02:00,10/17-18,검증,346.062,4.496,2780.592,12500.802,15281.394,0.47385971558707113,0.481532207468406,21.235000000000127,2214.196,2167.961,31.385,421.756,7616.983,4495.964,3419.99,12500.802,75.69399999999996
2025-10-17 19:03:00,10/17-18,검증,346.702,4.497,2779.605,12500.202,15279.807,0.5089118215691872,0.5175020707620273,21.333999999999836,2211.999,2165.665,31.384,428.355,7486.758,4512.026,3410.255,12500.202,81.65300000000002
2025-10-17 19:04:00,10/17-18,검증,347.247,4.499,2778.122,12499.884,15278.006,0.5421387127839821,0.5520895215834283,21.369000000000145,2212.297,2165.928,31.353,436.019,7365.987,4532.123,3424.048,12499.884,88.77199999999999
2025-10-17 19:05:00,10/17-18,검증,347.677,4.5,2777.649,12499.938,15277.587,0.5685249618095366,0.5797015755874602,21.404999999999745,2212.798,2166.393,31.343,442.07,7306.471,4554.707,3491.641,12499.938,94.39299999999996
2025-10-17 19:06:00,10/17-18,검증,348.024,4.5,2777.744,12500.016,15277.76,0.5902797154577006,0.6022964745971054,21.44700000000012,2212.824,2166.377,31.346,446.798,7298.405,4577.622,3613.112,12500.016,98.774
2025-10-17 19:07:00,10/17-18,검증,348.318,4.5,2777.859,12500.037,15277.896,0.6087891761324048,0.6212846999817881,21.482000000000426,2212.655,2166.173,31.349,450.764,7316.683,4599.528,3768.432,12500.037,102.44600000000004
2025-10-17 19:08:00,10/17-18,검증,348.568,4.5,2777.916,12500.045,15277.961,0.6243283383818913,0.636981993741799,21.510999999999967,2212.442,2165.931,31.351,454.068,7349.641,4619.775,3940.286,12500.045,105.5
2025-10-17 19:09:00,10/17-18,검증,348.781,4.5,2777.957,12500.055,15278.012,0.6374288779864212,0.6499869253129824,21.536000000000055,2212.184,2165.648,31.355,456.766,7391.598,4638.003,4117.96,12500.055,107.985
2025-10-17 19:10:00,10/17-18,검증,348.961,4.5,2777.983,12500.059,15278.042,0.6483989001175657,0.6606920638699548,21.55899999999974,2211.897,2165.338,31.358,458.988,7436.399,4654.069,4293.331,12500.059,110.027
2025-10-17 19:11:00,10/17-18,검증,349.115,4.5,2777.987,12500.057,15278.044000000002,0.6578069175068891,0.6697586908160363,21.577000000000226,2211.614,2165.037,31.362,460.845,7478.827,4668.041,4460.023,12500.057,111.73000000000002
2025-10-17 19:12:00,10/17-18,검증,349.246,4.5,2777.974,12500.051,15278.025,0.6657300525426446,0.6773226836604324,21.593000000000306,2211.358,2164.765,31.365,462.403,7515.848,4680.125,4614.008,12500.051,113.15700000000004
2025-10-17 19:13:00,10/17-18,검증,349.357,4.5,2777.953,12500.045,15277.998,0.6724279438279543,0.6836882864627699,21.60699999999997,2211.134,2164.527,31.368,463.709,7545.919,4690.601,4753.253,12500.045,114.35199999999998
2025-10-17 19:14:00,10/17-18,검증,349.453,4.5,2777.93,12500.039,15277.969,0.6779824535146789,0.6889648614795592,21.617999999999935,2210.942,2164.324,31.37,464.803,7568.243,4699.776,4876.958,12500.039,115.35000000000002
2025-10-17 19:15:00,10/17-18,검증,349.534,4.5,2777.907,12500.033,15277.94,0.6827042887882595,0.6934825662089326,21.627000000000407,2210.78,2164.153,31.373,465.72,7582.588,4707.968,4985.108,12500.033,116.18600000000004
2025-10-17 19:16:00,10/17-18,검증,349.604,4.5,2777.886,12500.027,15277.913,0.6865522164378068,0.6972039752224641,21.634999999999764,2210.647,2164.012,31.375,466.486,7589.225,4715.482,5078.275,12500.027,116.882
2025-10-17 19:17:00,10/17-18,검증,349.663,4.5,2777.866,12500.022,15277.888,0.6896424468131935,0.7002436846468137,21.64100000000008,2210.539,2163.898,31.376,467.125,7588.786,4722.599,5157.444,12500.022,117.462
2025-10-17 19:18:00,10/17-18,검증,349.715,4.5,2777.849,12500.018,15277.867,0.6922399547327017,0.7028616439671483,21.64800000000014,2210.453,2163.805,31.378,467.657,7582.123,4729.563,5223.854,12500.018,117.942
2025-10-17 19:19:00,10/17-18,검증,349.759,4.5,2777.835,12500.014,15277.848999999998,0.6942614186405253,0.7049619499146954,21.65099999999984,2210.383,2163.732,31.379,468.096,7570.196,4736.579,5278.873,12500.014,118.337
2025-10-17 19:20:00,10/17-18,검증,349.797,4.5,2777.823,12500.011,15277.834,0.6958822571901148,0.7067088439639568,21.6550000000002,2210.328,2163.673,31.38,468.459,7554.018,4743.813,5323.917,12500.011,118.66199999999998
2025-10-17 19:21:00,10/17-18,검증,349.829,4.5,2777.814,12500.008,15277.822,0.6971661525037549,0.7081529217135546,21.6579999999999,2210.285,2163.627,31.381,468.757,7534.614,4751.387,5360.397,12500.008,118.928
2025-10-17 19:22:00,10/17-18,검증,349.858,4.5,2777.805,12500.006,15277.811,0.6980941102885396,0.7092609535658283,21.65999999999985,2210.252,2163.592,31.381,469.0,7512.969,4759.386,5388.929,12500.006,119.142
2025-10-17 19:23:00,10/17-18,검증,349.882,4.5,2777.799,12500.004,15277.803,0.6988744754314313,0.7102316308148864,21.662000000000265,2210.228,2163.566,31.382,469.196,7490.007,4767.858,5392.884,12500.004,119.31400000000002
2025-10-17 19:24:00,10/17-18,검증,349.903,4.5,2777.793,12500.002,15277.795,0.6993919825858103,0.7109365964557831,21.662000000000265,2210.21,2163.548,31.382,469.352,7466.535,4776.817,5393.065,12500.002,119.44899999999996
2025-10-17 19:25:00,10/17-18,검증,349.921,4.5,2777.788,12500.0,15277.788,0.6998505818195994,0.7115741253677675,21.66300000000001,2210.199,2163.536,31.383,469.476,7443.221,4786.255,5393.239,12500.0,119.555
2025-10-17 19:26:00,10/17-18,검증,349.936,4.5,2777.783,12499.999,15277.782,0.7001128053149582,0.7119969764080072,21.66399999999976,2210.194,2163.53,31.383,469.571,7420.622,4796.14,5393.411,12499.999,119.63500000000003
2025-10-17 19:27:00,10/17-18,검증,349.949,4.5,2777.779,12499.997,15277.776,0.7002888319818644,0.7123117547101823,21.66399999999976,2210.194,2163.53,31.383,469.643,7399.182,4806.423,5393.58,12499.997,119.69399999999996
2025-10-17 19:28:00,10/17-18,검증,349.961,4.5,2777.775,12499.996,15277.771,0.7004795973340552,0.7126174716919139,21.66400000000021,2210.199,2163.535,31.384,469.696,7379.236,4817.044,5393.748,12499.996,119.735
2025-10-17 19:29:00,10/17-18,검증,349.97,4.5,2777.771,12499.994,15277.765,0.7005429919325336,0.7127668216090681,21.66399999999976,2210.209,2163.545,31.384,469.733,7361.018,4827.936,5393.915,12499.994,119.76299999999998
2025-10-17 19:30:00,10/17-18,검증,349.978,4.5,2777.767,12499.993,15277.76,0.7005715940686896,0.7128531687870591,21.664999999999964,2210.225,2163.56,31.384,469.757,7344.673,4839.026,5394.082,12499.993,119.779
2025-10-17 19:31:00,10/17-18,검증,349.985,4.5,2777.763,12499.992,15277.755,0.700582496717944,0.7128940041177817,21.664999999999964,2210.245,2163.58,31.384,469.772,7330.271,4850.24,5394.251,12499.992,119.78699999999998
2025-10-17 19:32:00,10/17-18,검증,349.991,4.5,2777.759,12499.99,15277.749,0.7005833988524566,0.7128980717506036,21.664999999999964,2210.27,2163.605,31.384,469.78,7317.82,4861.506,5394.421,12499.99,119.789
2025-10-17 19:33:00,10/17-18,검증,349.996,4.5,2777.756,12499.989,15277.745,0.7005812577190358,0.7128741126873966,21.66399999999976,2210.299,2163.635,31.384,469.783,7307.276,4872.754,5394.594,12499.989,119.78700000000003
2025-10-17 19:34:00,10/17-18,검증,350.001,4.5,2777.752,12499.988,15277.74,0.7005054583217059,0.7127518785722031,21.664999999999964,2210.334,2163.669,31.383,469.783,7298.559,4883.921,5394.77,12499.988,119.78200000000004
2025-10-17 19:35:00,10/17-18,검증,350.005,4.5,2777.748,12499.986,15277.734,0.7005181535552153,0.7126993183117559,21.665999999999716,2210.374,2163.708,31.383,469.782,7291.562,4894.947,5394.95,12499.986,119.777
2025-10-17 19:36:00,10/17-18,검증,350.008,4.5,2777.745,12499.985,15277.73,0.7005426417297627,0.7126405796855116,21.666000000000167,2210.418,2163.752,31.383,469.781,7286.161,4905.779,5395.133,12499.985,119.77300000000002
2025-10-17 19:37:00,10/17-18,검증,350.011,4.5,2777.741,12499.984,15277.725,0.7005907149627632,0.7125900087287262,21.66699999999992,2210.467,2163.8,31.383,469.783,7282.223,4916.371,5395.319,12499.984,119.772
2025-10-17 19:38:00,10/17-18,검증,350.014,4.5,2777.738,12499.983,15277.721,0.7005769858427177,0.7124629999666605,21.66699999999992,2210.519,2163.852,31.382,469.787,7279.614,4926.684,5395.508,12499.983,119.77299999999995
2025-10-17 19:39:00,10/17-18,검증,350.016,4.5,2777.735,12499.982,15277.717,0.7006652530613922,0.7124287644378244,21.66800000000012,2210.576,2163.908,31.382,469.795,7278.201,4936.684,5395.7,12499.982,119.779
2025-10-17 19:40:00,10/17-18,검증,350.018,4.5,2777.732,12499.981,15277.713,0.7007803807063337,0.7124126738714509,21.670000000000076,2210.637,2163.967,31.382,469.808,7277.859,4946.344,5395.894,12499.981,119.79000000000002
2025-10-17 19:41:00,10/17-18,검증,350.02,4.5,2777.729,12499.98,15277.709,0.700837411421421,0.7123301125636734,21.672000000000025,2210.701,2164.029,31.381,469.825,7278.472,4955.64,5396.09,12499.98,119.805
2025-10-17 19:42:00,10/17-18,검증,350.022,4.5,2777.727,12499.979,15277.705999999998,0.7009208802361481,0.7122688223007781,21.67300000000023,2210.768,2164.095,31.38,469.848,7279.936,4964.557,5396.287,12499.979,119.82600000000002
2025-10-17 19:43:00,10/17-18,검증,350.024,4.5,2777.724,12499.978,15277.702,0.7011078064555997,0.7123083947512173,21.676000000000386,2210.838,2164.162,31.38,469.876,7282.155,4973.079,5396.485,12499.978,119.85199999999998
2025-10-17 19:44:00,10/17-18,검증,350.025,4.5,2777.723,12499.978,15277.701,0.7012396622594202,0.7122889833009849,21.67699999999968,2210.91,2164.233,31.379,469.91,7285.048,4981.199,5396.683,12499.978,119.88500000000003
2025-10-17 19:45:00,10/17-18,검증,350.027,4.5,2777.721,12499.977,15277.698,0.7013981956833432,0.7122945416873383,21.679000000000087,2210.984,2164.305,31.378,469.95,7288.543,4988.909,5396.881,12499.977,119.923
2025-10-17 19:46:00,10/17-18,검증,350.029,4.5,2777.719,12499.977,15277.696,0.7016530374268355,0.7123965911978792,21.68199999999979,2211.06,2164.378,31.378,469.994,7292.574,4996.205,5397.078,12499.977,119.96500000000005
2025-10-17 19:47:00,10/17-18,검증,350.03,4.5,2777.718,12499.976,15277.694,0.701852613936354,0.7124421045353788,21.684999999999945,2211.138,2164.453,31.377,470.044,7297.088,5003.087,5397.274,12499.976,120.014
2025-10-17 19:48:00,10/17-18,검증,350.032,4.5,2777.717,12499.976,15277.693,0.7020680767658914,0.7125038340819919,21.686999999999895,2211.216,2164.529,31.376,470.098,7302.036,5009.554,5397.469,12499.976,120.06600000000005
2025-10-17 19:49:00,10/17-18,검증,350.033,4.5,2777.717,12499.976,15277.693,0.702304381642002,0.7125873773862018,21.69000000000005,2211.295,2164.605,31.375,470.157,7307.373,5015.608,5397.662,12499.976,120.12399999999997
2025-10-17 19:50:00,10/17-18,검증,350.035,4.5,2777.716,12499.976,15277.692,0.702551391464692,0.7126827573464429,21.69300000000021,2211.375,2164.682,31.374,470.219,7313.061,5021.253,5397.852,12499.976,120.18399999999995
2025-10-17 19:51:00,10/17-18,검증,350.036,4.5,2777.716,12499.976,15277.692,0.7028141297656753,0.7127955707493109,21.695000000000164,2211.454,2164.759,31.373,470.285,7319.063,5026.493,5398.041,12499.976,120.24900000000002
2025-10-17 19:52:00,10/17-18,검증,350.037,4.5,2777.716,12499.976,15277.692,0.7030892146931327,0.7129226796280368,21.69900000000007,2211.534,2164.835,31.372,470.354,7325.344,5031.334,5398.227,12499.976,120.317
2025-10-17 19:53:00,10/17-18,검증,350.038,4.5,2777.716,12499.976,15277.692,0.7033695481589431,0.7130572428256489,21.701000000000025,2211.613,2164.912,31.371,470.425,7331.872,5035.781,5398.411,12499.976,120.387
2025-10-17 19:54:00,10/17-18,검증,350.039,4.5,2777.717,12499.976,15277.693,0.7036572412797018,0.7132017264572157,21.70400000000018,2211.692,2164.988,31.37,470.498,7338.614,5039.844,5398.592,12499.976,120.459
2025-10-17 19:55:00,10/17-18,검증,350.04,4.5,2777.717,12499.977,15277.694,0.7039521059376963,0.7133561259929189,21.70699999999988,2211.77,2165.063,31.369,470.573,7345.54,5043.528,5398.77,12499.977,120.53299999999996
2025-10-17 19:56:00,10/17-18,검증,350.041,4.5,2777.718,12499.977,15277.695,0.7042450895882048,0.7135117111615388,21.71000000000004,2211.847,2165.137,31.368,470.648,7352.618,5046.843,5398.945,12499.977,120.60700000000004
2025-10-17 19:57:00,10/17-18,검증,350.042,4.5,2777.719,12499.977,15277.696,0.7045403461243628,0.7136728438087735,21.712999999999735,2211.923,2165.21,31.367,470.724,7359.82,5049.798,5399.117,12499.977,120.68200000000002
2025-10-17 19:58:00,10/17-18,검증,350.042,4.5,2777.719,12499.978,15277.697,0.7048321088748865,0.713833925447436,21.715000000000146,2211.998,2165.283,31.366,470.8,7367.114,5052.404,5399.286,12499.978,120.75800000000004
2025-10-17 19:59:00,10/17-18,검증,350.043,4.5,2777.72,12499.978,15277.698,0.7050438002554773,0.7139183706897043,21.71900000000005,2212.072,2165.353,31.364,470.876,7374.474,5054.67,5399.452,12499.978,120.83299999999996
2025-10-17 20:00:00,10/17-18,검증,350.043,4.5,2777.723,12499.98,15277.703,0.7046149028133167,0.7140811614365067,21.722000000000207,2212.143,2165.421,31.363,470.951,7326.339,5057.267,5399.524,12499.98,120.90800000000002
2025-10-17 20:01:00,10/17-18,검증,350.044,4.5,2777.728,12499.981,15277.709,0.7041894000700719,0.7142450581910184,21.72299999999996,2212.204,2165.481,31.362,471.024,7276.055,5062.091,5399.511,12499.981,120.98000000000002
2025-10-17 20:02:00,10/17-18,검증,350.044,4.5,2777.731,12499.982,15277.713,0.7044233606043071,0.7144094846195741,21.725000000000364,2212.262,2165.537,31.361,471.096,7275.685,5067.494,5399.524,12499.982,121.05200000000002
2025-10-17 20:03:00,10/17-18,검증,350.044,4.5,2777.732,12499.982,15277.714,0.7049358306882335,0.7145607894610306,21.728000000000065,2212.321,2165.593,31.36,471.165,7298.267,5072.289,5399.567,12499.982,121.12100000000004
2025-10-17 20:04:00,10/17-18,검증,350.043,4.5,2777.729,12499.981,15277.71,0.7056147389912437,0.7147015226656918,21.731000000000225,2212.385,2165.654,31.359,471.233,7335.666,5075.842,5399.647,12499.981,121.19
2025-10-17 20:05:00,10/17-18,검증,350.042,4.5,2777.726,12499.98,15277.706,0.7062951455232377,0.7147501526182801,21.73300000000017,2212.454,2165.721,31.357,471.3,7381.889,5077.781,5399.766,12499.98,121.25800000000004
2025-10-17 20:06:00,10/17-18,검증,350.04,4.5,2777.722,12499.979,15277.701,0.7071505435185743,0.7149444631372887,21.73599999999988,2212.529,2165.793,31.357,471.365,7432.249,5077.933,5399.923,12499.979,121.325
2025-10-17 20:07:00,10/17-18,검증,350.038,4.5,2777.718,12499.979,15277.697,0.7078937357155747,0.7150435563957207,21.738000000000284,2212.608,2165.87,31.356,471.428,7483.195,5076.28,5400.111,12499.979,121.39
2025-10-17 20:08:00,10/17-18,검증,350.036,4.5,2777.716,12499.978,15277.694,0.7085709092851613,0.7151270844232576,21.73999999999978,2212.689,2165.949,31.355,471.488,7532.117,5072.909,5400.324,12499.978,121.452
2025-10-17 20:09:00,10/17-18,검증,350.035,4.5,2777.715,12499.978,15277.693,0.7091761050404775,0.7152105829187783,21.743000000000396,2212.771,2166.028,31.354,471.548,7577.196,5067.985,5400.556,12499.978,121.51299999999998
2025-10-17 20:10:00,10/17-18,검증,350.033,4.5,2777.715,12499.978,15277.693,0.7096972923988959,0.7152940518962404,21.74600000000009,2212.853,2166.107,31.353,471.608,7617.291,5061.721,5400.799,12499.978,121.575
2025-10-17 20:11:00,10/17-18,검증,350.032,4.5,2777.717,12499.979,15277.696,0.7102163217878054,0.7154627369424725,21.74900000000025,2212.931,2166.182,31.353,471.668,7651.815,5054.351,5401.046,12499.979,121.63600000000002
2025-10-17 20:12:00,10/17-18,검증,350.031,4.5,2777.719,12499.979,15277.698,0.7105841404719307,0.7155678421095304,21.751999999999956,2213.006,2166.254,31.352,471.731,7680.628,5046.117,5401.292,12499.979,121.7
2025-10-17 20:13:00,10/17-18,검증,350.031,4.5,2777.723,12499.98,15277.703,0.7108801215520939,0.7156821994481377,21.753999999999905,2213.076,2166.322,31.351,471.795,7703.931,5037.249,5401.534,12499.98,121.764
2025-10-17 20:14:00,10/17-18,검증,350.031,4.5,2777.726,12499.981,15277.707,0.7112017578908609,0.7158929356511442,21.757000000000065,2213.141,2166.384,31.351,471.861,7722.168,5027.96,5401.767,12499.981,121.82999999999998
2025-10-17 20:15:00,10/17-18,검증,350.031,4.5,2777.73,12499.982,15277.712,0.7113993376269626,0.7160425416202921,21.76000000000022,2213.201,2166.441,31.35,471.93,7735.944,5018.435,5401.99,12499.982,121.899
2025-10-17 20:16:00,10/17-18,검증,350.031,4.5,2777.734,12499.983,15277.717,0.7115524294510606,0.7161982701007562,21.76200000000017,2213.255,2166.493,31.349,471.999,7745.949,5008.831,5402.201,12499.983,121.96800000000002
2025-10-17 20:17:00,10/17-18,검증,350.032,4.5,2777.738,12499.984,15277.722,0.7117581898564735,0.7164447773213349,21.764999999999876,2213.305,2166.54,31.349,472.069,7752.899,4999.273,5402.402,12499.984,122.03700000000003
2025-10-17 20:18:00,10/17-18,검증,350.032,4.5,2777.741,12499.985,15277.726,0.711863808240304,0.7166214438013673,21.76800000000003,2213.35,2166.582,31.348,472.14,7757.487,4989.858,5402.592,12499.985,122.108
2025-10-17 20:19:00,10/17-18,검증,350.032,4.5,2777.745,12499.986,15277.731,0.7119487806352501,0.7167974127684149,21.769999999999985,2213.391,2166.621,31.347,472.21,7760.35,4980.655,5402.772,12499.986,122.178
2025-10-17 20:20:00,10/17-18,검증,350.032,4.5,2777.747,12499.987,15277.734,0.7121040754882042,0.7170542217713606,21.77199999999993,2213.428,2166.656,31.347,472.279,7762.049,4971.708,5402.943,12499.987,122.247
2025-10-17 20:21:00,10/17-18,검증,350.032,4.5,2777.75,12499.988,15277.738,0.7121673265073327,0.717225686705549,21.773999999999887,2213.462,2166.688,31.346,472.346,7763.056,4963.043,5403.108,12499.988,122.31400000000002
2025-10-17 20:22:00,10/17-18,검증,350.032,4.5,2777.752,12499.989,15277.741,0.712225376130301,0.7173921141930357,21.77599999999984,2213.493,2166.717,31.345,472.411,7763.751,4954.668,5403.268,12499.989,122.37900000000002
2025-10-17 20:23:00,10/17-18,검증,350.032,4.5,2777.754,12499.989,15277.743,0.7122750036075396,0.7175466977246358,21.778000000000247,2213.523,2166.745,31.344,472.473,7764.42,4946.579,5403.423,12499.989,122.44100000000005
2025-10-17 20:24:00,10/17-18,검증,350.031,4.5,2777.755,12499.99,15277.745,0.7124026531369712,0.7177722076022609,21.7800000000002,2213.55,2166.77,31.344,472.532,7765.265,4938.762,5403.576,12499.99,122.50099999999998
2025-10-17 20:25:00,10/17-18,검증,350.03,4.5,2777.757,12499.99,15277.747,0.7124387638242177,0.717900009439501,21.78099999999995,2213.576,2166.795,31.343,472.587,7766.413,4931.201,5403.727,12499.99,122.55700000000002
2025-10-17 20:26:00,10/17-18,검증,350.029,4.5,2777.758,12499.991,15277.749,0.7124767511454354,0.7180215596408062,21.7829999999999,2213.601,2166.818,31.342,472.64,7767.929,4923.874,5403.879,12499.991,122.611
2025-10-17 20:27:00,10/17-18,검증,350.028,4.5,2777.758,12499.991,15277.749,0.7125820932524801,0.7182016672449693,21.784000000000106,2213.625,2166.841,31.342,472.688,7769.828,4916.757,5404.03,12499.991,122.65999999999995
2025-10-17 20:28:00,10/17-18,검증,350.027,4.5,2777.759,12499.991,15277.75,0.7126072071198375,0.7182952354424283,21.786000000000055,2213.648,2166.862,31.341,472.734,7772.085,4909.832,5404.183,12499.991,122.707
2025-10-17 20:29:00,10/17-18,검증,350.025,4.5,2777.76,12499.992,15277.752,0.7126199990986052,0.7183701834225243,21.786999999999807,2213.671,2166.884,31.34,472.776,7774.653,4903.076,5404.337,12499.992,122.75100000000003
2025-10-17 20:30:00,10/17-18,검증,350.024,4.5,2777.76,12499.992,15277.752,0.7127088508811892,0.7185148533989408,21.78800000000001,2213.692,2166.904,31.34,472.815,7777.467,4896.476,5404.493,12499.992,122.791
2025-10-17 20:31:00,10/17-18,검증,350.022,4.5,2777.761,12499.992,15277.753,0.7127119011966923,0.7185705287270403,21.78900000000021,2213.713,2166.924,31.339,472.852,7780.455,4890.015,5404.651,12499.992,122.82999999999998
2025-10-17 20:32:00,10/17-18,검증,350.02,4.5,2777.761,12499.993,15277.754,0.7127862630087209,0.7186934675824299,21.789999999999964,2213.734,2166.944,31.339,472.886,7783.547,4883.685,5404.811,12499.993,122.86600000000004
2025-10-17 20:33:00,10/17-18,검증,350.019,4.5,2777.762,12499.993,15277.755,0.7127752775711192,0.7187298808534608,21.79199999999992,2213.754,2166.962,31.338,472.918,7786.675,4877.476,5404.973,12499.993,122.899
2025-10-17 20:34:00,10/17-18,검증,350.017,4.5,2777.762,12499.993,15277.755,0.7128368680104341,0.7188366712732204,21.79199999999992,2213.773,2166.981,31.338,472.948,7789.781,4871.385,5405.137,12499.993,122.93099999999998
2025-10-17 20:35:00,10/17-18,검증,350.016,4.5,2777.763,12499.993,15277.756,0.7128927590223166,0.7189372373044772,21.79399999999987,2213.792,2166.998,31.338,472.976,7792.818,4865.406,5405.304,12499.993,122.95999999999998
2025-10-17 20:36:00,10/17-18,검증,350.014,4.5,2777.763,12499.994,15277.757,0.7128633687468389,0.7189531592146543,21.795000000000076,2213.81,2167.015,31.337,473.003,7795.748,4859.54,5405.471,12499.994,122.98899999999998
2025-10-17 20:37:00,10/17-18,검증,350.013,4.5,2777.764,12499.994,15277.758000000002,0.7129104721178111,0.719045033187683,21.795000000000076,2213.827,2167.032,31.337,473.029,7798.547,4853.785,5405.641,12499.994,123.01600000000002
2025-10-17 20:38:00,10/17-18,검증,350.011,4.5,2777.764,12499.994,15277.758000000002,0.7128742833856262,0.7190547266974455,21.797000000000025,2213.844,2167.047,31.336,473.054,7801.199,4848.143,5405.812,12499.994,123.04299999999996
2025-10-17 20:39:00,10/17-18,검증,350.01,4.5,2777.765,12499.994,15277.759,0.7129130541159692,0.7191391436008199,21.797000000000025,2213.86,2167.063,31.336,473.078,7803.699,4842.613,5405.985,12499.994,123.06799999999998
2025-10-17 20:40:00,10/17-18,검증,350.009,4.5,2777.765,12499.994,15277.759,0.712953948370988,0.7192260181665742,21.79799999999977,2213.875,2167.077,31.336,473.102,7806.047,4837.197,5406.159,12499.994,123.09299999999996
2025-10-17 20:41:00,10/17-18,검증,350.008,4.5,2777.766,12499.995,15277.761,0.7129090587358318,0.719228249866695,21.798999999999975,2213.89,2167.091,31.335,473.125,7808.251,4831.896,5406.335,12499.995,123.11700000000002
2025-10-17 20:42:00,10/17-18,검증,350.006,4.5,2777.766,12499.995,15277.761,0.7129463594218294,0.7193120082691078,21.800000000000185,2213.904,2167.104,31.335,473.148,7810.321,4826.71,5406.513,12499.995,123.14200000000004
2025-10-17 20:43:00,10/17-18,검증,350.005,4.5,2777.767,12499.995,15277.762,0.7129792647632561,0.719391423535288,21.80099999999993,2213.918,2167.117,31.335,473.17,7812.273,4821.639,5406.691,12499.995,123.16500000000002
2025-10-17 20:44:00,10/17-18,검증,350.004,4.5,2777.767,12499.995,15277.762,0.713013707484494,0.7194720653515501,21.80200000000013,2213.931,2167.129,31.335,473.192,7814.121,4816.683,5406.872,12499.995,123.188
2025-10-17 20:45:00,10/17-18,검증,350.004,4.5,2777.768,12499.995,15277.763,0.71296753492901,0.7194724043331714,21.802999999999884,2213.944,2167.141,31.334,473.214,7815.88,4811.841,5407.054,12499.995,123.20999999999998
2025-10-17 20:46:00,10/17-18,검증,350.003,4.5,2777.768,12499.995,15277.763,0.7130042463838849,0.7195542690846857,21.804000000000087,2213.956,2167.152,31.334,473.236,7817.565,4807.111,5407.237,12499.995,123.233
2025-10-17 20:47:00,10/17-18,검증,350.002,4.5,2777.768,12499.995,15277.763,0.7130416949166051,0.7196361285560013,21.80499999999984,2213.968,2167.163,31.334,473.258,7819.188,4802.492,5407.422,12499.995,123.25599999999996
2025-10-17 20:48:00,10/17-18,검증,350.001,4.5,2777.769,12499.995,15277.764,0.7130812040071114,0.719719214380367,21.80600000000004,2213.979,2167.173,31.334,473.28,7820.763,4797.981,5407.609,12499.995,123.279
2025-10-17 20:49:00,10/17-18,검증,350.001,4.5,2777.769,12499.996,15277.765,0.7131217511158306,0.7198022948119419,21.80699999999979,2213.99,2167.183,31.334,473.302,7822.298,4793.577,5407.798,12499.996,123.30100000000004
2025-10-17 20:50:00,10/17-18,검증,350.0,4.5,2777.769,12499.996,15277.765,0.713086800709976,0.7198094112718585,21.807999999999996,2214.001,2167.193,31.333,473.325,7823.801,4789.276,5407.988,12499.996,123.325
2025-10-17 20:51:00,10/17-18,검증,350.0,4.5,2777.769,12499.996,15277.765,0.7131294526579176,0.7198924824914756,21.807999999999996,2214.011,2167.203,31.333,473.347,7825.278,4785.075,5408.181,12499.996,123.34699999999998
2025-10-17 20:52:00,10/17-18,검증,349.999,4.5,2777.77,12499.996,15277.766,0.7131743861095603,0.719976779878259,21.8090000000002,2214.021,2167.212,31.333,473.369,7826.733,4780.973,5408.375,12499.996,123.37
2025-10-17 20:53:00,10/17-18,검증,349.999,4.5,2777.77,12499.996,15277.766,0.7132204683472656,0.7200610718058278,21.809999999999945,2214.031,2167.221,31.333,473.391,7828.17,4776.965,5408.572,12499.996,123.392
2025-10-17 20:54:00,10/17-18,검증,349.998,4.5,2777.77,12499.996,15277.766,0.7132719872544369,0.7201496931409296,21.81100000000015,2214.041,2167.23,31.333,473.414,7829.589,4773.05,5408.77,12499.996,123.416
2025-10-17 20:55:00,10/17-18,검증,349.998,4.5,2777.77,12499.996,15277.766,0.7132393640716166,0.7201536830093497,21.81100000000015,2214.05,2167.239,31.332,473.436,7830.992,4769.224,5408.97,12499.996,123.438
2025-10-17 20:56:00,10/17-18,검증,349.998,4.5,2777.77,12499.996,15277.766,0.7132929244866841,0.7202422945789989,21.811999999999895,2214.06,2167.248,31.332,473.459,7832.378,4765.484,5409.173,12499.996,123.461
2025-10-17 20:57:00,10/17-18,검증,349.997,4.5,2777.77,12499.996,15277.766,0.7133443478940056,0.7203277974019341,21.813000000000105,2214.069,2167.256,31.332,473.481,7833.748,4761.829,5409.377,12499.996,123.48399999999998
2025-10-17 20:58:00,10/17-18,검증,349.997,4.5,2777.77,12499.996,15277.766,0.713399809902645,0.7204163972818245,21.814000000000306,2214.079,2167.265,31.332,473.504,7835.1,4758.256,5409.584,12499.996,123.507
2025-10-17 20:59:00,10/17-18,검증,349.997,4.5,2777.77,12499.996,15277.766,0.7134573973166202,0.7205062224587614,21.81500000000005,2214.088,2167.273,31.332,473.527,7836.435,4754.762,5409.792,12499.996,123.52999999999996
2025-10-17 21:00:00,10/17-18,검증,349.922,4.503,2778.24,12510.552,15288.792,0.7136116682514059,0.7208192133697576,21.8420000000001,2214.967,2168.125,31.346,473.554,7839.317,4751.456,5410.005,12510.552,123.63199999999996
2025-10-17 21:01:00,10/17-18,검증,349.756,4.506,2780.281,12527.027,15307.308,0.7141065360127674,0.7214744649477781,21.894999999999985,2217.252,2170.357,31.383,473.626,7848.85,4748.569,5410.234,12527.027,123.87
2025-10-17 21:02:00,10/17-18,검증,349.592,4.507,2783.165,12543.586,15326.751,0.7141642100817007,0.7215758653493817,21.94700000000012,2220.118,2173.171,31.42,473.754,7864.9,4745.912,5410.486,12543.586,124.16200000000003
2025-10-17 21:03:00,10/17-18,검증,349.446,4.508,2786.425,12560.193,15346.618,0.7129535517726697,0.7202658803441856,21.99499999999989,2223.337,2176.342,31.456,473.676,7893.965,4743.143,5410.78,12560.193,124.22999999999996
2025-10-17 21:04:00,10/17-18,검증,349.317,4.508,2789.966,12576.86,15366.826,0.7104732608723497,0.7174742559644333,22.04399999999987,2226.593,2179.549,31.495,473.221,7938.874,4739.718,5411.134,12576.86,123.904
2025-10-17 21:05:00,10/17-18,검증,349.205,4.508,2793.674,12593.547,15387.221,0.7075170896996582,0.7141965968303006,22.096999999999756,2229.711,2182.614,31.537,472.56,7987.528,4735.289,5411.535,12593.547,123.35500000000002
2025-10-17 21:06:00,10/17-18,검증,349.11,4.508,2797.425,12610.227,15407.652000000002,0.7046504573303517,0.7111779721800591,22.153000000000247,2232.702,2185.549,31.58,471.905,8024.73,4730.05,5411.948,12610.227,122.79499999999996
2025-10-17 21:07:00,10/17-18,검증,349.029,4.508,2801.167,12626.899,15428.066,0.7021139434916378,0.7087162199173525,22.210999999999785,2235.611,2188.4,31.624,471.337,8044.124,4724.574,5412.335,12626.899,122.308
2025-10-17 21:08:00,10/17-18,검증,348.961,4.508,2804.896,12643.568,15448.464,0.6999918000700251,0.7068605241198037,22.269999999999985,2238.459,2191.189,31.669,470.873,8047.058,4719.488,5412.671,12643.568,121.91199999999998
2025-10-17 21:09:00,10/17-18,검증,348.903,4.508,2808.615,12660.236,15468.851,0.6981734537368799,0.7054383924917611,22.33100000000013,2241.259,2193.928,31.713,470.513,8037.763,4715.291,5412.947,12660.236,121.60999999999996
2025-10-17 21:10:00,10/17-18,검증,348.853,4.508,2812.326,12676.9,15489.226,0.6968508232111494,0.7045784176969313,22.39300000000003,2244.022,2196.629,31.758,470.253,8020.957,4712.3,5413.162,12676.9,121.39999999999998
2025-10-17 21:11:00,10/17-18,검증,348.81,4.508,2816.028,12693.564,15509.592,0.696013717871888,0.7042174978243586,22.45600000000013,2246.757,2199.301,31.804,470.081,8001.037,4710.664,5413.326,12693.564,121.27100000000002
2025-10-17 21:12:00,10/17-18,검증,348.773,4.508,2819.726,12710.226,15529.952,0.6954797264829738,0.7041327077738377,22.519999999999985,2249.47,2201.95,31.849,469.984,7981.622,4710.381,5413.451,12710.226,121.21099999999996
2025-10-17 21:13:00,10/17-18,검증,348.74,4.508,2823.419,12726.888,15550.307,0.6952990381112878,0.7043462162134395,22.584000000000287,2252.164,2204.58,31.894,469.95,7965.31,4711.34,5413.55,12726.888,121.20999999999998
2025-10-17 21:14:00,10/17-18,검증,348.712,4.508,2827.109,12743.549,15570.658,0.6955067109896764,0.7048782583852257,22.648999999999887,2254.845,2207.196,31.94,469.967,7953.691,4713.357,5413.64,12743.549,121.255
2025-10-17 21:15:00,10/17-18,검증,348.686,4.508,2830.797,12760.209,15591.006,0.6959115648414314,0.7055317618581521,22.713999999999945,2257.515,2209.801,31.985,470.027,7947.492,4716.218,5413.732,12760.209,121.341
2025-10-17 21:16:00,10/17-18,검증,348.663,4.508,2834.482,12776.868,15611.35,0.6966294876255825,0.7064257076044902,22.777999999999796,2260.176,2212.398,32.031,470.122,7946.769,4719.697,5413.837,12776.868,121.459
2025-10-17 21:17:00,10/17-18,검증,348.642,4.508,2838.165,12793.527,15631.692,0.6975431010504225,0.7074501660917876,22.84400000000005,2262.831,2214.987,32.077,470.245,7951.069,4723.587,5413.965,12793.527,121.603
2025-10-17 21:18:00,10/17-18,검증,348.623,4.508,2841.847,12810.186,15652.033,0.6986164323421776,0.7085806052665523,22.90999999999985,2265.48,2217.57,32.123,470.391,7959.602,4727.708,5414.12,12810.186,121.76800000000004
2025-10-17 21:19:00,10/17-18,검증,348.605,4.508,2845.527,12826.844,15672.371,0.69981208858247,0.7097925226612809,22.976000000000116,2268.125,2220.149,32.169,470.555,7971.407,4731.92,5414.309,12826.844,121.95
2025-10-17 21:20:00,10/17-18,검증,348.589,4.508,2849.207,12843.502,15692.709,0.7011078030477919,0.7110770195156267,23.042999999999665,2270.767,2222.724,32.215,470.735,7985.48,4736.119,5414.532,12843.502,122.14600000000002
2025-10-17 21:21:00,10/17-18,검증,348.574,4.508,2852.886,12860.16,15713.046,0.7024756867626961,0.7124184206355789,23.10800000000017,2273.405,2225.297,32.261,470.928,8000.863,4740.243,5414.792,12860.16,122.35399999999998
2025-10-17 21:22:00,10/17-18,검증,348.56,4.508,2856.565,12876.818,15733.383,0.7038897092819286,0.7138015070602578,23.175000000000185,2276.041,2227.866,32.307,471.13,8016.704,4744.262,5415.087,12876.818,122.57
2025-10-17 21:23:00,10/17-18,검증,348.547,4.508,2860.243,12893.475,15753.718,0.7053441618852472,0.7152293730015339,23.24200000000019,2278.674,2230.432,32.353,471.342,8032.297,4748.177,5415.418,12893.475,122.79499999999996
2025-10-17 21:24:00,10/17-18,검증,348.534,4.508,2863.921,12910.132,15774.053,0.7068917305357821,0.7167618801954374,23.3090000000002,2281.304,2232.995,32.4,471.56,8047.098,4752.009,5415.782,12910.132,123.026
2025-10-17 21:25:00,10/17-18,검증,348.523,4.508,2867.599,12926.789,15794.388,0.7083695269492828,0.7182395426946733,23.376000000000204,2283.931,2235.555,32.446,471.783,8060.726,4755.798,5416.179,12926.789,123.26
2025-10-17 21:26:00,10/17-18,검증,348.512,4.508,2871.277,12943.446,15814.723,0.7099316390864565,0.719820213757489,23.442000000000007,2286.555,2238.113,32.493,472.012,8072.948,4759.589,5416.608,12943.446,123.5
2025-10-17 21:27:00,10/17-18,검증,348.501,4.508,2874.954,12960.103,15835.057,0.7114132392682773,0.7213387224622126,23.51000000000022,2289.177,2240.667,32.539,472.244,8083.665,4763.436,5417.065,12960.103,123.74300000000004
2025-10-17 21:28:00,10/17-18,검증,348.492,4.508,2878.632,12976.759,15855.391,0.7128889982437806,0.7228699353341114,23.576000000000025,2291.795,2243.219,32.585,472.479,8092.882,4767.39,5417.551,12976.759,123.98699999999997
2025-10-17 21:29:00,10/17-18,검증,348.482,4.508,2882.309,12993.416,15875.725,0.7144333857248172,0.7244872785051438,23.64300000000003,2294.411,2245.768,32.632,472.716,8100.684,4771.5,5418.065,12993.416,124.23399999999998
2025-10-17 21:30:00,10/17-18,검증,348.473,4.508,2885.986,13010.072,15896.058,0.7158918801416225,0.7260329513369196,23.71000000000004,2297.024,2248.314,32.678,472.954,8107.214,4775.807,5418.606,13010.072,124.481
2025-10-17 21:31:00,10/17-18,검증,348.464,4.508,2889.662,13026.727,15916.389,0.717419017470414,0.7276600303030314,23.777000000000044,2299.634,2250.857,32.725,473.193,8112.646,4780.348,5419.172,13026.727,124.72899999999998
2025-10-17 21:32:00,10/17-18,검증,348.456,4.508,2893.338,13043.383,15936.721,0.7189347424172832,0.7292851658931938,23.84400000000005,2302.243,2253.399,32.772,473.432,8117.17,4785.15,5419.765,13043.383,124.976
2025-10-17 21:33:00,10/17-18,검증,348.448,4.508,2897.014,13060.038,15957.052,0.7203644678865144,0.7308303970007554,23.911000000000055,2304.849,2255.938,32.818,473.67,8120.974,4790.232,5420.384,13060.038,125.22200000000004
2025-10-17 21:34:00,10/17-18,검증,348.439,4.508,2900.689,13076.693,15977.382,0.7218591741517141,0.7324454907604425,23.97699999999986,2307.453,2258.476,32.865,473.907,8124.234,4795.608,5421.029,13076.693,125.46799999999996
2025-10-17 21:35:00,10/17-18,검증,348.431,4.508,2904.364,13093.348,15997.712,0.7232729756771089,0.7339810167805921,24.04399999999987,2310.055,2261.011,32.911,474.143,8127.109,4801.283,5421.699,13093.348,125.712
2025-10-17 21:36:00,10/17-18,검증,348.423,4.508,2908.038,13110.002,16018.04,0.7247499685930191,0.7355805995108992,24.110000000000127,2312.656,2263.546,32.958,474.377,8129.732,4807.258,5422.397,13110.002,125.954
2025-10-17 21:37:00,10/17-18,검증,348.415,4.508,2911.712,13126.656,16038.368,0.7262145595811459,0.7371664571915585,24.17699999999968,2315.256,2266.079,33.005,474.608,8132.212,4813.53,5423.12,13126.656,126.19299999999998
2025-10-17 21:38:00,10/17-18,검증,348.407,4.508,2915.385,13143.31,16058.695,0.7275955949371243,0.738665445556782,24.242999999999935,2317.855,2268.612,33.051,474.837,8134.631,4820.091,5423.871,13143.31,126.43
2025-10-17 21:39:00,10/17-18,검증,348.399,4.508,2919.058,13159.963,16079.021,0.7290406343145267,0.7402260984944239,24.309999999999945,2320.453,2271.143,33.098,475.063,8137.05,4826.931,5424.648,13159.963,126.664
2025-10-17 21:40:00,10/17-18,검증,348.391,4.508,2922.731,13176.616,16099.347,0.7304037585937969,0.7417002553134114,24.376999999999956,2323.051,2273.674,33.144,475.287,8139.51,4834.039,5425.452,13176.616,126.89599999999996
2025-10-17 21:41:00,10/17-18,검증,348.383,4.508,2926.402,13193.269,16119.671,0.7318249101094256,0.7432291760340239,24.442000000000007,2325.647,2276.205,33.191,475.507,8142.035,4841.405,5426.283,13193.269,127.12400000000002
2025-10-17 21:42:00,10/17-18,검증,348.374,4.508,2930.074,13209.921,16139.995,0.7332352618196223,0.7447433676073605,24.50900000000001,2328.244,2278.735,33.238,475.724,8144.635,4849.015,5427.142,13209.921,127.34999999999997
2025-10-17 21:43:00,10/17-18,검증,348.366,4.508,2933.745,13226.573,16160.318,0.7345604068343004,0.746167317862444,24.575000000000276,2330.84,2281.265,33.284,475.938,8147.312,4856.858,5428.027,13226.573,127.572
2025-10-17 21:44:00,10/17-18,검증,348.358,4.508,2937.416,13243.225,16180.641,0.7359470736602548,0.747649998338325,24.64100000000008,2333.436,2283.795,33.331,476.149,8150.06,4864.922,5428.94,13243.225,127.791
2025-10-17 21:45:00,10/17-18,검증,348.349,4.508,2941.086,13259.876,16200.962,0.7373173527233349,0.7491125900338711,24.70600000000013,2336.031,2286.325,33.378,476.356,8152.871,4873.196,5429.88,13259.876,128.007
2025-10-17 21:46:00,10/17-18,검증,348.341,4.509,2944.756,13276.527,16221.283,0.7386806407566588,0.7506104784725415,24.77300000000014,2338.627,2288.854,33.425,476.561,8155.734,4881.672,5430.847,13276.527,128.21999999999997
2025-10-17 21:47:00,10/17-18,검증,348.332,4.509,2948.425,13293.178,16241.603,0.7399575772765958,0.7519724034203603,24.838000000000196,2341.222,2291.384,33.471,476.763,8158.638,4890.339,5431.84,13293.178,128.43099999999998
2025-10-17 21:48:00,10/17-18,검증,348.324,4.509,2952.094,13309.828,16261.922,0.7412999420550935,0.7533980449819707,24.9050000000002,2343.818,2293.913,33.518,476.963,8161.573,4899.188,5432.86,13309.828,128.639
2025-10-17 21:49:00,10/17-18,검증,348.315,4.509,2955.763,13326.478,16282.240999999998,0.7426282748251888,0.7548068953726269,24.9699999999998,2346.413,2296.443,33.565,477.16,8164.532,4908.213,5433.907,13326.478,128.84500000000003
2025-10-17 21:50:00,10/17-18,검증,348.306,4.509,2959.432,13343.127,16302.559,0.743872493560873,0.7561279429788296,25.035999999999603,2349.008,2298.972,33.611,477.354,8167.508,4917.405,5434.98,13343.127,129.048
2025-10-17 21:51:00,10/17-18,검증,348.297,4.509,2963.099,13359.776,16322.875,0.7451792070017407,0.7575100545014694,25.101000000000116,2351.603,2301.502,33.658,477.546,8170.5,4926.758,5436.079,13359.776,129.24899999999997
2025-10-17 21:52:00,10/17-18,검증,348.289,4.509,2966.767,13376.424,16343.191,0.746478028574334,0.7588820508231219,25.16800000000012,2354.199,2304.031,33.705,477.736,8173.504,4936.266,5437.204,13376.424,129.447
2025-10-17 21:53:00,10/17-18,검증,348.28,4.509,2970.434,13393.072,16363.506,0.7477668214198571,0.7602416803008353,25.23299999999972,2356.794,2306.561,33.752,477.924,8176.522,4945.921,5438.354,13393.072,129.644
2025-10-17 21:54:00,10/17-18,검증,348.271,4.509,2974.101,13409.72,16383.821,0.7489762239153802,0.76151850103823,25.298999999999975,2359.389,2309.09,33.798,478.11,8179.555,4955.718,5439.531,13409.72,129.839
2025-10-17 21:55:00,10/17-18,검증,348.262,4.509,2977.767,13426.367,16404.134,0.7502473195642575,0.7628558999824252,25.36500000000024,2361.985,2311.62,33.845,478.294,8182.607,4965.651,5440.733,13426.367,130.03199999999998
2025-10-17 21:56:00,10/17-18,검증,348.253,4.509,2981.433,13443.013,16424.446,0.7515094772319002,0.7641821481380908,25.42999999999984,2364.58,2314.15,33.892,478.476,8185.68,4975.715,5441.96,13443.013,130.223
2025-10-17 21:57:00,10/17-18,검증,348.244,4.509,2985.099,13459.659,16444.758,0.7527669257766988,0.7655015516991588,25.495000000000346,2367.175,2316.68,33.939,478.657,8188.779,4985.903,5443.213,13459.659,130.41299999999995
2025-10-17 21:58:00,10/17-18,검증,348.235,4.509,2988.764,13476.305,16465.069,0.7539446394688499,0.7667376913769691,25.56100000000015,2369.771,2319.21,33.985,478.836,8191.907,4996.21,5444.49,13476.305,130.601
2025-10-17 21:59:00,10/17-18,검증,348.226,4.509,2992.428,13492.95,16485.378,0.7551888195503987,0.7680393304325138,25.627000000000407,2372.367,2321.74,34.032,479.014,8195.069,5006.63,5445.793,13492.95,130.788
2025-10-17 22:00:00,10/17-18,검증,350.307,4.756,2841.534,13514.244,16355.778,0.7599996221544195,0.7748744421652128,24.881000000000316,2347.53,2297.649,33.606,478.705,8115.169,5018.186,5446.984,13514.244,128.39799999999997
2025-10-17 22:01:00,10/17-18,검증,351.472,4.906,2752.782,13504.887,16257.669000000002,0.7499268462421842,0.7682864748315139,24.432999999999996,2327.235,2277.802,33.315,475.407,7871.011,5036.21,5447.775,13504.887,123.935
2025-10-17 22:02:00,10/17-18,검증,351.305,4.965,2719.285,13501.892,16221.177,0.7505364841935758,0.7702125772866072,24.438000000000105,2319.663,2270.225,33.39,471.938,7770.056,5059.517,5448.516,13501.892,120.63299999999998
2025-10-17 22:03:00,10/17-18,검증,350.929,4.989,2705.881,13499.753,16205.634,0.7660589090015858,0.7873523774233658,24.48300000000017,2318.251,2268.768,33.447,473.993,7690.194,5084.757,5449.055,13499.753,123.06400000000002
2025-10-17 22:04:00,10/17-18,검증,350.653,5.001,2699.265,13498.485,16197.75,0.7754599705781269,0.797243675001902,24.42599999999993,2321.921,2272.495,33.421,477.43,7660.0,5111.495,5449.414,13498.485,126.777
2025-10-17 22:05:00,10/17-18,검증,350.434,5.004,2697.322,13498.714,16196.036,0.7746116944693779,0.7923688748969899,24.37100000000009,2326.149,2276.778,33.411,477.674,7858.559,5134.391,5450.017,13498.714,127.23999999999997
2025-10-17 22:06:00,10/17-18,검증,350.262,5.004,2697.861,13499.338,16197.199,0.7707570715553367,0.7817206125969355,24.35400000000027,2328.608,2279.254,33.428,475.769,8245.066,5145.573,5451.1,13499.338,125.507
2025-10-17 22:07:00,10/17-18,검증,350.15,5.002,2698.747,13499.689,16198.436,0.7670831630582505,0.7718691986039636,24.34999999999991,2329.757,2280.407,33.444,473.729,8636.355,5142.151,5452.531,13499.689,123.579
2025-10-17 22:08:00,10/17-18,검증,350.087,5.001,2699.315,13499.843,16199.158,0.7634592106102527,0.7642685898875693,24.346000000000004,2330.336,2280.99,33.454,472.116,8922.373,5126.768,5454.06,13499.843,122.029
2025-10-17 22:09:00,10/17-18,검증,350.052,5.001,2699.652,13499.934,16199.586,0.7596655950359463,0.7586032008913848,24.34500000000025,2330.614,2281.269,33.461,470.878,9087.275,5103.986,5455.5,13499.934,120.82599999999996
2025-10-17 22:10:00,10/17-18,검증,350.034,5.0,2699.85,13499.982,16199.832,0.7560334701156345,0.7546017415380413,24.3449999999998,2330.712,2281.367,33.466,469.988,9150.109,5078.021,5456.746,13499.982,119.954
2025-10-17 22:11:00,10/17-18,검증,350.026,5.0,2699.946,13499.997,16199.943,0.7528652620172654,0.752135203729459,24.346000000000004,2330.734,2281.388,33.47,469.409,9137.744,5052.113,5457.753,13499.997,119.38299999999998
2025-10-17 22:12:00,10/17-18,검증,350.025,5.0,2699.985,13500.001,16199.986,0.7500463105568392,0.7506065378265949,24.34799999999996,2330.735,2281.387,33.472,469.055,9078.35,5028.42,5458.527,13500.001,119.03000000000004
2025-10-17 22:13:00,10/17-18,검증,350.028,5.0,2700.004,13500.004,16200.008000000002,0.7476080329125443,0.7496960390826086,24.34900000000016,2330.722,2281.373,33.473,468.844,8996.166,5008.094,5459.098,13500.004,118.81599999999996
2025-10-17 22:14:00,10/17-18,검증,350.034,5.0,2700.018,13500.008,16200.026,0.7456300280132615,0.7492416254492927,24.34900000000016,2330.695,2281.346,33.474,468.725,8908.617,4991.513,5459.508,13500.008,118.69100000000005
2025-10-17 22:15:00,10/17-18,검증,350.041,5.0,2700.029,13500.011,16200.04,0.7440158902594293,0.7490025724351672,24.34900000000016,2330.657,2281.308,33.474,468.665,8826.872,4978.538,5459.8,13500.011,118.62400000000002
2025-10-17 22:16:00,10/17-18,검증,350.047,5.0,2700.036,13500.013,16200.049,0.7428293686685827,0.7489602350134539,24.348999999999705,2330.611,2281.262,33.474,468.644,8757.482,4968.724,5460.011,13500.013,118.59699999999998
2025-10-17 22:17:00,10/17-18,검증,350.053,5.0,2700.04,13500.014,16200.054,0.7420159184785593,0.7490269689427627,24.348999999999705,2330.562,2281.213,33.474,468.645,8703.691,4961.466,5460.174,13500.014,118.59199999999998
2025-10-17 22:18:00,10/17-18,검증,350.057,5.0,2700.04,13500.013,16200.053,0.741533272613313,0.7491594305831614,24.34999999999991,2330.515,2281.165,33.474,468.66,8666.371,4956.106,5460.315,13500.013,118.603
2025-10-17 22:19:00,10/17-18,검증,350.06,5.0,2700.037,13500.012,16200.049,0.7412249225699568,0.7492227207094031,24.34900000000016,2330.472,2281.123,33.473,468.679,8644.767,4952.005,5460.453,13500.012,118.61899999999996
2025-10-17 22:20:00,10/17-18,검증,350.062,5.0,2700.031,13500.009,16200.04,0.7412083067444989,0.7493674453613399,24.34799999999996,2330.436,2281.088,33.473,468.7,8637.085,4948.59,5460.603,13500.009,118.63799999999998
2025-10-17 22:21:00,10/17-18,검증,350.062,5.0,2700.024,13500.007,16200.031,0.7412529608646912,0.749405712793257,24.34799999999996,2330.41,2281.062,33.472,468.718,8640.935,4945.382,5460.772,13500.007,118.656
2025-10-17 22:22:00,10/17-18,검증,350.06,5.0,2700.016,13500.004,16200.02,0.7414716573779632,0.7494929175638263,24.34799999999996,2330.394,2281.046,33.472,468.732,8653.672,4942.008,5460.967,13500.004,118.67200000000004
2025-10-17 22:23:00,10/17-18,검증,350.058,5.0,2700.008,13500.001,16200.009,0.741650504420217,0.7494580533137788,24.347000000000207,2330.387,2281.04,33.471,468.74,8672.661,4938.203,5461.188,13500.001,118.68200000000002
2025-10-17 22:24:00,10/17-18,검증,350.055,5.0,2700.001,13499.999,16200.0,0.7419313546282884,0.7494794445484342,24.347000000000207,2330.389,2281.042,33.471,468.745,8695.466,4933.8,5461.435,13499.999,118.69
2025-10-17 22:25:00,10/17-18,검증,350.051,5.0,2699.994,13499.997,16199.991,0.7421980131130034,0.7494728505305801,24.347000000000207,2330.398,2281.051,33.471,468.746,8719.977,4928.72,5461.704,13499.997,118.695
2025-10-17 22:26:00,10/17-18,검증,350.047,5.0,2699.989,13499.995,16199.984,0.7423501001896681,0.7493635929565893,24.347000000000207,2330.413,2281.066,33.47,468.744,8744.482,4922.953,5461.993,13499.995,118.697
2025-10-17 22:27:00,10/17-18,검증,350.043,5.0,2699.985,13499.994,16199.979,0.7425450155528546,0.7493252199703637,24.34799999999996,2330.433,2281.085,33.47,468.741,8767.681,4916.547,5462.296,13499.994,118.69799999999998
2025-10-17 22:28:00,10/17-18,검증,350.04,5.0,2699.982,13499.993,16199.975,0.7426897840614267,0.7492770054658187,24.346999999999756,2330.455,2281.108,33.47,468.737,8788.682,4909.585,5462.609,13499.993,118.697
2025-10-17 22:29:00,10/17-18,검증,350.036,5.0,2699.98,13499.992,16199.972,0.7427150250505475,0.7491563596402423,24.34799999999996,2330.48,2281.132,33.469,468.735,8806.953,4902.173,5462.928,13499.992,118.699
2025-10-17 22:30:00,10/17-18,검증,350.033,5.0,2699.979,13499.992,16199.971,0.7427781192912158,0.7491199679830891,24.348999999999705,2330.506,2281.157,33.469,468.734,8822.275,4894.428,5463.25,13499.992,118.70099999999996
2025-10-17 22:31:00,10/17-18,검증,350.029,5.0,2699.978,13499.992,16199.97,0.7428105122554547,0.7490979298323226,24.350000000000364,2330.532,2281.182,33.469,468.736,8834.669,4886.466,5463.571,13499.992,118.707
2025-10-17 22:32:00,10/17-18,검증,350.027,5.0,2699.979,13499.993,16199.972,0.7428166887979754,0.749090245406303,24.34999999999991,2330.557,2281.207,33.469,468.741,8844.341,4878.395,5463.889,13499.993,118.714
2025-10-17 22:33:00,10/17-18,검증,350.024,5.0,2699.979,13499.993,16199.972,0.7427188855360747,0.7490139154353302,24.351000000000116,2330.581,2281.23,33.468,468.748,8851.616,4870.312,5464.202,13499.993,118.724
2025-10-17 22:34:00,10/17-18,검증,350.022,5.0,2699.98,13499.993,16199.973,0.7426909958255905,0.7490339458450115,24.35199999999986,2330.604,2281.252,33.468,468.758,8856.884,4862.294,5464.51,13499.993,118.736
2025-10-17 22:35:00,10/17-18,검증,350.02,5.0,2699.982,13499.994,16199.976,0.7426580968186459,0.749069592835243,24.35199999999986,2330.625,2281.273,33.468,468.771,8860.563,4854.404,5464.812,13499.994,118.75100000000003
2025-10-17 22:36:00,10/17-18,검증,350.019,5.0,2699.983,13499.994,16199.977,0.7425413707503737,0.7490365881587034,24.353000000000065,2330.645,2281.292,33.467,468.786,8863.052,4846.688,5465.108,13499.994,118.767
2025-10-17 22:37:00,10/17-18,검증,350.017,5.0,2699.984,13499.995,16199.979,0.7425036417321162,0.7490903772511582,24.35400000000027,2330.664,2281.31,33.467,468.802,8864.698,4839.176,5465.398,13499.995,118.78500000000004
2025-10-17 22:38:00,10/17-18,검증,350.016,5.0,2699.985,13499.995,16199.98,0.7424792221831769,0.7491610435750098,24.355000000000015,2330.681,2281.326,33.467,468.821,8865.845,4831.885,5465.684,13499.995,118.805
2025-10-17 22:39:00,10/17-18,검증,350.015,5.0,2699.986,13499.996,16199.982,0.742374324198646,0.7491522212917281,24.356000000000225,2330.697,2281.341,33.466,468.84,8866.748,4824.821,5465.966,13499.996,118.825
2025-10-17 22:40:00,10/17-18,검증,350.013,5.0,2699.987,13499.996,16199.983,0.7423550322175939,0.749225409181465,24.355999999999767,2330.711,2281.355,33.466,468.859,8867.596,4817.98,5466.244,13499.996,118.846
2025-10-17 22:41:00,10/17-18,검증,350.012,5.0,2699.988,13499.997,16199.985,0.7423462989074805,0.749304640206438,24.35699999999997,2330.725,2281.368,33.466,468.879,8868.526,4811.355,5466.52,13499.997,118.86700000000002
2025-10-17 22:42:00,10/17-18,검증,350.011,5.0,2699.989,13499.997,16199.986,0.7422626257804968,0.7493043809115544,24.35799999999972,2330.738,2281.38,33.465,468.899,8869.618,4804.934,5466.795,13499.997,118.88799999999998
2025-10-17 22:43:00,10/17-18,검증,350.01,5.0,2699.99,13499.997,16199.987,0.7422615329795946,0.7493800853540435,24.35800000000017,2330.75,2281.392,33.465,468.918,8870.913,4798.702,5467.068,13499.997,118.90800000000002
2025-10-17 22:44:00,10/17-18,검증,350.009,5.0,2699.99,13499.998,16199.988,0.7422686676078921,0.7494583136399005,24.358999999999924,2330.761,2281.402,33.465,468.937,8872.414,4792.645,5467.34,13499.998,118.928
2025-10-17 22:45:00,10/17-18,검증,350.007,5.0,2699.991,13499.998,16199.989,0.7422747100381436,0.7495304912914251,24.358999999999924,2330.772,2281.413,33.465,468.955,8874.098,4786.751,5467.612,13499.998,118.94799999999998
2025-10-17 22:46:00,10/17-18,검증,350.006,5.0,2699.991,13499.998,16199.989,0.742201367477912,0.7495196616448758,24.360000000000127,2330.782,2281.422,33.464,468.972,8875.928,4781.006,5467.884,13499.998,118.966
2025-10-17 22:47:00,10/17-18,검증,350.005,5.0,2699.992,13499.998,16199.99,0.742208191558165,0.7495847973716875,24.36099999999988,2330.792,2281.431,33.464,468.988,8877.855,4775.401,5468.157,13499.998,118.983
2025-10-17 22:48:00,10/17-18,검증,350.004,5.0,2699.993,13499.999,16199.992,0.7422128836536355,0.7496451483008085,24.36099999999988,2330.801,2281.44,33.464,469.003,8879.829,4769.929,5468.43,13499.999,118.99899999999997
2025-10-17 22:49:00,10/17-18,검증,350.002,5.0,2699.993,13499.999,16199.992,0.7422172341372177,0.7497032429505064,24.36200000000008,2330.809,2281.447,33.464,469.017,8881.8,4764.582,5468.704,13499.999,119.015
2025-10-17 22:50:00,10/17-18,검증,350.001,5.0,2699.994,13499.999,16199.993,0.7422214191827217,0.7497600712765662,24.36200000000008,2330.817,2281.455,33.464,469.031,8883.723,4759.358,5468.979,13499.999,119.03000000000004
2025-10-17 22:51:00,10/17-18,검증,350.0,5.0,2699.994,13499.999,16199.993,0.7421377287176749,0.7497291135138133,24.363000000000284,2330.824,2281.461,33.463,469.043,8885.56,4754.254,5469.255,13499.999,119.043
2025-10-17 22:52:00,10/17-18,검증,349.999,5.0,2699.995,13500.0,16199.995,0.7421355805194586,0.7497789041715751,24.36299999999983,2330.83,2281.467,33.463,469.055,8887.282,4749.268,5469.533,13500.0,119.05599999999998
2025-10-17 22:53:00,10/17-18,검증,349.998,5.0,2699.995,13500.0,16199.995,0.7421298267043984,0.7498251759886216,24.363999999999574,2330.836,2281.472,33.463,469.066,8888.867,4744.402,5469.812,13500.0,119.06799999999998
2025-10-17 22:54:00,10/17-18,검증,349.997,5.0,2699.996,13500.0,16199.996,0.7421236209120373,0.7498714463383923,24.364000000000036,2330.841,2281.477,33.463,469.077,8890.299,4739.655,5470.092,13500.0,119.07999999999998
2025-10-17 22:55:00,10/17-18,검증,349.996,5.0,2699.996,13500.0,16199.996,0.7421134536532762,0.7499141983450911,24.363999999999574,2330.845,2281.481,33.463,469.087,8891.569,4735.028,5470.375,13500.0,119.091
2025-10-17 22:56:00,10/17-18,검증,349.995,5.0,2699.997,13500.0,16199.997,0.7420978652513265,0.7499521685587351,24.364000000000036,2330.849,2281.485,33.463,469.096,8892.671,4730.524,5470.66,13500.0,119.101
2025-10-17 22:57:00,10/17-18,검증,349.994,5.0,2699.997,13500.001,16199.998,0.7420842832259871,0.7499926654350059,24.36499999999978,2330.852,2281.487,33.463,469.105,8893.599,4726.143,5470.948,13500.001,119.111
2025-10-17 22:58:00,10/17-18,검증,349.994,5.0,2699.998,13500.001,16199.999,0.7420699127725529,0.7500331612834386,24.365999999999985,2330.855,2281.489,33.463,469.114,8894.344,4721.887,5471.24,13500.001,119.11999999999996
2025-10-17 22:59:00,10/17-18,검증,349.993,5.0,2699.999,13500.001,16200.0,0.7420497592566433,0.7500688758434914,24.365999999999985,2330.857,2281.491,33.463,469.122,8894.885,4717.759,5471.538,13500.001,119.12900000000002
2025-10-17 23:00:00,10/17-18,검증,352.106,5.0,2699.869,13500.218,16200.087,0.7427789438408038,0.7508307282592038,24.402999999999796,2331.254,2281.851,33.484,469.022,8895.895,4713.741,5471.844,13500.218,116.916
2025-10-17 23:01:00,10/17-18,검증,353.172,4.997,2701.876,13501.364,16203.24,0.7471045100582246,0.7555455838991406,24.498000000000047,2328.492,2278.994,33.553,468.119,8872.635,4710.182,5472.122,13501.364,114.947
2025-10-17 23:02:00,10/17-18,검증,353.854,4.993,2704.092,13502.046,16206.138,0.7661286819099762,0.7766471210501394,24.69000000000005,2322.792,2273.102,33.673,469.022,8736.826,4709.332,5472.21,13502.046,115.168
2025-10-17 23:03:00,10/17-18,검증,354.512,4.994,2703.487,13501.016,16204.503,0.7945996129194777,0.8112913270941257,24.804000000000087,2318.522,2268.718,33.705,474.685,8394.564,4717.188,5471.877,13501.016,120.173
2025-10-17 23:04:00,10/17-18,검증,355.12,4.997,2701.64,13500.262,16201.902,0.8158646733702292,0.840757741163276,24.83600000000024,2317.23,2267.394,33.687,480.989,7996.059,4738.589,5471.25,13500.262,125.86899999999996
2025-10-17 23:05:00,10/17-18,검증,355.626,4.998,2700.877,13500.245,16201.122,0.8309794107756728,0.861618537346003,24.868999999999687,2316.555,2266.686,33.688,485.361,7737.074,4771.15,5470.646,13500.245,129.735
2025-10-17 23:06:00,10/17-18,검증,356.056,4.999,2700.752,13500.274,16201.026,0.8452362805070656,0.8782497075956555,24.907000000000156,2315.706,2265.799,33.699,488.62,7638.88,4808.781,5470.28,13500.274,132.56400000000002
2025-10-17 23:07:00,10/17-18,검증,356.439,4.999,2700.607,13500.2,16200.807,0.8592165105437444,0.8921103502453482,24.937000000000356,2315.012,2265.075,33.705,491.433,7642.728,4846.673,5470.249,13500.2,134.99399999999997
2025-10-17 23:08:00,10/17-18,검증,356.781,4.999,2700.438,13500.142,16200.58,0.8722103321904786,0.903295587805758,24.958000000000084,2314.544,2264.586,33.707,493.797,7710.254,4881.973,5470.608,13500.142,137.01600000000002
2025-10-17 23:09:00,10/17-18,검증,357.084,4.999,2700.332,13500.118,16200.45,0.8842628782325614,0.9124032509034954,24.975000000000364,2314.186,2264.211,33.71,495.717,7819.084,4912.908,5471.384,13500.118,138.63299999999998
2025-10-17 23:10:00,10/17-18,검증,357.354,5.0,2700.259,13500.096,16200.355,0.8948944315189488,0.9199255313996643,24.989000000000036,2313.899,2263.91,33.712,497.306,7933.88,4938.742,5472.595,13500.096,139.952
2025-10-17 23:11:00,10/17-18,검증,357.596,5.0,2700.19,13500.071,16200.261,0.9040034787586906,0.926099106272376,25.00099999999975,2313.696,2263.695,33.713,498.649,8037.247,4959.927,5474.629,13500.071,141.053
2025-10-17 23:12:00,10/17-18,검증,357.812,5.0,2700.125,13500.049,16200.174,0.9124419370422506,0.9312527536746126,25.009999999999764,2313.571,2263.561,33.714,499.784,8154.434,4976.501,5477.604,13500.049,141.97199999999998
2025-10-17 23:13:00,10/17-18,검증,358.007,5.0,2700.07,13500.031,16200.101,0.9201484081648305,0.9354544734750493,25.01700000000028,2313.51,2263.493,33.714,500.738,8281.483,4988.135,5480.929,13500.031,142.731
2025-10-17 23:14:00,10/17-18,검증,358.183,5.0,2700.023,13500.015,16200.038,0.9270530402815017,0.9389953142356117,25.02199999999993,2313.503,2263.481,33.715,501.539,8405.329,4994.881,5484.067,13500.015,143.356
2025-10-17 23:15:00,10/17-18,검증,358.342,5.0,2699.983,13500.002,16199.985,0.9327890820748894,0.9417720001050542,25.027000000000044,2313.542,2263.515,33.714,502.212,8516.259,4997.201,5486.754,13500.002,143.87
2025-10-17 23:16:00,10/17-18,검증,358.486,5.0,2699.952,13499.991,16199.943,0.937544560881498,0.9440976421166991,25.0300000000002,2313.617,2263.587,33.714,502.774,8609.679,4995.795,5488.927,13499.991,144.288
2025-10-17 23:17:00,10/17-18,검증,358.618,5.0,2699.928,13499.983,16199.911,0.9412210519666077,0.9459005492335935,25.031999999999694,2313.718,2263.686,33.713,503.24,8684.441,4991.429,5490.629,13499.983,144.622
2025-10-17 23:18:00,10/17-18,검증,358.739,5.0,2699.91,13499.977,16199.887,0.9440638336340114,0.9473988737889585,25.034000000000106,2313.838,2263.804,33.713,503.623,8741.196,4984.854,5491.938,13499.977,144.884
2025-10-17 23:19:00,10/17-18,검증,358.849,5.0,2699.899,13499.973,16199.872,0.9460353833675128,0.9485064132040159,25.03499999999985,2313.969,2263.934,33.712,503.936,8781.433,4976.756,5492.935,13499.973,145.087
2025-10-17 23:20:00,10/17-18,검증,358.951,5.0,2699.893,13499.97,16199.863,0.9473153613690108,0.949340912685729,25.03499999999985,2314.105,2264.07,33.711,504.187,8806.987,4967.738,5493.691,13499.97,145.236
2025-10-17 23:21:00,10/17-18,검증,359.045,5.0,2699.891,13499.969,16199.86,0.9480163572413065,0.9499515619575517,25.034000000000106,2314.241,2264.207,33.71,504.386,8819.777,4958.318,5494.263,13499.969,145.341
2025-10-17 23:22:00,10/17-18,검증,359.132,5.0,2699.892,13499.969,16199.861,0.9482286399354062,0.9503678839967856,25.034000000000106,2314.376,2264.342,33.709,504.539,8821.66,4948.93,5494.695,13499.969,145.40699999999998
2025-10-17 23:23:00,10/17-18,검증,359.211,5.0,2699.895,13499.97,16199.865,0.948049700024079,0.9506308877368931,25.032000000000156,2314.505,2264.473,33.708,504.655,8814.367,4939.931,5495.018,13499.97,145.44399999999996
2025-10-17 23:24:00,10/17-18,검증,359.285,5.0,2699.9,13499.971,16199.871,0.9474695925252266,0.9506814937159276,25.029999999999745,2314.627,2264.597,33.706,504.737,8799.468,4931.605,5495.259,13499.971,145.452
2025-10-17 23:25:00,10/17-18,검증,359.352,5.0,2699.906,13499.972,16199.878,0.9467162145940731,0.9507008009364311,25.028000000000247,2314.742,2264.714,33.705,504.792,8778.357,4924.176,5495.435,13499.972,145.44
2025-10-17 23:26:00,10/17-18,검증,359.414,5.0,2699.911,13499.974,16199.885,0.9457554526188169,0.9506175242226015,25.02599999999984,2314.85,2264.824,33.704,504.821,8752.26,4917.812,5495.561,13499.974,145.40700000000004
2025-10-17 23:27:00,10/17-18,검증,359.47,5.0,2699.917,13499.975,16199.892,0.9446454742274538,0.9504572704402031,25.022999999999683,2314.95,2264.927,33.703,504.83,8722.242,4912.637,5495.648,13499.975,145.35999999999996
2025-10-17 23:28:00,10/17-18,검증,359.519,5.0,2699.896,13499.963,16199.859,0.9729135486307862,0.9501836771870822,25.021000000000186,2315.078,2265.057,33.702,504.82,9812.192,4891.083,5520.82,13499.963,145.301
2025-10-17 23:29:00,10/17-18,검증,359.562,5.0,2699.881,13499.963,16199.844,0.9562619067445639,0.9498943641843727,25.018999999999775,2315.236,2265.217,33.702,504.797,9233.156,4859.726,5579.384,13499.963,145.235
2025-10-17 23:30:00,10/17-18,검증,359.607,5.0,2699.911,13499.975,16199.886,0.9385773012010188,0.9495524340827182,25.016999999999825,2315.339,2265.322,33.701,504.764,8594.17,4850.131,5654.993,13499.975,145.15699999999998
2025-10-17 23:31:00,10/17-18,검증,359.653,5.0,2699.971,13499.999,16199.97,0.9085101445968174,0.9491400786325344,25.01200000000017,2315.356,2265.344,33.699,504.709,7461.075,4870.801,5734.931,13499.999,145.05599999999998
2025-10-17 23:32:00,10/17-18,검증,359.693,5.0,2699.994,13499.996,16199.99,0.9350064689746983,0.9486719447788668,25.007000000000065,2315.341,2265.334,33.697,504.632,8448.39,4893.452,5823.961,13499.996,144.93900000000002
2025-10-17 23:33:00,10/17-18,검증,359.724,5.0,2699.978,13499.99,16199.968,0.9358230454677143,0.9482927189482929,25.00499999999965,2315.374,2265.369,33.697,504.553,8488.194,4898.156,5894.094,13499.99,144.829
2025-10-17 23:34:00,10/17-18,검증,359.751,5.0,2699.959,13499.981,16199.94,0.9350319555012979,0.9478688444412897,25.001999999999956,2315.43,2265.428,33.696,504.488,8469.528,4902.621,5945.451,13499.981,144.73700000000002
2025-10-17 23:35:00,10/17-18,검증,359.775,5.0,2699.941,13499.974,16199.915,0.9339299058230248,0.9473642458573523,24.9989999999998,2315.508,2265.509,33.694,504.428,8441.432,4907.771,5983.609,13499.974,144.65300000000002
2025-10-17 23:36:00,10/17-18,검증,359.796,5.0,2699.933,13499.973,16199.906,0.9328254250472316,0.9468713204859166,24.99599999999964,2315.593,2265.597,33.693,504.355,8411.941,4913.751,6012.32,13499.973,144.55900000000003
2025-10-17 23:37:00,10/17-18,검증,359.814,5.0,2699.931,13499.972,16199.903,0.9317560186187666,0.9463464744545439,24.994000000000145,2315.677,2265.683,33.692,504.274,8384.121,4920.517,6034.19,13499.972,144.45999999999998
2025-10-17 23:38:00,10/17-18,검증,359.83,5.0,2699.93,13499.971,16199.901,0.9307496473439452,0.9457977258604431,24.990999999999985,2315.762,2265.771,33.691,504.188,8358.818,4927.964,6051.064,13499.971,144.358
2025-10-17 23:39:00,10/17-18,검증,359.844,5.0,2699.927,13499.97,16199.897,0.9298336872742181,0.9452464452594752,24.99000000000024,2315.851,2265.861,33.69,504.102,8336.392,4935.97,6064.27,13499.97,144.25799999999998
2025-10-17 23:40:00,10/17-18,검증,359.857,5.0,2699.925,13499.968,16199.893,0.9289305635850489,0.9446113714815912,24.98799999999983,2315.942,2265.954,33.688,504.015,8317.096,4944.41,6074.776,13499.968,144.15799999999996
2025-10-17 23:41:00,10/17-18,검증,359.868,5.0,2699.922,13499.966,16199.888,0.9281987438680425,0.9440526128162774,24.986999999999625,2316.037,2266.05,33.687,503.929,8301.093,4953.155,6083.294,13499.966,144.06099999999998
2025-10-17 23:42:00,10/17-18,검증,359.877,5.0,2699.918,13499.964,16199.882,0.9275682557164441,0.9435005733436244,24.98600000000033,2316.137,2266.151,33.686,503.846,8288.484,4962.073,6090.352,13499.964,143.969
2025-10-17 23:43:00,10/17-18,검증,359.886,5.0,2699.914,13499.962,16199.876,0.926961870814363,0.9428794250862489,24.985000000000127,2316.242,2266.257,33.684,503.766,8279.321,4971.039,6096.344,13499.962,143.88
2025-10-17 23:44:00,10/17-18,검증,359.894,5.0,2699.91,13499.96,16199.87,0.926530393884262,0.9423463157331132,24.984999999999676,2316.352,2266.367,33.683,503.69,8273.598,4979.928,6101.562,13499.96,143.796
2025-10-17 23:45:00,10/17-18,검증,359.9,5.0,2699.905,13499.958,16199.863,0.9261966477705614,0.9418285248373301,24.985000000000127,2316.467,2266.482,33.682,503.619,8271.232,4988.623,6106.227,13499.958,143.71900000000005
2025-10-17 23:46:00,10/17-18,검증,359.906,5.0,2699.901,13499.956,16199.857,0.9258781682581708,0.9412501795674791,24.983999999999924,2316.586,2266.602,33.68,503.553,8272.067,4997.013,6110.503,13499.956,143.647
2025-10-17 23:47:00,10/17-18,검증,359.912,5.0,2699.897,13499.954,16199.851,0.9257127658608932,0.9407599638732325,24.984999999999676,2316.711,2266.726,33.679,503.491,8275.874,5005.002,6114.512,13499.954,143.579
2025-10-17 23:48:00,10/17-18,검증,359.916,5.0,2699.894,13499.953,16199.847,0.925550114877189,0.9402158698703049,24.98599999999988,2316.839,2266.853,33.677,503.435,8282.365,5012.502,6118.346,13499.953,143.519
2025-10-17 23:49:00,10/17-18,검증,359.921,5.0,2699.891,13499.951,16199.842,0.925524014002989,0.9397642552499781,24.98700000000008,2316.971,2266.984,33.676,503.384,8291.205,5019.443,6122.07,13499.951,143.46300000000002
2025-10-17 23:50:00,10/17-18,검증,359.925,5.0,2699.888,13499.95,16199.838,0.9254744747361182,0.9392544687355979,24.988000000000284,2317.106,2267.118,33.674,503.338,8302.029,5025.769,6125.733,13499.95,143.413
2025-10-17 23:51:00,10/17-18,검증,359.928,5.0,2699.885,13499.949,16199.834,0.9255448620236177,0.9388427091045533,24.98799999999983,2317.243,2267.255,33.673,503.298,8314.456,5031.438,6129.368,13499.949,143.37
2025-10-17 23:52:00,10/17-18,검증,359.932,5.0,2699.883,13499.948,16199.831,0.9255722190456038,0.9383751677048292,24.98999999999978,2317.383,2267.393,33.671,503.263,8328.108,5036.424,6133.001,13499.948,143.33099999999996
2025-10-17 23:53:00,10/17-18,검증,359.935,5.0,2699.882,13499.947,16199.829,0.925616557748094,0.9379223193332975,24.990999999999985,2317.524,2267.533,33.669,503.232,8342.622,5040.716,6136.645,13499.947,143.29700000000005
2025-10-17 23:54:00,10/17-18,검증,359.938,5.0,2699.881,13499.946,16199.827,0.9257558236530926,0.9375711778227555,24.994000000000145,2317.667,2267.673,33.668,503.207,8357.661,5044.315,6140.312,13499.946,143.269
2025-10-17 23:55:00,10/17-18,검증,359.941,5.0,2699.88,13499.946,16199.826,0.9258219521033011,0.9371599440678728,24.995000000000346,2317.809,2267.814,33.666,503.186,8372.927,5047.233,6144.009,13499.946,143.245
2025-10-17 23:56:00,10/17-18,검증,359.944,5.0,2699.88,13499.946,16199.826,0.9259654938971006,0.9368461714357238,24.9970000000003,2317.952,2267.955,33.665,503.17,8388.162,5049.491,6147.74,13499.946,143.226
2025-10-17 23:57:00,10/17-18,검증,359.947,5.0,2699.881,13499.946,16199.827,0.9260274550902219,0.9364746907682172,24.99900000000025,2318.094,2268.095,33.663,503.158,8403.155,5051.121,6151.508,13499.946,143.211
2025-10-17 23:58:00,10/17-18,검증,359.949,5.0,2699.881,13499.946,16199.827,0.9260774700541068,0.936118444297227,25.001999999999956,2318.235,2268.233,33.661,503.149,8417.743,5052.156,6155.316,13499.946,143.2
2025-10-17 23:59:00,10/17-18,검증,359.952,5.0,2699.882,13499.947,16199.829,0.9261967281312182,0.9358609213487912,25.003999999999905,2318.374,2268.37,33.66,503.145,8431.804,5052.636,6159.167,13499.947,143.19299999999998
2025-10-18 00:00:00,10/17-18,검증,359.955,5.0,2699.884,13499.947,16199.831,0.9263066041387313,0.935537072422085,25.00500000000011,2318.511,2268.506,33.658,503.143,8448.668,5052.564,6163.092,13499.947,143.188
2025-10-18 00:01:00,10/17-18,검증,359.957,5.0,2699.885,13499.948,16199.833,0.9264689680042293,0.9352327689000557,25.007000000000065,2318.647,2268.64,33.656,503.145,8467.532,5051.817,6167.161,13499.948,143.188
2025-10-18 00:02:00,10/17-18,검증,359.96,5.0,2699.886,13499.948,16199.834,0.926532543015207,0.9349406200353874,25.009999999999764,2318.781,2268.771,33.654,503.149,8482.724,5050.491,6171.304,13499.948,143.18900000000002
2025-10-18 00:03:00,10/17-18,검증,359.962,5.0,2699.888,13499.949,16199.837,0.9266044224868337,0.9347343733004772,25.01200000000017,2318.913,2268.901,33.653,503.155,8495.39,5048.715,6175.485,13499.949,143.19299999999998
2025-10-18 00:04:00,10/17-18,검증,359.965,5.0,2699.891,13499.95,16199.841,0.9265544624007207,0.934465355694725,25.014999999999876,2319.042,2269.027,33.651,503.163,8506.158,5046.584,6179.694,13499.95,143.19800000000004
2025-10-18 00:05:00,10/17-18,검증,359.967,5.0,2699.893,13499.951,16199.844,0.926546836456786,0.9342846651842375,25.016999999999825,2319.167,2269.15,33.65,503.173,8515.427,5044.171,6183.934,13499.951,143.20600000000002
2025-10-18 00:06:00,10/17-18,검증,359.969,5.0,2699.896,13499.952,16199.848,0.9264394370847245,0.9340411851693055,25.019000000000236,2319.288,2269.269,33.648,503.185,8523.514,5041.534,6188.214,13499.952,143.216
2025-10-18 00:07:00,10/17-18,검증,359.971,5.0,2699.899,13499.954,16199.853,0.9263074038022703,0.9338012734072284,25.02099999999973,2319.406,2269.385,33.646,503.197,8530.695,5038.72,6192.545,13499.954,143.226
2025-10-18 00:08:00,10/17-18,검증,359.974,5.0,2699.902,13499.955,16199.857,0.9262401739791458,0.9336466279985614,25.02300000000014,2319.52,2269.497,33.645,503.21,8537.218,5035.764,6196.942,13499.955,143.236
2025-10-18 00:09:00,10/17-18,검증,359.976,5.0,2699.905,13499.956,16199.861,0.9260864143234254,0.9334205649580798,25.02599999999984,2319.631,2269.605,33.643,503.223,8543.291,5032.691,6201.419,13499.956,143.247
2025-10-18 00:10:00,10/17-18,검증,359.977,5.0,2699.908,13499.957,16199.865,0.9260073322243758,0.9332785906679212,25.027000000000044,2319.737,2269.71,33.642,503.237,8549.088,5029.519,6205.99,13499.957,143.26000000000005
2025-10-18 00:11:00,10/17-18,검증,359.979,5.0,2699.911,13499.959,16199.87,0.9258503764150149,0.9330651796493417,25.029999999999745,2319.841,2269.811,33.64,503.251,8554.741,5026.26,6210.667,13499.959,143.272
2025-10-18 00:12:00,10/17-18,검증,359.981,5.0,2699.914,13499.96,16199.874,0.9257700312717192,0.9329315791801467,25.031999999999694,2319.941,2269.909,33.639,503.265,8560.339,5022.921,6215.463,13499.96,143.284
2025-10-18 00:13:00,10/17-18,검증,359.982,5.0,2699.917,13499.961,16199.878,0.9256101459706135,0.9327210242803917,25.034000000000106,2320.038,2270.004,33.637,503.278,8565.934,5019.505,6220.388,13499.961,143.296
2025-10-18 00:14:00,10/17-18,검증,359.983,5.0,2699.92,13499.962,16199.882,0.925528903768414,0.9325902996636677,25.03499999999985,2320.131,2270.096,33.636,503.291,8571.544,5016.016,6225.452,13499.962,143.308
2025-10-18 00:15:00,10/17-18,검증,359.984,5.0,2699.922,13499.963,16199.885,0.9253729338916293,0.9323869010305793,25.037000000000265,2320.222,2270.185,33.634,503.304,8577.159,5012.457,6230.663,13499.963,143.32
2025-10-18 00:16:00,10/17-18,검증,359.985,5.0,2699.925,13499.964,16199.889,0.9252870852927413,0.9322559527458445,25.03900000000021,2320.309,2270.27,33.633,503.315,8582.746,5008.829,6236.027,13499.964,143.32999999999998
2025-10-18 00:17:00,10/17-18,검증,359.986,5.0,2699.927,13499.965,16199.892,0.925200162494745,0.9321273962221326,25.040999999999716,2320.394,2270.353,33.632,503.326,8588.259,5005.138,6241.549,13499.965,143.34000000000003
2025-10-18 00:18:00,10/17-18,검증,359.987,5.0,2699.93,13499.967,16199.897,0.9250264978775736,0.9319175403115886,25.04199999999992,2320.475,2270.433,33.63,503.335,8593.644,5001.39,6247.234,13499.967,143.34799999999996
2025-10-18 00:19:00,10/17-18,검증,359.987,5.0,2699.932,13499.968,16199.9,0.9249259758173515,0.9317863604074336,25.04300000000012,2320.554,2270.511,33.629,503.344,8598.843,4997.592,6253.086,13499.968,143.35699999999997
2025-10-18 00:20:00,10/17-18,검증,359.987,5.0,2699.93,13499.965,16199.895,0.9319169519701164,0.9316496728000221,25.045000000000076,2320.635,2270.59,33.628,503.352,8883.544,4991.681,6260.978,13499.965,143.36499999999995
2025-10-18 00:21:00,10/17-18,검증,359.986,5.0,2699.916,13499.962,16199.878,0.9296129061779282,0.9314817815215853,25.04799999999977,2320.743,2270.695,33.627,503.36,8816.204,4976.258,6277.084,13499.962,143.37400000000002
2025-10-18 00:22:00,10/17-18,검증,359.987,5.0,2699.933,13499.972,16199.905,0.9221749659066983,0.9313565767187217,25.048999999999975,2320.817,2270.768,33.626,503.369,8535.966,4970.953,6302.757,13499.972,143.382
2025-10-18 00:23:00,10/17-18,검증,359.99,5.0,2699.958,13499.981,16199.939,0.9162924987692518,0.9312537584254735,25.048999999999975,2320.857,2270.808,33.625,503.374,8306.118,4974.713,6341.824,13499.981,143.384
2025-10-18 00:24:00,10/17-18,검증,359.992,5.0,2699.969,13499.981,16199.95,0.9238721557340644,0.9310612909625218,25.050000000000185,2320.884,2270.834,33.623,503.372,8605.0,4979.699,6392.382,13499.981,143.38
2025-10-18 00:25:00,10/17-18,검증,359.99,5.0,2699.94,13499.967,16199.907,0.9333874991778301,0.9309602922458139,25.05200000000013,2320.963,2270.911,33.623,503.37,8994.934,4966.588,6431.075,13499.967,143.38
2025-10-18 00:26:00,10/17-18,검증,359.989,5.0,2699.936,13499.971,16199.907,0.9245773035299448,0.9308235556046396,25.054000000000087,2321.044,2270.99,33.622,503.378,8666.47,4956.043,6452.275,13499.971,143.389
2025-10-18 00:27:00,10/17-18,검증,359.991,5.0,2699.953,13499.979,16199.932,0.9174884758807537,0.9307357144244331,25.053999999999636,2321.093,2271.039,33.621,503.389,8391.795,4956.638,6478.885,13499.979,143.39800000000002
2025-10-18 00:28:00,10/17-18,검증,359.992,5.0,2699.965,13499.98,16199.945,0.924548078680748,0.9306209551001023,25.05500000000029,2321.126,2271.071,33.62,503.389,8669.651,4959.705,6516.904,13499.98,143.397
2025-10-18 00:29:00,10/17-18,검증,359.991,5.0,2699.95,13499.974,16199.924,0.9268395808866932,0.9304419775268015,25.05699999999979,2321.192,2271.135,33.619,503.383,8777.117,4949.475,6545.407,13499.974,143.392
2025-10-18 00:30:00,10/17-18,검증,359.991,5.0,2699.96,13499.982,16199.942,0.9185762477038523,0.9303934749860145,25.05699999999979,2321.236,2271.179,33.619,503.384,8457.484,4947.308,6567.137,13499.982,143.39300000000003
2025-10-18 00:31:00,10/17-18,검증,359.991,5.0,2699.959,13499.976,16199.935,0.9279703321524522,0.9302796013853598,25.057999999999996,2321.279,2271.221,33.618,503.387,8832.173,4945.426,6596.264,13499.976,143.39600000000002
2025-10-18 00:32:00,10/17-18,검증,359.99,5.0,2699.952,13499.978,16199.93,0.9227156055787149,0.9301214086792627,25.05899999999974,2321.341,2271.282,33.617,503.385,8640.78,4937.352,6615.425,13499.978,143.39499999999998
2025-10-18 00:33:00,10/17-18,검증,359.991,5.0,2699.971,13499.986,16199.957,0.9175836342303274,0.9300040125274179,25.059999999999945,2321.369,2271.309,33.616,503.383,8442.012,4939.424,6637.128,13499.986,143.392
2025-10-18 00:34:00,10/17-18,검증,359.99,5.0,2699.958,13499.976,16199.934,0.930146675936065,0.9298571017677727,25.06100000000015,2321.418,2271.357,33.615,503.38,8947.388,4933.017,6662.711,13499.976,143.39
2025-10-18 00:35:00,10/17-18,검증,359.989,5.0,2699.955,13499.98,16199.935,0.9220178839570311,0.9297714786656731,25.061999999999895,2321.476,2271.414,33.615,503.376,8640.663,4924.455,6674.536,13499.98,143.387
2025-10-18 00:36:00,10/17-18,검증,359.991,5.0,2699.975,13499.989,16199.964,0.9149997753306632,0.9296655678883808,25.061999999999895,2321.497,2271.435,33.614,503.375,8366.14,4927.569,6691.79,13499.989,143.384
2025-10-18 00:37:00,10/17-18,검증,359.991,5.0,2699.97,13499.981,16199.951,0.9285478816170586,0.9295359396366222,25.062999999999647,2321.528,2271.465,33.613,503.371,8905.07,4925.824,6717.798,13499.981,143.38
2025-10-18 00:38:00,10/17-18,검증,359.988,5.0,2699.954,13499.978,16199.932,0.9255867155415562,0.9294258963789747,25.064000000000306,2321.592,2271.528,33.613,503.363,8806.369,4913.071,6727.856,13499.978,143.375
2025-10-18 00:39:00,10/17-18,검증,359.989,5.0,2699.97,13499.988,16199.958,0.9166052120065172,0.9293091645148113,25.06500000000005,2321.623,2271.558,33.612,503.362,8459.545,4911.738,6736.218,13499.988,143.37300000000005
2025-10-18 00:40:00,10/17-18,검증,359.992,5.0,2699.989,13499.993,16199.982,0.9155341703737673,0.9292236361648579,25.06500000000005,2321.627,2271.562,33.611,503.361,8412.821,4919.462,6757.721,13499.993,143.36899999999997
2025-10-18 00:41:00,10/17-18,검증,359.99,5.0,2699.97,13499.98,16199.95,0.9309149455972345,0.9291318850474256,25.06500000000005,2321.664,2271.599,33.611,503.35,9027.614,4913.099,6780.719,13499.98,143.36
2025-10-18 00:42:00,10/17-18,검증,359.988,5.0,2699.957,13499.98,16199.937,0.9240001062333113,0.9290364390705327,25.06799999999976,2321.725,2271.657,33.611,503.344,8772.624,4900.506,6783.768,13499.98,143.356
2025-10-18 00:43:00,10/17-18,검증,359.989,5.0,2699.973,13499.989,16199.962,0.9151289620969927,0.928940503041596,25.067000000000007,2321.751,2271.684,33.61,503.347,8427.292,4900.8,6789.074,13499.989,143.358
2025-10-18 00:44:00,10/17-18,검증,359.992,5.0,2699.994,13499.995,16199.989,0.9141091791106705,0.9288535537014998,25.067000000000007,2321.749,2271.682,33.609,503.344,8380.976,4910.086,6808.959,13499.995,143.35199999999998
2025-10-18 00:45:00,10/17-18,검증,359.991,5.0,2699.976,13499.983,16199.959,0.9297393979952041,0.9287670929551618,25.06800000000021,2321.779,2271.711,33.609,503.332,9004.529,4905.051,6830.705,13499.983,143.341
2025-10-18 00:46:00,10/17-18,검증,359.988,5.0,2699.962,13499.982,16199.944,0.9228533835940051,0.9286721357463148,25.06899999999996,2321.834,2271.765,33.609,503.325,8749.256,4893.559,6832.35,13499.982,143.337
2025-10-18 00:47:00,10/17-18,검증,359.989,5.0,2699.977,13499.99,16199.967,0.9139387135459215,0.9285864902228791,25.070000000000164,2321.857,2271.787,33.608,503.329,8400.269,4895.026,6836.287,13499.99,143.34000000000003
2025-10-18 00:48:00,10/17-18,검증,359.992,5.0,2699.992,13499.994,16199.986,0.9166443189257863,0.9284959223458245,25.06899999999996,2321.857,2271.788,33.607,503.326,8501.479,4903.575,6854.775,13499.994,143.334
2025-10-18 00:49:00,10/17-18,검증,359.99,5.0,2699.972,13499.982,16199.954,0.9271425322615056,0.9284041511584747,25.071000000000367,2321.896,2271.825,33.607,503.315,8926.111,4896.211,6870.002,13499.982,143.325
2025-10-18 00:50:00,10/17-18,검증,359.989,5.0,2699.972,13499.988,16199.96,0.9174853128203768,0.92833630147222,25.070999999999916,2321.931,2271.86,33.607,503.309,8553.368,4891.485,6871.384,13499.988,143.32000000000005
2025-10-18 00:51:00,10/17-18,검증,359.99,5.0,2699.99,13499.995,16199.985,0.9122337414750442,0.9282612427331627,25.070999999999916,2321.937,2271.866,33.606,503.311,8342.044,4898.641,6881.644,13499.995,143.32099999999997
2025-10-18 00:52:00,10/17-18,검증,359.99,5.0,2699.976,13499.984,16199.96,0.9271659536948079,0.9281308304194896,25.07200000000012,2321.965,2271.893,33.605,503.306,8937.757,4896.483,6898.474,13499.984,143.31599999999997
2025-10-18 00:53:00,10/17-18,검증,359.988,5.0,2699.965,13499.985,16199.95,0.9206112277680888,0.9280418599755124,25.07200000000012,2322.014,2271.942,33.605,503.299,8692.331,4887.446,6898.616,13499.985,143.31099999999998
2025-10-18 00:54:00,10/17-18,검증,359.989,5.0,2699.983,13499.994,16199.977,0.91183253793642,0.9280262502737489,25.072999999999865,2322.028,2271.955,33.605,503.299,8343.072,4891.2,6901.825,13499.994,143.31
2025-10-18 00:55:00,10/17-18,검증,359.99,5.0,2699.986,13499.989,16199.975,0.9223274881209345,0.927924848955557,25.072999999999865,2322.038,2271.965,33.604,503.296,8756.495,4895.355,6917.567,13499.989,143.30599999999998
2025-10-18 00:56:00,10/17-18,검증,359.988,5.0,2699.972,13499.987,16199.959,0.9201232885851088,0.9278423754747306,25.07400000000007,2322.079,2272.005,33.604,503.288,8679.978,4888.454,6922.438,13499.987,143.3
2025-10-18 00:57:00,10/17-18,검증,359.989,5.0,2699.988,13499.995,16199.983,0.9118526551065473,0.9277409649276968,25.07400000000007,2322.089,2272.015,33.603,503.285,8353.494,4892.605,6926.882,13499.995,143.29600000000005
2025-10-18 00:58:00,10/17-18,검증,359.989,5.0,2699.98,13499.986,16199.966,0.9253040167330917,0.9277126427083683,25.07400000000007,2322.109,2272.035,33.603,503.284,8884.849,4892.949,6940.185,13499.986,143.29500000000002
2025-10-18 00:59:00,10/17-18,검증,359.987,5.0,2699.962,13499.984,16199.946,0.9221578752340006,0.9276274701933238,25.076000000000025,2322.164,2272.088,33.603,503.279,8775.172,4882.273,6938.346,13499.984,143.29199999999997
2025-10-18 01:00:00,10/17-18,검증,358.255,5.0,2700.152,13499.907,16200.059,0.9124633089887786,0.9274461389356036,25.054000000000087,2321.791,2271.737,33.59,503.37,8399.053,4883.815,6936.218,13499.907,145.115
2025-10-18 01:01:00,10/17-18,검증,357.271,5.002,2698.857,13499.14,16197.997,0.9144067005456396,0.9268228281793283,25.008000000000266,2323.507,2273.499,33.548,504.432,8489.555,4893.148,6948.802,13499.14,147.161
2025-10-18 01:02:00,10/17-18,검증,356.592,5.005,2697.227,13498.557,16195.784,0.9194368319484626,0.9200415842939124,24.889000000000124,2327.414,2277.525,33.463,505.453,8970.115,4885.843,6959.216,13498.557,148.861
2025-10-18 01:03:00,10/17-18,검증,355.931,5.004,2697.619,13499.298,16196.917,0.8990338855409783,0.9040831351242602,24.812999999999647,2330.314,2280.501,33.439,503.037,8807.691,4876.551,6958.65,13499.298,147.106
2025-10-18 01:04:00,10/17-18,검증,355.306,5.002,2699.001,13499.887,16198.888,0.8825987095402958,0.8863149546493109,24.78900000000021,2330.981,2281.192,33.454,498.92,8884.164,4869.222,6972.065,13499.887,143.61400000000003
2025-10-18 01:05:00,10/17-18,검증,354.761,5.001,2699.478,13499.83,16199.308,0.87935555766635,0.8705223057801221,24.757000000000065,2331.326,2281.569,33.453,495.475,9494.035,4846.654,7000.247,13499.83,140.714
2025-10-18 01:06:00,10/17-18,검증,354.28,5.001,2699.41,13499.731,16199.141,0.8626648786123089,0.8556197957910022,24.7170000000001,2332.02,2282.303,33.443,492.505,9476.525,4816.827,7019.71,13499.731,138.22500000000002
2025-10-18 01:07:00,10/17-18,검증,353.842,5.001,2699.38,13499.738,16199.118,0.8462855655750653,0.8409826516897619,24.677999999999884,2332.758,2283.08,33.434,489.616,9454.964,4788.53,7043.701,13499.738,135.774
2025-10-18 01:08:00,10/17-18,검증,353.445,5.001,2699.409,13499.753,16199.162,0.8308972656683192,0.8272396439332188,24.64599999999973,2333.432,2283.786,33.427,486.896,9430.33,4761.885,7057.497,13499.753,133.45100000000002
2025-10-18 01:09:00,10/17-18,검증,353.087,5.001,2699.433,13499.758,16199.191,0.816938430416854,0.8146728519311565,24.61499999999978,2334.075,2284.46,33.421,484.43,9410.499,4736.809,7067.909,13499.758,131.34300000000002
2025-10-18 01:10:00,10/17-18,검증,352.765,5.001,2699.461,13499.769,16199.23,0.8040351194352603,0.8030351079621157,24.587999999999735,2334.685,2285.097,33.414,482.192,9390.378,4713.193,7069.893,13499.769,129.42700000000002
2025-10-18 01:11:00,10/17-18,검증,352.475,5.001,2699.507,13499.791,16199.298,0.7923444508575447,0.7924349071754936,24.563000000000105,2335.236,2285.673,33.408,480.16,9373.33,4690.986,7048.808,13499.791,127.685
2025-10-18 01:12:00,10/17-18,검증,352.216,5.001,2699.567,13499.819,16199.386,0.7820462617082958,0.7829962616699346,24.54199999999992,2335.71,2286.168,33.404,478.334,9363.715,4669.968,7029.631,13499.819,126.118
2025-10-18 01:13:00,10/17-18,검증,351.982,5.001,2699.629,13499.843,16199.472000000002,0.7727655749962052,0.7744855437501789,24.524000000000346,2336.11,2286.586,33.399,476.713,9354.54,4650.0,7004.139,13499.843,124.731
2025-10-18 01:14:00,10/17-18,검증,351.774,5.001,2699.699,13499.874,16199.573,0.757730708246177,0.7670409472797955,24.508000000000266,2336.431,2286.923,33.395,475.288,8890.873,4637.504,6958.747,13499.874,123.514
2025-10-18 01:15:00,10/17-18,검증,351.589,5.0,2699.789,13499.909,16199.698,0.7452192545425602,0.7604493419526126,24.492999999999935,2336.636,2287.143,33.39,474.045,8486.168,4645.47,6914.539,13499.909,122.45600000000002
2025-10-18 01:16:00,10/17-18,검증,351.421,5.0,2699.825,13499.91,16199.735,0.745197024297784,0.7548639328384823,24.48199999999997,2336.813,2287.331,33.387,472.967,8851.452,4650.709,6878.618,13499.91,121.546
2025-10-18 01:17:00,10/17-18,검증,351.264,5.0,2699.827,13499.909,16199.736,0.7443416439130099,0.7500753126789255,24.473999999999705,2337.004,2287.53,33.385,472.046,9132.437,4644.07,6830.77,13499.909,120.78199999999998
2025-10-18 01:18:00,10/17-18,검증,351.124,5.0,2699.844,13499.923,16199.767,0.735443469993036,0.7460323840220958,24.4670000000001,2337.177,2287.71,33.383,471.279,8800.896,4637.186,6770.111,13499.923,120.15499999999996
2025-10-18 01:19:00,10/17-18,검증,351.0,5.0,2699.886,13499.94,16199.826,0.7317707150330326,0.7426599759439136,24.46100000000024,2337.286,2287.825,33.381,470.637,8773.289,4642.096,6719.452,13499.94,119.637
2025-10-18 01:20:00,10/17-18,검증,350.887,5.0,2699.894,13499.94,16199.834,0.7334323502480163,0.7397490900657424,24.458000000000084,2337.399,2287.941,33.379,470.093,9110.561,4637.236,6673.193,13499.94,119.20600000000002
2025-10-18 01:21:00,10/17-18,검증,350.786,5.0,2699.917,13499.957,16199.874,0.7283961508774417,0.737429781635146,24.45600000000013,2337.485,2288.029,33.378,469.649,8919.183,4631.779,6621.159,13499.957,118.863
2025-10-18 01:22:00,10/17-18,검증,350.695,5.0,2699.934,13499.961,16199.895,0.7284432012090787,0.7356847614379914,24.45600000000013,2337.549,2288.093,33.378,469.302,9060.429,4624.595,6572.802,13499.961,118.60700000000004
2025-10-18 01:23:00,10/17-18,검증,350.616,5.0,2699.965,13499.978,16199.943,0.7251400028607525,0.7342971750236491,24.454999999999927,2337.575,2288.12,33.377,469.037,8921.077,4622.406,6527.369,13499.978,118.421
2025-10-18 01:24:00,10/17-18,검증,350.545,5.0,2699.974,13499.978,16199.952,0.7282854314731675,0.7333256173092785,24.45600000000013,2337.596,2288.14,33.377,468.84,9239.709,4613.599,6486.785,13499.978,118.29499999999996
2025-10-18 01:25:00,10/17-18,검증,350.482,5.0,2699.993,13499.992,16199.985,0.7249474291614934,0.7326961077012555,24.458000000000084,2337.598,2288.14,33.377,468.709,9046.863,4604.535,6441.209,13499.992,118.22699999999998
2025-10-18 01:26:00,10/17-18,검증,350.427,5.0,2700.012,13500.0,16200.012,0.7250920453709415,0.7323817157951996,24.459000000000287,2337.574,2288.115,33.377,468.637,9090.169,4596.777,6400.051,13500.0,118.20999999999998
2025-10-18 01:27:00,10/17-18,검증,350.377,5.0,2700.017,13500.002,16200.019,0.7238611085343643,0.7322922273702411,24.463000000000196,2337.55,2288.087,33.377,468.611,9017.573,4584.45,6361.753,13500.002,118.23399999999998
2025-10-18 01:28:00,10/17-18,검증,350.336,5.0,2700.046,13500.02,16200.066,0.721169896935151,0.7324528409658683,24.46499999999969,2337.486,2288.021,33.377,468.627,8808.395,4579.308,6336.161,13500.02,118.291
2025-10-18 01:29:00,10/17-18,검증,350.3,5.0,2700.062,13500.022,16200.084,0.7253188427919679,0.7327862816382381,24.4670000000001,2337.407,2287.94,33.377,468.675,9101.947,4573.463,6317.091,13500.022,118.375
2025-10-18 01:30:00,10/17-18,검증,350.268,5.0,2700.073,13500.029,16200.102,0.7258085534788097,0.7333400430157947,24.471000000000004,2337.319,2287.848,33.378,468.749,9104.034,4566.734,6302.533,13500.029,118.48100000000004
2025-10-18 01:31:00,10/17-18,검증,350.239,5.0,2700.084,13500.034,16200.118,0.7263588020308107,0.7340241751066993,24.47299999999996,2337.217,2287.744,33.379,468.847,9100.423,4560.375,6290.974,13500.034,118.608
2025-10-18 01:32:00,10/17-18,검증,350.215,5.0,2700.093,13500.039,16200.132,0.7268951194165111,0.7347232327454841,24.476000000000116,2337.108,2287.632,33.379,468.963,9094.177,4554.503,6281.438,13500.039,118.74800000000003
2025-10-18 01:33:00,10/17-18,검증,350.193,5.0,2700.099,13500.043,16200.142,0.7275598222097246,0.7355638756534402,24.47699999999986,2336.991,2287.514,33.38,469.09,9086.341,4549.171,6273.285,13500.043,118.897
2025-10-18 01:34:00,10/17-18,검증,350.174,5.0,2700.105,13500.046,16200.151,0.7282626450688803,0.7364466476015333,24.480000000000015,2336.869,2287.389,33.381,469.224,9077.679,4544.401,6266.096,13500.046,119.05
2025-10-18 01:35:00,10/17-18,검증,350.156,5.0,2700.11,13500.049,16200.159,0.7289099472162067,0.7372719373799315,24.48199999999997,2336.742,2287.26,33.381,469.362,9068.69,4540.189,6259.599,13500.049,119.20600000000002
2025-10-18 01:36:00,10/17-18,검증,350.141,5.0,2700.113,13500.051,16200.164,0.7296433845498624,0.7381759905986982,24.48300000000017,2336.612,2287.129,33.382,469.499,9059.714,4536.516,6253.62,13500.051,119.358
2025-10-18 01:37:00,10/17-18,검증,350.127,5.0,2700.115,13500.053,16200.168,0.730384999567134,0.7390786803933349,24.485000000000127,2336.48,2286.995,33.383,469.635,9050.982,4533.354,6248.045,13500.053,119.50799999999998
2025-10-18 01:38:00,10/17-18,검증,350.115,5.0,2700.117,13500.054,16200.171,0.7311131671029736,0.7399570602348662,24.485000000000127,2336.346,2286.861,33.384,469.766,9042.63,4530.669,6242.799,13500.054,119.651
2025-10-18 01:39:00,10/17-18,검증,350.104,5.0,2700.118,13500.055,16200.173,0.7318249920055669,0.7408076421176115,24.48700000000008,2336.213,2286.726,33.385,469.891,9034.723,4528.424,6237.833,13500.055,119.78700000000003
2025-10-18 01:40:00,10/17-18,검증,350.094,5.0,2700.118,13500.056,16200.174,0.7325130779966827,0.7416231483060896,24.48700000000008,2336.079,2286.592,33.386,470.009,9027.278,4526.584,6233.113,13500.056,119.91500000000002
2025-10-18 01:41:00,10/17-18,검증,350.085,5.0,2700.118,13500.056,16200.174,0.7331732571501052,0.742400104176503,24.48799999999983,2335.946,2286.458,33.387,470.119,9020.277,4525.112,6228.614,13500.056,120.03400000000003
2025-10-18 01:42:00,10/17-18,검증,350.076,5.0,2700.117,13500.056,16200.173,0.7338789911778693,0.7432124609519501,24.48700000000008,2335.813,2286.326,33.389,470.22,9013.689,4523.976,6224.317,13500.056,120.144
2025-10-18 01:43:00,10/17-18,검증,350.069,5.0,2700.116,13500.056,16200.172,0.7344712607179823,0.7439025943709798,24.48700000000008,2335.683,2286.196,33.39,470.313,9007.471,4523.144,6220.205,13500.056,120.24399999999996
2025-10-18 01:44:00,10/17-18,검증,350.062,5.0,2700.115,13500.056,16200.171,0.735031983157705,0.7445530460012294,24.48599999999988,2335.553,2286.067,33.391,470.398,9001.579,4522.591,6216.267,13500.056,120.336
2025-10-18 01:45:00,10/17-18,검증,350.055,5.0,2700.113,13500.056,16200.169,0.7355495737269662,0.7451530365193297,24.48599999999988,2335.426,2285.94,33.392,470.473,8995.973,4522.289,6212.489,13500.056,120.418
2025-10-18 01:46:00,10/17-18,검증,350.049,5.0,2700.112,13500.056,16200.168,0.7361139959918777,0.7457932966714338,24.485000000000127,2335.3,2285.815,33.394,470.54,8990.617,4522.218,6208.862,13500.056,120.49100000000004
2025-10-18 01:47:00,10/17-18,검증,350.044,5.0,2700.11,13500.055,16200.165,0.736562336244127,0.7463115645640858,24.483999999999924,2335.176,2285.692,33.395,470.599,8985.482,4522.357,6205.376,13500.055,120.555
2025-10-18 01:48:00,10/17-18,검증,350.039,5.0,2700.109,13500.055,16200.164,0.7369691382235504,0.7467829875676508,24.48299999999972,2335.055,2285.572,33.396,470.649,8980.545,4522.686,6202.022,13500.055,120.61
2025-10-18 01:49:00,10/17-18,검증,350.034,5.0,2700.107,13500.054,16200.161,0.737427319738992,0.7473007532583449,24.48199999999997,2334.935,2285.453,33.398,470.692,8975.788,4523.19,6198.792,13500.054,120.65800000000002
2025-10-18 01:50:00,10/17-18,검증,350.03,5.0,2700.105,13500.054,16200.159,0.7377717515255234,0.747700163791292,24.480000000000015,2334.817,2285.337,33.399,470.728,8971.2,4523.853,6195.678,13500.054,120.69800000000004
2025-10-18 01:51:00,10/17-18,검증,350.026,5.0,2700.103,13500.053,16200.156,0.7381655175682813,0.7481446605101727,24.47900000000027,2334.702,2285.223,33.401,470.757,8966.77,4524.66,6192.674,13500.053,120.731
2025-10-18 01:52:00,10/17-18,검증,350.023,5.0,2700.101,13500.052,16200.153,0.7384511242933888,0.748476901550493,24.47700000000032,2334.588,2285.111,33.402,470.78,8962.493,4525.599,6189.773,13500.052,120.75699999999996
2025-10-18 01:53:00,10/17-18,검증,350.019,5.0,2700.1,13500.052,16200.152,0.7387902808642668,0.748858997603707,24.47499999999991,2334.476,2285.001,33.404,470.797,8958.364,4526.657,6186.97,13500.052,120.77800000000002
2025-10-18 01:54:00,10/17-18,검증,350.016,5.0,2700.098,13500.051,16200.149,0.7390209939197209,0.7491288898675518,24.47400000000016,2334.367,2284.893,33.405,470.808,8954.38,4527.821,6184.259,13500.051,120.79199999999996
2025-10-18 01:55:00,10/17-18,검증,350.014,5.0,2700.096,13500.05,16200.146,0.7393131969528486,0.7494569030782793,24.471000000000004,2334.259,2284.788,33.407,470.815,8950.537,4529.083,6181.635,13500.05,120.801
2025-10-18 01:56:00,10/17-18,검증,350.011,5.0,2700.094,13500.049,16200.143,0.7395025901329136,0.7496787846292686,24.4699999999998,2334.154,2284.684,33.408,470.817,8946.831,4530.43,6179.094,13500.049,120.80599999999998
2025-10-18 01:57:00,10/17-18,검증,350.009,5.0,2700.093,13500.048,16200.141,0.7396673495848206,0.7498730267867365,24.4670000000001,2334.05,2284.583,33.409,470.814,8943.258,4531.854,6176.632,13500.048,120.805
2025-10-18 01:58:00,10/17-18,검증,350.007,5.0,2700.091,13500.047,16200.138,0.739900327423696,0.7501326644129825,24.46599999999989,2333.949,2284.483,33.411,470.808,8939.814,4533.346,6174.243,13500.047,120.801
2025-10-18 01:59:00,10/17-18,검증,350.005,5.0,2700.089,13500.046,16200.135,0.7400370052960265,0.750293223210928,24.463000000000196,2333.849,2284.386,33.412,470.799,8936.492,4534.897,6171.925,13500.046,120.79399999999998
2025-10-18 02:00:00,10/17-18,검증,350.004,5.0,2700.088,13500.046,16200.134,0.7401318274012753,0.7503955237241534,24.46199999999999,2333.816,2284.354,33.413,470.795,8935.41,4535.426,6171.167,13500.046,120.791
