Timestamp,Campaign,Split,TT-1006.PV,FRC-1004.PV,FT-1004.PV,FT-1003.PV,total_flow_kgh,X_conv_r1_deployed,X_conv_r0,DP_reactor_kPa,PT-1004.PV,PT-1100.PV,AT-1100.PV,TT-1100.PV,FT-1300.PV,FT-1001.PV,FT-1201.PV,FT-1002.PV,dT_adiabatic_C
2025-10-12 15:00:00,10/12,정상운전검사,341.57,5.0,3000.0,15000.0,18000.0,0.6063760175128937,0.6158854538416734,29.220000000000255,2575.8,2521.58,37.378,440.571,9671.539,5328.461,5114.984,15000.0,99.00100000000003
2025-10-12 15:01:00,10/12,정상운전검사,341.57,5.0,3000.0,15000.0,18000.0,0.6063760175128937,0.6158854538416734,29.220000000000255,2575.8,2521.58,37.378,440.571,9671.539,5328.461,5114.984,15000.0,99.00100000000003
2025-10-12 15:02:00,10/12,정상운전검사,341.57,5.0,3000.0,15000.0,18000.0,0.6063760175128937,0.6158854538416734,29.220000000000255,2575.8,2521.58,37.378,440.571,9671.539,5328.461,5114.984,15000.0,99.00100000000003
2025-10-12 15:03:00,10/12,정상운전검사,341.57,5.0,3000.0,15000.0,18000.0,0.6063760175128937,0.6158854538416734,29.220000000000255,2575.8,2521.58,37.378,440.571,9671.539,5328.461,5114.984,15000.0,99.00100000000003
2025-10-12 15:04:00,10/12,정상운전검사,341.57,5.0,3000.0,15000.0,18000.0,0.6063760175128937,0.6158854538416734,29.220000000000255,2575.8,2521.58,37.378,440.571,9671.539,5328.461,5114.984,15000.0,99.00100000000003
2025-10-12 15:05:00,10/12,정상운전검사,341.57,5.0,3000.0,15000.0,18000.0,0.6063760175128937,0.6158854538416734,29.220000000000255,2575.8,2521.58,37.378,440.571,9671.539,5328.461,5114.984,15000.0,99.00100000000003
2025-10-12 15:06:00,10/12,정상운전검사,341.57,5.0,3000.0,15000.0,18000.0,0.6063760175128937,0.6158854538416734,29.220000000000255,2575.8,2521.58,37.378,440.571,9671.539,5328.461,5114.984,15000.0,99.00100000000003
2025-10-12 15:07:00,10/12,정상운전검사,341.57,5.0,3000.0,15000.0,18000.0,0.6063760175128937,0.6158854538416734,29.220000000000255,2575.8,2521.58,37.378,440.571,9671.539,5328.461,5114.984,15000.0,99.00100000000003
2025-10-12 15:08:00,10/12,정상운전검사,341.57,5.0,3000.0,15000.0,18000.0,0.6063760175128937,0.6158854538416734,29.220000000000255,2575.8,2521.58,37.378,440.571,9671.539,5328.461,5114.984,15000.0,99.00100000000003
2025-10-12 15:09:00,10/12,정상운전검사,341.57,5.0,3000.0,15000.0,18000.0,0.6063760175128937,0.6158854538416734,29.220000000000255,2575.8,2521.58,37.378,440.571,9671.539,5328.461,5114.984,15000.0,99.00100000000003
2025-10-12 15:10:00,10/12,정상운전검사,341.57,5.0,3000.0,15000.0,18000.0,0.6063760175128937,0.6158854538416734,29.220000000000255,2575.8,2521.58,37.378,440.571,9671.539,5328.461,5114.984,15000.0,99.00100000000003
2025-10-12 15:11:00,10/12,정상운전검사,341.57,5.0,3000.0,15000.0,18000.0,0.6063760175128937,0.6158854538416734,29.220000000000255,2575.8,2521.58,37.378,440.571,9671.539,5328.461,5114.984,15000.0,99.00100000000003
2025-10-12 15:12:00,10/12,정상운전검사,341.57,5.0,3000.0,15000.0,18000.0,0.6063760175128937,0.6158854538416734,29.220000000000255,2575.8,2521.58,37.378,440.571,9671.539,5328.461,5114.984,15000.0,99.00100000000003
2025-10-12 15:13:00,10/12,정상운전검사,341.57,5.0,3000.0,15000.0,18000.0,0.6063760175128937,0.6158854538416734,29.220000000000255,2575.8,2521.58,37.378,440.571,9671.539,5328.461,5114.984,15000.0,99.00100000000003
2025-10-12 15:14:00,10/12,정상운전검사,341.57,5.0,3000.0,15000.0,18000.0,0.6063760175128937,0.6158854538416734,29.220000000000255,2575.8,2521.58,37.378,440.571,9671.539,5328.461,5114.984,15000.0,99.00100000000003
2025-10-12 15:15:00,10/12,정상운전검사,341.57,5.0,3000.0,15000.0,18000.0,0.6063760175128937,0.6158854538416734,29.220000000000255,2575.8,2521.58,37.378,440.571,9671.539,5328.461,5114.984,15000.0,99.00100000000003
2025-10-12 15:16:00,10/12,정상운전검사,341.57,5.0,3000.0,15000.0,18000.0,0.6063760175128937,0.6158854538416734,29.220000000000255,2575.8,2521.58,37.378,440.571,9671.539,5328.461,5114.984,15000.0,99.00100000000003
2025-10-12 15:17:00,10/12,정상운전검사,341.57,5.0,3000.0,15000.0,18000.0,0.6063760175128937,0.6158854538416734,29.220000000000255,2575.8,2521.58,37.378,440.571,9671.539,5328.461,5114.984,15000.0,99.00100000000003
2025-10-12 15:18:00,10/12,정상운전검사,341.57,5.0,3000.0,15000.0,18000.0,0.6063760175128937,0.6158854538416734,29.220000000000255,2575.8,2521.58,37.378,440.571,9671.539,5328.461,5114.984,15000.0,99.00100000000003
2025-10-12 15:19:00,10/12,정상운전검사,341.57,5.0,3000.0,15000.0,18000.0,0.6063760175128937,0.6158854538416734,29.220000000000255,2575.8,2521.58,37.378,440.571,9671.539,5328.461,5114.984,15000.0,99.00100000000003
2025-10-12 15:20:00,10/12,정상운전검사,341.57,5.0,3000.0,15000.0,18000.0,0.6063760175128937,0.6158854538416734,29.220000000000255,2575.8,2521.58,37.378,440.571,9671.539,5328.461,5114.984,15000.0,99.00100000000003
2025-10-12 15:21:00,10/12,정상운전검사,341.57,5.0,3000.0,15000.0,18000.0,0.6063760175128937,0.6158854538416734,29.220000000000255,2575.8,2521.58,37.378,440.571,9671.539,5328.461,5114.984,15000.0,99.00100000000003
2025-10-12 15:22:00,10/12,정상운전검사,341.57,5.0,3000.0,15000.0,18000.0,0.6063760175128937,0.6158854538416734,29.220000000000255,2575.8,2521.58,37.378,440.571,9671.539,5328.461,5114.984,15000.0,99.00100000000003
2025-10-12 15:23:00,10/12,정상운전검사,341.57,5.0,3000.0,15000.0,18000.0,0.6063760175128937,0.6158854538416734,29.220000000000255,2575.8,2521.58,37.378,440.571,9671.539,5328.461,5114.984,15000.0,99.00100000000003
2025-10-12 15:24:00,10/12,정상운전검사,341.57,5.0,3000.0,15000.0,18000.0,0.6063760175128937,0.6158854538416734,29.220000000000255,2575.8,2521.58,37.378,440.571,9671.539,5328.461,5114.984,15000.0,99.00100000000003
2025-10-12 15:25:00,10/12,정상운전검사,341.57,5.0,3000.0,15000.0,18000.0,0.6063760175128937,0.6158854538416734,29.220000000000255,2575.8,2521.58,37.378,440.571,9671.539,5328.461,5114.984,15000.0,99.00100000000003
2025-10-12 15:26:00,10/12,정상운전검사,341.57,5.0,3000.0,15000.0,18000.0,0.6063760175128937,0.6158854538416734,29.220000000000255,2575.8,2521.58,37.378,440.571,9671.539,5328.461,5114.984,15000.0,99.00100000000003
2025-10-12 15:27:00,10/12,정상운전검사,341.57,5.0,3000.0,15000.0,18000.0,0.6063760175128937,0.6158854538416734,29.220000000000255,2575.8,2521.58,37.378,440.571,9671.539,5328.461,5114.984,15000.0,99.00100000000003
2025-10-12 15:28:00,10/12,정상운전검사,341.57,5.0,3000.0,15000.0,18000.0,0.6063760175128937,0.6158854538416734,29.220000000000255,2575.8,2521.58,37.378,440.571,9671.539,5328.461,5114.984,15000.0,99.00100000000003
2025-10-12 15:29:00,10/12,정상운전검사,341.57,5.0,3000.0,15000.0,18000.0,0.6063760175128937,0.6158854538416734,29.220000000000255,2575.8,2521.58,37.378,440.571,9671.539,5328.461,5114.984,15000.0,99.00100000000003
2025-10-12 15:30:00,10/12,정상운전검사,341.57,5.0,3000.0,15000.0,18000.0,0.6063760175128937,0.6158854538416734,29.220000000000255,2575.8,2521.58,37.378,440.571,9671.539,5328.461,5114.984,15000.0,99.00100000000003
2025-10-12 15:31:00,10/12,정상운전검사,341.57,5.0,3000.0,15000.0,18000.0,0.6063760175128937,0.6158854538416734,29.220000000000255,2575.8,2521.58,37.378,440.571,9671.539,5328.461,5114.984,15000.0,99.00100000000003
2025-10-12 15:32:00,10/12,정상운전검사,341.57,5.0,3000.0,15000.0,18000.0,0.6063760175128937,0.6158854538416734,29.220000000000255,2575.8,2521.58,37.378,440.571,9671.539,5328.461,5114.984,15000.0,99.00100000000003
2025-10-12 15:33:00,10/12,정상운전검사,341.57,5.0,3000.0,15000.0,18000.0,0.6063760175128937,0.6158854538416734,29.220000000000255,2575.8,2521.58,37.378,440.571,9671.539,5328.461,5114.984,15000.0,99.00100000000003
2025-10-12 15:34:00,10/12,정상운전검사,341.57,5.0,3000.0,15000.0,18000.0,0.6063760175128937,0.6158854538416734,29.220000000000255,2575.8,2521.58,37.378,440.571,9671.539,5328.461,5114.984,15000.0,99.00100000000003
2025-10-12 15:35:00,10/12,정상운전검사,341.57,5.0,3000.0,15000.0,18000.0,0.6063760175128937,0.6158854538416734,29.220000000000255,2575.8,2521.58,37.378,440.571,9671.539,5328.461,5114.984,15000.0,99.00100000000003
2025-10-12 15:36:00,10/12,정상운전검사,341.57,5.0,3000.0,15000.0,18000.0,0.6063760175128937,0.6158854538416734,29.220000000000255,2575.8,2521.58,37.378,440.571,9671.539,5328.461,5114.984,15000.0,99.00100000000003
2025-10-12 15:37:00,10/12,정상운전검사,341.57,5.0,3000.0,15000.0,18000.0,0.6063760175128937,0.6158854538416734,29.220000000000255,2575.8,2521.58,37.378,440.571,9671.539,5328.461,5114.984,15000.0,99.00100000000003
2025-10-12 15:38:00,10/12,정상운전검사,341.57,5.0,3000.0,15000.0,18000.0,0.6063760175128937,0.6158854538416734,29.220000000000255,2575.8,2521.58,37.378,440.571,9671.539,5328.461,5114.984,15000.0,99.00100000000003
2025-10-12 15:39:00,10/12,정상운전검사,341.57,5.0,3000.0,15000.0,18000.0,0.6063760175128937,0.6158854538416734,29.220000000000255,2575.8,2521.58,37.378,440.571,9671.539,5328.461,5114.984,15000.0,99.00100000000003
2025-10-12 15:40:00,10/12,정상운전검사,341.57,5.0,3000.0,15000.0,18000.0,0.6063760175128937,0.6158854538416734,29.220000000000255,2575.8,2521.58,37.378,440.571,9671.539,5328.461,5114.984,15000.0,99.00100000000003
2025-10-12 15:41:00,10/12,정상운전검사,341.57,5.0,3000.0,15000.0,18000.0,0.6063760175128937,0.6158854538416734,29.220000000000255,2575.8,2521.58,37.378,440.571,9671.539,5328.461,5114.984,15000.0,99.00100000000003
2025-10-12 15:42:00,10/12,정상운전검사,341.57,5.0,3000.0,15000.0,18000.0,0.6063760175128937,0.6158854538416734,29.220000000000255,2575.8,2521.58,37.378,440.571,9671.539,5328.461,5114.984,15000.0,99.00100000000003
2025-10-12 15:43:00,10/12,정상운전검사,341.57,5.0,3000.0,15000.0,18000.0,0.6063760175128937,0.6158854538416734,29.220000000000255,2575.8,2521.58,37.378,440.571,9671.539,5328.461,5114.984,15000.0,99.00100000000003
2025-10-12 15:44:00,10/12,정상운전검사,341.57,5.0,3000.0,15000.0,18000.0,0.6063760175128937,0.6158854538416734,29.220000000000255,2575.8,2521.58,37.378,440.571,9671.539,5328.461,5114.984,15000.0,99.00100000000003
2025-10-12 15:45:00,10/12,정상운전검사,341.57,5.0,3000.0,15000.0,18000.0,0.6063760175128937,0.6158854538416734,29.220000000000255,2575.8,2521.58,37.378,440.571,9671.539,5328.461,5114.984,15000.0,99.00100000000003
2025-10-12 15:46:00,10/12,정상운전검사,341.57,5.0,3000.0,15000.0,18000.0,0.6063760175128937,0.6158854538416734,29.220000000000255,2575.8,2521.58,37.378,440.571,9671.539,5328.461,5114.984,15000.0,99.00100000000003
2025-10-12 15:47:00,10/12,정상운전검사,341.57,5.0,3000.0,15000.0,18000.0,0.6063760175128937,0.6158854538416734,29.220000000000255,2575.8,2521.58,37.378,440.571,9671.539,5328.461,5114.984,15000.0,99.00100000000003
2025-10-12 15:48:00,10/12,정상운전검사,341.57,5.0,3000.0,15000.0,18000.0,0.6063760175128937,0.6158854538416734,29.220000000000255,2575.8,2521.58,37.378,440.571,9671.539,5328.461,5114.984,15000.0,99.00100000000003
2025-10-12 15:49:00,10/12,정상운전검사,341.57,5.0,3000.0,15000.0,18000.0,0.6063760175128937,0.6158854538416734,29.220000000000255,2575.8,2521.58,37.378,440.571,9671.539,5328.461,5114.984,15000.0,99.00100000000003
2025-10-12 15:50:00,10/12,정상운전검사,341.57,5.0,3000.0,15000.0,18000.0,0.6063760175128937,0.6158854538416734,29.220000000000255,2575.8,2521.58,37.378,440.571,9671.539,5328.461,5114.984,15000.0,99.00100000000003
2025-10-12 15:51:00,10/12,정상운전검사,341.57,5.0,3000.0,15000.0,18000.0,0.6063760175128937,0.6158854538416734,29.220000000000255,2575.8,2521.58,37.378,440.571,9671.539,5328.461,5114.984,15000.0,99.00100000000003
2025-10-12 15:52:00,10/12,정상운전검사,341.57,5.0,3000.0,15000.0,18000.0,0.6063760175128937,0.6158854538416734,29.220000000000255,2575.8,2521.58,37.378,440.571,9671.539,5328.461,5114.984,15000.0,99.00100000000003
2025-10-12 15:53:00,10/12,정상운전검사,341.57,5.0,3000.0,15000.0,18000.0,0.6063760175128937,0.6158854538416734,29.220000000000255,2575.8,2521.58,37.378,440.571,9671.539,5328.461,5114.984,15000.0,99.00100000000003
2025-10-12 15:54:00,10/12,정상운전검사,341.57,5.0,3000.0,15000.0,18000.0,0.6063760175128937,0.6158854538416734,29.220000000000255,2575.8,2521.58,37.378,440.571,9671.539,5328.461,5114.984,15000.0,99.00100000000003
2025-10-12 15:55:00,10/12,정상운전검사,341.57,5.0,3000.0,15000.0,18000.0,0.6063760175128937,0.6158854538416734,29.220000000000255,2575.8,2521.58,37.378,440.571,9671.539,5328.461,5114.984,15000.0,99.00100000000003
2025-10-12 15:56:00,10/12,정상운전검사,341.57,5.0,3000.0,15000.0,18000.0,0.6063760175128937,0.6158854538416734,29.220000000000255,2575.8,2521.58,37.378,440.571,9671.539,5328.461,5114.984,15000.0,99.00100000000003
2025-10-12 15:57:00,10/12,정상운전검사,341.57,5.0,3000.0,15000.0,18000.0,0.6063760175128937,0.6158854538416734,29.220000000000255,2575.8,2521.58,37.378,440.571,9671.539,5328.461,5114.984,15000.0,99.00100000000003
2025-10-12 15:58:00,10/12,정상운전검사,341.57,5.0,3000.0,15000.0,18000.0,0.6063760175128937,0.6158854538416734,29.220000000000255,2575.8,2521.58,37.378,440.571,9671.539,5328.461,5114.984,15000.0,99.00100000000003
2025-10-12 15:59:00,10/12,정상운전검사,341.57,5.0,3000.0,15000.0,18000.0,0.6063760175128937,0.6158854538416734,29.220000000000255,2575.8,2521.58,37.378,440.571,9671.539,5328.461,5114.984,15000.0,99.00100000000003
2025-10-12 16:00:00,10/12,정상운전검사,341.57,5.0,3000.0,15000.0,18000.0,0.6063760175128937,0.6158854538416734,29.220000000000255,2575.8,2521.58,37.378,440.571,9671.539,5328.461,5114.984,15000.0,99.00100000000003
2025-10-12 16:01:00,10/12,정상운전검사,341.57,5.0,3000.0,15000.0,18000.0,0.6063760175128937,0.6158854538416734,29.220000000000255,2575.8,2521.58,37.378,440.571,9671.539,5328.461,5114.984,15000.0,99.00100000000003
2025-10-12 16:02:00,10/12,정상운전검사,341.57,5.0,3000.0,15000.0,18000.0,0.6063760175128937,0.6158854538416734,29.220000000000255,2575.8,2521.58,37.378,440.571,9671.539,5328.461,5114.984,15000.0,99.00100000000003
2025-10-12 16:03:00,10/12,정상운전검사,341.57,5.0,3000.0,15000.0,18000.0,0.6063760175128937,0.6158854538416734,29.220000000000255,2575.8,2521.58,37.378,440.571,9671.539,5328.461,5114.984,15000.0,99.00100000000003
2025-10-12 16:04:00,10/12,정상운전검사,341.57,5.0,3000.0,15000.0,18000.0,0.6063760175128937,0.6158854538416734,29.220000000000255,2575.8,2521.58,37.378,440.571,9671.539,5328.461,5114.984,15000.0,99.00100000000003
2025-10-12 16:05:00,10/12,정상운전검사,341.57,5.0,3000.0,15000.0,18000.0,0.6063760175128937,0.6158854538416734,29.220000000000255,2575.8,2521.58,37.378,440.571,9671.539,5328.461,5114.984,15000.0,99.00100000000003
2025-10-12 16:06:00,10/12,정상운전검사,341.57,5.0,3000.0,15000.0,18000.0,0.6063760175128937,0.6158854538416734,29.220000000000255,2575.8,2521.58,37.378,440.571,9671.539,5328.461,5114.984,15000.0,99.00100000000003
2025-10-12 16:07:00,10/12,정상운전검사,341.57,5.0,3000.0,15000.0,18000.0,0.6063760175128937,0.6158854538416734,29.220000000000255,2575.8,2521.58,37.378,440.571,9671.539,5328.461,5114.984,15000.0,99.00100000000003
2025-10-12 16:08:00,10/12,정상운전검사,341.57,5.0,3000.0,15000.0,18000.0,0.6063760175128937,0.6158854538416734,29.220000000000255,2575.8,2521.58,37.378,440.571,9671.539,5328.461,5114.984,15000.0,99.00100000000003
2025-10-12 16:09:00,10/12,정상운전검사,341.57,5.0,3000.0,15000.0,18000.0,0.6063760175128937,0.6158854538416734,29.220000000000255,2575.8,2521.58,37.378,440.571,9671.539,5328.461,5114.984,15000.0,99.00100000000003
2025-10-12 16:10:00,10/12,정상운전검사,341.57,5.0,3000.0,15000.0,18000.0,0.6063760175128937,0.6158854538416734,29.220000000000255,2575.8,2521.58,37.378,440.571,9671.539,5328.461,5114.984,15000.0,99.00100000000003
2025-10-12 16:11:00,10/12,정상운전검사,341.57,5.0,3000.0,15000.0,18000.0,0.6063760175128937,0.6158854538416734,29.220000000000255,2575.8,2521.58,37.378,440.571,9671.539,5328.461,5114.984,15000.0,99.00100000000003
2025-10-12 16:12:00,10/12,정상운전검사,341.57,5.0,3000.0,15000.0,18000.0,0.6063760175128937,0.6158854538416734,29.220000000000255,2575.8,2521.58,37.378,440.571,9671.539,5328.461,5114.984,15000.0,99.00100000000003
2025-10-12 16:13:00,10/12,정상운전검사,341.57,5.0,3000.0,15000.0,18000.0,0.6063760175128937,0.6158854538416734,29.220000000000255,2575.8,2521.58,37.378,440.571,9671.539,5328.461,5114.984,15000.0,99.00100000000003
2025-10-12 16:14:00,10/12,정상운전검사,341.57,5.0,3000.0,15000.0,18000.0,0.6063760175128937,0.6158854538416734,29.220000000000255,2575.8,2521.58,37.378,440.571,9671.539,5328.461,5114.984,15000.0,99.00100000000003
2025-10-12 16:15:00,10/12,정상운전검사,341.57,5.0,3000.0,15000.0,18000.0,0.6063760175128937,0.6158854538416734,29.220000000000255,2575.8,2521.58,37.378,440.571,9671.539,5328.461,5114.984,15000.0,99.00100000000003
2025-10-12 16:16:00,10/12,정상운전검사,341.57,5.0,3000.0,15000.0,18000.0,0.6063760175128937,0.6158854538416734,29.220000000000255,2575.8,2521.58,37.378,440.571,9671.539,5328.461,5114.984,15000.0,99.00100000000003
2025-10-12 16:17:00,10/12,정상운전검사,341.57,5.0,3000.0,15000.0,18000.0,0.6063760175128937,0.6158854538416734,29.220000000000255,2575.8,2521.58,37.378,440.571,9671.539,5328.461,5114.984,15000.0,99.00100000000003
2025-10-12 16:18:00,10/12,정상운전검사,341.57,5.0,3000.0,15000.0,18000.0,0.6063760175128937,0.6158854538416734,29.220000000000255,2575.8,2521.58,37.378,440.571,9671.539,5328.461,5114.984,15000.0,99.00100000000003
2025-10-12 16:19:00,10/12,정상운전검사,341.57,5.0,3000.0,15000.0,18000.0,0.6063760175128937,0.6158854538416734,29.220000000000255,2575.8,2521.58,37.378,440.571,9671.539,5328.461,5114.984,15000.0,99.00100000000003
2025-10-12 16:20:00,10/12,정상운전검사,341.57,5.0,3000.0,15000.0,18000.0,0.6063760175128937,0.6158854538416734,29.220000000000255,2575.8,2521.58,37.378,440.571,9671.539,5328.461,5114.984,15000.0,99.00100000000003
2025-10-12 16:21:00,10/12,정상운전검사,341.57,5.0,3000.0,15000.0,18000.0,0.6063760175128937,0.6158854538416734,29.220000000000255,2575.8,2521.58,37.378,440.571,9671.539,5328.461,5114.984,15000.0,99.00100000000003
2025-10-12 16:22:00,10/12,정상운전검사,341.57,5.0,3000.0,15000.0,18000.0,0.6063760175128937,0.6158854538416734,29.220000000000255,2575.8,2521.58,37.378,440.571,9671.539,5328.461,5114.984,15000.0,99.00100000000003
2025-10-12 16:23:00,10/12,정상운전검사,341.57,5.0,3000.0,15000.0,18000.0,0.6063760175128937,0.6158854538416734,29.220000000000255,2575.8,2521.58,37.378,440.571,9671.539,5328.461,5114.984,15000.0,99.00100000000003
2025-10-12 16:24:00,10/12,정상운전검사,341.57,5.0,3000.0,15000.0,18000.0,0.6063760175128937,0.6158854538416734,29.220000000000255,2575.8,2521.58,37.378,440.571,9671.539,5328.461,5114.984,15000.0,99.00100000000003
2025-10-12 16:25:00,10/12,정상운전검사,341.57,5.0,3000.0,15000.0,18000.0,0.6063760175128937,0.6158854538416734,29.220000000000255,2575.8,2521.58,37.378,440.571,9671.539,5328.461,5114.984,15000.0,99.00100000000003
2025-10-12 16:26:00,10/12,정상운전검사,341.57,5.0,3000.0,15000.0,18000.0,0.6063760175128937,0.6158854538416734,29.220000000000255,2575.8,2521.58,37.378,440.571,9671.539,5328.461,5114.984,15000.0,99.00100000000003
2025-10-12 16:27:00,10/12,정상운전검사,341.57,5.0,3000.0,15000.0,18000.0,0.6063760175128937,0.6158854538416734,29.220000000000255,2575.8,2521.58,37.378,440.571,9671.539,5328.461,5114.984,15000.0,99.00100000000003
2025-10-12 16:28:00,10/12,정상운전검사,341.57,5.0,3000.0,15000.0,18000.0,0.6063760175128937,0.6158854538416734,29.220000000000255,2575.8,2521.58,37.378,440.571,9671.539,5328.461,5114.984,15000.0,99.00100000000003
2025-10-12 16:29:00,10/12,정상운전검사,341.57,5.0,3000.0,15000.0,18000.0,0.6063760175128937,0.6158854538416734,29.220000000000255,2575.8,2521.58,37.378,440.571,9671.539,5328.461,5114.984,15000.0,99.00100000000003
2025-10-12 16:30:00,10/12,정상운전검사,341.57,5.0,3000.0,15000.0,18000.0,0.6063760175128937,0.6158854538416734,29.220000000000255,2575.8,2521.58,37.378,440.571,9671.539,5328.461,5114.984,15000.0,99.00100000000003
2025-10-12 16:31:00,10/12,정상운전검사,341.57,5.0,3000.0,15000.0,18000.0,0.6063760175128937,0.6158854538416734,29.220000000000255,2575.8,2521.58,37.378,440.571,9671.539,5328.461,5114.984,15000.0,99.00100000000003
2025-10-12 16:32:00,10/12,정상운전검사,341.57,5.0,3000.0,15000.0,18000.0,0.6063760175128937,0.6158854538416734,29.220000000000255,2575.8,2521.58,37.378,440.571,9671.539,5328.461,5114.984,15000.0,99.00100000000003
2025-10-12 16:33:00,10/12,정상운전검사,341.57,5.0,3000.0,15000.0,18000.0,0.6063760175128937,0.6158854538416734,29.220000000000255,2575.8,2521.58,37.378,440.571,9671.539,5328.461,5114.984,15000.0,99.00100000000003
2025-10-12 16:34:00,10/12,정상운전검사,341.57,5.0,3000.0,15000.0,18000.0,0.6063760175128937,0.6158854538416734,29.220000000000255,2575.8,2521.58,37.378,440.571,9671.539,5328.461,5114.984,15000.0,99.00100000000003
2025-10-12 16:35:00,10/12,정상운전검사,341.57,5.0,3000.0,15000.0,18000.0,0.6063760175128937,0.6158854538416734,29.220000000000255,2575.8,2521.58,37.378,440.571,9671.539,5328.461,5114.984,15000.0,99.00100000000003
2025-10-12 16:36:00,10/12,정상운전검사,341.57,5.0,3000.0,15000.0,18000.0,0.6063760175128937,0.6158854538416734,29.220000000000255,2575.8,2521.58,37.378,440.571,9671.539,5328.461,5114.984,15000.0,99.00100000000003
2025-10-12 16:37:00,10/12,정상운전검사,341.57,5.0,3000.0,15000.0,18000.0,0.6063760175128937,0.6158854538416734,29.220000000000255,2575.8,2521.58,37.378,440.571,9671.539,5328.461,5114.984,15000.0,99.00100000000003
2025-10-12 16:38:00,10/12,정상운전검사,341.57,5.0,3000.0,15000.0,18000.0,0.6063760175128937,0.6158854538416734,29.220000000000255,2575.8,2521.58,37.378,440.571,9671.539,5328.461,5114.984,15000.0,99.00100000000003
2025-10-12 16:39:00,10/12,정상운전검사,341.57,5.0,3000.0,15000.0,18000.0,0.6063760175128937,0.6158854538416734,29.220000000000255,2575.8,2521.58,37.378,440.571,9671.539,5328.461,5114.984,15000.0,99.00100000000003
2025-10-12 16:40:00,10/12,정상운전검사,341.57,5.0,3000.0,15000.0,18000.0,0.6063760175128937,0.6158854538416734,29.220000000000255,2575.8,2521.58,37.378,440.571,9671.539,5328.461,5114.984,15000.0,99.00100000000003
2025-10-12 16:41:00,10/12,정상운전검사,341.57,5.0,3000.0,15000.0,18000.0,0.6063760175128937,0.6158854538416734,29.220000000000255,2575.8,2521.58,37.378,440.571,9671.539,5328.461,5114.984,15000.0,99.00100000000003
2025-10-12 16:42:00,10/12,정상운전검사,341.57,5.0,3000.0,15000.0,18000.0,0.6063760175128937,0.6158854538416734,29.220000000000255,2575.8,2521.58,37.378,440.571,9671.539,5328.461,5114.984,15000.0,99.00100000000003
2025-10-12 16:43:00,10/12,정상운전검사,341.57,5.0,3000.0,15000.0,18000.0,0.6063760175128937,0.6158854538416734,29.220000000000255,2575.8,2521.58,37.378,440.571,9671.539,5328.461,5114.984,15000.0,99.00100000000003
2025-10-12 16:44:00,10/12,정상운전검사,341.57,5.0,3000.0,15000.0,18000.0,0.6063760175128937,0.6158854538416734,29.220000000000255,2575.8,2521.58,37.378,440.571,9671.539,5328.461,5114.984,15000.0,99.00100000000003
2025-10-12 16:45:00,10/12,정상운전검사,341.57,5.0,3000.0,15000.0,18000.0,0.6063760175128937,0.6158854538416734,29.220000000000255,2575.8,2521.58,37.378,440.571,9671.539,5328.461,5114.984,15000.0,99.00100000000003
2025-10-12 16:46:00,10/12,정상운전검사,341.57,5.0,3000.0,15000.0,18000.0,0.6063760175128937,0.6158854538416734,29.220000000000255,2575.8,2521.58,37.378,440.571,9671.539,5328.461,5114.984,15000.0,99.00100000000003
2025-10-12 16:47:00,10/12,정상운전검사,341.57,5.0,3000.0,15000.0,18000.0,0.6063760175128937,0.6158854538416734,29.220000000000255,2575.8,2521.58,37.378,440.571,9671.539,5328.461,5114.984,15000.0,99.00100000000003
2025-10-12 16:48:00,10/12,정상운전검사,341.57,5.0,3000.0,15000.0,18000.0,0.6063760175128937,0.6158854538416734,29.220000000000255,2575.8,2521.58,37.378,440.571,9671.539,5328.461,5114.984,15000.0,99.00100000000003
2025-10-12 16:49:00,10/12,정상운전검사,341.57,5.0,3000.0,15000.0,18000.0,0.6063760175128937,0.6158854538416734,29.220000000000255,2575.8,2521.58,37.378,440.571,9671.539,5328.461,5114.984,15000.0,99.00100000000003
2025-10-12 16:50:00,10/12,정상운전검사,341.57,5.0,3000.0,15000.0,18000.0,0.6063760175128937,0.6158854538416734,29.220000000000255,2575.8,2521.58,37.378,440.571,9671.539,5328.461,5114.984,15000.0,99.00100000000003
2025-10-12 16:51:00,10/12,정상운전검사,341.57,5.0,3000.0,15000.0,18000.0,0.6063760175128937,0.6158854538416734,29.220000000000255,2575.8,2521.58,37.378,440.571,9671.539,5328.461,5114.984,15000.0,99.00100000000003
2025-10-12 16:52:00,10/12,정상운전검사,341.57,5.0,3000.0,15000.0,18000.0,0.6063760175128937,0.6158854538416734,29.220000000000255,2575.8,2521.58,37.378,440.571,9671.539,5328.461,5114.984,15000.0,99.00100000000003
2025-10-12 16:53:00,10/12,정상운전검사,341.57,5.0,3000.0,15000.0,18000.0,0.6063760175128937,0.6158854538416734,29.220000000000255,2575.8,2521.58,37.378,440.571,9671.539,5328.461,5114.984,15000.0,99.00100000000003
2025-10-12 16:54:00,10/12,정상운전검사,341.57,5.0,3000.0,15000.0,18000.0,0.6063760175128937,0.6158854538416734,29.220000000000255,2575.8,2521.58,37.378,440.571,9671.539,5328.461,5114.984,15000.0,99.00100000000003
2025-10-12 16:55:00,10/12,정상운전검사,341.57,5.0,3000.0,15000.0,18000.0,0.6063760175128937,0.6158854538416734,29.220000000000255,2575.8,2521.58,37.378,440.571,9671.539,5328.461,5114.984,15000.0,99.00100000000003
2025-10-12 16:56:00,10/12,정상운전검사,341.57,5.0,3000.0,15000.0,18000.0,0.6063760175128937,0.6158854538416734,29.220000000000255,2575.8,2521.58,37.378,440.571,9671.539,5328.461,5114.984,15000.0,99.00100000000003
2025-10-12 16:57:00,10/12,정상운전검사,341.57,5.0,3000.0,15000.0,18000.0,0.6063760175128937,0.6158854538416734,29.220000000000255,2575.8,2521.58,37.378,440.571,9671.539,5328.461,5114.984,15000.0,99.00100000000003
2025-10-12 16:58:00,10/12,정상운전검사,341.57,5.0,3000.0,15000.0,18000.0,0.6063760175128937,0.6158854538416734,29.220000000000255,2575.8,2521.58,37.378,440.571,9671.539,5328.461,5114.984,15000.0,99.00100000000003
2025-10-12 16:59:00,10/12,정상운전검사,341.57,5.0,3000.0,15000.0,18000.0,0.6063760175128937,0.6158854538416734,29.220000000000255,2575.8,2521.58,37.378,440.571,9671.539,5328.461,5114.984,15000.0,99.00100000000003
2025-10-12 17:00:00,10/12,정상운전검사,341.57,5.0,3000.0,15000.0,18000.0,0.6063760175128937,0.6158854538416734,29.220000000000255,2575.8,2521.58,37.378,440.571,9671.539,5328.461,5114.984,15000.0,99.00100000000003
2025-10-12 17:01:00,10/12,정상운전검사,341.57,5.0,3000.0,15000.0,18000.0,0.6063760175128937,0.6158854538416734,29.220000000000255,2575.8,2521.58,37.378,440.571,9671.539,5328.461,5114.984,15000.0,99.00100000000003
2025-10-12 17:02:00,10/12,정상운전검사,341.57,5.0,3000.0,15000.0,18000.0,0.6063760175128937,0.6158854538416734,29.220000000000255,2575.8,2521.58,37.378,440.571,9671.539,5328.461,5114.984,15000.0,99.00100000000003
2025-10-12 17:03:00,10/12,정상운전검사,341.57,5.0,3000.0,15000.0,18000.0,0.6063760175128937,0.6158854538416734,29.220000000000255,2575.8,2521.58,37.378,440.571,9671.539,5328.461,5114.984,15000.0,99.00100000000003
2025-10-12 17:04:00,10/12,정상운전검사,341.57,5.0,3000.0,15000.0,18000.0,0.6063760175128937,0.6158854538416734,29.220000000000255,2575.8,2521.58,37.378,440.571,9671.539,5328.461,5114.984,15000.0,99.00100000000003
2025-10-12 17:05:00,10/12,정상운전검사,341.57,5.0,3000.0,15000.0,18000.0,0.6063760175128937,0.6158854538416734,29.220000000000255,2575.8,2521.58,37.378,440.571,9671.539,5328.461,5114.984,15000.0,99.00100000000003
2025-10-12 17:06:00,10/12,정상운전검사,341.57,5.0,3000.0,15000.0,18000.0,0.6063760175128937,0.6158854538416734,29.220000000000255,2575.8,2521.58,37.378,440.571,9671.539,5328.461,5114.984,15000.0,99.00100000000003
2025-10-12 17:07:00,10/12,정상운전검사,341.57,5.0,3000.0,15000.0,18000.0,0.6063760175128937,0.6158854538416734,29.220000000000255,2575.8,2521.58,37.378,440.571,9671.539,5328.461,5114.984,15000.0,99.00100000000003
2025-10-12 17:08:00,10/12,정상운전검사,341.57,5.0,3000.0,15000.0,18000.0,0.6063760175128937,0.6158854538416734,29.220000000000255,2575.8,2521.58,37.378,440.571,9671.539,5328.461,5114.984,15000.0,99.00100000000003
2025-10-12 17:09:00,10/12,정상운전검사,341.57,5.0,3000.0,15000.0,18000.0,0.6063760175128937,0.6158854538416734,29.220000000000255,2575.8,2521.58,37.378,440.571,9671.539,5328.461,5114.984,15000.0,99.00100000000003
2025-10-12 17:10:00,10/12,정상운전검사,341.57,5.0,3000.0,15000.0,18000.0,0.6063760175128937,0.6158854538416734,29.220000000000255,2575.8,2521.58,37.378,440.571,9671.539,5328.461,5114.984,15000.0,99.00100000000003
2025-10-12 17:11:00,10/12,정상운전검사,341.57,5.0,3000.0,15000.0,18000.0,0.6063760175128937,0.6158854538416734,29.220000000000255,2575.8,2521.58,37.378,440.571,9671.539,5328.461,5114.984,15000.0,99.00100000000003
2025-10-12 17:12:00,10/12,정상운전검사,341.57,5.0,3000.0,15000.0,18000.0,0.6063760175128937,0.6158854538416734,29.220000000000255,2575.8,2521.58,37.378,440.571,9671.539,5328.461,5114.984,15000.0,99.00100000000003
2025-10-12 17:13:00,10/12,정상운전검사,341.57,5.0,3000.0,15000.0,18000.0,0.6063760175128937,0.6158854538416734,29.220000000000255,2575.8,2521.58,37.378,440.571,9671.539,5328.461,5114.984,15000.0,99.00100000000003
2025-10-12 17:14:00,10/12,정상운전검사,341.57,5.0,3000.0,15000.0,18000.0,0.6063760175128937,0.6158854538416734,29.220000000000255,2575.8,2521.58,37.378,440.571,9671.539,5328.461,5114.984,15000.0,99.00100000000003
2025-10-12 17:15:00,10/12,정상운전검사,341.57,5.0,3000.0,15000.0,18000.0,0.6063760175128937,0.6158854538416734,29.220000000000255,2575.8,2521.58,37.378,440.571,9671.539,5328.461,5114.984,15000.0,99.00100000000003
2025-10-12 17:16:00,10/12,정상운전검사,341.57,5.0,3000.0,15000.0,18000.0,0.6063760175128937,0.6158854538416734,29.220000000000255,2575.8,2521.58,37.378,440.571,9671.539,5328.461,5114.984,15000.0,99.00100000000003
2025-10-12 17:17:00,10/12,정상운전검사,341.57,5.0,3000.0,15000.0,18000.0,0.6063760175128937,0.6158854538416734,29.220000000000255,2575.8,2521.58,37.378,440.571,9671.539,5328.461,5114.984,15000.0,99.00100000000003
2025-10-12 17:18:00,10/12,정상운전검사,341.57,5.0,3000.0,15000.0,18000.0,0.6063760175128937,0.6158854538416734,29.220000000000255,2575.8,2521.58,37.378,440.571,9671.539,5328.461,5114.984,15000.0,99.00100000000003
2025-10-12 17:19:00,10/12,정상운전검사,341.57,5.0,3000.0,15000.0,18000.0,0.6063760175128937,0.6158854538416734,29.220000000000255,2575.8,2521.58,37.378,440.571,9671.539,5328.461,5114.984,15000.0,99.00100000000003
2025-10-12 17:20:00,10/12,정상운전검사,341.57,5.0,3000.0,15000.0,18000.0,0.6063760175128937,0.6158854538416734,29.220000000000255,2575.8,2521.58,37.378,440.571,9671.539,5328.461,5114.984,15000.0,99.00100000000003
2025-10-12 17:21:00,10/12,정상운전검사,341.57,5.0,3000.0,15000.0,18000.0,0.6063760175128937,0.6158854538416734,29.220000000000255,2575.8,2521.58,37.378,440.571,9671.539,5328.461,5114.984,15000.0,99.00100000000003
2025-10-12 17:22:00,10/12,정상운전검사,341.57,5.0,3000.0,15000.0,18000.0,0.6063760175128937,0.6158854538416734,29.220000000000255,2575.8,2521.58,37.378,440.571,9671.539,5328.461,5114.984,15000.0,99.00100000000003
2025-10-12 17:23:00,10/12,정상운전검사,341.57,5.0,3000.0,15000.0,18000.0,0.6063760175128937,0.6158854538416734,29.220000000000255,2575.8,2521.58,37.378,440.571,9671.539,5328.461,5114.984,15000.0,99.00100000000003
2025-10-12 17:24:00,10/12,정상운전검사,341.57,5.0,3000.0,15000.0,18000.0,0.6063760175128937,0.6158854538416734,29.220000000000255,2575.8,2521.58,37.378,440.571,9671.539,5328.461,5114.984,15000.0,99.00100000000003
2025-10-12 17:25:00,10/12,정상운전검사,341.57,5.0,3000.0,15000.0,18000.0,0.6063760175128937,0.6158854538416734,29.220000000000255,2575.8,2521.58,37.378,440.571,9671.539,5328.461,5114.984,15000.0,99.00100000000003
2025-10-12 17:26:00,10/12,정상운전검사,341.57,5.0,3000.0,15000.0,18000.0,0.6063760175128937,0.6158854538416734,29.220000000000255,2575.8,2521.58,37.378,440.571,9671.539,5328.461,5114.984,15000.0,99.00100000000003
2025-10-12 17:27:00,10/12,정상운전검사,341.57,5.0,3000.0,15000.0,18000.0,0.6063760175128937,0.6158854538416734,29.220000000000255,2575.8,2521.58,37.378,440.571,9671.539,5328.461,5114.984,15000.0,99.00100000000003
2025-10-12 17:28:00,10/12,정상운전검사,341.57,5.0,3000.0,15000.0,18000.0,0.6063760175128937,0.6158854538416734,29.220000000000255,2575.8,2521.58,37.378,440.571,9671.539,5328.461,5114.984,15000.0,99.00100000000003
2025-10-12 17:29:00,10/12,정상운전검사,341.57,5.0,3000.0,15000.0,18000.0,0.6063760175128937,0.6158854538416734,29.220000000000255,2575.8,2521.58,37.378,440.571,9671.539,5328.461,5114.984,15000.0,99.00100000000003
2025-10-12 17:30:00,10/12,정상운전검사,341.57,5.0,3000.0,15000.0,18000.0,0.6063760175128937,0.6158854538416734,29.220000000000255,2575.8,2521.58,37.378,440.571,9671.539,5328.461,5114.984,15000.0,99.00100000000003
2025-10-12 17:31:00,10/12,정상운전검사,341.57,5.0,3000.0,15000.0,18000.0,0.6063760175128937,0.6158854538416734,29.220000000000255,2575.8,2521.58,37.378,440.571,9671.539,5328.461,5114.984,15000.0,99.00100000000003
2025-10-12 17:32:00,10/12,정상운전검사,341.57,5.0,3000.0,15000.0,18000.0,0.6063760175128937,0.6158854538416734,29.220000000000255,2575.8,2521.58,37.378,440.571,9671.539,5328.461,5114.984,15000.0,99.00100000000003
2025-10-12 17:33:00,10/12,정상운전검사,341.57,5.0,3000.0,15000.0,18000.0,0.6063760175128937,0.6158854538416734,29.220000000000255,2575.8,2521.58,37.378,440.571,9671.539,5328.461,5114.984,15000.0,99.00100000000003
2025-10-12 17:34:00,10/12,정상운전검사,341.57,5.0,3000.0,15000.0,18000.0,0.6063760175128937,0.6158854538416734,29.220000000000255,2575.8,2521.58,37.378,440.571,9671.539,5328.461,5114.984,15000.0,99.00100000000003
2025-10-12 17:35:00,10/12,정상운전검사,341.57,5.0,3000.0,15000.0,18000.0,0.6063760175128937,0.6158854538416734,29.220000000000255,2575.8,2521.58,37.378,440.571,9671.539,5328.461,5114.984,15000.0,99.00100000000003
2025-10-12 17:36:00,10/12,정상운전검사,341.57,5.0,3000.0,15000.0,18000.0,0.6063760175128937,0.6158854538416734,29.220000000000255,2575.8,2521.58,37.378,440.571,9671.539,5328.461,5114.984,15000.0,99.00100000000003
2025-10-12 17:37:00,10/12,정상운전검사,341.57,5.0,3000.0,15000.0,18000.0,0.6063760175128937,0.6158854538416734,29.220000000000255,2575.8,2521.58,37.378,440.571,9671.539,5328.461,5114.984,15000.0,99.00100000000003
2025-10-12 17:38:00,10/12,정상운전검사,341.57,5.0,3000.0,15000.0,18000.0,0.6063760175128937,0.6158854538416734,29.220000000000255,2575.8,2521.58,37.378,440.571,9671.539,5328.461,5114.984,15000.0,99.00100000000003
2025-10-12 17:39:00,10/12,정상운전검사,341.57,5.0,3000.0,15000.0,18000.0,0.6063760175128937,0.6158854538416734,29.220000000000255,2575.8,2521.58,37.378,440.571,9671.539,5328.461,5114.984,15000.0,99.00100000000003
2025-10-12 17:40:00,10/12,정상운전검사,341.57,5.0,3000.0,15000.0,18000.0,0.6063760175128937,0.6158854538416734,29.220000000000255,2575.8,2521.58,37.378,440.571,9671.539,5328.461,5114.984,15000.0,99.00100000000003
2025-10-12 17:41:00,10/12,정상운전검사,341.57,5.0,3000.0,15000.0,18000.0,0.6063760175128937,0.6158854538416734,29.220000000000255,2575.8,2521.58,37.378,440.571,9671.539,5328.461,5114.984,15000.0,99.00100000000003
2025-10-12 17:42:00,10/12,정상운전검사,341.57,5.0,3000.0,15000.0,18000.0,0.6063760175128937,0.6158854538416734,29.220000000000255,2575.8,2521.58,37.378,440.571,9671.539,5328.461,5114.984,15000.0,99.00100000000003
2025-10-12 17:43:00,10/12,정상운전검사,341.57,5.0,3000.0,15000.0,18000.0,0.6063760175128937,0.6158854538416734,29.220000000000255,2575.8,2521.58,37.378,440.571,9671.539,5328.461,5114.984,15000.0,99.00100000000003
2025-10-12 17:44:00,10/12,정상운전검사,341.57,5.0,3000.0,15000.0,18000.0,0.6063760175128937,0.6158854538416734,29.220000000000255,2575.8,2521.58,37.378,440.571,9671.539,5328.461,5114.984,15000.0,99.00100000000003
2025-10-12 17:45:00,10/12,정상운전검사,341.57,5.0,3000.0,15000.0,18000.0,0.6063760175128937,0.6158854538416734,29.220000000000255,2575.8,2521.58,37.378,440.571,9671.539,5328.461,5114.984,15000.0,99.00100000000003
2025-10-12 17:46:00,10/12,정상운전검사,341.57,5.0,3000.0,15000.0,18000.0,0.6063760175128937,0.6158854538416734,29.220000000000255,2575.8,2521.58,37.378,440.571,9671.539,5328.461,5114.984,15000.0,99.00100000000003
2025-10-12 17:47:00,10/12,정상운전검사,341.57,5.0,3000.0,15000.0,18000.0,0.6063760175128937,0.6158854538416734,29.220000000000255,2575.8,2521.58,37.378,440.571,9671.539,5328.461,5114.984,15000.0,99.00100000000003
2025-10-12 17:48:00,10/12,정상운전검사,341.57,5.0,3000.0,15000.0,18000.0,0.6063760175128937,0.6158854538416734,29.220000000000255,2575.8,2521.58,37.378,440.571,9671.539,5328.461,5114.984,15000.0,99.00100000000003
2025-10-12 17:49:00,10/12,정상운전검사,341.57,5.0,3000.0,15000.0,18000.0,0.6063760175128937,0.6158854538416734,29.220000000000255,2575.8,2521.58,37.378,440.571,9671.539,5328.461,5114.984,15000.0,99.00100000000003
2025-10-12 17:50:00,10/12,정상운전검사,341.57,5.0,3000.0,15000.0,18000.0,0.6063760175128937,0.6158854538416734,29.220000000000255,2575.8,2521.58,37.378,440.571,9671.539,5328.461,5114.984,15000.0,99.00100000000003
2025-10-12 17:51:00,10/12,정상운전검사,341.57,5.0,3000.0,15000.0,18000.0,0.6063760175128937,0.6158854538416734,29.220000000000255,2575.8,2521.58,37.378,440.571,9671.539,5328.461,5114.984,15000.0,99.00100000000003
2025-10-12 17:52:00,10/12,정상운전검사,341.57,5.0,3000.0,15000.0,18000.0,0.6063760175128937,0.6158854538416734,29.220000000000255,2575.8,2521.58,37.378,440.571,9671.539,5328.461,5114.984,15000.0,99.00100000000003
2025-10-12 17:53:00,10/12,정상운전검사,341.57,5.0,3000.0,15000.0,18000.0,0.6063760175128937,0.6158854538416734,29.220000000000255,2575.8,2521.58,37.378,440.571,9671.539,5328.461,5114.984,15000.0,99.00100000000003
2025-10-12 17:54:00,10/12,정상운전검사,341.57,5.0,3000.0,15000.0,18000.0,0.6063760175128937,0.6158854538416734,29.220000000000255,2575.8,2521.58,37.378,440.571,9671.539,5328.461,5114.984,15000.0,99.00100000000003
2025-10-12 17:55:00,10/12,정상운전검사,341.57,5.0,3000.0,15000.0,18000.0,0.6063760175128937,0.6158854538416734,29.220000000000255,2575.8,2521.58,37.378,440.571,9671.539,5328.461,5114.984,15000.0,99.00100000000003
2025-10-12 17:56:00,10/12,정상운전검사,341.57,5.0,3000.0,15000.0,18000.0,0.6063760175128937,0.6158854538416734,29.220000000000255,2575.8,2521.58,37.378,440.571,9671.539,5328.461,5114.984,15000.0,99.00100000000003
2025-10-12 17:57:00,10/12,정상운전검사,341.57,5.0,3000.0,15000.0,18000.0,0.6063760175128937,0.6158854538416734,29.220000000000255,2575.8,2521.58,37.378,440.571,9671.539,5328.461,5114.984,15000.0,99.00100000000003
2025-10-12 17:58:00,10/12,정상운전검사,341.57,5.0,3000.0,15000.0,18000.0,0.6063760175128937,0.6158854538416734,29.220000000000255,2575.8,2521.58,37.378,440.571,9671.539,5328.461,5114.984,15000.0,99.00100000000003
2025-10-12 17:59:00,10/12,정상운전검사,341.57,5.0,3000.0,15000.0,18000.0,0.6063760175128937,0.6158854538416734,29.220000000000255,2575.8,2521.58,37.378,440.571,9671.539,5328.461,5114.984,15000.0,99.00100000000003
2025-10-12 18:00:00,10/12,정상운전검사,341.57,5.0,3000.0,15000.0,18000.0,0.6063760175128937,0.6158854538416734,29.220000000000255,2575.8,2521.58,37.378,440.571,9671.539,5328.461,5114.984,15000.0,99.00100000000003
2025-10-12 18:01:00,10/12,정상운전검사,341.57,5.0,3000.0,15000.0,18000.0,0.6063760175128937,0.6158854538416734,29.220000000000255,2575.8,2521.58,37.378,440.571,9671.539,5328.461,5114.984,15000.0,99.00100000000003
2025-10-12 18:02:00,10/12,정상운전검사,341.57,5.0,3000.0,15000.0,18000.0,0.6063760175128937,0.6158854538416734,29.220000000000255,2575.8,2521.58,37.378,440.571,9671.539,5328.461,5114.984,15000.0,99.00100000000003
2025-10-12 18:03:00,10/12,정상운전검사,341.57,5.0,3000.0,15000.0,18000.0,0.6063760175128937,0.6158854538416734,29.220000000000255,2575.8,2521.58,37.378,440.571,9671.539,5328.461,5114.984,15000.0,99.00100000000003
2025-10-12 18:04:00,10/12,정상운전검사,341.57,5.0,3000.0,15000.0,18000.0,0.6063760175128937,0.6158854538416734,29.220000000000255,2575.8,2521.58,37.378,440.571,9671.539,5328.461,5114.984,15000.0,99.00100000000003
2025-10-12 18:05:00,10/12,정상운전검사,341.57,5.0,3000.0,15000.0,18000.0,0.6063760175128937,0.6158854538416734,29.220000000000255,2575.8,2521.58,37.378,440.571,9671.539,5328.461,5114.984,15000.0,99.00100000000003
2025-10-12 18:06:00,10/12,정상운전검사,341.57,5.0,3000.0,15000.0,18000.0,0.6063760175128937,0.6158854538416734,29.220000000000255,2575.8,2521.58,37.378,440.571,9671.539,5328.461,5114.984,15000.0,99.00100000000003
2025-10-12 18:07:00,10/12,정상운전검사,341.57,5.0,3000.0,15000.0,18000.0,0.6063760175128937,0.6158854538416734,29.220000000000255,2575.8,2521.58,37.378,440.571,9671.539,5328.461,5114.984,15000.0,99.00100000000003
2025-10-12 18:08:00,10/12,정상운전검사,341.57,5.0,3000.0,15000.0,18000.0,0.6063760175128937,0.6158854538416734,29.220000000000255,2575.8,2521.58,37.378,440.571,9671.539,5328.461,5114.984,15000.0,99.00100000000003
2025-10-12 18:09:00,10/12,정상운전검사,341.57,5.0,3000.0,15000.0,18000.0,0.6063760175128937,0.6158854538416734,29.220000000000255,2575.8,2521.58,37.378,440.571,9671.539,5328.461,5114.984,15000.0,99.00100000000003
2025-10-12 18:10:00,10/12,정상운전검사,341.57,5.0,3000.0,15000.0,18000.0,0.6063760175128937,0.6158854538416734,29.220000000000255,2575.8,2521.58,37.378,440.571,9671.539,5328.461,5114.984,15000.0,99.00100000000003
2025-10-12 18:11:00,10/12,정상운전검사,341.57,5.0,3000.0,15000.0,18000.0,0.6063760175128937,0.6158854538416734,29.220000000000255,2575.8,2521.58,37.378,440.571,9671.539,5328.461,5114.984,15000.0,99.00100000000003
2025-10-12 18:12:00,10/12,정상운전검사,341.57,5.0,3000.0,15000.0,18000.0,0.6063760175128937,0.6158854538416734,29.220000000000255,2575.8,2521.58,37.378,440.571,9671.539,5328.461,5114.984,15000.0,99.00100000000003
2025-10-12 18:13:00,10/12,정상운전검사,341.57,5.0,3000.0,15000.0,18000.0,0.6063760175128937,0.6158854538416734,29.220000000000255,2575.8,2521.58,37.378,440.571,9671.539,5328.461,5114.984,15000.0,99.00100000000003
2025-10-12 18:14:00,10/12,정상운전검사,341.57,5.0,3000.0,15000.0,18000.0,0.6063760175128937,0.6158854538416734,29.220000000000255,2575.8,2521.58,37.378,440.571,9671.539,5328.461,5114.984,15000.0,99.00100000000003
2025-10-12 18:15:00,10/12,정상운전검사,341.57,5.0,3000.0,15000.0,18000.0,0.6063760175128937,0.6158854538416734,29.220000000000255,2575.8,2521.58,37.378,440.571,9671.539,5328.461,5114.984,15000.0,99.00100000000003
2025-10-12 18:16:00,10/12,정상운전검사,341.57,5.0,3000.0,15000.0,18000.0,0.6063760175128937,0.6158854538416734,29.220000000000255,2575.8,2521.58,37.378,440.571,9671.539,5328.461,5114.984,15000.0,99.00100000000003
2025-10-12 18:17:00,10/12,정상운전검사,341.57,5.0,3000.0,15000.0,18000.0,0.6063760175128937,0.6158854538416734,29.220000000000255,2575.8,2521.58,37.378,440.571,9671.539,5328.461,5114.984,15000.0,99.00100000000003
2025-10-12 18:18:00,10/12,정상운전검사,341.57,5.0,3000.0,15000.0,18000.0,0.6063760175128937,0.6158854538416734,29.220000000000255,2575.8,2521.58,37.378,440.571,9671.539,5328.461,5114.984,15000.0,99.00100000000003
2025-10-12 18:19:00,10/12,정상운전검사,341.57,5.0,3000.0,15000.0,18000.0,0.6063760175128937,0.6158854538416734,29.220000000000255,2575.8,2521.58,37.378,440.571,9671.539,5328.461,5114.984,15000.0,99.00100000000003
2025-10-12 18:20:00,10/12,정상운전검사,341.57,5.0,3000.0,15000.0,18000.0,0.6063760175128937,0.6158854538416734,29.220000000000255,2575.8,2521.58,37.378,440.571,9671.539,5328.461,5114.984,15000.0,99.00100000000003
2025-10-12 18:21:00,10/12,정상운전검사,341.57,5.0,3000.0,15000.0,18000.0,0.6063760175128937,0.6158854538416734,29.220000000000255,2575.8,2521.58,37.378,440.571,9671.539,5328.461,5114.984,15000.0,99.00100000000003
2025-10-12 18:22:00,10/12,정상운전검사,341.57,5.0,3000.0,15000.0,18000.0,0.6063760175128937,0.6158854538416734,29.220000000000255,2575.8,2521.58,37.378,440.571,9671.539,5328.461,5114.984,15000.0,99.00100000000003
2025-10-12 18:23:00,10/12,정상운전검사,341.57,5.0,3000.0,15000.0,18000.0,0.6063760175128937,0.6158854538416734,29.220000000000255,2575.8,2521.58,37.378,440.571,9671.539,5328.461,5114.984,15000.0,99.00100000000003
2025-10-12 18:24:00,10/12,정상운전검사,341.57,5.0,3000.0,15000.0,18000.0,0.6063760175128937,0.6158854538416734,29.220000000000255,2575.8,2521.58,37.378,440.571,9671.539,5328.461,5114.984,15000.0,99.00100000000003
2025-10-12 18:25:00,10/12,정상운전검사,341.57,5.0,3000.0,15000.0,18000.0,0.6063760175128937,0.6158854538416734,29.220000000000255,2575.8,2521.58,37.378,440.571,9671.539,5328.461,5114.984,15000.0,99.00100000000003
2025-10-12 18:26:00,10/12,정상운전검사,341.57,5.0,3000.0,15000.0,18000.0,0.6063760175128937,0.6158854538416734,29.220000000000255,2575.8,2521.58,37.378,440.571,9671.539,5328.461,5114.984,15000.0,99.00100000000003
2025-10-12 18:27:00,10/12,정상운전검사,341.57,5.0,3000.0,15000.0,18000.0,0.6063760175128937,0.6158854538416734,29.220000000000255,2575.8,2521.58,37.378,440.571,9671.539,5328.461,5114.984,15000.0,99.00100000000003
2025-10-12 18:28:00,10/12,정상운전검사,341.57,5.0,3000.0,15000.0,18000.0,0.6063760175128937,0.6158854538416734,29.220000000000255,2575.8,2521.58,37.378,440.571,9671.539,5328.461,5114.984,15000.0,99.00100000000003
2025-10-12 18:29:00,10/12,정상운전검사,341.57,5.0,3000.0,15000.0,18000.0,0.6063760175128937,0.6158854538416734,29.220000000000255,2575.8,2521.58,37.378,440.571,9671.539,5328.461,5114.984,15000.0,99.00100000000003
2025-10-12 18:30:00,10/12,정상운전검사,341.57,5.0,3000.0,15000.0,18000.0,0.6063760175128937,0.6158854538416734,29.220000000000255,2575.8,2521.58,37.378,440.571,9671.539,5328.461,5114.984,15000.0,99.00100000000003
2025-10-12 18:31:00,10/12,정상운전검사,341.57,5.0,3000.0,15000.0,18000.0,0.6063760175128937,0.6158854538416734,29.220000000000255,2575.8,2521.58,37.378,440.571,9671.539,5328.461,5114.984,15000.0,99.00100000000003
2025-10-12 18:32:00,10/12,정상운전검사,341.57,5.0,3000.0,15000.0,18000.0,0.6063760175128937,0.6158854538416734,29.220000000000255,2575.8,2521.58,37.378,440.571,9671.539,5328.461,5114.984,15000.0,99.00100000000003
2025-10-12 18:33:00,10/12,정상운전검사,341.57,5.0,3000.0,15000.0,18000.0,0.6063760175128937,0.6158854538416734,29.220000000000255,2575.8,2521.58,37.378,440.571,9671.539,5328.461,5114.984,15000.0,99.00100000000003
2025-10-12 18:34:00,10/12,정상운전검사,341.57,5.0,3000.0,15000.0,18000.0,0.6063760175128937,0.6158854538416734,29.220000000000255,2575.8,2521.58,37.378,440.571,9671.539,5328.461,5114.984,15000.0,99.00100000000003
2025-10-12 18:35:00,10/12,정상운전검사,341.57,5.0,3000.0,15000.0,18000.0,0.6063760175128937,0.6158854538416734,29.220000000000255,2575.8,2521.58,37.378,440.571,9671.539,5328.461,5114.984,15000.0,99.00100000000003
2025-10-12 18:36:00,10/12,정상운전검사,341.57,5.0,3000.0,15000.0,18000.0,0.6063760175128937,0.6158854538416734,29.220000000000255,2575.8,2521.58,37.378,440.571,9671.539,5328.461,5114.984,15000.0,99.00100000000003
2025-10-12 18:37:00,10/12,정상운전검사,341.57,5.0,3000.0,15000.0,18000.0,0.6063760175128937,0.6158854538416734,29.220000000000255,2575.8,2521.58,37.378,440.571,9671.539,5328.461,5114.984,15000.0,99.00100000000003
2025-10-12 18:38:00,10/12,정상운전검사,341.57,5.0,3000.0,15000.0,18000.0,0.6063760175128937,0.6158854538416734,29.220000000000255,2575.8,2521.58,37.378,440.571,9671.539,5328.461,5114.984,15000.0,99.00100000000003
2025-10-12 18:39:00,10/12,정상운전검사,341.57,5.0,3000.0,15000.0,18000.0,0.6063760175128937,0.6158854538416734,29.220000000000255,2575.8,2521.58,37.378,440.571,9671.539,5328.461,5114.984,15000.0,99.00100000000003
2025-10-12 18:40:00,10/12,정상운전검사,341.57,5.0,3000.0,15000.0,18000.0,0.6063760175128937,0.6158854538416734,29.220000000000255,2575.8,2521.58,37.378,440.571,9671.539,5328.461,5114.984,15000.0,99.00100000000003
2025-10-12 18:41:00,10/12,정상운전검사,341.57,5.0,3000.0,15000.0,18000.0,0.6063760175128937,0.6158854538416734,29.220000000000255,2575.8,2521.58,37.378,440.571,9671.539,5328.461,5114.984,15000.0,99.00100000000003
2025-10-12 18:42:00,10/12,정상운전검사,341.57,5.0,3000.0,15000.0,18000.0,0.6063760175128937,0.6158854538416734,29.220000000000255,2575.8,2521.58,37.378,440.571,9671.539,5328.461,5114.984,15000.0,99.00100000000003
2025-10-12 18:43:00,10/12,정상운전검사,341.57,5.0,3000.0,15000.0,18000.0,0.6063760175128937,0.6158854538416734,29.220000000000255,2575.8,2521.58,37.378,440.571,9671.539,5328.461,5114.984,15000.0,99.00100000000003
2025-10-12 18:44:00,10/12,정상운전검사,341.57,5.0,3000.0,15000.0,18000.0,0.6063760175128937,0.6158854538416734,29.220000000000255,2575.8,2521.58,37.378,440.571,9671.539,5328.461,5114.984,15000.0,99.00100000000003
2025-10-12 18:45:00,10/12,정상운전검사,341.57,5.0,3000.0,15000.0,18000.0,0.6063760175128937,0.6158854538416734,29.220000000000255,2575.8,2521.58,37.378,440.571,9671.539,5328.461,5114.984,15000.0,99.00100000000003
2025-10-12 18:46:00,10/12,정상운전검사,341.57,5.0,3000.0,15000.0,18000.0,0.6063760175128937,0.6158854538416734,29.220000000000255,2575.8,2521.58,37.378,440.571,9671.539,5328.461,5114.984,15000.0,99.00100000000003
2025-10-12 18:47:00,10/12,정상운전검사,341.57,5.0,3000.0,15000.0,18000.0,0.6063760175128937,0.6158854538416734,29.220000000000255,2575.8,2521.58,37.378,440.571,9671.539,5328.461,5114.984,15000.0,99.00100000000003
2025-10-12 18:48:00,10/12,정상운전검사,341.57,5.0,3000.0,15000.0,18000.0,0.6063760175128937,0.6158854538416734,29.220000000000255,2575.8,2521.58,37.378,440.571,9671.539,5328.461,5114.984,15000.0,99.00100000000003
2025-10-12 18:49:00,10/12,정상운전검사,341.57,5.0,3000.0,15000.0,18000.0,0.6063760175128937,0.6158854538416734,29.220000000000255,2575.8,2521.58,37.378,440.571,9671.539,5328.461,5114.984,15000.0,99.00100000000003
2025-10-12 18:50:00,10/12,정상운전검사,341.57,5.0,3000.0,15000.0,18000.0,0.6063760175128937,0.6158854538416734,29.220000000000255,2575.8,2521.58,37.378,440.571,9671.539,5328.461,5114.984,15000.0,99.00100000000003
2025-10-12 18:51:00,10/12,정상운전검사,341.57,5.0,3000.0,15000.0,18000.0,0.6063760175128937,0.6158854538416734,29.220000000000255,2575.8,2521.58,37.378,440.571,9671.539,5328.461,5114.984,15000.0,99.00100000000003
2025-10-12 18:52:00,10/12,정상운전검사,341.57,5.0,3000.0,15000.0,18000.0,0.6063760175128937,0.6158854538416734,29.220000000000255,2575.8,2521.58,37.378,440.571,9671.539,5328.461,5114.984,15000.0,99.00100000000003
2025-10-12 18:53:00,10/12,정상운전검사,341.57,5.0,3000.0,15000.0,18000.0,0.6063760175128937,0.6158854538416734,29.220000000000255,2575.8,2521.58,37.378,440.571,9671.539,5328.461,5114.984,15000.0,99.00100000000003
2025-10-12 18:54:00,10/12,정상운전검사,341.57,5.0,3000.0,15000.0,18000.0,0.6063760175128937,0.6158854538416734,29.220000000000255,2575.8,2521.58,37.378,440.571,9671.539,5328.461,5114.984,15000.0,99.00100000000003
2025-10-12 18:55:00,10/12,정상운전검사,341.57,5.0,3000.0,15000.0,18000.0,0.6063760175128937,0.6158854538416734,29.220000000000255,2575.8,2521.58,37.378,440.571,9671.539,5328.461,5114.984,15000.0,99.00100000000003
2025-10-12 18:56:00,10/12,정상운전검사,341.57,5.0,3000.0,15000.0,18000.0,0.6063760175128937,0.6158854538416734,29.220000000000255,2575.8,2521.58,37.378,440.571,9671.539,5328.461,5114.984,15000.0,99.00100000000003
2025-10-12 18:57:00,10/12,정상운전검사,341.57,5.0,3000.0,15000.0,18000.0,0.6063760175128937,0.6158854538416734,29.220000000000255,2575.8,2521.58,37.378,440.571,9671.539,5328.461,5114.984,15000.0,99.00100000000003
2025-10-12 18:58:00,10/12,정상운전검사,341.57,5.0,3000.0,15000.0,18000.0,0.6063760175128937,0.6158854538416734,29.220000000000255,2575.8,2521.58,37.378,440.571,9671.539,5328.461,5114.984,15000.0,99.00100000000003
2025-10-12 18:59:00,10/12,정상운전검사,341.57,5.0,3000.0,15000.0,18000.0,0.6063760175128937,0.6158854538416734,29.220000000000255,2575.8,2521.58,37.378,440.571,9671.539,5328.461,5114.984,15000.0,99.00100000000003
2025-10-12 19:00:00,10/12,정상운전검사,341.57,5.0,3000.0,15000.0,18000.0,0.6063760175128937,0.6158854538416734,29.220000000000255,2575.8,2521.58,37.378,440.571,9671.539,5328.461,5114.984,15000.0,99.00100000000003
2025-10-12 19:01:00,10/12,정상운전검사,341.57,5.0,3000.0,15000.0,18000.0,0.6063760175128937,0.6158854538416734,29.220000000000255,2575.8,2521.58,37.378,440.571,9671.539,5328.461,5114.984,15000.0,99.00100000000003
2025-10-12 19:02:00,10/12,정상운전검사,341.57,5.0,3000.0,15000.0,18000.0,0.6063760175128937,0.6158854538416734,29.220000000000255,2575.8,2521.58,37.378,440.571,9671.539,5328.461,5114.984,15000.0,99.00100000000003
2025-10-12 19:03:00,10/12,정상운전검사,341.57,5.0,3000.0,15000.0,18000.0,0.6063760175128937,0.6158854538416734,29.220000000000255,2575.8,2521.58,37.378,440.571,9671.539,5328.461,5114.984,15000.0,99.00100000000003
2025-10-12 19:04:00,10/12,정상운전검사,341.57,5.0,3000.0,15000.0,18000.0,0.6063760175128937,0.6158854538416734,29.220000000000255,2575.8,2521.58,37.378,440.571,9671.539,5328.461,5114.984,15000.0,99.00100000000003
2025-10-12 19:05:00,10/12,정상운전검사,341.57,5.0,3000.0,15000.0,18000.0,0.6063760175128937,0.6158854538416734,29.220000000000255,2575.8,2521.58,37.378,440.571,9671.539,5328.461,5114.984,15000.0,99.00100000000003
2025-10-12 19:06:00,10/12,정상운전검사,341.57,5.0,3000.0,15000.0,18000.0,0.6063760175128937,0.6158854538416734,29.220000000000255,2575.8,2521.58,37.378,440.571,9671.539,5328.461,5114.984,15000.0,99.00100000000003
2025-10-12 19:07:00,10/12,정상운전검사,341.57,5.0,3000.0,15000.0,18000.0,0.6063760175128937,0.6158854538416734,29.220000000000255,2575.8,2521.58,37.378,440.571,9671.539,5328.461,5114.984,15000.0,99.00100000000003
2025-10-12 19:08:00,10/12,정상운전검사,341.57,5.0,3000.0,15000.0,18000.0,0.6063760175128937,0.6158854538416734,29.220000000000255,2575.8,2521.58,37.378,440.571,9671.539,5328.461,5114.984,15000.0,99.00100000000003
2025-10-12 19:09:00,10/12,정상운전검사,341.57,5.0,3000.0,15000.0,18000.0,0.6063760175128937,0.6158854538416734,29.220000000000255,2575.8,2521.58,37.378,440.571,9671.539,5328.461,5114.984,15000.0,99.00100000000003
2025-10-12 19:10:00,10/12,정상운전검사,341.57,5.0,3000.0,15000.0,18000.0,0.6063760175128937,0.6158854538416734,29.220000000000255,2575.8,2521.58,37.378,440.571,9671.539,5328.461,5114.984,15000.0,99.00100000000003
2025-10-12 19:11:00,10/12,정상운전검사,341.57,5.0,3000.0,15000.0,18000.0,0.6063760175128937,0.6158854538416734,29.220000000000255,2575.8,2521.58,37.378,440.571,9671.539,5328.461,5114.984,15000.0,99.00100000000003
2025-10-12 19:12:00,10/12,정상운전검사,341.57,5.0,3000.0,15000.0,18000.0,0.6063760175128937,0.6158854538416734,29.220000000000255,2575.8,2521.58,37.378,440.571,9671.539,5328.461,5114.984,15000.0,99.00100000000003
2025-10-12 19:13:00,10/12,정상운전검사,341.57,5.0,3000.0,15000.0,18000.0,0.6063760175128937,0.6158854538416734,29.220000000000255,2575.8,2521.58,37.378,440.571,9671.539,5328.461,5114.984,15000.0,99.00100000000003
2025-10-12 19:14:00,10/12,정상운전검사,341.57,5.0,3000.0,15000.0,18000.0,0.6063760175128937,0.6158854538416734,29.220000000000255,2575.8,2521.58,37.378,440.571,9671.539,5328.461,5114.984,15000.0,99.00100000000003
2025-10-12 19:15:00,10/12,정상운전검사,341.57,5.0,3000.0,15000.0,18000.0,0.6063760175128937,0.6158854538416734,29.220000000000255,2575.8,2521.58,37.378,440.571,9671.539,5328.461,5114.984,15000.0,99.00100000000003
2025-10-12 19:16:00,10/12,정상운전검사,341.57,5.0,3000.0,15000.0,18000.0,0.6063760175128937,0.6158854538416734,29.220000000000255,2575.8,2521.58,37.378,440.571,9671.539,5328.461,5114.984,15000.0,99.00100000000003
2025-10-12 19:17:00,10/12,정상운전검사,341.57,5.0,3000.0,15000.0,18000.0,0.6063760175128937,0.6158854538416734,29.220000000000255,2575.8,2521.58,37.378,440.571,9671.539,5328.461,5114.984,15000.0,99.00100000000003
2025-10-12 19:18:00,10/12,정상운전검사,341.57,5.0,3000.0,15000.0,18000.0,0.6063760175128937,0.6158854538416734,29.220000000000255,2575.8,2521.58,37.378,440.571,9671.539,5328.461,5114.984,15000.0,99.00100000000003
2025-10-12 19:19:00,10/12,정상운전검사,341.57,5.0,3000.0,15000.0,18000.0,0.6063760175128937,0.6158854538416734,29.220000000000255,2575.8,2521.58,37.378,440.571,9671.539,5328.461,5114.984,15000.0,99.00100000000003
2025-10-12 19:20:00,10/12,정상운전검사,341.57,5.0,3000.0,15000.0,18000.0,0.6063760175128937,0.6158854538416734,29.220000000000255,2575.8,2521.58,37.378,440.571,9671.539,5328.461,5114.984,15000.0,99.00100000000003
2025-10-12 19:21:00,10/12,정상운전검사,341.57,5.0,3000.0,15000.0,18000.0,0.6063760175128937,0.6158854538416734,29.220000000000255,2575.8,2521.58,37.378,440.571,9671.539,5328.461,5114.984,15000.0,99.00100000000003
2025-10-12 19:22:00,10/12,정상운전검사,341.57,5.0,3000.0,15000.0,18000.0,0.6063760175128937,0.6158854538416734,29.220000000000255,2575.8,2521.58,37.378,440.571,9671.539,5328.461,5114.984,15000.0,99.00100000000003
2025-10-12 19:23:00,10/12,정상운전검사,341.57,5.0,3000.0,15000.0,18000.0,0.6063760175128937,0.6158854538416734,29.220000000000255,2575.8,2521.58,37.378,440.571,9671.539,5328.461,5114.984,15000.0,99.00100000000003
2025-10-12 19:24:00,10/12,정상운전검사,341.57,5.0,3000.0,15000.0,18000.0,0.6063760175128937,0.6158854538416734,29.220000000000255,2575.8,2521.58,37.378,440.571,9671.539,5328.461,5114.984,15000.0,99.00100000000003
2025-10-12 19:25:00,10/12,정상운전검사,341.57,5.0,3000.0,15000.0,18000.0,0.6063760175128937,0.6158854538416734,29.220000000000255,2575.8,2521.58,37.378,440.571,9671.539,5328.461,5114.984,15000.0,99.00100000000003
2025-10-12 19:26:00,10/12,정상운전검사,341.57,5.0,3000.0,15000.0,18000.0,0.6063760175128937,0.6158854538416734,29.220000000000255,2575.8,2521.58,37.378,440.571,9671.539,5328.461,5114.984,15000.0,99.00100000000003
2025-10-12 19:27:00,10/12,정상운전검사,341.57,5.0,3000.0,15000.0,18000.0,0.6063760175128937,0.6158854538416734,29.220000000000255,2575.8,2521.58,37.378,440.571,9671.539,5328.461,5114.984,15000.0,99.00100000000003
2025-10-12 19:28:00,10/12,정상운전검사,341.57,5.0,3000.0,15000.0,18000.0,0.6063760175128937,0.6158854538416734,29.220000000000255,2575.8,2521.58,37.378,440.571,9671.539,5328.461,5114.984,15000.0,99.00100000000003
2025-10-12 19:29:00,10/12,정상운전검사,341.57,5.0,3000.0,15000.0,18000.0,0.6063760175128937,0.6158854538416734,29.220000000000255,2575.8,2521.58,37.378,440.571,9671.539,5328.461,5114.984,15000.0,99.00100000000003
2025-10-12 19:30:00,10/12,정상운전검사,341.57,5.0,3000.0,15000.0,18000.0,0.6063760175128937,0.6158854538416734,29.220000000000255,2575.8,2521.58,37.378,440.571,9671.539,5328.461,5114.984,15000.0,99.00100000000003
2025-10-12 19:31:00,10/12,정상운전검사,341.57,5.0,3000.0,15000.0,18000.0,0.6063760175128937,0.6158854538416734,29.220000000000255,2575.8,2521.58,37.378,440.571,9671.539,5328.461,5114.984,15000.0,99.00100000000003
2025-10-12 19:32:00,10/12,정상운전검사,341.57,5.0,3000.0,15000.0,18000.0,0.6063760175128937,0.6158854538416734,29.220000000000255,2575.8,2521.58,37.378,440.571,9671.539,5328.461,5114.984,15000.0,99.00100000000003
2025-10-12 19:33:00,10/12,정상운전검사,341.57,5.0,3000.0,15000.0,18000.0,0.6063760175128937,0.6158854538416734,29.220000000000255,2575.8,2521.58,37.378,440.571,9671.539,5328.461,5114.984,15000.0,99.00100000000003
2025-10-12 19:34:00,10/12,정상운전검사,341.57,5.0,3000.0,15000.0,18000.0,0.6063760175128937,0.6158854538416734,29.220000000000255,2575.8,2521.58,37.378,440.571,9671.539,5328.461,5114.984,15000.0,99.00100000000003
2025-10-12 19:35:00,10/12,정상운전검사,341.57,5.0,3000.0,15000.0,18000.0,0.6063760175128937,0.6158854538416734,29.220000000000255,2575.8,2521.58,37.378,440.571,9671.539,5328.461,5114.984,15000.0,99.00100000000003
2025-10-12 19:36:00,10/12,정상운전검사,341.57,5.0,3000.0,15000.0,18000.0,0.6063760175128937,0.6158854538416734,29.220000000000255,2575.8,2521.58,37.378,440.571,9671.539,5328.461,5114.984,15000.0,99.00100000000003
2025-10-12 19:37:00,10/12,정상운전검사,341.57,5.0,3000.0,15000.0,18000.0,0.6063760175128937,0.6158854538416734,29.220000000000255,2575.8,2521.58,37.378,440.571,9671.539,5328.461,5114.984,15000.0,99.00100000000003
2025-10-12 19:38:00,10/12,정상운전검사,341.57,5.0,3000.0,15000.0,18000.0,0.6063760175128937,0.6158854538416734,29.220000000000255,2575.8,2521.58,37.378,440.571,9671.539,5328.461,5114.984,15000.0,99.00100000000003
2025-10-12 19:39:00,10/12,정상운전검사,341.57,5.0,3000.0,15000.0,18000.0,0.6063760175128937,0.6158854538416734,29.220000000000255,2575.8,2521.58,37.378,440.571,9671.539,5328.461,5114.984,15000.0,99.00100000000003
2025-10-12 19:40:00,10/12,정상운전검사,341.57,5.0,3000.0,15000.0,18000.0,0.6063760175128937,0.6158854538416734,29.220000000000255,2575.8,2521.58,37.378,440.571,9671.539,5328.461,5114.984,15000.0,99.00100000000003
2025-10-12 19:41:00,10/12,정상운전검사,341.57,5.0,3000.0,15000.0,18000.0,0.6063760175128937,0.6158854538416734,29.220000000000255,2575.8,2521.58,37.378,440.571,9671.539,5328.461,5114.984,15000.0,99.00100000000003
2025-10-12 19:42:00,10/12,정상운전검사,341.57,5.0,3000.0,15000.0,18000.0,0.6063760175128937,0.6158854538416734,29.220000000000255,2575.8,2521.58,37.378,440.571,9671.539,5328.461,5114.984,15000.0,99.00100000000003
2025-10-12 19:43:00,10/12,정상운전검사,341.57,5.0,3000.0,15000.0,18000.0,0.6063760175128937,0.6158854538416734,29.220000000000255,2575.8,2521.58,37.378,440.571,9671.539,5328.461,5114.984,15000.0,99.00100000000003
2025-10-12 19:44:00,10/12,정상운전검사,341.57,5.0,3000.0,15000.0,18000.0,0.6063760175128937,0.6158854538416734,29.220000000000255,2575.8,2521.58,37.378,440.571,9671.539,5328.461,5114.984,15000.0,99.00100000000003
2025-10-12 19:45:00,10/12,정상운전검사,341.57,5.0,3000.0,15000.0,18000.0,0.6063760175128937,0.6158854538416734,29.220000000000255,2575.8,2521.58,37.378,440.571,9671.539,5328.461,5114.984,15000.0,99.00100000000003
2025-10-12 19:46:00,10/12,정상운전검사,341.57,5.0,3000.0,15000.0,18000.0,0.6063760175128937,0.6158854538416734,29.220000000000255,2575.8,2521.58,37.378,440.571,9671.539,5328.461,5114.984,15000.0,99.00100000000003
2025-10-12 19:47:00,10/12,정상운전검사,341.57,5.0,3000.0,15000.0,18000.0,0.6063760175128937,0.6158854538416734,29.220000000000255,2575.8,2521.58,37.378,440.571,9671.539,5328.461,5114.984,15000.0,99.00100000000003
2025-10-12 19:48:00,10/12,정상운전검사,341.57,5.0,3000.0,15000.0,18000.0,0.6063760175128937,0.6158854538416734,29.220000000000255,2575.8,2521.58,37.378,440.571,9671.539,5328.461,5114.984,15000.0,99.00100000000003
2025-10-12 19:49:00,10/12,정상운전검사,341.57,5.0,3000.0,15000.0,18000.0,0.6063760175128937,0.6158854538416734,29.220000000000255,2575.8,2521.58,37.378,440.571,9671.539,5328.461,5114.984,15000.0,99.00100000000003
2025-10-12 19:50:00,10/12,정상운전검사,341.57,5.0,3000.0,15000.0,18000.0,0.6063760175128937,0.6158854538416734,29.220000000000255,2575.8,2521.58,37.378,440.571,9671.539,5328.461,5114.984,15000.0,99.00100000000003
2025-10-12 19:51:00,10/12,정상운전검사,341.57,5.0,3000.0,15000.0,18000.0,0.6063760175128937,0.6158854538416734,29.220000000000255,2575.8,2521.58,37.378,440.571,9671.539,5328.461,5114.984,15000.0,99.00100000000003
2025-10-12 19:52:00,10/12,정상운전검사,341.57,5.0,3000.0,15000.0,18000.0,0.6063760175128937,0.6158854538416734,29.220000000000255,2575.8,2521.58,37.378,440.571,9671.539,5328.461,5114.984,15000.0,99.00100000000003
2025-10-12 19:53:00,10/12,정상운전검사,341.57,5.0,3000.0,15000.0,18000.0,0.6063760175128937,0.6158854538416734,29.220000000000255,2575.8,2521.58,37.378,440.571,9671.539,5328.461,5114.984,15000.0,99.00100000000003
2025-10-12 19:54:00,10/12,정상운전검사,341.57,5.0,3000.0,15000.0,18000.0,0.6063760175128937,0.6158854538416734,29.220000000000255,2575.8,2521.58,37.378,440.571,9671.539,5328.461,5114.984,15000.0,99.00100000000003
2025-10-12 19:55:00,10/12,정상운전검사,341.57,5.0,3000.0,15000.0,18000.0,0.6063760175128937,0.6158854538416734,29.220000000000255,2575.8,2521.58,37.378,440.571,9671.539,5328.461,5114.984,15000.0,99.00100000000003
2025-10-12 19:56:00,10/12,정상운전검사,341.57,5.0,3000.0,15000.0,18000.0,0.6063760175128937,0.6158854538416734,29.220000000000255,2575.8,2521.58,37.378,440.571,9671.539,5328.461,5114.984,15000.0,99.00100000000003
2025-10-12 19:57:00,10/12,정상운전검사,341.57,5.0,3000.0,15000.0,18000.0,0.6063760175128937,0.6158854538416734,29.220000000000255,2575.8,2521.58,37.378,440.571,9671.539,5328.461,5114.984,15000.0,99.00100000000003
2025-10-12 19:58:00,10/12,정상운전검사,341.57,5.0,3000.0,15000.0,18000.0,0.6063760175128937,0.6158854538416734,29.220000000000255,2575.8,2521.58,37.378,440.571,9671.539,5328.461,5114.984,15000.0,99.00100000000003
2025-10-12 19:59:00,10/12,정상운전검사,341.57,5.0,3000.0,15000.0,18000.0,0.6063760175128937,0.6158854538416734,29.220000000000255,2575.8,2521.58,37.378,440.571,9671.539,5328.461,5114.984,15000.0,99.00100000000003
2025-10-12 20:00:00,10/12,정상운전검사,341.57,5.0,3000.0,15000.0,18000.0,0.6063760175128937,0.6158854538416734,29.220000000000255,2575.8,2521.58,37.378,440.571,9671.539,5328.461,5114.984,15000.0,99.00100000000003
2025-10-12 20:01:00,10/12,정상운전검사,341.57,5.0,3000.0,15000.0,18000.0,0.6063760175128937,0.6158854538416734,29.220000000000255,2575.8,2521.58,37.378,440.571,9671.539,5328.461,5114.984,15000.0,99.00100000000003
2025-10-12 20:02:00,10/12,정상운전검사,341.57,5.0,3000.0,15000.0,18000.0,0.6063760175128937,0.6158854538416734,29.220000000000255,2575.8,2521.58,37.378,440.571,9671.539,5328.461,5114.984,15000.0,99.00100000000003
2025-10-12 20:03:00,10/12,정상운전검사,341.57,5.0,3000.0,15000.0,18000.0,0.6063760175128937,0.6158854538416734,29.220000000000255,2575.8,2521.58,37.378,440.571,9671.539,5328.461,5114.984,15000.0,99.00100000000003
2025-10-12 20:04:00,10/12,정상운전검사,341.57,5.0,3000.0,15000.0,18000.0,0.6063760175128937,0.6158854538416734,29.220000000000255,2575.8,2521.58,37.378,440.571,9671.539,5328.461,5114.984,15000.0,99.00100000000003
2025-10-12 20:05:00,10/12,정상운전검사,341.57,5.0,3000.0,15000.0,18000.0,0.6063760175128937,0.6158854538416734,29.220000000000255,2575.8,2521.58,37.378,440.571,9671.539,5328.461,5114.984,15000.0,99.00100000000003
2025-10-12 20:06:00,10/12,정상운전검사,341.57,5.0,3000.0,15000.0,18000.0,0.6063760175128937,0.6158854538416734,29.220000000000255,2575.8,2521.58,37.378,440.571,9671.539,5328.461,5114.984,15000.0,99.00100000000003
2025-10-12 20:07:00,10/12,정상운전검사,341.57,5.0,3000.0,15000.0,18000.0,0.6063760175128937,0.6158854538416734,29.220000000000255,2575.8,2521.58,37.378,440.571,9671.539,5328.461,5114.984,15000.0,99.00100000000003
2025-10-12 20:08:00,10/12,정상운전검사,341.57,5.0,3000.0,15000.0,18000.0,0.6063760175128937,0.6158854538416734,29.220000000000255,2575.8,2521.58,37.378,440.571,9671.539,5328.461,5114.984,15000.0,99.00100000000003
2025-10-12 20:09:00,10/12,정상운전검사,341.57,5.0,3000.0,15000.0,18000.0,0.6063760175128937,0.6158854538416734,29.220000000000255,2575.8,2521.58,37.378,440.571,9671.539,5328.461,5114.984,15000.0,99.00100000000003
2025-10-12 20:10:00,10/12,정상운전검사,341.57,5.0,3000.0,15000.0,18000.0,0.6063760175128937,0.6158854538416734,29.220000000000255,2575.8,2521.58,37.378,440.571,9671.539,5328.461,5114.984,15000.0,99.00100000000003
2025-10-12 20:11:00,10/12,정상운전검사,341.57,5.0,3000.0,15000.0,18000.0,0.6063760175128937,0.6158854538416734,29.220000000000255,2575.8,2521.58,37.378,440.571,9671.539,5328.461,5114.984,15000.0,99.00100000000003
2025-10-12 20:12:00,10/12,정상운전검사,341.57,5.0,3000.0,15000.0,18000.0,0.6063760175128937,0.6158854538416734,29.220000000000255,2575.8,2521.58,37.378,440.571,9671.539,5328.461,5114.984,15000.0,99.00100000000003
2025-10-12 20:13:00,10/12,정상운전검사,341.57,5.0,3000.0,15000.0,18000.0,0.6063760175128937,0.6158854538416734,29.220000000000255,2575.8,2521.58,37.378,440.571,9671.539,5328.461,5114.984,15000.0,99.00100000000003
2025-10-12 20:14:00,10/12,정상운전검사,341.57,5.0,3000.0,15000.0,18000.0,0.6063760175128937,0.6158854538416734,29.220000000000255,2575.8,2521.58,37.378,440.571,9671.539,5328.461,5114.984,15000.0,99.00100000000003
2025-10-12 20:15:00,10/12,정상운전검사,341.57,5.0,3000.0,15000.0,18000.0,0.6063760175128937,0.6158854538416734,29.220000000000255,2575.8,2521.58,37.378,440.571,9671.539,5328.461,5114.984,15000.0,99.00100000000003
2025-10-12 20:16:00,10/12,정상운전검사,341.57,5.0,3000.0,15000.0,18000.0,0.6063760175128937,0.6158854538416734,29.220000000000255,2575.8,2521.58,37.378,440.571,9671.539,5328.461,5114.984,15000.0,99.00100000000003
2025-10-12 20:17:00,10/12,정상운전검사,341.57,5.0,3000.0,15000.0,18000.0,0.6063760175128937,0.6158854538416734,29.220000000000255,2575.8,2521.58,37.378,440.571,9671.539,5328.461,5114.984,15000.0,99.00100000000003
2025-10-12 20:18:00,10/12,정상운전검사,341.57,5.0,3000.0,15000.0,18000.0,0.6063760175128937,0.6158854538416734,29.220000000000255,2575.8,2521.58,37.378,440.571,9671.539,5328.461,5114.984,15000.0,99.00100000000003
2025-10-12 20:19:00,10/12,정상운전검사,341.57,5.0,3000.0,15000.0,18000.0,0.6063760175128937,0.6158854538416734,29.220000000000255,2575.8,2521.58,37.378,440.571,9671.539,5328.461,5114.984,15000.0,99.00100000000003
2025-10-12 20:20:00,10/12,정상운전검사,341.57,5.0,3000.0,15000.0,18000.0,0.6063760175128937,0.6158854538416734,29.220000000000255,2575.8,2521.58,37.378,440.571,9671.539,5328.461,5114.984,15000.0,99.00100000000003
2025-10-12 20:21:00,10/12,정상운전검사,341.57,5.0,3000.0,15000.0,18000.0,0.6063760175128937,0.6158854538416734,29.220000000000255,2575.8,2521.58,37.378,440.571,9671.539,5328.461,5114.984,15000.0,99.00100000000003
2025-10-12 20:22:00,10/12,정상운전검사,341.57,5.0,3000.0,15000.0,18000.0,0.6063760175128937,0.6158854538416734,29.220000000000255,2575.8,2521.58,37.378,440.571,9671.539,5328.461,5114.984,15000.0,99.00100000000003
2025-10-12 20:23:00,10/12,정상운전검사,341.57,5.0,3000.0,15000.0,18000.0,0.6063760175128937,0.6158854538416734,29.220000000000255,2575.8,2521.58,37.378,440.571,9671.539,5328.461,5114.984,15000.0,99.00100000000003
2025-10-12 20:24:00,10/12,정상운전검사,341.57,5.0,3000.0,15000.0,18000.0,0.6063760175128937,0.6158854538416734,29.220000000000255,2575.8,2521.58,37.378,440.571,9671.539,5328.461,5114.984,15000.0,99.00100000000003
2025-10-12 20:25:00,10/12,정상운전검사,341.57,5.0,3000.0,15000.0,18000.0,0.6063760175128937,0.6158854538416734,29.220000000000255,2575.8,2521.58,37.378,440.571,9671.539,5328.461,5114.984,15000.0,99.00100000000003
2025-10-12 20:26:00,10/12,정상운전검사,341.57,5.0,3000.0,15000.0,18000.0,0.6063760175128937,0.6158854538416734,29.220000000000255,2575.8,2521.58,37.378,440.571,9671.539,5328.461,5114.984,15000.0,99.00100000000003
2025-10-12 20:27:00,10/12,정상운전검사,341.57,5.0,3000.0,15000.0,18000.0,0.6063760175128937,0.6158854538416734,29.220000000000255,2575.8,2521.58,37.378,440.571,9671.539,5328.461,5114.984,15000.0,99.00100000000003
2025-10-12 20:28:00,10/12,정상운전검사,341.57,5.0,3000.0,15000.0,18000.0,0.6063760175128937,0.6158854538416734,29.220000000000255,2575.8,2521.58,37.378,440.571,9671.539,5328.461,5114.984,15000.0,99.00100000000003
2025-10-12 20:29:00,10/12,정상운전검사,341.57,5.0,3000.0,15000.0,18000.0,0.6063760175128937,0.6158854538416734,29.220000000000255,2575.8,2521.58,37.378,440.571,9671.539,5328.461,5114.984,15000.0,99.00100000000003
2025-10-12 20:30:00,10/12,정상운전검사,341.57,5.0,3000.0,15000.0,18000.0,0.6063760175128937,0.6158854538416734,29.220000000000255,2575.8,2521.58,37.378,440.571,9671.539,5328.461,5114.984,15000.0,99.00100000000003
2025-10-12 20:31:00,10/12,정상운전검사,341.57,5.0,3000.0,15000.0,18000.0,0.6063760175128937,0.6158854538416734,29.220000000000255,2575.8,2521.58,37.378,440.571,9671.539,5328.461,5114.984,15000.0,99.00100000000003
2025-10-12 20:32:00,10/12,정상운전검사,341.57,5.0,3000.0,15000.0,18000.0,0.6063760175128937,0.6158854538416734,29.220000000000255,2575.8,2521.58,37.378,440.571,9671.539,5328.461,5114.984,15000.0,99.00100000000003
2025-10-12 20:33:00,10/12,정상운전검사,341.57,5.0,3000.0,15000.0,18000.0,0.6063760175128937,0.6158854538416734,29.220000000000255,2575.8,2521.58,37.378,440.571,9671.539,5328.461,5114.984,15000.0,99.00100000000003
2025-10-12 20:34:00,10/12,정상운전검사,341.57,5.0,3000.0,15000.0,18000.0,0.6063760175128937,0.6158854538416734,29.220000000000255,2575.8,2521.58,37.378,440.571,9671.539,5328.461,5114.984,15000.0,99.00100000000003
2025-10-12 20:35:00,10/12,정상운전검사,341.57,5.0,3000.0,15000.0,18000.0,0.6063760175128937,0.6158854538416734,29.220000000000255,2575.8,2521.58,37.378,440.571,9671.539,5328.461,5114.984,15000.0,99.00100000000003
2025-10-12 20:36:00,10/12,정상운전검사,341.57,5.0,3000.0,15000.0,18000.0,0.6063760175128937,0.6158854538416734,29.220000000000255,2575.8,2521.58,37.378,440.571,9671.539,5328.461,5114.984,15000.0,99.00100000000003
2025-10-12 20:37:00,10/12,정상운전검사,341.57,5.0,3000.0,15000.0,18000.0,0.6063760175128937,0.6158854538416734,29.220000000000255,2575.8,2521.58,37.378,440.571,9671.539,5328.461,5114.984,15000.0,99.00100000000003
2025-10-12 20:38:00,10/12,정상운전검사,341.57,5.0,3000.0,15000.0,18000.0,0.6063760175128937,0.6158854538416734,29.220000000000255,2575.8,2521.58,37.378,440.571,9671.539,5328.461,5114.984,15000.0,99.00100000000003
2025-10-12 20:39:00,10/12,정상운전검사,341.57,5.0,3000.0,15000.0,18000.0,0.6063760175128937,0.6158854538416734,29.220000000000255,2575.8,2521.58,37.378,440.571,9671.539,5328.461,5114.984,15000.0,99.00100000000003
2025-10-12 20:40:00,10/12,정상운전검사,341.57,5.0,3000.0,15000.0,18000.0,0.6063760175128937,0.6158854538416734,29.220000000000255,2575.8,2521.58,37.378,440.571,9671.539,5328.461,5114.984,15000.0,99.00100000000003
2025-10-12 20:41:00,10/12,정상운전검사,341.57,5.0,3000.0,15000.0,18000.0,0.6063760175128937,0.6158854538416734,29.220000000000255,2575.8,2521.58,37.378,440.571,9671.539,5328.461,5114.984,15000.0,99.00100000000003
2025-10-12 20:42:00,10/12,정상운전검사,341.57,5.0,3000.0,15000.0,18000.0,0.6063760175128937,0.6158854538416734,29.220000000000255,2575.8,2521.58,37.378,440.571,9671.539,5328.461,5114.984,15000.0,99.00100000000003
2025-10-12 20:43:00,10/12,정상운전검사,341.57,5.0,3000.0,15000.0,18000.0,0.6063760175128937,0.6158854538416734,29.220000000000255,2575.8,2521.58,37.378,440.571,9671.539,5328.461,5114.984,15000.0,99.00100000000003
2025-10-12 20:44:00,10/12,정상운전검사,341.57,5.0,3000.0,15000.0,18000.0,0.6063760175128937,0.6158854538416734,29.220000000000255,2575.8,2521.58,37.378,440.571,9671.539,5328.461,5114.984,15000.0,99.00100000000003
2025-10-12 20:45:00,10/12,정상운전검사,341.57,5.0,3000.0,15000.0,18000.0,0.6063760175128937,0.6158854538416734,29.220000000000255,2575.8,2521.58,37.378,440.571,9671.539,5328.461,5114.984,15000.0,99.00100000000003
2025-10-12 20:46:00,10/12,정상운전검사,341.57,5.0,3000.0,15000.0,18000.0,0.6063760175128937,0.6158854538416734,29.220000000000255,2575.8,2521.58,37.378,440.571,9671.539,5328.461,5114.984,15000.0,99.00100000000003
2025-10-12 20:47:00,10/12,정상운전검사,341.57,5.0,3000.0,15000.0,18000.0,0.6063760175128937,0.6158854538416734,29.220000000000255,2575.8,2521.58,37.378,440.571,9671.539,5328.461,5114.984,15000.0,99.00100000000003
2025-10-12 20:48:00,10/12,정상운전검사,341.57,5.0,3000.0,15000.0,18000.0,0.6063760175128937,0.6158854538416734,29.220000000000255,2575.8,2521.58,37.378,440.571,9671.539,5328.461,5114.984,15000.0,99.00100000000003
2025-10-12 20:49:00,10/12,정상운전검사,341.57,5.0,3000.0,15000.0,18000.0,0.6063760175128937,0.6158854538416734,29.220000000000255,2575.8,2521.58,37.378,440.571,9671.539,5328.461,5114.984,15000.0,99.00100000000003
2025-10-12 20:50:00,10/12,정상운전검사,341.57,5.0,3000.0,15000.0,18000.0,0.6063760175128937,0.6158854538416734,29.220000000000255,2575.8,2521.58,37.378,440.571,9671.539,5328.461,5114.984,15000.0,99.00100000000003
2025-10-12 20:51:00,10/12,정상운전검사,341.57,5.0,3000.0,15000.0,18000.0,0.6063760175128937,0.6158854538416734,29.220000000000255,2575.8,2521.58,37.378,440.571,9671.539,5328.461,5114.984,15000.0,99.00100000000003
2025-10-12 20:52:00,10/12,정상운전검사,341.57,5.0,3000.0,15000.0,18000.0,0.6063760175128937,0.6158854538416734,29.220000000000255,2575.8,2521.58,37.378,440.571,9671.539,5328.461,5114.984,15000.0,99.00100000000003
2025-10-12 20:53:00,10/12,정상운전검사,341.57,5.0,3000.0,15000.0,18000.0,0.6063760175128937,0.6158854538416734,29.220000000000255,2575.8,2521.58,37.378,440.571,9671.539,5328.461,5114.984,15000.0,99.00100000000003
2025-10-12 20:54:00,10/12,정상운전검사,341.57,5.0,3000.0,15000.0,18000.0,0.6063760175128937,0.6158854538416734,29.220000000000255,2575.8,2521.58,37.378,440.571,9671.539,5328.461,5114.984,15000.0,99.00100000000003
2025-10-12 20:55:00,10/12,정상운전검사,341.57,5.0,3000.0,15000.0,18000.0,0.6063760175128937,0.6158854538416734,29.220000000000255,2575.8,2521.58,37.378,440.571,9671.539,5328.461,5114.984,15000.0,99.00100000000003
2025-10-12 20:56:00,10/12,정상운전검사,341.57,5.0,3000.0,15000.0,18000.0,0.6063760175128937,0.6158854538416734,29.220000000000255,2575.8,2521.58,37.378,440.571,9671.539,5328.461,5114.984,15000.0,99.00100000000003
2025-10-12 20:57:00,10/12,정상운전검사,341.57,5.0,3000.0,15000.0,18000.0,0.6063760175128937,0.6158854538416734,29.220000000000255,2575.8,2521.58,37.378,440.571,9671.539,5328.461,5114.984,15000.0,99.00100000000003
2025-10-12 20:58:00,10/12,정상운전검사,341.57,5.0,3000.0,15000.0,18000.0,0.6063760175128937,0.6158854538416734,29.220000000000255,2575.8,2521.58,37.378,440.571,9671.539,5328.461,5114.984,15000.0,99.00100000000003
2025-10-12 20:59:00,10/12,정상운전검사,341.57,5.0,3000.0,15000.0,18000.0,0.6063760175128937,0.6158854538416734,29.220000000000255,2575.8,2521.58,37.378,440.571,9671.539,5328.461,5114.984,15000.0,99.00100000000003
2025-10-12 21:00:00,10/12,정상운전검사,341.57,5.0,3000.0,15000.0,18000.0,0.6063760175128937,0.6158854538416734,29.220000000000255,2575.8,2521.58,37.378,440.571,9671.539,5328.461,5114.984,15000.0,99.00100000000003
2025-10-12 21:01:00,10/12,정상운전검사,341.57,5.0,3000.0,15000.0,18000.0,0.6063760175128937,0.6158854538416734,29.220000000000255,2575.8,2521.58,37.378,440.571,9671.539,5328.461,5114.984,15000.0,99.00100000000003
2025-10-12 21:02:00,10/12,정상운전검사,341.57,5.0,3000.0,15000.0,18000.0,0.6063760175128937,0.6158854538416734,29.220000000000255,2575.8,2521.58,37.378,440.571,9671.539,5328.461,5114.984,15000.0,99.00100000000003
2025-10-12 21:03:00,10/12,정상운전검사,341.57,5.0,3000.0,15000.0,18000.0,0.6063760175128937,0.6158854538416734,29.220000000000255,2575.8,2521.58,37.378,440.571,9671.539,5328.461,5114.984,15000.0,99.00100000000003
2025-10-12 21:04:00,10/12,정상운전검사,341.57,5.0,3000.0,15000.0,18000.0,0.6063760175128937,0.6158854538416734,29.220000000000255,2575.8,2521.58,37.378,440.571,9671.539,5328.461,5114.984,15000.0,99.00100000000003
2025-10-12 21:05:00,10/12,정상운전검사,341.57,5.0,3000.0,15000.0,18000.0,0.6063760175128937,0.6158854538416734,29.220000000000255,2575.8,2521.58,37.378,440.571,9671.539,5328.461,5114.984,15000.0,99.00100000000003
2025-10-12 21:06:00,10/12,정상운전검사,341.57,5.0,3000.0,15000.0,18000.0,0.6063760175128937,0.6158854538416734,29.220000000000255,2575.8,2521.58,37.378,440.571,9671.539,5328.461,5114.984,15000.0,99.00100000000003
2025-10-12 21:07:00,10/12,정상운전검사,341.57,5.0,3000.0,15000.0,18000.0,0.6063760175128937,0.6158854538416734,29.220000000000255,2575.8,2521.58,37.378,440.571,9671.539,5328.461,5114.984,15000.0,99.00100000000003
2025-10-12 21:08:00,10/12,정상운전검사,341.57,5.0,3000.0,15000.0,18000.0,0.6063760175128937,0.6158854538416734,29.220000000000255,2575.8,2521.58,37.378,440.571,9671.539,5328.461,5114.984,15000.0,99.00100000000003
2025-10-12 21:09:00,10/12,정상운전검사,341.57,5.0,3000.0,15000.0,18000.0,0.6063760175128937,0.6158854538416734,29.220000000000255,2575.8,2521.58,37.378,440.571,9671.539,5328.461,5114.984,15000.0,99.00100000000003
2025-10-12 21:10:00,10/12,정상운전검사,341.57,5.0,3000.0,15000.0,18000.0,0.6063760175128937,0.6158854538416734,29.220000000000255,2575.8,2521.58,37.378,440.571,9671.539,5328.461,5114.984,15000.0,99.00100000000003
2025-10-12 21:11:00,10/12,정상운전검사,341.57,5.0,3000.0,15000.0,18000.0,0.6063760175128937,0.6158854538416734,29.220000000000255,2575.8,2521.58,37.378,440.571,9671.539,5328.461,5114.984,15000.0,99.00100000000003
2025-10-12 21:12:00,10/12,정상운전검사,341.57,5.0,3000.0,15000.0,18000.0,0.6063760175128937,0.6158854538416734,29.220000000000255,2575.8,2521.58,37.378,440.571,9671.539,5328.461,5114.984,15000.0,99.00100000000003
2025-10-12 21:13:00,10/12,정상운전검사,341.57,5.0,3000.0,15000.0,18000.0,0.6063760175128937,0.6158854538416734,29.220000000000255,2575.8,2521.58,37.378,440.571,9671.539,5328.461,5114.984,15000.0,99.00100000000003
2025-10-12 21:14:00,10/12,정상운전검사,341.57,5.0,3000.0,15000.0,18000.0,0.6063760175128937,0.6158854538416734,29.220000000000255,2575.8,2521.58,37.378,440.571,9671.539,5328.461,5114.984,15000.0,99.00100000000003
2025-10-12 21:15:00,10/12,정상운전검사,341.57,5.0,3000.0,15000.0,18000.0,0.6063760175128937,0.6158854538416734,29.220000000000255,2575.8,2521.58,37.378,440.571,9671.539,5328.461,5114.984,15000.0,99.00100000000003
2025-10-12 21:16:00,10/12,정상운전검사,341.57,5.0,3000.0,15000.0,18000.0,0.6063760175128937,0.6158854538416734,29.220000000000255,2575.8,2521.58,37.378,440.571,9671.539,5328.461,5114.984,15000.0,99.00100000000003
2025-10-12 21:17:00,10/12,정상운전검사,341.57,5.0,3000.0,15000.0,18000.0,0.6063760175128937,0.6158854538416734,29.220000000000255,2575.8,2521.58,37.378,440.571,9671.539,5328.461,5114.984,15000.0,99.00100000000003
2025-10-12 21:18:00,10/12,정상운전검사,341.57,5.0,3000.0,15000.0,18000.0,0.6063760175128937,0.6158854538416734,29.220000000000255,2575.8,2521.58,37.378,440.571,9671.539,5328.461,5114.984,15000.0,99.00100000000003
2025-10-12 21:19:00,10/12,정상운전검사,341.57,5.0,3000.0,15000.0,18000.0,0.6063760175128937,0.6158854538416734,29.220000000000255,2575.8,2521.58,37.378,440.571,9671.539,5328.461,5114.984,15000.0,99.00100000000003
2025-10-12 21:20:00,10/12,정상운전검사,341.57,5.0,3000.0,15000.0,18000.0,0.6063760175128937,0.6158854538416734,29.220000000000255,2575.8,2521.58,37.378,440.571,9671.539,5328.461,5114.984,15000.0,99.00100000000003
2025-10-12 21:21:00,10/12,정상운전검사,341.57,5.0,3000.0,15000.0,18000.0,0.6063760175128937,0.6158854538416734,29.220000000000255,2575.8,2521.58,37.378,440.571,9671.539,5328.461,5114.984,15000.0,99.00100000000003
2025-10-12 21:22:00,10/12,정상운전검사,341.57,5.0,3000.0,15000.0,18000.0,0.6063760175128937,0.6158854538416734,29.220000000000255,2575.8,2521.58,37.378,440.571,9671.539,5328.461,5114.984,15000.0,99.00100000000003
2025-10-12 21:23:00,10/12,정상운전검사,341.57,5.0,3000.0,15000.0,18000.0,0.6063760175128937,0.6158854538416734,29.220000000000255,2575.8,2521.58,37.378,440.571,9671.539,5328.461,5114.984,15000.0,99.00100000000003
2025-10-12 21:24:00,10/12,정상운전검사,341.57,5.0,3000.0,15000.0,18000.0,0.6063760175128937,0.6158854538416734,29.220000000000255,2575.8,2521.58,37.378,440.571,9671.539,5328.461,5114.984,15000.0,99.00100000000003
2025-10-12 21:25:00,10/12,정상운전검사,341.57,5.0,3000.0,15000.0,18000.0,0.6063760175128937,0.6158854538416734,29.220000000000255,2575.8,2521.58,37.378,440.571,9671.539,5328.461,5114.984,15000.0,99.00100000000003
2025-10-12 21:26:00,10/12,정상운전검사,341.57,5.0,3000.0,15000.0,18000.0,0.6063760175128937,0.6158854538416734,29.220000000000255,2575.8,2521.58,37.378,440.571,9671.539,5328.461,5114.984,15000.0,99.00100000000003
2025-10-12 21:27:00,10/12,정상운전검사,341.57,5.0,3000.0,15000.0,18000.0,0.6063760175128937,0.6158854538416734,29.220000000000255,2575.8,2521.58,37.378,440.571,9671.539,5328.461,5114.984,15000.0,99.00100000000003
2025-10-12 21:28:00,10/12,정상운전검사,341.57,5.0,3000.0,15000.0,18000.0,0.6063760175128937,0.6158854538416734,29.220000000000255,2575.8,2521.58,37.378,440.571,9671.539,5328.461,5114.984,15000.0,99.00100000000003
2025-10-12 21:29:00,10/12,정상운전검사,341.57,5.0,3000.0,15000.0,18000.0,0.6063760175128937,0.6158854538416734,29.220000000000255,2575.8,2521.58,37.378,440.571,9671.539,5328.461,5114.984,15000.0,99.00100000000003
2025-10-12 21:30:00,10/12,정상운전검사,341.57,5.0,3000.0,15000.0,18000.0,0.6063760175128937,0.6158854538416734,29.220000000000255,2575.8,2521.58,37.378,440.571,9671.539,5328.461,5114.984,15000.0,99.00100000000003
2025-10-12 21:31:00,10/12,정상운전검사,341.57,5.0,3000.0,15000.0,18000.0,0.6063760175128937,0.6158854538416734,29.220000000000255,2575.8,2521.58,37.378,440.571,9671.539,5328.461,5114.984,15000.0,99.00100000000003
2025-10-12 21:32:00,10/12,정상운전검사,341.57,5.0,3000.0,15000.0,18000.0,0.6063760175128937,0.6158854538416734,29.220000000000255,2575.8,2521.58,37.378,440.571,9671.539,5328.461,5114.984,15000.0,99.00100000000003
2025-10-12 21:33:00,10/12,정상운전검사,341.57,5.0,3000.0,15000.0,18000.0,0.6063760175128937,0.6158854538416734,29.220000000000255,2575.8,2521.58,37.378,440.571,9671.539,5328.461,5114.984,15000.0,99.00100000000003
2025-10-12 21:34:00,10/12,정상운전검사,341.57,5.0,3000.0,15000.0,18000.0,0.6063760175128937,0.6158854538416734,29.220000000000255,2575.8,2521.58,37.378,440.571,9671.539,5328.461,5114.984,15000.0,99.00100000000003
2025-10-12 21:35:00,10/12,정상운전검사,341.57,5.0,3000.0,15000.0,18000.0,0.6063760175128937,0.6158854538416734,29.220000000000255,2575.8,2521.58,37.378,440.571,9671.539,5328.461,5114.984,15000.0,99.00100000000003
2025-10-12 21:36:00,10/12,정상운전검사,341.57,5.0,3000.0,15000.0,18000.0,0.6063760175128937,0.6158854538416734,29.220000000000255,2575.8,2521.58,37.378,440.571,9671.539,5328.461,5114.984,15000.0,99.00100000000003
2025-10-12 21:37:00,10/12,정상운전검사,341.57,5.0,3000.0,15000.0,18000.0,0.6063760175128937,0.6158854538416734,29.220000000000255,2575.8,2521.58,37.378,440.571,9671.539,5328.461,5114.984,15000.0,99.00100000000003
2025-10-12 21:38:00,10/12,정상운전검사,341.57,5.0,3000.0,15000.0,18000.0,0.6063760175128937,0.6158854538416734,29.220000000000255,2575.8,2521.58,37.378,440.571,9671.539,5328.461,5114.984,15000.0,99.00100000000003
2025-10-12 21:39:00,10/12,정상운전검사,341.57,5.0,3000.0,15000.0,18000.0,0.6063760175128937,0.6158854538416734,29.220000000000255,2575.8,2521.58,37.378,440.571,9671.539,5328.461,5114.984,15000.0,99.00100000000003
2025-10-12 21:40:00,10/12,정상운전검사,341.57,5.0,3000.0,15000.0,18000.0,0.6063760175128937,0.6158854538416734,29.220000000000255,2575.8,2521.58,37.378,440.571,9671.539,5328.461,5114.984,15000.0,99.00100000000003
2025-10-12 21:41:00,10/12,정상운전검사,341.57,5.0,3000.0,15000.0,18000.0,0.6063760175128937,0.6158854538416734,29.220000000000255,2575.8,2521.58,37.378,440.571,9671.539,5328.461,5114.984,15000.0,99.00100000000003
2025-10-12 21:42:00,10/12,정상운전검사,341.57,5.0,3000.0,15000.0,18000.0,0.6063760175128937,0.6158854538416734,29.220000000000255,2575.8,2521.58,37.378,440.571,9671.539,5328.461,5114.984,15000.0,99.00100000000003
2025-10-12 21:43:00,10/12,정상운전검사,341.57,5.0,3000.0,15000.0,18000.0,0.6063760175128937,0.6158854538416734,29.220000000000255,2575.8,2521.58,37.378,440.571,9671.539,5328.461,5114.984,15000.0,99.00100000000003
2025-10-12 21:44:00,10/12,정상운전검사,341.57,5.0,3000.0,15000.0,18000.0,0.6063760175128937,0.6158854538416734,29.220000000000255,2575.8,2521.58,37.378,440.571,9671.539,5328.461,5114.984,15000.0,99.00100000000003
2025-10-12 21:45:00,10/12,정상운전검사,341.57,5.0,3000.0,15000.0,18000.0,0.6063760175128937,0.6158854538416734,29.220000000000255,2575.8,2521.58,37.378,440.571,9671.539,5328.461,5114.984,15000.0,99.00100000000003
2025-10-12 21:46:00,10/12,정상운전검사,341.57,5.0,3000.0,15000.0,18000.0,0.6063760175128937,0.6158854538416734,29.220000000000255,2575.8,2521.58,37.378,440.571,9671.539,5328.461,5114.984,15000.0,99.00100000000003
2025-10-12 21:47:00,10/12,정상운전검사,341.57,5.0,3000.0,15000.0,18000.0,0.6063760175128937,0.6158854538416734,29.220000000000255,2575.8,2521.58,37.378,440.571,9671.539,5328.461,5114.984,15000.0,99.00100000000003
2025-10-12 21:48:00,10/12,정상운전검사,341.57,5.0,3000.0,15000.0,18000.0,0.6063760175128937,0.6158854538416734,29.220000000000255,2575.8,2521.58,37.378,440.571,9671.539,5328.461,5114.984,15000.0,99.00100000000003
2025-10-12 21:49:00,10/12,정상운전검사,341.57,5.0,3000.0,15000.0,18000.0,0.6063760175128937,0.6158854538416734,29.220000000000255,2575.8,2521.58,37.378,440.571,9671.539,5328.461,5114.984,15000.0,99.00100000000003
2025-10-12 21:50:00,10/12,정상운전검사,341.57,5.0,3000.0,15000.0,18000.0,0.6063760175128937,0.6158854538416734,29.220000000000255,2575.8,2521.58,37.378,440.571,9671.539,5328.461,5114.984,15000.0,99.00100000000003
2025-10-12 21:51:00,10/12,정상운전검사,341.57,5.0,3000.0,15000.0,18000.0,0.6063760175128937,0.6158854538416734,29.220000000000255,2575.8,2521.58,37.378,440.571,9671.539,5328.461,5114.984,15000.0,99.00100000000003
2025-10-12 21:52:00,10/12,정상운전검사,341.57,5.0,3000.0,15000.0,18000.0,0.6063760175128937,0.6158854538416734,29.220000000000255,2575.8,2521.58,37.378,440.571,9671.539,5328.461,5114.984,15000.0,99.00100000000003
2025-10-12 21:53:00,10/12,정상운전검사,341.57,5.0,3000.0,15000.0,18000.0,0.6063760175128937,0.6158854538416734,29.220000000000255,2575.8,2521.58,37.378,440.571,9671.539,5328.461,5114.984,15000.0,99.00100000000003
2025-10-12 21:54:00,10/12,정상운전검사,341.57,5.0,3000.0,15000.0,18000.0,0.6063760175128937,0.6158854538416734,29.220000000000255,2575.8,2521.58,37.378,440.571,9671.539,5328.461,5114.984,15000.0,99.00100000000003
2025-10-12 21:55:00,10/12,정상운전검사,341.57,5.0,3000.0,15000.0,18000.0,0.6063760175128937,0.6158854538416734,29.220000000000255,2575.8,2521.58,37.378,440.571,9671.539,5328.461,5114.984,15000.0,99.00100000000003
2025-10-12 21:56:00,10/12,정상운전검사,341.57,5.0,3000.0,15000.0,18000.0,0.6063760175128937,0.6158854538416734,29.220000000000255,2575.8,2521.58,37.378,440.571,9671.539,5328.461,5114.984,15000.0,99.00100000000003
2025-10-12 21:57:00,10/12,정상운전검사,341.57,5.0,3000.0,15000.0,18000.0,0.6063760175128937,0.6158854538416734,29.220000000000255,2575.8,2521.58,37.378,440.571,9671.539,5328.461,5114.984,15000.0,99.00100000000003
2025-10-12 21:58:00,10/12,정상운전검사,341.57,5.0,3000.0,15000.0,18000.0,0.6063760175128937,0.6158854538416734,29.220000000000255,2575.8,2521.58,37.378,440.571,9671.539,5328.461,5114.984,15000.0,99.00100000000003
2025-10-12 21:59:00,10/12,정상운전검사,341.57,5.0,3000.0,15000.0,18000.0,0.6063760175128937,0.6158854538416734,29.220000000000255,2575.8,2521.58,37.378,440.571,9671.539,5328.461,5114.984,15000.0,99.00100000000003
2025-10-12 22:00:00,10/12,정상운전검사,341.57,5.0,3000.0,15000.0,18000.0,0.6063760175128937,0.6158854538416734,29.220000000000255,2575.8,2521.58,37.378,440.571,9671.539,5328.461,5114.984,15000.0,99.00100000000003
2025-10-12 22:01:00,10/12,정상운전검사,341.57,5.0,3000.0,15000.0,18000.0,0.6063760175128937,0.6158854538416734,29.220000000000255,2575.8,2521.58,37.378,440.571,9671.539,5328.461,5114.984,15000.0,99.00100000000003
2025-10-12 22:02:00,10/12,정상운전검사,341.57,5.0,3000.0,15000.0,18000.0,0.6063760175128937,0.6158854538416734,29.220000000000255,2575.8,2521.58,37.378,440.571,9671.539,5328.461,5114.984,15000.0,99.00100000000003
2025-10-12 22:03:00,10/12,정상운전검사,341.57,5.0,3000.0,15000.0,18000.0,0.6063760175128937,0.6158854538416734,29.220000000000255,2575.8,2521.58,37.378,440.571,9671.539,5328.461,5114.984,15000.0,99.00100000000003
2025-10-12 22:04:00,10/12,정상운전검사,341.57,5.0,3000.0,15000.0,18000.0,0.6063760175128937,0.6158854538416734,29.220000000000255,2575.8,2521.58,37.378,440.571,9671.539,5328.461,5114.984,15000.0,99.00100000000003
2025-10-12 22:05:00,10/12,정상운전검사,341.57,5.0,3000.0,15000.0,18000.0,0.6063760175128937,0.6158854538416734,29.220000000000255,2575.8,2521.58,37.378,440.571,9671.539,5328.461,5114.984,15000.0,99.00100000000003
2025-10-12 22:06:00,10/12,정상운전검사,341.57,5.0,3000.0,15000.0,18000.0,0.6063760175128937,0.6158854538416734,29.220000000000255,2575.8,2521.58,37.378,440.571,9671.539,5328.461,5114.984,15000.0,99.00100000000003
2025-10-12 22:07:00,10/12,정상운전검사,341.57,5.0,3000.0,15000.0,18000.0,0.6063760175128937,0.6158854538416734,29.220000000000255,2575.8,2521.58,37.378,440.571,9671.539,5328.461,5114.984,15000.0,99.00100000000003
2025-10-12 22:08:00,10/12,정상운전검사,341.57,5.0,3000.0,15000.0,18000.0,0.6063760175128937,0.6158854538416734,29.220000000000255,2575.8,2521.58,37.378,440.571,9671.539,5328.461,5114.984,15000.0,99.00100000000003
2025-10-12 22:09:00,10/12,정상운전검사,341.57,5.0,3000.0,15000.0,18000.0,0.6063760175128937,0.6158854538416734,29.220000000000255,2575.8,2521.58,37.378,440.571,9671.539,5328.461,5114.984,15000.0,99.00100000000003
2025-10-12 22:10:00,10/12,정상운전검사,341.57,5.0,3000.0,15000.0,18000.0,0.6063760175128937,0.6158854538416734,29.220000000000255,2575.8,2521.58,37.378,440.571,9671.539,5328.461,5114.984,15000.0,99.00100000000003
2025-10-12 22:11:00,10/12,정상운전검사,341.57,5.0,3000.0,15000.0,18000.0,0.6063760175128937,0.6158854538416734,29.220000000000255,2575.8,2521.58,37.378,440.571,9671.539,5328.461,5114.984,15000.0,99.00100000000003
2025-10-12 22:12:00,10/12,정상운전검사,341.57,5.0,3000.0,15000.0,18000.0,0.6063760175128937,0.6158854538416734,29.220000000000255,2575.8,2521.58,37.378,440.571,9671.539,5328.461,5114.984,15000.0,99.00100000000003
2025-10-12 22:13:00,10/12,정상운전검사,341.57,5.0,3000.0,15000.0,18000.0,0.6063760175128937,0.6158854538416734,29.220000000000255,2575.8,2521.58,37.378,440.571,9671.539,5328.461,5114.984,15000.0,99.00100000000003
2025-10-12 22:14:00,10/12,정상운전검사,341.57,5.0,3000.0,15000.0,18000.0,0.6063760175128937,0.6158854538416734,29.220000000000255,2575.8,2521.58,37.378,440.571,9671.539,5328.461,5114.984,15000.0,99.00100000000003
2025-10-12 22:15:00,10/12,정상운전검사,341.57,5.0,3000.0,15000.0,18000.0,0.6063760175128937,0.6158854538416734,29.220000000000255,2575.8,2521.58,37.378,440.571,9671.539,5328.461,5114.984,15000.0,99.00100000000003
2025-10-12 22:16:00,10/12,정상운전검사,341.57,5.0,3000.0,15000.0,18000.0,0.6063760175128937,0.6158854538416734,29.220000000000255,2575.8,2521.58,37.378,440.571,9671.539,5328.461,5114.984,15000.0,99.00100000000003
2025-10-12 22:17:00,10/12,정상운전검사,341.57,5.0,3000.0,15000.0,18000.0,0.6063760175128937,0.6158854538416734,29.220000000000255,2575.8,2521.58,37.378,440.571,9671.539,5328.461,5114.984,15000.0,99.00100000000003
2025-10-12 22:18:00,10/12,정상운전검사,341.57,5.0,3000.0,15000.0,18000.0,0.6063760175128937,0.6158854538416734,29.220000000000255,2575.8,2521.58,37.378,440.571,9671.539,5328.461,5114.984,15000.0,99.00100000000003
2025-10-12 22:19:00,10/12,정상운전검사,341.57,5.0,3000.0,15000.0,18000.0,0.6063760175128937,0.6158854538416734,29.220000000000255,2575.8,2521.58,37.378,440.571,9671.539,5328.461,5114.984,15000.0,99.00100000000003
2025-10-12 22:20:00,10/12,정상운전검사,341.57,5.0,3000.0,15000.0,18000.0,0.6063760175128937,0.6158854538416734,29.220000000000255,2575.8,2521.58,37.378,440.571,9671.539,5328.461,5114.984,15000.0,99.00100000000003
2025-10-12 22:21:00,10/12,정상운전검사,341.57,5.0,3000.0,15000.0,18000.0,0.6063760175128937,0.6158854538416734,29.220000000000255,2575.8,2521.58,37.378,440.571,9671.539,5328.461,5114.984,15000.0,99.00100000000003
2025-10-12 22:22:00,10/12,정상운전검사,341.57,5.0,3000.0,15000.0,18000.0,0.6063760175128937,0.6158854538416734,29.220000000000255,2575.8,2521.58,37.378,440.571,9671.539,5328.461,5114.984,15000.0,99.00100000000003
2025-10-12 22:23:00,10/12,정상운전검사,341.57,5.0,3000.0,15000.0,18000.0,0.6063760175128937,0.6158854538416734,29.220000000000255,2575.8,2521.58,37.378,440.571,9671.539,5328.461,5114.984,15000.0,99.00100000000003
2025-10-12 22:24:00,10/12,정상운전검사,341.57,5.0,3000.0,15000.0,18000.0,0.6063760175128937,0.6158854538416734,29.220000000000255,2575.8,2521.58,37.378,440.571,9671.539,5328.461,5114.984,15000.0,99.00100000000003
2025-10-12 22:25:00,10/12,정상운전검사,341.57,5.0,3000.0,15000.0,18000.0,0.6063760175128937,0.6158854538416734,29.220000000000255,2575.8,2521.58,37.378,440.571,9671.539,5328.461,5114.984,15000.0,99.00100000000003
2025-10-12 22:26:00,10/12,정상운전검사,341.57,5.0,3000.0,15000.0,18000.0,0.6063760175128937,0.6158854538416734,29.220000000000255,2575.8,2521.58,37.378,440.571,9671.539,5328.461,5114.984,15000.0,99.00100000000003
2025-10-12 22:27:00,10/12,정상운전검사,341.57,5.0,3000.0,15000.0,18000.0,0.6063760175128937,0.6158854538416734,29.220000000000255,2575.8,2521.58,37.378,440.571,9671.539,5328.461,5114.984,15000.0,99.00100000000003
2025-10-12 22:28:00,10/12,정상운전검사,341.57,5.0,3000.0,15000.0,18000.0,0.6063760175128937,0.6158854538416734,29.220000000000255,2575.8,2521.58,37.378,440.571,9671.539,5328.461,5114.984,15000.0,99.00100000000003
2025-10-12 22:29:00,10/12,정상운전검사,341.57,5.0,3000.0,15000.0,18000.0,0.6063760175128937,0.6158854538416734,29.220000000000255,2575.8,2521.58,37.378,440.571,9671.539,5328.461,5114.984,15000.0,99.00100000000003
2025-10-12 22:30:00,10/12,정상운전검사,341.57,5.0,3000.0,15000.0,18000.0,0.6063760175128937,0.6158854538416734,29.220000000000255,2575.8,2521.58,37.378,440.571,9671.539,5328.461,5114.984,15000.0,99.00100000000003
2025-10-12 22:31:00,10/12,정상운전검사,341.57,5.0,3000.0,15000.0,18000.0,0.6063760175128937,0.6158854538416734,29.220000000000255,2575.8,2521.58,37.378,440.571,9671.539,5328.461,5114.984,15000.0,99.00100000000003
2025-10-12 22:32:00,10/12,정상운전검사,341.57,5.0,3000.0,15000.0,18000.0,0.6063760175128937,0.6158854538416734,29.220000000000255,2575.8,2521.58,37.378,440.571,9671.539,5328.461,5114.984,15000.0,99.00100000000003
2025-10-12 22:33:00,10/12,정상운전검사,341.57,5.0,3000.0,15000.0,18000.0,0.6063760175128937,0.6158854538416734,29.220000000000255,2575.8,2521.58,37.378,440.571,9671.539,5328.461,5114.984,15000.0,99.00100000000003
2025-10-12 22:34:00,10/12,정상운전검사,341.57,5.0,3000.0,15000.0,18000.0,0.6063760175128937,0.6158854538416734,29.220000000000255,2575.8,2521.58,37.378,440.571,9671.539,5328.461,5114.984,15000.0,99.00100000000003
2025-10-12 22:35:00,10/12,정상운전검사,341.57,5.0,3000.0,15000.0,18000.0,0.6063760175128937,0.6158854538416734,29.220000000000255,2575.8,2521.58,37.378,440.571,9671.539,5328.461,5114.984,15000.0,99.00100000000003
2025-10-12 22:36:00,10/12,정상운전검사,341.57,5.0,3000.0,15000.0,18000.0,0.6063760175128937,0.6158854538416734,29.220000000000255,2575.8,2521.58,37.378,440.571,9671.539,5328.461,5114.984,15000.0,99.00100000000003
2025-10-12 22:37:00,10/12,정상운전검사,341.57,5.0,3000.0,15000.0,18000.0,0.6063760175128937,0.6158854538416734,29.220000000000255,2575.8,2521.58,37.378,440.571,9671.539,5328.461,5114.984,15000.0,99.00100000000003
2025-10-12 22:38:00,10/12,정상운전검사,341.57,5.0,3000.0,15000.0,18000.0,0.6063760175128937,0.6158854538416734,29.220000000000255,2575.8,2521.58,37.378,440.571,9671.539,5328.461,5114.984,15000.0,99.00100000000003
2025-10-12 22:39:00,10/12,정상운전검사,341.57,5.0,3000.0,15000.0,18000.0,0.6063760175128937,0.6158854538416734,29.220000000000255,2575.8,2521.58,37.378,440.571,9671.539,5328.461,5114.984,15000.0,99.00100000000003
2025-10-12 22:40:00,10/12,정상운전검사,341.57,5.0,3000.0,15000.0,18000.0,0.6063760175128937,0.6158854538416734,29.220000000000255,2575.8,2521.58,37.378,440.571,9671.539,5328.461,5114.984,15000.0,99.00100000000003
2025-10-12 22:41:00,10/12,정상운전검사,341.57,5.0,3000.0,15000.0,18000.0,0.6063760175128937,0.6158854538416734,29.220000000000255,2575.8,2521.58,37.378,440.571,9671.539,5328.461,5114.984,15000.0,99.00100000000003
2025-10-12 22:42:00,10/12,정상운전검사,341.57,5.0,3000.0,15000.0,18000.0,0.6063760175128937,0.6158854538416734,29.220000000000255,2575.8,2521.58,37.378,440.571,9671.539,5328.461,5114.984,15000.0,99.00100000000003
2025-10-12 22:43:00,10/12,정상운전검사,341.57,5.0,3000.0,15000.0,18000.0,0.6063760175128937,0.6158854538416734,29.220000000000255,2575.8,2521.58,37.378,440.571,9671.539,5328.461,5114.984,15000.0,99.00100000000003
2025-10-12 22:44:00,10/12,정상운전검사,341.57,5.0,3000.0,15000.0,18000.0,0.6063760175128937,0.6158854538416734,29.220000000000255,2575.8,2521.58,37.378,440.571,9671.539,5328.461,5114.984,15000.0,99.00100000000003
2025-10-12 22:45:00,10/12,정상운전검사,341.57,5.0,3000.0,15000.0,18000.0,0.6063760175128937,0.6158854538416734,29.220000000000255,2575.8,2521.58,37.378,440.571,9671.539,5328.461,5114.984,15000.0,99.00100000000003
2025-10-12 22:46:00,10/12,정상운전검사,341.57,5.0,3000.0,15000.0,18000.0,0.6063760175128937,0.6158854538416734,29.220000000000255,2575.8,2521.58,37.378,440.571,9671.539,5328.461,5114.984,15000.0,99.00100000000003
2025-10-12 22:47:00,10/12,정상운전검사,341.57,5.0,3000.0,15000.0,18000.0,0.6063760175128937,0.6158854538416734,29.220000000000255,2575.8,2521.58,37.378,440.571,9671.539,5328.461,5114.984,15000.0,99.00100000000003
2025-10-12 22:48:00,10/12,정상운전검사,341.57,5.0,3000.0,15000.0,18000.0,0.6063760175128937,0.6158854538416734,29.220000000000255,2575.8,2521.58,37.378,440.571,9671.539,5328.461,5114.984,15000.0,99.00100000000003
2025-10-12 22:49:00,10/12,정상운전검사,341.57,5.0,3000.0,15000.0,18000.0,0.6063760175128937,0.6158854538416734,29.220000000000255,2575.8,2521.58,37.378,440.571,9671.539,5328.461,5114.984,15000.0,99.00100000000003
2025-10-12 22:50:00,10/12,정상운전검사,341.57,5.0,3000.0,15000.0,18000.0,0.6063760175128937,0.6158854538416734,29.220000000000255,2575.8,2521.58,37.378,440.571,9671.539,5328.461,5114.984,15000.0,99.00100000000003
2025-10-12 22:51:00,10/12,정상운전검사,341.57,5.0,3000.0,15000.0,18000.0,0.6063760175128937,0.6158854538416734,29.220000000000255,2575.8,2521.58,37.378,440.571,9671.539,5328.461,5114.984,15000.0,99.00100000000003
2025-10-12 22:52:00,10/12,정상운전검사,341.57,5.0,3000.0,15000.0,18000.0,0.6063760175128937,0.6158854538416734,29.220000000000255,2575.8,2521.58,37.378,440.571,9671.539,5328.461,5114.984,15000.0,99.00100000000003
2025-10-12 22:53:00,10/12,정상운전검사,341.57,5.0,3000.0,15000.0,18000.0,0.6063760175128937,0.6158854538416734,29.220000000000255,2575.8,2521.58,37.378,440.571,9671.539,5328.461,5114.984,15000.0,99.00100000000003
2025-10-12 22:54:00,10/12,정상운전검사,341.57,5.0,3000.0,15000.0,18000.0,0.6063760175128937,0.6158854538416734,29.220000000000255,2575.8,2521.58,37.378,440.571,9671.539,5328.461,5114.984,15000.0,99.00100000000003
2025-10-12 22:55:00,10/12,정상운전검사,341.57,5.0,3000.0,15000.0,18000.0,0.6063760175128937,0.6158854538416734,29.220000000000255,2575.8,2521.58,37.378,440.571,9671.539,5328.461,5114.984,15000.0,99.00100000000003
2025-10-12 22:56:00,10/12,정상운전검사,341.57,5.0,3000.0,15000.0,18000.0,0.6063760175128937,0.6158854538416734,29.220000000000255,2575.8,2521.58,37.378,440.571,9671.539,5328.461,5114.984,15000.0,99.00100000000003
2025-10-12 22:57:00,10/12,정상운전검사,341.57,5.0,3000.0,15000.0,18000.0,0.6063760175128937,0.6158854538416734,29.220000000000255,2575.8,2521.58,37.378,440.571,9671.539,5328.461,5114.984,15000.0,99.00100000000003
2025-10-12 22:58:00,10/12,정상운전검사,341.57,5.0,3000.0,15000.0,18000.0,0.6063760175128937,0.6158854538416734,29.220000000000255,2575.8,2521.58,37.378,440.571,9671.539,5328.461,5114.984,15000.0,99.00100000000003
2025-10-12 22:59:00,10/12,정상운전검사,341.57,5.0,3000.0,15000.0,18000.0,0.6063760175128937,0.6158854538416734,29.220000000000255,2575.8,2521.58,37.378,440.571,9671.539,5328.461,5114.984,15000.0,99.00100000000003
2025-10-12 23:00:00,10/12,정상운전검사,341.57,5.0,3000.0,15000.0,18000.0,0.6063760175128937,0.6158854538416734,29.220000000000255,2575.8,2521.58,37.378,440.571,9671.539,5328.461,5114.984,15000.0,99.00100000000003
2025-10-13 15:00:00,10/13,학습,341.57,5.0,3000.0,15000.0,18000.0,0.6063760371777527,0.6158854538416734,29.220000000000255,2575.8,2521.58,37.378,440.571,9671.519,5328.481,5115.005,15000.0,99.00100000000003
2025-10-13 15:01:00,10/13,학습,341.57,5.0,3000.0,15000.0,18000.0,0.6063760371777527,0.6158854538416734,29.220000000000255,2575.8,2521.58,37.378,440.571,9671.519,5328.481,5115.005,15000.0,99.00100000000003
2025-10-13 15:02:00,10/13,학습,341.57,5.0,3000.0,15000.0,18000.0,0.6063760371777527,0.6158854538416734,29.220000000000255,2575.8,2521.58,37.378,440.571,9671.519,5328.481,5115.005,15000.0,99.00100000000003
2025-10-13 15:03:00,10/13,학습,341.57,5.0,3000.0,15000.0,18000.0,0.6063760371777527,0.6158854538416734,29.220000000000255,2575.8,2521.58,37.378,440.571,9671.519,5328.481,5115.005,15000.0,99.00100000000003
2025-10-13 15:04:00,10/13,학습,341.57,5.0,3000.0,15000.0,18000.0,0.6063760371777527,0.6158854538416734,29.220000000000255,2575.8,2521.58,37.378,440.571,9671.519,5328.481,5115.005,15000.0,99.00100000000003
2025-10-13 15:05:00,10/13,학습,341.57,5.0,3000.0,15000.0,18000.0,0.6063760371777527,0.6158854538416734,29.220000000000255,2575.8,2521.58,37.378,440.571,9671.519,5328.481,5115.005,15000.0,99.00100000000003
2025-10-13 15:06:00,10/13,학습,341.57,5.0,3000.0,15000.0,18000.0,0.6063760371777527,0.6158854538416734,29.220000000000255,2575.8,2521.58,37.378,440.571,9671.519,5328.481,5115.005,15000.0,99.00100000000003
2025-10-13 15:07:00,10/13,학습,341.57,5.0,3000.0,15000.0,18000.0,0.6063760371777527,0.6158854538416734,29.220000000000255,2575.8,2521.58,37.378,440.571,9671.519,5328.481,5115.005,15000.0,99.00100000000003
2025-10-13 15:08:00,10/13,학습,341.57,5.0,3000.0,15000.0,18000.0,0.6063760371777527,0.6158854538416734,29.220000000000255,2575.8,2521.58,37.378,440.571,9671.519,5328.481,5115.005,15000.0,99.00100000000003
2025-10-13 15:09:00,10/13,학습,341.57,5.0,3000.0,15000.0,18000.0,0.6063760371777527,0.6158854538416734,29.220000000000255,2575.8,2521.58,37.378,440.571,9671.519,5328.481,5115.005,15000.0,99.00100000000003
2025-10-13 15:10:00,10/13,학습,341.57,5.0,3000.0,15000.0,18000.0,0.6063760371777527,0.6158854538416734,29.220000000000255,2575.8,2521.58,37.378,440.571,9671.519,5328.481,5115.005,15000.0,99.00100000000003
2025-10-13 15:11:00,10/13,학습,341.57,5.0,3000.0,15000.0,18000.0,0.6063760371777527,0.6158854538416734,29.220000000000255,2575.8,2521.58,37.378,440.571,9671.519,5328.481,5115.005,15000.0,99.00100000000003
2025-10-13 15:12:00,10/13,학습,341.57,5.0,3000.0,15000.0,18000.0,0.6063760371777527,0.6158854538416734,29.220000000000255,2575.8,2521.58,37.378,440.571,9671.519,5328.481,5115.005,15000.0,99.00100000000003
2025-10-13 15:13:00,10/13,학습,341.57,5.0,3000.0,15000.0,18000.0,0.6063760371777527,0.6158854538416734,29.220000000000255,2575.8,2521.58,37.378,440.571,9671.519,5328.481,5115.005,15000.0,99.00100000000003
2025-10-13 15:14:00,10/13,학습,341.57,5.0,3000.0,15000.0,18000.0,0.6063760371777527,0.6158854538416734,29.220000000000255,2575.8,2521.58,37.378,440.571,9671.519,5328.481,5115.005,15000.0,99.00100000000003
2025-10-13 15:15:00,10/13,학습,341.57,5.0,3000.0,15000.0,18000.0,0.6063760371777527,0.6158854538416734,29.220000000000255,2575.8,2521.58,37.378,440.571,9671.519,5328.481,5115.005,15000.0,99.00100000000003
2025-10-13 15:16:00,10/13,학습,341.57,5.0,3000.0,15000.0,18000.0,0.6063760371777527,0.6158854538416734,29.220000000000255,2575.8,2521.58,37.378,440.571,9671.519,5328.481,5115.005,15000.0,99.00100000000003
2025-10-13 15:17:00,10/13,학습,341.57,5.0,3000.0,15000.0,18000.0,0.6063760371777527,0.6158854538416734,29.220000000000255,2575.8,2521.58,37.378,440.571,9671.519,5328.481,5115.005,15000.0,99.00100000000003
2025-10-13 15:18:00,10/13,학습,341.57,5.0,3000.0,15000.0,18000.0,0.6063760371777527,0.6158854538416734,29.220000000000255,2575.8,2521.58,37.378,440.571,9671.519,5328.481,5115.005,15000.0,99.00100000000003
2025-10-13 15:19:00,10/13,학습,341.57,5.0,3000.0,15000.0,18000.0,0.6063760371777527,0.6158854538416734,29.220000000000255,2575.8,2521.58,37.378,440.571,9671.519,5328.481,5115.005,15000.0,99.00100000000003
2025-10-13 15:20:00,10/13,학습,341.57,5.0,3000.0,15000.0,18000.0,0.6063760371777527,0.6158854538416734,29.220000000000255,2575.8,2521.58,37.378,440.571,9671.519,5328.481,5115.005,15000.0,99.00100000000003
2025-10-13 15:21:00,10/13,학습,341.57,5.0,3000.0,15000.0,18000.0,0.6063760371777527,0.6158854538416734,29.220000000000255,2575.8,2521.58,37.378,440.571,9671.519,5328.481,5115.005,15000.0,99.00100000000003
2025-10-13 15:22:00,10/13,학습,341.57,5.0,3000.0,15000.0,18000.0,0.6063760371777527,0.6158854538416734,29.220000000000255,2575.8,2521.58,37.378,440.571,9671.519,5328.481,5115.005,15000.0,99.00100000000003
2025-10-13 15:23:00,10/13,학습,341.57,5.0,3000.0,15000.0,18000.0,0.6063760371777527,0.6158854538416734,29.220000000000255,2575.8,2521.58,37.378,440.571,9671.519,5328.481,5115.005,15000.0,99.00100000000003
2025-10-13 15:24:00,10/13,학습,341.57,5.0,3000.0,15000.0,18000.0,0.6063760371777527,0.6158854538416734,29.220000000000255,2575.8,2521.58,37.378,440.571,9671.519,5328.481,5115.005,15000.0,99.00100000000003
2025-10-13 15:25:00,10/13,학습,341.57,5.0,3000.0,15000.0,18000.0,0.6063760371777527,0.6158854538416734,29.220000000000255,2575.8,2521.58,37.378,440.571,9671.519,5328.481,5115.005,15000.0,99.00100000000003
2025-10-13 15:26:00,10/13,학습,341.57,5.0,3000.0,15000.0,18000.0,0.6063760371777527,0.6158854538416734,29.220000000000255,2575.8,2521.58,37.378,440.571,9671.519,5328.481,5115.005,15000.0,99.00100000000003
2025-10-13 15:27:00,10/13,학습,341.57,5.0,3000.0,15000.0,18000.0,0.6063760371777527,0.6158854538416734,29.220000000000255,2575.8,2521.58,37.378,440.571,9671.519,5328.481,5115.005,15000.0,99.00100000000003
2025-10-13 15:28:00,10/13,학습,341.57,5.0,3000.0,15000.0,18000.0,0.6063760371777527,0.6158854538416734,29.220000000000255,2575.8,2521.58,37.378,440.571,9671.519,5328.481,5115.005,15000.0,99.00100000000003
2025-10-13 15:29:00,10/13,학습,341.57,5.0,3000.0,15000.0,18000.0,0.6063760371777527,0.6158854538416734,29.220000000000255,2575.8,2521.58,37.378,440.571,9671.519,5328.481,5115.005,15000.0,99.00100000000003
2025-10-13 15:30:00,10/13,학습,341.57,5.0,3000.0,15000.0,18000.0,0.6063760371777527,0.6158854538416734,29.220000000000255,2575.8,2521.58,37.378,440.571,9671.519,5328.481,5115.005,15000.0,99.00100000000003
2025-10-13 15:31:00,10/13,학습,341.57,5.0,3000.0,15000.0,18000.0,0.6063760371777527,0.6158854538416734,29.220000000000255,2575.8,2521.58,37.378,440.571,9671.519,5328.481,5115.005,15000.0,99.00100000000003
2025-10-13 15:32:00,10/13,학습,341.57,5.0,3000.0,15000.0,18000.0,0.6063760371777527,0.6158854538416734,29.220000000000255,2575.8,2521.58,37.378,440.571,9671.519,5328.481,5115.005,15000.0,99.00100000000003
2025-10-13 15:33:00,10/13,학습,341.57,5.0,3000.0,15000.0,18000.0,0.6063760371777527,0.6158854538416734,29.220000000000255,2575.8,2521.58,37.378,440.571,9671.519,5328.481,5115.005,15000.0,99.00100000000003
2025-10-13 15:34:00,10/13,학습,341.57,5.0,3000.0,15000.0,18000.0,0.6063760371777527,0.6158854538416734,29.220000000000255,2575.8,2521.58,37.378,440.571,9671.519,5328.481,5115.005,15000.0,99.00100000000003
2025-10-13 15:35:00,10/13,학습,341.57,5.0,3000.0,15000.0,18000.0,0.6063760371777527,0.6158854538416734,29.220000000000255,2575.8,2521.58,37.378,440.571,9671.519,5328.481,5115.005,15000.0,99.00100000000003
2025-10-13 15:36:00,10/13,학습,341.57,5.0,3000.0,15000.0,18000.0,0.6063760371777527,0.6158854538416734,29.220000000000255,2575.8,2521.58,37.378,440.571,9671.519,5328.481,5115.005,15000.0,99.00100000000003
2025-10-13 15:37:00,10/13,학습,341.57,5.0,3000.0,15000.0,18000.0,0.6063760371777527,0.6158854538416734,29.220000000000255,2575.8,2521.58,37.378,440.571,9671.519,5328.481,5115.005,15000.0,99.00100000000003
2025-10-13 15:38:00,10/13,학습,341.57,5.0,3000.0,15000.0,18000.0,0.6063760371777527,0.6158854538416734,29.220000000000255,2575.8,2521.58,37.378,440.571,9671.519,5328.481,5115.005,15000.0,99.00100000000003
2025-10-13 15:39:00,10/13,학습,341.57,5.0,3000.0,15000.0,18000.0,0.6063760371777527,0.6158854538416734,29.220000000000255,2575.8,2521.58,37.378,440.571,9671.519,5328.481,5115.005,15000.0,99.00100000000003
2025-10-13 15:40:00,10/13,학습,341.57,5.0,3000.0,15000.0,18000.0,0.6063760371777527,0.6158854538416734,29.220000000000255,2575.8,2521.58,37.378,440.571,9671.519,5328.481,5115.005,15000.0,99.00100000000003
2025-10-13 15:41:00,10/13,학습,341.57,5.0,3000.0,15000.0,18000.0,0.6063760371777527,0.6158854538416734,29.220000000000255,2575.8,2521.58,37.378,440.571,9671.519,5328.481,5115.005,15000.0,99.00100000000003
2025-10-13 15:42:00,10/13,학습,341.57,5.0,3000.0,15000.0,18000.0,0.6063760371777527,0.6158854538416734,29.220000000000255,2575.8,2521.58,37.378,440.571,9671.519,5328.481,5115.005,15000.0,99.00100000000003
2025-10-13 15:43:00,10/13,학습,341.57,5.0,3000.0,15000.0,18000.0,0.6063760371777527,0.6158854538416734,29.220000000000255,2575.8,2521.58,37.378,440.571,9671.519,5328.481,5115.005,15000.0,99.00100000000003
2025-10-13 15:44:00,10/13,학습,341.57,5.0,3000.0,15000.0,18000.0,0.6063760371777527,0.6158854538416734,29.220000000000255,2575.8,2521.58,37.378,440.571,9671.519,5328.481,5115.005,15000.0,99.00100000000003
2025-10-13 15:45:00,10/13,학습,341.57,5.0,3000.0,15000.0,18000.0,0.6063760371777527,0.6158854538416734,29.220000000000255,2575.8,2521.58,37.378,440.571,9671.519,5328.481,5115.005,15000.0,99.00100000000003
2025-10-13 15:46:00,10/13,학습,341.57,5.0,3000.0,15000.0,18000.0,0.6063760371777527,0.6158854538416734,29.220000000000255,2575.8,2521.58,37.378,440.571,9671.519,5328.481,5115.005,15000.0,99.00100000000003
2025-10-13 15:47:00,10/13,학습,341.57,5.0,3000.0,15000.0,18000.0,0.6063760371777527,0.6158854538416734,29.220000000000255,2575.8,2521.58,37.378,440.571,9671.519,5328.481,5115.005,15000.0,99.00100000000003
2025-10-13 15:48:00,10/13,학습,341.57,5.0,3000.0,15000.0,18000.0,0.6063760371777527,0.6158854538416734,29.220000000000255,2575.8,2521.58,37.378,440.571,9671.519,5328.481,5115.005,15000.0,99.00100000000003
2025-10-13 15:49:00,10/13,학습,341.57,5.0,3000.0,15000.0,18000.0,0.6063760371777527,0.6158854538416734,29.220000000000255,2575.8,2521.58,37.378,440.571,9671.519,5328.481,5115.005,15000.0,99.00100000000003
2025-10-13 15:50:00,10/13,학습,341.57,5.0,3000.0,15000.0,18000.0,0.6063760371777527,0.6158854538416734,29.220000000000255,2575.8,2521.58,37.378,440.571,9671.519,5328.481,5115.005,15000.0,99.00100000000003
2025-10-13 15:51:00,10/13,학습,341.57,5.0,3000.0,15000.0,18000.0,0.6063760371777527,0.6158854538416734,29.220000000000255,2575.8,2521.58,37.378,440.571,9671.519,5328.481,5115.005,15000.0,99.00100000000003
2025-10-13 15:52:00,10/13,학습,341.57,5.0,3000.0,15000.0,18000.0,0.6063760371777527,0.6158854538416734,29.220000000000255,2575.8,2521.58,37.378,440.571,9671.519,5328.481,5115.005,15000.0,99.00100000000003
2025-10-13 15:53:00,10/13,학습,341.57,5.0,3000.0,15000.0,18000.0,0.6063760371777527,0.6158854538416734,29.220000000000255,2575.8,2521.58,37.378,440.571,9671.519,5328.481,5115.005,15000.0,99.00100000000003
2025-10-13 15:54:00,10/13,학습,341.57,5.0,3000.0,15000.0,18000.0,0.6063760371777527,0.6158854538416734,29.220000000000255,2575.8,2521.58,37.378,440.571,9671.519,5328.481,5115.005,15000.0,99.00100000000003
2025-10-13 15:55:00,10/13,학습,341.57,5.0,3000.0,15000.0,18000.0,0.6063760371777527,0.6158854538416734,29.220000000000255,2575.8,2521.58,37.378,440.571,9671.519,5328.481,5115.005,15000.0,99.00100000000003
2025-10-13 15:56:00,10/13,학습,341.57,5.0,3000.0,15000.0,18000.0,0.6063760371777527,0.6158854538416734,29.220000000000255,2575.8,2521.58,37.378,440.571,9671.519,5328.481,5115.005,15000.0,99.00100000000003
2025-10-13 15:57:00,10/13,학습,341.57,5.0,3000.0,15000.0,18000.0,0.6063760371777527,0.6158854538416734,29.220000000000255,2575.8,2521.58,37.378,440.571,9671.519,5328.481,5115.005,15000.0,99.00100000000003
2025-10-13 15:58:00,10/13,학습,341.57,5.0,3000.0,15000.0,18000.0,0.6063760371777527,0.6158854538416734,29.220000000000255,2575.8,2521.58,37.378,440.571,9671.519,5328.481,5115.005,15000.0,99.00100000000003
2025-10-13 15:59:00,10/13,학습,341.57,5.0,3000.0,15000.0,18000.0,0.6063760371777527,0.6158854538416734,29.220000000000255,2575.8,2521.58,37.378,440.571,9671.519,5328.481,5115.005,15000.0,99.00100000000003
2025-10-13 16:00:00,10/13,학습,341.657,4.994,3000.407,14985.083,17985.49,0.60622401251221,0.6156422721890389,29.188000000000102,2574.791,2520.603,37.361,440.565,9669.681,5328.332,5114.944,14985.083,98.90800000000002
2025-10-13 16:01:00,10/13,학습,341.917,4.985,2999.713,14954.201,17953.914,0.6058319003695866,0.6151334796637873,29.11200000000008,2571.353,2517.241,37.306,440.516,9656.99,5327.575,5112.318,14954.201,98.59900000000005
2025-10-13 16:02:00,10/13,학습,342.257,4.978,2996.997,14917.798,17914.795000000002,0.6067386979207774,0.6160045931446534,29.02300000000014,2566.087,2512.064,37.236,440.526,9625.487,5326.439,5104.262,14917.798,98.269
2025-10-13 16:03:00,10/13,학습,342.646,4.972,2992.29,14876.879,17869.169,0.6103552254004271,0.6196994128491504,28.923999999999978,2559.445,2505.521,37.15,440.99,9565.277,5325.627,5088.069,14876.879,98.344
2025-10-13 16:04:00,10/13,학습,343.061,4.968,2985.653,14833.021,17818.674,0.6166950340314514,0.6262533749527959,28.809999999999945,2552.007,2498.197,37.048,442.047,9479.545,5325.996,5065.323,14833.021,98.98600000000005
2025-10-13 16:05:00,10/13,학습,343.473,4.966,2977.592,14788.187,17765.779,0.6248697960395978,0.6347218512620201,28.686999999999898,2544.228,2490.541,36.937,443.524,9385.089,5328.044,5044.756,14788.187,100.05099999999999
2025-10-13 16:06:00,10/13,학습,343.858,4.966,2968.69,14743.348,17712.038,0.6339812137001839,0.6441355579942767,28.557999999999993,2536.388,2482.83,36.821,445.244,9297.533,5331.706,5035.419,14743.348,101.38600000000002
2025-10-13 16:07:00,10/13,학습,344.209,4.967,2959.362,14698.857,17658.219,0.6434708231669531,0.6538478158896033,28.425000000000182,2528.657,2475.232,36.704,447.069,9226.462,5336.5,5042.112,14698.857,102.86000000000001
2025-10-13 16:08:00,10/13,학습,344.522,4.968,2949.893,14654.843,17604.736,0.6526136572533794,0.6630479447847204,28.28800000000001,2521.114,2467.826,36.586,448.864,9177.13,5341.717,5066.065,14654.843,104.34199999999998
2025-10-13 16:09:00,10/13,학습,344.8,4.969,2940.462,14611.293,17551.755,0.6609861439620716,0.6712757135870535,28.148999999999887,2513.766,2460.617,36.468,450.524,9150.869,5346.557,5106.015,14611.293,105.72399999999999
2025-10-13 16:10:00,10/13,학습,345.044,4.97,2931.147,14568.122,17499.269,0.6684255690179243,0.6783697391987766,28.005999999999858,2506.585,2453.579,36.351,451.994,9145.387,5350.266,5158.704,14568.122,106.95000000000005
2025-10-13 16:11:00,10/13,학습,345.258,4.971,2921.966,14525.24,17447.206,0.6748418428651466,0.6842731514001295,27.863000000000284,2499.541,2446.678,36.235,453.252,9156.122,5352.239,5219.691,14525.24,107.99400000000003
2025-10-13 16:12:00,10/13,학습,345.446,4.972,2912.905,14482.576,17395.481,0.6802335905554608,0.6890364993263622,27.715999999999894,2492.602,2439.886,36.12,454.299,9177.693,5352.065,5284.269,14482.576,108.85299999999995
2025-10-13 16:13:00,10/13,학습,345.611,4.973,2903.943,14440.074,17344.017,0.6845799143951993,0.6926969738932791,27.56800000000021,2485.744,2433.176,36.005,455.149,9204.884,5349.534,5348.124,14440.074,109.53800000000001
2025-10-13 16:14:00,10/13,학습,345.756,4.973,2895.058,14397.694,17292.752,0.6879464577311606,0.6953414057434211,27.41800000000012,2478.951,2426.533,35.89,455.821,9233.26,5344.614,5394.929,14397.694,110.06500000000005
2025-10-13 16:15:00,10/13,학습,345.882,4.974,2886.231,14355.409,17241.64,0.6904033394383526,0.6971467000024623,27.266000000000076,2472.212,2419.946,35.775,456.334,9259.537,5337.407,5396.341,14355.409,110.452
2025-10-13 16:16:00,10/13,학습,345.991,4.974,2877.449,14313.2,17190.649,0.6920300167305606,0.6981570030609638,27.11299999999983,2465.518,2413.405,35.66,456.707,9281.464,5328.107,5396.659,14313.2,110.71600000000001
2025-10-13 16:17:00,10/13,학습,346.085,4.975,2868.703,14271.053,17139.756,0.6928811313354712,0.6985103255833376,26.95799999999963,2458.863,2406.905,35.545,456.953,9297.781,5316.963,5397.002,14271.053,110.868
2025-10-13 16:18:00,10/13,학습,346.164,4.975,2859.986,14228.958,17088.944,0.6930314074943764,0.6982218865354775,26.80300000000034,2452.244,2400.441,35.43,457.087,9308.034,5304.246,5397.349,14228.958,110.923
2025-10-13 16:19:00,10/13,학습,346.23,4.976,2851.295,14186.908,17038.203,0.6925352691516573,0.6974110002512239,26.644999999999982,2445.655,2394.01,35.315,457.119,9312.353,5290.222,5397.684,14186.908,110.88900000000001
2025-10-13 16:20:00,10/13,학습,346.284,4.976,2842.626,14144.896,16987.522,0.6913671681313333,0.6959815188922498,26.486999999999625,2439.093,2387.606,35.199,457.057,9311.262,5275.136,5397.993,14144.896,110.77300000000002
2025-10-13 16:21:00,10/13,학습,346.326,4.976,2833.978,14102.917,16936.895,0.6897405262999209,0.6941661784140685,26.327999999999975,2432.555,2381.227,35.084,456.91,9305.507,5259.203,5398.266,14102.917,110.584
2025-10-13 16:22:00,10/13,학습,346.358,4.977,2825.346,14060.966,16886.312,0.6875410934273032,0.6918753979562433,26.166999999999916,2426.037,2374.87,34.968,456.684,9295.948,5242.601,5398.496,14060.966,110.32600000000002
2025-10-13 16:23:00,10/13,학습,346.38,4.977,2816.731,14019.041,16835.772,0.6849739963990669,0.6892342206623205,26.005999999999858,2419.536,2368.53,34.853,456.385,9283.464,5225.472,5398.676,14019.041,110.005
2025-10-13 16:24:00,10/13,학습,346.392,4.977,2808.13,13977.137,16785.267,0.6819250706325882,0.686154237422937,25.84400000000005,2413.05,2362.206,34.737,456.02,9268.897,5207.923,5398.802,13977.137,109.62799999999999
2025-10-13 16:25:00,10/13,학습,346.396,4.978,2799.542,13935.253,16734.795000000002,0.6785055889644128,0.6827656039911565,25.68100000000004,2406.576,2355.895,34.621,455.593,9253.013,5190.029,5398.869,13935.253,109.197
2025-10-13 16:26:00,10/13,학습,346.393,4.978,2790.966,13893.386,16684.352,0.6748309302476739,0.6791116717961985,25.51800000000003,2400.113,2349.595,34.506,455.109,9236.484,5171.837,5398.877,13893.386,108.71600000000001
2025-10-13 16:27:00,10/13,학습,346.381,4.978,2782.4,13851.535,16633.935,0.6707709263562068,0.6750916307783936,25.353000000000065,2393.657,2343.304,34.39,454.573,9219.877,5153.369,5398.822,13851.535,108.19200000000001
2025-10-13 16:28:00,10/13,학습,346.364,4.979,2773.844,13809.697,16583.541,0.6664386870771289,0.6708398064798913,25.189000000000306,2387.208,2337.019,34.274,453.99,9203.651,5134.631,5398.704,13809.697,107.62600000000003
2025-10-13 16:29:00,10/13,학습,346.34,4.979,2765.297,13767.871,16533.167999999998,0.6618520731140198,0.6663132224418677,25.02500000000009,2380.764,2330.739,34.158,453.363,9188.165,5115.611,5398.521,13767.871,107.02300000000002
2025-10-13 16:30:00,10/13,학습,346.311,4.979,2756.758,13726.056,16482.814,0.6571266986670087,0.6616516312886529,24.859999999999673,2374.323,2324.463,34.043,452.698,9173.687,5096.29,5398.273,13726.056,106.387
2025-10-13 16:31:00,10/13,학습,346.277,4.979,2748.227,13684.251,16432.478,0.6521081639956444,0.6567052158762525,24.695000000000164,2367.884,2318.189,33.927,451.997,9160.401,5076.638,5397.959,13684.251,105.72000000000003
2025-10-13 16:32:00,10/13,학습,346.239,4.98,2739.703,13642.456,16382.159,0.6469905820169637,0.6516875050266244,24.528999999999996,2361.444,2311.915,33.812,451.265,9148.427,5056.624,5397.578,13642.456,105.02600000000001
2025-10-13 16:33:00,10/13,학습,346.196,4.98,2731.186,13600.668,16331.854,0.6416255482904881,0.646404520037098,24.364000000000033,2355.004,2305.64,33.696,450.506,9137.823,5036.212,5397.131,13600.668,104.30999999999995
2025-10-13 16:34:00,10/13,학습,346.151,4.98,2722.675,13558.888,16281.563000000002,0.6362034442090011,0.6410677261607667,24.199999999999818,2348.562,2299.362,33.581,449.724,9128.608,5015.369,5396.617,13558.888,103.57299999999998
2025-10-13 16:35:00,10/13,학습,346.103,4.98,2714.169,13517.114,16231.283,0.6306477104281027,0.6356046939452924,24.034999999999854,2342.116,2293.081,33.466,448.921,9120.76,4994.061,5396.036,13517.114,102.81799999999998
2025-10-13 16:36:00,10/13,학습,346.052,4.98,2705.669,13475.347,16181.016,0.6249885459068374,0.6300463190876111,23.870000000000346,2335.666,2286.796,33.351,448.103,9114.234,4972.256,5395.388,13475.347,102.05099999999999
2025-10-13 16:37:00,10/13,학습,345.999,4.981,2697.174,13433.585,16130.758999999998,0.6192301185224625,0.6244152735039905,23.704999999999927,2329.21,2280.505,33.236,447.27,9109.567,4949.923,4644.683,13433.585,101.27099999999996
2025-10-13 16:38:00,10/13,학습,345.945,4.981,2688.683,13391.829,16080.511999999999,0.6133965585613763,0.618697724897125,23.539999999999964,2322.749,2274.209,33.121,446.428,9106.175,4927.01,4895.117,13391.829,100.483
2025-10-13 16:39:00,10/13,학습,345.889,4.981,2680.197,13350.077,16030.274,0.6075818496656372,0.6130087901489567,23.37599999999975,2316.281,2267.905,33.007,445.578,9103.697,4903.51,4840.924,13350.077,99.68899999999996
2025-10-13 16:40:00,10/13,학습,345.833,4.981,2671.715,13308.33,15980.045,0.6016240613977182,0.607193041276723,23.21199999999999,2309.806,2261.594,32.892,444.723,9102.21,4879.408,4786.616,13308.33,98.88999999999999
2025-10-13 16:41:00,10/13,학습,345.776,4.981,2663.237,13266.587,15929.824,0.5957123685827519,0.601433232512679,23.048999999999978,2303.323,2255.274,32.778,443.865,9101.625,4854.693,4732.287,13266.587,98.089
2025-10-13 16:42:00,10/13,학습,345.718,4.982,2654.762,13224.847,15879.609,0.5897721545256274,0.595674565067974,22.885999999999967,2296.832,2248.946,32.664,443.007,9101.855,4829.356,4678.029,13224.847,97.28899999999999
2025-10-13 16:43:00,10/13,학습,345.66,4.982,2646.291,13183.111,15829.402000000002,0.5838093147816925,0.5898905113145876,22.722999999999956,2290.332,2242.609,32.55,442.15,9102.807,4803.392,4623.925,13183.111,96.48999999999995
2025-10-13 16:44:00,10/13,학습,345.603,4.982,2637.822,13141.378,15779.2,0.5778395824159256,0.5841136173733354,22.559999999999945,2283.823,2236.263,32.436,441.297,9104.391,4776.801,4570.049,13141.378,95.69400000000002
2025-10-13 16:45:00,10/13,학습,345.545,4.982,2629.357,13099.649,15729.006,0.571955882756365,0.5784330453976911,22.397999999999683,2277.305,2229.907,32.323,440.448,9106.511,4749.584,4516.469,13099.649,94.90299999999996
2025-10-13 16:46:00,10/13,학습,345.488,4.982,2620.895,13057.922,15678.817000000001,0.5659789506417355,0.5726778659698426,22.235999999999876,2270.778,2223.542,32.209,439.604,9109.081,4721.747,4463.245,13057.922,94.11599999999999
2025-10-13 16:47:00,10/13,학습,345.432,4.982,2612.435,13016.197,15628.632,0.5601112134976437,0.5670412116569987,22.075000000000273,2264.242,2217.167,32.096,438.768,9112.01,4693.298,4410.427,13016.197,93.33599999999996
2025-10-13 16:48:00,10/13,학습,345.376,4.983,2603.979,12974.475,15578.454,0.5542555534101495,0.5614407438935389,21.91399999999976,2257.696,2210.782,31.983,437.939,9115.211,4664.248,4358.059,12974.475,92.56300000000005
2025-10-13 16:49:00,10/13,학습,345.321,4.983,2595.525,12932.756,15528.280999999999,0.5484179343108486,0.5558603995886373,21.7529999999997,2251.14,2204.387,31.87,437.118,9118.582,4634.612,4306.172,12932.756,91.79699999999997
2025-10-13 16:50:00,10/13,학습,345.267,4.983,2587.073,12891.038,15478.111,0.5426100767879891,0.550322285048116,21.592999999999847,2244.575,2197.982,31.757,436.307,9122.035,4604.405,4254.792,12891.038,91.04000000000002
2025-10-13 16:51:00,10/13,학습,345.214,4.983,2578.623,12849.323,15427.946,0.5369214539110233,0.5449107611762622,21.43199999999979,2238.0,2191.568,31.645,435.505,9125.501,4573.648,4203.943,12849.323,90.291
2025-10-13 16:52:00,10/13,학습,345.161,4.983,2570.175,12807.61,15377.785,0.531169300646703,0.5394519698226989,21.27300000000014,2231.417,2185.144,31.532,434.713,9128.924,4542.362,4153.65,12807.61,89.55200000000002
2025-10-13 16:53:00,10/13,학습,345.11,4.983,2561.73,12765.898,15327.627999999999,0.5255465646843054,0.5341281558519848,21.11299999999983,2224.823,2178.71,31.42,433.931,9132.234,4510.568,4103.927,12765.898,88.82099999999997
2025-10-13 16:54:00,10/13,학습,345.059,4.983,2553.287,12724.188,15277.475,0.5199529921311781,0.5288436633527294,20.953999999999724,2218.22,2172.266,31.308,433.158,9135.363,4478.291,4054.779,12724.188,88.09899999999999
2025-10-13 16:55:00,10/13,학습,345.01,4.984,2544.846,12682.48,15227.326,0.5143012465257217,0.5235194023228156,20.795000000000073,2211.608,2165.813,31.195,432.396,9138.248,4445.555,4006.207,12682.48,87.38600000000002
2025-10-13 16:56:00,10/13,학습,344.961,4.984,2536.407,12640.773,15177.18,0.5088772793274023,0.5184156893044014,20.63700000000017,2204.987,2159.35,31.084,431.643,9140.834,4412.389,3958.211,12640.773,86.68199999999996
2025-10-13 16:57:00,10/13,학습,344.914,4.984,2527.969,12599.068,15127.037,0.5033990230299801,0.5132703173834847,20.47900000000027,2198.356,2152.877,30.972,430.901,9143.075,4378.817,3910.79,12599.068,85.98700000000002
2025-10-13 16:58:00,10/13,학습,344.868,4.984,2519.534,12557.364,15076.898,0.497952974717069,0.5081641963985559,20.320999999999913,2191.716,2146.395,30.86,430.168,9144.931,4344.87,3863.941,12557.364,85.30000000000001
2025-10-13 16:59:00,10/13,학습,344.822,4.984,2511.1,12515.662,15026.762,0.4925460042972456,0.5031030131010699,20.161999999999807,2185.066,2139.904,30.748,429.445,9146.366,4310.575,3817.659,12515.662,84.62299999999999
2025-10-13 17:00:00,10/13,학습,344.585,4.992,2504.175,12500.438,15004.613000000001,0.4876633269579269,0.4985405269607087,20.072999999999865,2180.699,2135.626,30.674,428.747,9151.511,4276.238,3771.723,12500.438,84.16200000000003
2025-10-13 17:01:00,10/13,학습,344.133,4.998,2501.233,12500.03,15001.263,0.483381443432857,0.4945437310582433,20.04399999999987,2179.961,2134.917,30.655,428.153,9175.55,4242.423,3730.497,12500.03,84.02000000000004
2025-10-13 17:02:00,10/13,학습,343.707,5.0,2500.079,12499.873,14999.952,0.4776827761016018,0.4892320404775432,20.01299999999992,2180.441,2135.428,30.64,427.578,9218.28,4208.579,3696.197,12499.873,83.87099999999998
2025-10-13 17:03:00,10/13,학습,343.338,5.001,2499.68,12499.852,14999.532000000001,0.4690260678555789,0.4811900866476775,19.978999999999814,2181.316,2136.337,30.629,426.542,9284.464,4173.965,3668.738,12499.852,83.20399999999995
2025-10-13 17:04:00,10/13,학습,343.024,5.001,2499.717,12499.923,14999.640000000001,0.4579349436093208,0.4709437058887797,19.952999999999975,2181.897,2136.944,30.627,424.87,9368.594,4137.824,3646.673,12499.923,81.846
2025-10-13 17:05:00,10/13,학습,342.763,5.0,2499.896,12499.992,14999.888,0.4466540389725022,0.4605643418024604,19.93600000000015,2182.027,2137.091,30.632,422.937,9447.941,4099.965,3622.179,12499.992,80.17400000000004
2025-10-13 17:06:00,10/13,학습,342.548,5.0,2500.034,12500.024,15000.057999999999,0.4365655198679274,0.4512414292397572,19.92599999999993,2181.892,2136.966,30.639,421.099,9502.739,4061.007,3586.559,12500.024,78.55099999999999
2025-10-13 17:07:00,10/13,학습,342.374,5.0,2500.101,12500.035,15000.136,0.4279016855592928,0.443129840716887,19.919000000000324,2181.657,2136.738,30.644,419.495,9527.842,4021.986,3537.347,12500.035,77.12099999999998
2025-10-13 17:08:00,10/13,학습,342.231,5.0,2500.122,12500.034,15000.155999999999,0.4209160120296114,0.4364531384834692,19.91300000000001,2181.403,2136.49,30.649,418.149,9528.066,3983.888,3477.719,12500.034,75.918
2025-10-13 17:09:00,10/13,학습,342.115,5.0,2500.118,12500.029,15000.147,0.4153495611689391,0.430994768864111,19.909999999999854,2181.171,2136.261,30.653,417.047,9511.573,3947.426,3412.833,12500.029,74.93200000000002
2025-10-13 17:10:00,10/13,학습,342.019,5.0,2500.1,12500.021,15000.121000000001,0.4109830297903957,0.4265927399627477,19.90899999999965,2180.979,2136.07,30.656,416.163,9486.571,3912.995,3347.55,12500.021,74.144
2025-10-13 17:11:00,10/13,학습,341.941,5.0,2500.079,12500.014,15000.092999999999,0.4075396050166377,0.4230325876751778,19.907000000000153,2180.83,2135.923,30.658,415.459,9459.962,3880.705,3285.63,12500.014,73.51800000000003
2025-10-13 17:12:00,10/13,학습,341.876,5.0,2500.058,12500.008,15000.065999999999,0.4049149329749947,0.4202552810789631,19.907000000000153,2180.722,2135.815,30.66,414.905,9436.785,3850.454,3229.576,12500.008,73.029
2025-10-13 17:13:00,10/13,학습,341.823,5.0,2500.04,12500.002,15000.042000000001,0.4027077985980121,0.4179077319596674,19.9079999999999,2180.649,2135.741,30.66,414.471,9420.179,3821.995,3180.758,12500.002,72.64800000000002
2025-10-13 17:14:00,10/13,학습,341.78,5.0,2500.025,12499.998,15000.023,0.4009871483927861,0.4160711532148661,19.90899999999965,2180.604,2135.695,30.66,414.135,9411.633,3795.007,3139.648,12499.998,72.35500000000002
2025-10-13 17:15:00,10/13,학습,341.744,5.0,2500.012,12499.995,15000.007000000001,0.3996356509727739,0.4146396447692705,19.909000000000106,2180.582,2135.673,30.66,413.877,9411.346,3769.152,3106.086,12499.995,72.13299999999998
2025-10-13 17:16:00,10/13,학습,341.714,5.0,2500.002,12499.992,14999.994,0.3985811678700487,0.4135421809558282,19.911000000000058,2180.581,2135.67,30.66,413.683,9418.598,3744.109,3079.494,12499.992,71.969
2025-10-13 17:17:00,10/13,학습,341.689,5.0,2499.993,12499.99,14999.983,0.3976534774449876,0.412608374125861,19.91300000000001,2180.595,2135.682,30.659,413.539,9432.082,3719.607,3059.051,12499.99,71.84999999999997
2025-10-13 17:18:00,10/13,학습,341.668,5.0,2499.987,12499.988,14999.974999999999,0.3969153114142753,0.4118878279235662,19.914000000000215,2180.621,2135.707,30.658,413.436,9450.186,3695.433,3043.825,12499.988,71.76799999999997
2025-10-13 17:19:00,10/13,학습,341.651,5.0,2499.981,12499.987,14999.967999999999,0.396331482682823,0.4113355844856491,19.916000000000167,2180.657,2135.741,30.657,413.365,9471.217,3671.444,3032.864,12499.987,71.714
2025-10-13 17:20:00,10/13,학습,341.637,5.0,2499.978,12499.987,14999.965,0.3958812147890841,0.4109206436105096,19.916999999999916,2180.699,2135.782,30.656,413.32,9493.565,3647.557,3025.261,12499.987,71.68299999999999
2025-10-13 17:21:00,10/13,학습,341.625,5.0,2499.975,12499.986,14999.961000000001,0.3955479857502397,0.4106176316023785,19.91899999999987,2180.747,2135.828,30.655,413.296,9515.815,3623.746,3020.199,12499.986,71.67099999999999
2025-10-13 17:22:00,10/13,학습,341.615,5.0,2499.973,12499.986,14999.959,0.3953074619051551,0.4103954456536175,19.920000000000073,2180.797,2135.877,30.654,413.287,9536.81,3600.035,3016.969,12499.986,71.67199999999997
2025-10-13 17:23:00,10/13,학습,341.606,5.0,2499.973,12499.987,14999.96,0.3951643418444128,0.4102529104630778,19.92300000000023,2180.849,2135.926,30.653,413.292,9555.679,3576.479,3014.982,12499.987,71.68599999999998
2025-10-13 17:24:00,10/13,학습,341.6,5.0,2499.973,12499.987,14999.96,0.3950969742175667,0.4101657715167195,19.923999999999978,2180.9,2135.976,30.652,413.307,9571.834,3553.16,3013.771,12499.987,71.707
2025-10-13 17:25:00,10/13,학습,341.594,5.0,2499.974,12499.988,14999.962,0.3950940855248503,0.410121454847039,19.925000000000182,2180.949,2136.024,30.651,413.329,9584.941,3530.173,3012.977,12499.988,71.73500000000001
2025-10-13 17:26:00,10/13,학습,341.59,5.0,2499.975,12499.989,14999.964,0.3951573451289137,0.4101214563477542,19.927000000000135,2180.996,2136.069,30.65,413.358,9594.888,3507.617,3012.344,12499.989,71.76800000000003
2025-10-13 17:27:00,10/13,학습,341.586,5.0,2499.977,12499.99,14999.967,0.3952619941869278,0.4101430113353368,19.929000000000087,2181.04,2136.111,30.649,413.39,9601.737,3485.59,3011.699,12499.99,71.80399999999997
2025-10-13 17:28:00,10/13,학습,341.583,5.0,2499.979,12499.991,14999.97,0.3954075672846557,0.4101876155970844,19.93000000000029,2181.079,2136.149,30.648,413.425,9605.681,3464.181,3010.937,12499.991,71.84199999999998
2025-10-13 17:29:00,10/13,학습,341.581,5.0,2499.981,12499.992,14999.973,0.3955871838802492,0.4102510754096285,19.93100000000004,2181.113,2136.182,30.647,413.462,9606.997,3443.467,3010.006,12499.992,71.88099999999997
2025-10-13 17:30:00,10/13,학습,341.579,5.0,2499.984,12499.993,14999.977,0.3957862910123992,0.4103220109394031,19.932999999999993,2181.143,2136.21,30.646,413.499,9606.012,3423.512,3008.891,12499.993,71.92000000000002
2025-10-13 17:31:00,10/13,학습,341.578,5.0,2499.987,12499.994,14999.981,0.3961029263761706,0.410497988121816,19.932999999999993,2181.166,2136.233,30.646,413.536,9603.068,3404.367,3007.608,12499.994,71.95800000000003
2025-10-13 17:32:00,10/13,학습,341.576,5.0,2499.99,12499.996,14999.985999999999,0.3963283322770764,0.4105796883530065,19.934000000000196,2181.184,2136.25,30.645,413.572,9598.488,3386.068,3006.182,12499.996,71.99599999999998
2025-10-13 17:33:00,10/13,학습,341.575,5.0,2499.993,12499.997,14999.99,0.396559724112306,0.4106631767344425,19.934999999999945,2181.197,2136.262,30.644,413.607,9592.565,3368.638,3004.646,12499.997,72.03200000000004
2025-10-13 17:34:00,10/13,학습,341.575,5.0,2499.996,12499.998,14999.993999999999,0.3968870031014637,0.4108376481838724,19.93600000000015,2181.203,2136.267,30.644,413.639,9585.552,3352.091,3003.035,12499.998,72.06400000000002
2025-10-13 17:35:00,10/13,학습,341.574,5.0,2499.999,12500.0,14999.999,0.3971046620683143,0.4109049742144476,19.9350000000004,2181.202,2136.267,30.643,413.668,9577.654,3336.432,3001.381,12500.0,72.094
2025-10-13 17:36:00,10/13,학습,341.573,5.0,2500.003,12500.001,15000.004,0.3974139487759638,0.4110617907177043,19.934999999999945,2181.196,2136.261,30.643,413.694,9569.021,3321.658,2999.707,12500.001,72.12100000000004
2025-10-13 17:37:00,10/13,학습,341.573,5.0,2500.006,12500.003,15000.009,0.3976153727993564,0.4111144665749294,19.934999999999945,2181.183,2136.248,30.642,413.717,9559.748,3307.763,2998.032,12500.003,72.144
2025-10-13 17:38:00,10/13,학습,341.572,5.0,2500.009,12500.004,15000.013,0.397901436312632,0.4112509539541089,19.9350000000004,2181.164,2136.229,30.642,413.736,9549.882,3294.739,2996.363,12500.004,72.16399999999999
2025-10-13 17:39:00,10/13,학습,341.572,5.0,2500.013,12500.006,15000.019,0.3981722337536022,0.4113736885750668,19.934999999999945,2181.139,2136.204,30.642,413.751,9539.419,3282.575,2994.7,12500.006,72.17899999999997
2025-10-13 17:40:00,10/13,학습,341.571,5.0,2500.016,12500.007,15000.023,0.3984339317460754,0.4114883577221516,19.934000000000196,2181.107,2136.173,30.642,413.763,9528.312,3271.265,2993.036,12500.007,72.19199999999995
2025-10-13 17:41:00,10/13,학습,341.571,5.0,2500.019,12500.008,15000.027,0.3986772043037758,0.4115850946842717,19.93399999999974,2181.069,2136.135,30.642,413.77,9516.474,3260.803,2991.354,12500.008,72.19899999999996
2025-10-13 17:42:00,10/13,학습,341.57,5.0,2500.023,12500.01,15000.033,0.3989058006298089,0.4116665885839179,19.93199999999979,2181.024,2136.092,30.642,413.773,9503.779,3251.187,2989.632,12500.01,72.20300000000003
2025-10-13 17:43:00,10/13,학습,341.57,5.0,2500.026,12500.011,15000.037,0.3991180808132946,0.411730154967861,19.93100000000004,2180.973,2136.042,30.642,413.771,9490.069,3242.421,2987.842,12500.011,72.20100000000002
2025-10-13 17:44:00,10/13,학습,341.569,5.0,2500.03,12500.013,15000.043000000001,0.3993270454663517,0.4117871620998079,19.929999999999836,2180.915,2135.985,30.642,413.766,9475.146,3234.516,2985.947,12500.013,72.197
2025-10-13 17:45:00,10/13,학습,341.569,5.0,2500.033,12500.015,15000.047999999999,0.3996199057866101,0.4119222880624219,19.929000000000087,2180.851,2135.922,30.643,413.756,9458.779,3227.489,2983.905,12500.015,72.18699999999995
2025-10-13 17:46:00,10/13,학습,341.568,5.0,2500.037,12500.016,15000.053,0.399808135412128,0.4119476270098651,19.927000000000135,2180.779,2135.852,30.643,413.742,9440.7,3221.366,2981.665,12500.016,72.17400000000004
2025-10-13 17:47:00,10/13,학습,341.568,5.0,2500.04,12500.018,15000.058,0.4000910037160772,0.4120582566290041,19.92599999999993,2180.701,2135.775,30.644,413.724,9420.602,3216.182,2979.168,12500.018,72.156
2025-10-13 17:48:00,10/13,학습,341.567,5.0,2500.044,12500.019,15000.063,0.4002665221657256,0.4120519260207953,19.922999999999774,2180.615,2135.692,30.644,413.701,9398.141,3211.983,2976.344,12500.019,72.13400000000001
2025-10-13 17:49:00,10/13,학습,341.567,5.0,2500.048,12500.021,15000.069,0.4005424537498244,0.4121323729237484,19.922000000000025,2180.523,2135.601,30.645,413.674,9372.939,3208.826,2973.116,12500.021,72.10699999999997
2025-10-13 17:50:00,10/13,학습,341.566,5.0,2500.052,12500.023,15000.074999999999,0.4008213133718229,0.412200563964374,19.919999999999618,2180.423,2135.503,30.646,413.643,9344.594,3206.78,2969.392,12500.023,72.077
2025-10-13 17:51:00,10/13,학습,341.566,5.0,2500.056,12500.025,15000.081,0.4010998230145464,0.4122508127506919,19.916999999999916,2180.315,2135.398,30.647,413.607,9312.7,3205.926,2965.078,12500.025,72.04100000000005
2025-10-13 17:52:00,10/13,학습,341.566,5.0,2500.06,12500.026,15000.086,0.4012899664211265,0.4121927979745577,19.914999999999964,2180.2,2135.285,30.647,413.567,9276.878,3206.356,2960.072,12500.026,72.00100000000003
2025-10-13 17:53:00,10/13,학습,341.565,5.0,2500.064,12500.028,15000.092,0.4016840815301251,0.4123175216928886,19.911000000000058,2180.076,2135.165,30.649,413.523,9236.816,3208.172,2954.282,12500.028,71.95800000000003
2025-10-13 17:54:00,10/13,학습,341.565,5.0,2500.068,12500.03,15000.098000000002,0.401988054090127,0.4123297886637386,19.909000000000106,2179.945,2135.036,30.65,413.474,9192.329,3211.481,2947.631,12500.03,71.90899999999999
2025-10-13 17:55:00,10/13,학습,341.565,5.0,2500.073,12500.032,15000.105,0.4022958880225593,0.4123240969297423,19.904999999999745,2179.805,2134.9,30.651,413.42,9143.411,3216.388,2940.075,12500.032,71.85500000000002
2025-10-13 17:56:00,10/13,학습,341.564,5.0,2500.077,12500.034,15000.111,0.4026125640982896,0.4123076257895576,19.902000000000044,2179.658,2134.756,30.652,413.362,9090.296,3222.991,2931.618,12500.034,71.798
2025-10-13 17:57:00,10/13,학습,341.564,5.0,2500.081,12500.035,15000.116,0.4029341924898744,0.4122803701498967,19.89800000000014,2179.502,2134.604,30.653,413.3,9033.492,3231.372,2922.327,12500.035,71.73599999999999
2025-10-13 17:58:00,10/13,학습,341.564,5.0,2500.085,12500.037,15000.122,0.4033380138617761,0.4123269035491807,19.893999999999778,2179.339,2134.445,30.655,413.232,8973.793,3241.583,2912.335,12500.037,71.668
2025-10-13 17:59:00,10/13,학습,341.563,5.0,2500.089,12500.039,15000.128,0.4036378620319872,0.4122651773318059,19.890000000000327,2179.168,2134.278,30.656,413.16,8912.244,3253.645,2901.848,12500.039,71.59700000000004
2025-10-13 18:00:00,10/13,학습,341.371,5.007,2501.597,12526.51,15028.107,0.404379208147302,0.4125366878891081,19.95400000000018,2181.282,2136.328,30.695,413.098,8853.458,3267.82,2891.063,12526.51,71.72700000000003
2025-10-13 18:01:00,10/13,학습,340.971,5.013,2507.0,12567.75,15074.75,0.405476267790806,0.4131981977733152,20.076000000000022,2187.009,2141.933,30.788,413.115,8811.207,3284.668,2883.179,12567.75,72.144
2025-10-13 18:02:00,10/13,학습,340.596,5.015,2514.135,12609.233,15123.368,0.4052684366617648,0.4126329524244479,20.195999999999913,2193.884,2148.688,30.887,413.107,8783.607,3303.655,2880.372,12609.233,72.51100000000002
2025-10-13 18:03:00,10/13,학습,340.273,5.016,2522.012,12650.852,15172.864000000001,0.4025718551965613,0.4095718975254633,20.312999999999647,2201.046,2155.733,30.991,412.651,8768.611,3324.229,2881.455,12650.852,72.37799999999999
2025-10-13 18:04:00,10/13,학습,339.999,5.016,2530.303,12692.558,15222.861,0.398021073005757,0.4046331797545455,20.43899999999985,2207.872,2162.433,31.104,411.626,8760.988,3345.963,2883.84,12692.558,71.62699999999995
2025-10-13 18:05:00,10/13,학습,339.771,5.016,2538.714,12734.254,15272.968,0.3933417432781818,0.399532210502016,20.57300000000032,2214.28,2168.707,31.223,410.369,8751.561,3368.715,2882.832,12734.254,70.59800000000001
2025-10-13 18:06:00,10/13,학습,339.584,5.016,2547.073,12775.912,15322.985,0.3894554953422874,0.3951978164162379,20.710999999999785,2220.471,2174.76,31.343,409.18,8735.659,3392.607,2875.017,12775.912,69.596
2025-10-13 18:07:00,10/13,학습,339.428,5.016,2555.358,12817.545,15372.903,0.3865559944997441,0.3918512283214989,20.851000000000113,2226.601,2180.75,31.462,408.17,8715.078,3417.797,2860.716,12817.545,68.74200000000002
2025-10-13 18:08:00,10/13,학습,339.297,5.016,2563.594,12859.165,15422.759000000002,0.3846133930179385,0.3895037459175273,20.993999999999687,2232.745,2186.751,31.58,407.358,8694.178,3444.32,2842.725,12859.165,68.06099999999998
2025-10-13 18:09:00,10/13,학습,339.186,5.016,2571.801,12900.777,15472.578,0.3834716947480593,0.3880320893375092,21.13700000000017,2238.935,2192.798,31.697,406.73,8676.925,3472.061,2824.255,12900.777,67.54400000000004
2025-10-13 18:10:00,10/13,학습,339.089,5.016,2579.995,12942.386,15522.381000000001,0.382876340205546,0.3871955043297793,21.28099999999995,2245.182,2198.901,31.812,406.262,8665.953,3500.791,2807.875,12942.386,67.173
2025-10-13 18:11:00,10/13,학습,339.006,5.017,2588.183,12983.993,15572.176,0.38283015184185,0.3869901020149976,21.423999999999978,2251.483,2205.059,31.927,405.923,8662.507,3530.222,2795.241,12983.993,66.91700000000003
2025-10-13 18:12:00,10/13,학습,338.932,5.017,2596.372,13025.599,15621.971,0.3832062344897052,0.3873194012165198,21.56899999999996,2257.831,2211.262,32.042,405.687,8666.674,3560.058,2787.169,13025.599,66.755
2025-10-13 18:13:00,10/13,학습,338.865,5.017,2604.561,13067.204,15671.765,0.3838229955401197,0.3879642734398984,21.713999999999942,2264.215,2217.501,32.156,405.533,8677.728,3590.02,2783.825,13067.204,66.668
2025-10-13 18:14:00,10/13,학습,338.805,5.017,2612.752,13108.807,15721.559000000001,0.384687732040581,0.3889187449338581,21.860000000000127,2270.629,2223.769,32.27,405.442,8694.481,3619.88,2784.95,13108.807,66.637
2025-10-13 18:15:00,10/13,학습,338.751,5.017,2620.943,13150.409,15771.351999999999,0.3856751792371334,0.3900361039019965,22.00500000000011,2277.065,2230.06,32.383,405.403,8715.56,3649.46,2790.039,13150.409,66.65200000000004
2025-10-13 18:16:00,10/13,학습,338.7,5.018,2629.135,13192.009,15821.144,0.3868345056773641,0.39133595088254,22.15099999999984,2283.519,2236.368,32.496,405.405,8739.605,3678.638,2798.487,13192.009,66.70499999999998
2025-10-13 18:17:00,10/13,학습,338.653,5.018,2637.325,13233.607,15870.932,0.3881384290571372,0.392814128297723,22.297000000000025,2289.986,2242.689,32.609,405.44,8765.39,3707.344,2809.675,13233.607,66.78699999999998
2025-10-13 18:18:00,10/13,학습,338.609,5.018,2645.515,13275.201,15920.715999999999,0.3895613909507708,0.3944159751559857,22.44300000000021,2296.463,2249.02,32.722,405.501,8791.898,3735.548,2823.029,13275.201,66.892
2025-10-13 18:19:00,10/13,학습,338.567,5.018,2653.703,13316.793,15970.496,0.3910904199122984,0.3961211889652515,22.590000000000146,2302.949,2255.359,32.835,405.584,8818.336,3763.254,2838.049,13316.793,67.017
2025-10-13 18:20:00,10/13,학습,338.527,5.018,2661.889,13358.381,16020.27,0.3927032651817822,0.3979021590656462,22.735000000000127,2309.44,2261.705,32.948,405.684,8844.139,3790.492,2854.319,13358.381,67.15700000000004
2025-10-13 18:21:00,10/13,학습,338.488,5.019,2670.072,13399.965,16070.037,0.3943964592998764,0.3997362571276194,22.882000000000062,2315.936,2268.054,33.061,405.799,8868.941,3817.305,2871.507,13399.965,67.31099999999998
2025-10-13 18:22:00,10/13,학습,338.45,5.019,2678.253,13441.546,16119.799,0.3961471365464387,0.4016326583780289,23.028999999999996,2322.436,2274.407,33.174,405.925,8892.545,3843.746,2889.361,13441.546,67.47500000000002
2025-10-13 18:23:00,10/13,학습,338.414,5.019,2686.431,13483.121,16169.552,0.3978671454099812,0.4034826935032928,23.17599999999993,2328.938,2280.762,33.286,406.061,8914.887,3869.87,2907.693,13483.121,67.64699999999999
2025-10-13 18:24:00,10/13,학습,338.378,5.019,2694.605,13524.692,16219.296999999999,0.3997143886459248,0.4054526295312013,23.32199999999966,2335.441,2287.119,33.399,406.205,8935.998,3895.733,2926.373,13524.692,67.827
2025-10-13 18:25:00,10/13,학습,338.343,5.019,2702.776,13566.258,16269.034,0.4015992958785342,0.4074504109831951,23.46900000000005,2341.945,2293.476,33.512,406.356,8955.978,3921.384,2945.312,13566.258,68.01299999999998
2025-10-13 18:26:00,10/13,학습,338.308,5.02,2710.943,13607.817,16318.759999999998,0.4034238489156427,0.4093603594004056,23.615999999999985,2348.45,2299.834,33.624,406.512,8974.963,3946.869,2964.455,13607.817,68.20400000000001
2025-10-13 18:27:00,10/13,학습,338.273,5.02,2719.106,13649.371,16368.476999999999,0.4053503070009856,0.4113843103503383,23.76299999999992,2354.955,2306.192,33.737,406.672,8993.105,3972.226,2983.768,13649.371,68.399
2025-10-13 18:28:00,10/13,학습,338.239,5.02,2727.265,13690.918,16418.183,0.4072154082030477,0.4133379963668546,23.909999999999854,2361.46,2312.55,33.849,406.837,9010.559,3997.486,3003.235,13690.918,68.59800000000001
2025-10-13 18:29:00,10/13,학습,338.204,5.02,2735.419,13732.457,16467.876,0.4091747011969648,0.4153851370992135,24.05699999999979,2367.964,2318.907,33.962,407.005,9027.469,4022.674,3022.848,13732.457,68.80099999999999
2025-10-13 18:30:00,10/13,학습,338.17,5.02,2743.569,13773.988,16517.557,0.4110556014077484,0.417346868840505,24.20400000000018,2374.467,2325.263,34.074,407.175,9043.962,4047.811,3042.608,13773.988,69.005
2025-10-13 18:31:00,10/13,학습,338.136,5.021,2751.714,13815.511,16567.225,0.4130238396697783,0.419383435289874,24.35199999999986,2380.969,2331.617,34.187,407.347,9060.147,4072.912,3062.513,13815.511,69.21099999999996
2025-10-13 18:32:00,10/13,학습,338.101,5.021,2759.854,13857.024,16616.878,0.4149129524206097,0.4213494376042872,24.498000000000047,2387.468,2337.97,34.299,407.521,9076.107,4097.987,3082.564,13857.024,69.42000000000002
2025-10-13 18:33:00,10/13,학습,338.067,5.021,2767.989,13898.527,16666.516,0.416802017576851,0.4233139425504358,24.64599999999973,2393.966,2344.32,34.411,407.696,9091.903,4123.044,3102.761,13898.527,69.62900000000002
2025-10-13 18:34:00,10/13,학습,338.032,5.021,2776.119,13940.018,16716.137,0.418770545464697,0.4253601774095157,24.792999999999665,2400.461,2350.668,34.524,407.872,9107.576,4148.091,3123.101,13940.018,69.84000000000003
2025-10-13 18:35:00,10/13,학습,337.996,5.022,2784.242,13981.497,16765.739,0.4206571326575717,0.4273078975871254,24.940000000000055,2406.953,2357.013,34.636,408.049,9123.159,4173.131,3143.581,13981.497,70.053
2025-10-13 18:36:00,10/13,학습,337.961,5.022,2792.358,14022.961,16815.319,0.4225375579031781,0.4292611386038546,25.088000000000193,2413.443,2363.355,34.748,408.226,9138.667,4198.168,3164.2,14022.961,70.26499999999999
2025-10-13 18:37:00,10/13,학습,337.925,5.022,2800.469,14064.411,16864.88,0.4244118416843989,0.4312073629670501,25.235000000000127,2419.929,2369.694,34.86,408.403,9154.111,4223.206,3184.953,14064.411,70.47800000000001
2025-10-13 18:38:00,10/13,학습,337.889,5.022,2808.572,14105.843,16914.415,0.4262812628648464,0.4331479686023929,25.382000000000062,2426.411,2376.029,34.972,408.58,9169.485,4248.246,3205.832,14105.843,70.69099999999997
2025-10-13 18:39:00,10/13,학습,337.853,5.023,2816.668,14147.256,16963.924,0.4281403615956966,0.4350661732116979,25.528999999999996,2432.889,2382.36,35.084,408.756,9184.777,4273.292,3226.829,14147.256,70.90299999999996
2025-10-13 18:40:00,10/13,학습,337.816,5.023,2824.757,14188.647,17013.404000000002,0.429996063578006,0.4369915448629177,25.67599999999993,2439.362,2388.686,35.196,408.932,9199.973,4298.346,3247.935,14188.647,71.11600000000004
2025-10-13 18:41:00,10/13,학습,337.779,5.023,2832.837,14230.015,17062.852,0.4318415807819903,0.4389056668999577,25.822000000000116,2445.83,2395.008,35.308,409.107,9215.057,4323.413,3269.141,14230.015,71.32800000000003
2025-10-13 18:42:00,10/13,학습,337.742,5.024,2840.907,14271.356,17112.263,0.4336863064033886,0.4408082076167662,25.96900000000005,2452.292,2401.323,35.42,409.282,9230.014,4348.496,3290.439,14271.356,71.53999999999996
2025-10-13 18:43:00,10/13,학습,337.704,5.024,2848.969,14312.667,17161.636,0.4355179604128359,0.4427068211457458,26.115999999999985,2458.748,2407.632,35.532,409.455,9244.828,4373.599,3311.824,14312.667,71.75099999999998
2025-10-13 18:44:00,10/13,학습,337.666,5.024,2857.019,14353.943,17210.962,0.4373476385013541,0.4446027118344652,26.26299999999992,2465.198,2413.935,35.644,409.628,9259.482,4398.727,3333.288,14353.943,71.96199999999999
2025-10-13 18:45:00,10/13,학습,337.627,5.024,2865.059,14395.18,17260.239,0.4390949391992938,0.4464120616434221,26.409000000000106,2471.639,2420.23,35.755,409.8,9273.962,4423.884,3354.827,14395.18,72.173
2025-10-13 18:46:00,10/13,학습,337.589,5.025,2873.087,14436.372,17309.459,0.4409149889544443,0.4482876040665139,26.55500000000029,2478.072,2426.517,35.867,409.971,9288.251,4449.075,3376.433,14436.372,72.382
2025-10-13 18:47:00,10/13,학습,337.55,5.025,2881.101,14477.512,17358.613,0.4426557141131286,0.4500890515368391,26.702000000000226,2484.496,2432.794,35.978,410.141,9302.338,4474.304,3398.103,14477.512,72.59100000000001
2025-10-13 18:48:00,10/13,학습,337.511,5.025,2889.101,14518.593,17407.694,0.4444709661316083,0.4519674836363234,26.847999999999956,2490.909,2439.061,36.09,410.31,9316.207,4499.578,3419.831,14518.593,72.79899999999998
2025-10-13 18:49:00,10/13,학습,337.472,5.026,2897.085,14559.605,17456.69,0.4462154583973314,0.4537635532365346,26.995000000000346,2497.311,2445.316,36.201,410.479,9329.844,4524.9,3441.614,14559.605,73.007
2025-10-13 18:50:00,10/13,학습,337.433,5.026,2905.051,14600.537,17505.588,0.4479603243448314,0.455567734951325,27.13899999999967,2503.698,2451.559,36.312,410.647,9343.237,4550.276,3463.447,14600.537,73.214
2025-10-13 18:51:00,10/13,학습,337.394,5.026,2912.998,14641.373,17554.371,0.4496360654550809,0.4572993227156842,27.286000000000058,2510.071,2457.785,36.422,410.814,9356.37,4575.71,3485.326,14641.373,73.42000000000002
2025-10-13 18:52:00,10/13,학습,337.355,5.027,2920.923,14682.097,17603.02,0.4513982220728453,0.4591132553254186,27.43000000000029,2516.425,2463.995,36.533,410.981,9369.228,4601.207,3507.248,14682.097,73.62599999999998
2025-10-13 18:53:00,10/13,학습,337.316,5.027,2928.823,14722.687,17651.51,0.4531031633703182,0.4608745162235465,27.574999999999818,2522.758,2470.183,36.643,411.148,9381.792,4626.771,3529.211,14722.687,73.83200000000005
2025-10-13 18:54:00,10/13,학습,337.278,5.027,2936.696,14763.117,17699.813000000002,0.4547528184090524,0.4625776790389438,27.71900000000005,2529.067,2476.348,36.752,411.315,9394.042,4652.406,3551.21,14763.117,74.03699999999998
2025-10-13 18:55:00,10/13,학습,337.241,5.027,2944.537,14803.352,17747.889,0.4565037067897078,0.4643858669251074,27.863000000000284,2535.347,2482.484,36.862,411.482,9405.954,4678.116,3573.244,14803.352,74.24100000000004
2025-10-13 18:56:00,10/13,학습,337.205,5.028,2952.341,14843.351,17795.692,0.4581508274078434,0.4660794763809579,28.005999999999858,2541.591,2488.585,36.97,411.651,9417.498,4703.904,3595.312,14843.351,74.44600000000003
2025-10-13 18:57:00,10/13,학습,337.17,5.028,2960.102,14883.06,17843.162,0.459855750708247,0.467839210033367,28.148999999999887,2547.794,2494.645,37.078,411.823,9428.638,4729.772,3617.411,14883.06,74.65299999999996
2025-10-13 18:58:00,10/13,학습,337.137,5.028,2967.814,14922.409,17890.222999999998,0.4615442769284508,0.4695814209302784,28.289999999999964,2553.945,2500.655,37.185,411.996,9439.328,4755.722,3639.543,14922.409,74.85899999999998
2025-10-13 18:59:00,10/13,학습,337.107,5.028,2975.466,14961.309,17936.774999999998,0.463259777724178,0.4713513403021488,28.43000000000029,2560.032,2506.602,37.291,412.175,9449.512,4781.754,3661.708,14961.309,75.06799999999998
2025-10-13 19:00:00,10/13,학습,337.081,5.028,2983.047,14999.646,17982.693,0.4650079484751291,0.4731548717333368,28.56899999999996,2566.041,2512.472,37.396,412.358,9459.115,4807.868,3683.909,14999.646,75.27699999999999
2025-10-13 19:01:00,10/13,학습,337.059,5.028,2990.544,15037.27,18027.814,0.4667674077657842,0.4749696952654778,28.704999999999927,2571.95,2518.245,37.499,412.55,9468.042,4834.061,3706.152,15037.27,75.49099999999999
2025-10-13 19:02:00,10/13,학습,337.043,5.028,2997.936,15073.989,18071.925,0.4685736219459697,0.4768327589566266,28.838999999999942,2577.735,2523.896,37.6,412.752,9476.17,4860.33,3728.444,15073.989,75.709
2025-10-13 19:03:00,10/13,학습,337.036,5.028,3005.201,15109.56,18114.761,0.470487621438299,0.4788076076008912,28.971000000000004,2583.363,2529.392,37.699,412.968,9483.34,4886.668,3750.797,15109.56,75.93200000000002
2025-10-13 19:04:00,10/13,학습,337.038,5.027,3012.308,15143.68,18155.988,0.4724387798312671,0.4808242344753288,29.097999999999956,2588.792,2534.694,37.794,413.203,9489.351,4913.065,3773.232,15143.68,76.16499999999996
2025-10-13 19:05:00,10/13,학습,337.055,5.026,3019.22,15175.984,18195.204,0.474519289201476,0.4829743401067483,29.220000000000255,2593.972,2539.752,37.885,413.463,9493.951,4939.51,3795.776,15175.984,76.40800000000002
2025-10-13 19:06:00,10/13,학습,337.088,5.025,3025.888,15206.06,18231.948,0.4767705514053247,0.4853010243801467,29.33699999999999,2598.844,2544.507,37.971,413.756,9496.84,4965.984,3818.476,15206.06,76.66799999999995
2025-10-13 19:07:00,10/13,학습,337.141,5.024,3032.254,15233.481,18265.735,0.4792537624551721,0.4878680888500376,29.447000000000116,2603.344,2548.897,38.051,414.093,9497.68,4992.471,3841.405,15233.481,76.952
2025-10-13 19:08:00,10/13,학습,337.217,5.022,3038.25,15257.866,18296.116,0.4820230362865925,0.4907341264640931,29.54800000000023,2607.409,2552.861,38.124,414.484,9496.132,5018.949,3864.678,15257.866,77.267
2025-10-13 19:09:00,10/13,학습,337.318,5.02,3043.801,15278.953,18322.754,0.4850782852331368,0.493896359252827,29.64099999999962,2610.988,2556.347,38.188,414.944,9491.914,5045.398,3888.478,15278.953,77.62600000000003
2025-10-13 19:10:00,10/13,학습,337.445,5.017,3048.833,15296.661,18345.494,0.488603102966384,0.4975473874309532,29.723999999999705,2614.051,2559.327,38.244,415.488,9484.878,5071.801,3913.077,15296.661,78.043
2025-10-13 19:11:00,10/13,학습,337.596,5.015,3053.284,15311.117,18364.401,0.4925910092813554,0.5016784062968063,29.797999999999774,2616.598,2561.8,38.291,416.128,9475.094,5098.142,3938.855,15311.117,78.53199999999998
2025-10-13 19:12:00,10/13,학습,337.766,5.012,3057.12,15322.62,18379.74,0.497042692559072,0.5062913508507063,29.863000000000284,2618.659,2563.796,38.329,416.871,9462.891,5124.408,3966.297,15322.62,79.10499999999996
2025-10-13 19:13:00,10/13,학습,337.953,5.01,3060.336,15331.577,18391.913,0.5019816175117154,0.5114106906913798,29.91899999999987,2620.286,2565.367,38.359,417.72,9448.845,5150.582,3995.957,15331.577,79.76700000000005
2025-10-13 19:14:00,10/13,학습,338.149,5.008,3062.962,15338.428,18401.39,0.5073524511464788,0.5169780448113859,29.967999999999847,2621.545,2566.577,38.382,418.666,9433.697,5176.636,4028.384,15338.428,80.517
2025-10-13 19:15:00,10/13,학습,338.35,5.006,3065.056,15343.593,18408.649,0.5131334668320087,0.5229689525268955,30.010999999999967,2622.505,2567.494,38.4,419.694,9418.224,5202.536,4064.033,15343.593,81.344
2025-10-13 19:16:00,10/13,학습,338.55,5.005,3066.691,15347.442,18414.132999999998,0.5191448254890573,0.5291981137440127,30.047000000000025,2623.227,2568.18,38.413,420.784,9403.11,5228.232,4103.171,15347.442,82.23399999999998
2025-10-13 19:17:00,10/13,학습,338.748,5.003,3067.945,15350.287,18418.232,0.5252573564652471,0.535520787074198,30.079999999999927,2623.767,2568.687,38.422,421.91,9388.85,5253.671,4145.817,15350.287,83.16200000000003
2025-10-13 19:18:00,10/13,학습,338.938,5.003,3068.895,15352.378,18421.273,0.5314420467011483,0.5419206614012424,30.10699999999997,2624.167,2569.06,38.429,423.05,9375.71,5278.794,4191.732,15352.378,84.11200000000002
2025-10-13 19:19:00,10/13,학습,339.12,5.002,3069.608,15353.911,18423.519,0.5375467632996557,0.5482215228477632,30.132000000000062,2624.463,2569.331,38.434,424.182,9363.736,5303.549,4240.442,15353.911,85.06200000000001
2025-10-13 19:20:00,10/13,학습,339.294,5.001,3070.153,15354.747,18424.899999999998,0.5434669511947019,0.5543195296448389,30.153999999999996,2624.668,2569.514,38.437,425.289,9352.786,5327.891,4291.3,15354.747,85.995
2025-10-13 19:21:00,10/13,학습,339.464,5.001,3070.548,15354.818,18425.365999999998,0.5491664422035984,0.5601872337865941,30.17099999999982,2624.738,2569.567,38.438,426.355,9342.348,5351.772,4343.503,15354.818,86.89100000000002
2025-10-13 19:22:00,10/13,학습,339.619,5.0,3070.773,15355.299,18426.072,0.5546257741756896,0.5657863708319506,30.189000000000306,2624.793,2569.604,38.439,427.374,9332.191,5375.195,4396.22,15355.299,87.755
2025-10-13 19:23:00,10/13,학습,339.762,5.0,3070.927,15355.677,18426.604,0.5598649372679778,0.5711597795576713,30.20400000000018,2624.835,2569.631,38.44,428.351,9322.08,5398.174,4448.761,15355.677,88.589
2025-10-13 19:24:00,10/13,학습,339.895,5.0,3071.032,15355.914,18426.946,0.564761545283182,0.576172005568621,30.21900000000005,2624.869,2569.65,38.44,429.276,9312.053,5420.717,4500.584,15355.914,89.38100000000003
2025-10-13 19:25:00,10/13,학습,340.019,5.0,3071.11,15356.133,18427.243,0.5693808509901458,0.5808913922041006,30.23199999999997,2624.894,2569.662,38.441,430.135,9302.2,5442.829,4551.315,15356.133,90.11599999999999
2025-10-13 19:26:00,10/13,학습,340.132,5.0,3071.176,15356.344,18427.52,0.5736589099259968,0.5852536485992414,30.243999999999687,2624.912,2569.668,38.442,430.929,9292.286,5464.52,4600.499,15356.344,90.79699999999997
2025-10-13 19:27:00,10/13,학습,340.237,5.0,3071.233,15356.528,18427.761,0.5775513862632011,0.5892149244632314,30.25500000000011,2624.925,2569.67,38.442,431.663,9282.059,5485.812,4647.666,15356.528,91.42599999999999
2025-10-13 19:28:00,10/13,학습,340.335,5.0,3071.283,15356.694,18427.977,0.5812075001509069,0.5929306665744951,30.264999999999873,2624.933,2569.668,38.443,432.339,9271.44,5506.728,4692.503,15356.694,92.00400000000002
2025-10-13 19:29:00,10/13,학습,340.425,5.0,3071.327,15356.851,18428.178,0.5845739060613685,0.5963466098568002,30.273999999999887,2624.937,2569.663,38.444,432.96,9260.429,5527.294,4734.845,15356.851,92.53499999999997
2025-10-13 19:30:00,10/13,학습,340.508,5.0,3071.367,15356.994,18428.361,0.5876099361858216,0.5994214747191264,30.2829999999999,2624.937,2569.654,38.444,433.531,9249.062,5547.533,4774.622,15356.994,93.02300000000002
2025-10-13 19:31:00,10/13,학습,340.587,5.0,3071.412,15356.878,18428.29,0.5904968724002085,0.6023428279732395,30.289999999999964,2624.916,2569.626,38.445,434.057,9237.393,5567.463,4811.846,15356.878,93.47000000000003
2025-10-13 19:32:00,10/13,학습,340.66,5.0,3071.429,15356.842,18428.271,0.5930979586991607,0.6049690507869574,30.297000000000025,2624.886,2569.589,38.445,434.54,9225.496,5587.099,4846.58,15356.842,93.88
2025-10-13 19:33:00,10/13,학습,340.728,5.0,3071.435,15356.835,18428.27,0.5955780113857726,0.607470037441626,30.304000000000087,2624.856,2569.552,38.446,434.987,9213.519,5606.459,4878.958,15356.835,94.25900000000001
2025-10-13 19:34:00,10/13,학습,340.791,5.0,3071.432,15356.789,18428.221,0.5978305831534607,0.6097356797860296,30.309999999999945,2624.826,2569.516,38.446,435.404,9201.629,5625.55,4909.156,15356.789,94.613
2025-10-13 19:35:00,10/13,학습,340.85,5.0,3071.422,15356.717,18428.139,0.5999146637553765,0.611825720704938,30.315000000000055,2624.797,2569.482,38.446,435.789,9190.088,5644.373,4937.411,15356.717,94.93899999999996
2025-10-13 19:36:00,10/13,학습,340.904,5.0,3071.407,15356.632,18428.039,0.601844015642639,0.6137537239670723,30.320000000000164,2624.768,2569.448,38.446,436.144,9179.064,5662.92,4963.948,15356.632,95.24000000000001
2025-10-13 19:37:00,10/13,학습,340.955,5.0,3071.389,15356.525,18427.914,0.6036387642198191,0.6155403296101645,30.32400000000007,2624.739,2569.415,38.446,436.473,9168.614,5681.18,4988.915,15356.525,95.51800000000003
2025-10-13 19:38:00,10/13,학습,341.003,5.0,3071.365,15356.391,18427.756,0.605309775520847,0.6171965865922737,30.327999999999975,2624.711,2569.383,38.446,436.778,9158.777,5699.141,5012.431,15356.391,95.77500000000003
2025-10-13 19:39:00,10/13,학습,341.047,5.0,3071.336,15356.232,18427.568,0.6068688598914379,0.6187346192972281,30.333000000000084,2624.684,2569.351,38.446,437.061,9149.592,5716.789,5034.614,15356.232,96.01399999999995
2025-10-13 19:40:00,10/13,학습,341.089,5.0,3071.303,15356.046,18427.349000000002,0.6083253937325874,0.620164190725025,30.33699999999999,2624.657,2569.32,38.446,437.324,9141.068,5734.112,5055.57,15356.046,96.23500000000001
2025-10-13 19:41:00,10/13,학습,341.127,5.0,3071.263,15355.83,18427.093,0.6096199200783708,0.621424382684399,30.338999999999942,2624.63,2569.291,38.445,437.569,9133.203,5751.097,5075.391,15355.83,96.44200000000001
2025-10-13 19:42:00,10/13,학습,341.164,5.0,3071.218,15355.582,18426.8,0.6109128758469029,0.6226801467121987,30.341999999999643,2624.604,2569.262,38.445,437.8,9125.985,5767.73,5094.158,15355.582,96.63600000000002
2025-10-13 19:43:00,10/13,학습,341.198,5.0,3071.166,15355.303,18426.469,0.6120614355619046,0.6237851220583712,30.346000000000004,2624.579,2569.233,38.444,438.016,9119.399,5784.001,5111.947,15355.303,96.81800000000004
2025-10-13 19:44:00,10/13,학습,341.23,5.0,3071.108,15354.991,18426.099000000002,0.6131475144935273,0.6248236517347268,30.347999999999956,2624.554,2569.206,38.443,438.22,9113.422,5799.9,5128.825,15354.991,96.99000000000001
2025-10-13 19:45:00,10/13,학습,341.261,5.0,3071.043,15354.646,18425.689000000002,0.6141835358524136,0.6258087097797242,30.351000000000113,2624.53,2569.179,38.442,438.414,9108.029,5815.417,5144.853,15354.646,97.15299999999996
2025-10-13 19:46:00,10/13,학습,341.29,5.0,3070.972,15354.268,18425.24,0.6151733543425023,0.6267445229123394,30.35400000000027,2624.507,2569.153,38.441,438.599,9103.196,5830.544,5160.082,15354.268,97.30899999999997
2025-10-13 19:47:00,10/13,학습,341.317,5.0,3070.894,15353.856,18424.75,0.6161179553491838,0.6276323185047921,30.35699999999997,2624.484,2569.127,38.44,438.775,9098.895,5845.277,5174.561,15353.856,97.45799999999997
2025-10-13 19:48:00,10/13,학습,341.343,5.0,3070.809,15353.412,18424.221,0.6169613853069545,0.6284151712665507,30.35799999999972,2624.461,2569.103,38.438,438.945,9095.103,5859.608,5188.333,15353.412,97.60199999999998
2025-10-13 19:49:00,10/13,학습,341.367,5.0,3070.718,15352.935,18423.653,0.6177694883608122,0.6291606983824749,30.360999999999876,2624.44,2569.079,38.436,439.108,9091.795,5873.535,5201.436,15352.935,97.74099999999999
2025-10-13 19:50:00,10/13,학습,341.39,5.0,3070.621,15352.428,18423.049,0.618551318663976,0.6298783425164618,30.36299999999983,2624.419,2569.056,38.434,439.266,9088.952,5887.054,5213.905,15352.428,97.87600000000003
2025-10-13 19:51:00,10/13,학습,341.413,5.0,3070.517,15351.891,18422.408,0.6193119109299979,0.6305734057801122,30.364000000000033,2624.398,2569.034,38.432,439.42,9086.552,5900.162,5225.77,15351.891,98.007
2025-10-13 19:52:00,10/13,학습,341.434,5.0,3070.407,15351.326,18421.733,0.6200522251960057,0.6312470617993582,30.365999999999985,2624.378,2569.012,38.43,439.57,9084.574,5912.859,5237.06,15351.326,98.13599999999997
2025-10-13 19:53:00,10/13,학습,341.454,5.0,3070.292,15350.733,18421.025,0.6207658241218268,0.6318929346343409,30.367999999999938,2624.359,2568.991,38.428,439.715,9082.999,5925.145,5247.798,15350.733,98.26099999999997
2025-10-13 19:54:00,10/13,학습,341.473,5.0,3070.172,15350.116,18420.288,0.6213988326409379,0.6324563352016284,30.36999999999989,2624.341,2568.971,38.425,439.858,9081.81,5937.019,5258.005,15350.116,98.38499999999999
2025-10-13 19:55:00,10/13,학습,341.491,5.0,3070.046,15349.476,18419.522,0.622085591390707,0.6330741633232748,30.371999999999844,2624.323,2568.951,38.423,439.998,9080.992,5948.483,5267.703,15349.476,98.507
2025-10-13 19:56:00,10/13,학습,341.508,5.0,3069.917,15348.814,18418.731,0.6226862933135902,0.6336043019885784,30.37400000000025,2624.306,2568.932,38.42,440.135,9080.534,5959.538,5276.908,15348.814,98.62700000000001
2025-10-13 19:57:00,10/13,학습,341.524,5.0,3069.782,15348.133,18417.915,0.6232753430067068,0.6341225180757908,30.375,2624.289,2568.914,38.417,440.27,9080.421,5970.186,5285.638,15348.133,98.74599999999998
2025-10-13 19:58:00,10/13,학습,341.54,5.0,3069.644,15347.435,18417.078999999998,0.6238474174028198,0.6346235741777639,30.376000000000204,2624.273,2568.897,38.414,440.402,9080.642,5980.43,5293.906,15347.435,98.86199999999997
2025-10-13 19:59:00,10/13,학습,341.555,5.0,3069.503,15346.723,18416.226,0.6244035567983939,0.6351086312474195,30.3779999999997,2624.258,2568.88,38.411,440.531,9081.185,5990.271,5301.726,15346.723,98.976
2025-10-13 20:00:00,10/13,학습,341.569,5.0,3069.359,15345.997,18415.356,0.6248782645851523,0.6355113129902099,30.378999999999905,2624.243,2568.864,38.407,440.658,9082.038,5999.715,5309.11,15345.997,99.089
2025-10-13 20:01:00,10/13,학습,341.582,5.0,3069.212,15345.26,18414.472,0.6254104031859042,0.635972622679664,30.379999999999654,2624.229,2568.849,38.404,440.783,9083.19,6008.763,5316.069,15345.26,99.20100000000002
2025-10-13 20:02:00,10/13,학습,341.595,5.0,3069.064,15344.515,18413.578999999998,0.625926371088631,0.6364179760652953,30.382000000000062,2624.216,2568.834,38.401,440.905,9084.63,6017.421,5322.612,15344.515,99.30999999999995
2025-10-13 20:03:00,10/13,학습,341.607,5.0,3068.913,15343.763,18412.676,0.6263554031397054,0.6367757427494196,30.38299999999981,2624.203,2568.82,38.397,441.024,9086.346,6025.691,5328.75,15343.763,99.41699999999997
2025-10-13 20:04:00,10/13,학습,341.618,5.0,3068.761,15343.006,18411.767,0.6268377238168694,0.6371880864229071,30.384999999999764,2624.191,2568.806,38.394,441.14,9088.327,6033.58,5334.491,15343.006,99.52199999999999
2025-10-13 20:05:00,10/13,학습,341.628,5.0,3068.609,15342.247,18410.856,0.6272368528121414,0.6375169615185445,30.38500000000022,2624.179,2568.794,38.39,441.254,9090.562,6041.09,5339.843,15342.247,99.62600000000003
2025-10-13 20:06:00,10/13,학습,341.638,5.0,3068.456,15341.486,18409.942000000003,0.6276892309957827,0.6379004469447707,30.385999999999967,2624.168,2568.782,38.387,441.365,9093.038,6048.228,5344.815,15341.486,99.72700000000003
2025-10-13 20:07:00,10/13,학습,341.647,5.0,3068.302,15340.726,18409.028000000002,0.6280553452540433,0.6381975281784014,30.38700000000017,2624.157,2568.77,38.383,441.473,9095.745,6054.999,5349.416,15340.726,99.82600000000002
2025-10-13 20:08:00,10/13,학습,341.656,5.0,3068.149,15339.969,18408.118,0.6283984713464684,0.6384723531519851,30.38799999999992,2624.147,2568.759,38.379,441.577,9098.672,6061.408,5353.654,15339.969,99.92099999999999
2025-10-13 20:09:00,10/13,학습,341.664,5.0,3067.997,15339.216,18407.213,0.6287987962766257,0.6388059361011469,30.389000000000124,2624.138,2568.749,38.376,441.679,9101.806,6067.461,5357.537,15339.216,100.01499999999999
2025-10-13 20:10:00,10/13,학습,341.671,5.0,3067.845,15338.468,18406.313000000002,0.6291073556368655,0.6390479063108288,30.389999999999873,2624.129,2568.739,38.372,441.777,9105.138,6073.164,5361.075,15338.468,100.106
2025-10-13 20:11:00,10/13,학습,341.678,5.0,3067.695,15337.728,18405.423,0.6294627058587473,0.6393382072877178,30.391000000000076,2624.121,2568.73,38.369,441.871,9108.655,6078.524,5364.277,15337.728,100.19299999999998
2025-10-13 20:12:00,10/13,학습,341.684,5.0,3067.545,15336.995,18404.54,0.6297353221884884,0.6395462297934249,30.39099999999962,2624.113,2568.722,38.365,441.963,9112.346,6083.545,5367.152,15336.995,100.279
2025-10-13 20:13:00,10/13,학습,341.689,5.0,3067.398,15336.272,18403.670000000002,0.629980581003276,0.6397279775634928,30.39200000000028,2624.106,2568.714,38.361,442.05,9116.201,6088.236,5369.71,15336.272,100.36099999999999
2025-10-13 20:14:00,10/13,학습,341.694,5.0,3067.253,15335.559,18402.811999999998,0.6302777999738204,0.6399633426133899,30.39200000000028,2624.099,2568.707,38.358,442.134,9120.208,6092.603,5371.961,15335.559,100.44
2025-10-13 20:15:00,10/13,학습,341.699,5.0,3067.109,15334.858,18401.967,0.630487958253045,0.6401123546692125,30.39300000000003,2624.093,2568.7,38.354,442.215,9124.358,6096.652,5373.917,15334.858,100.51599999999996
2025-10-13 20:16:00,10/13,학습,341.703,5.0,3066.968,15334.169,18401.137,0.630744862997416,0.6403097921745811,30.39300000000003,2624.087,2568.694,38.351,442.292,9128.64,6100.391,5375.587,15334.169,100.589
2025-10-13 20:17:00,10/13,학습,341.706,5.0,3066.83,15333.493,18400.323,0.630979505534905,0.6404862438857302,30.393999999999778,2624.082,2568.688,38.348,442.365,9133.043,6103.827,5376.984,15333.493,100.65899999999999
2025-10-13 20:18:00,10/13,학습,341.709,5.0,3066.694,15332.832,18399.526,0.6311256799048717,0.6405752104243814,30.394000000000233,2624.077,2568.683,38.344,442.435,9137.557,6106.966,5378.118,15332.832,100.726
2025-10-13 20:19:00,10/13,학습,341.712,5.0,3066.561,15332.184,18398.745,0.6313197393793032,0.6407137958879219,30.394999999999982,2624.073,2568.678,38.341,442.501,9142.172,6109.816,5379.003,15332.184,100.78899999999999
2025-10-13 20:20:00,10/13,학습,341.714,5.0,3066.431,15331.552,18397.983,0.631490305985915,0.6408302829143366,30.394999999999982,2624.069,2568.674,38.338,442.563,9146.879,6112.385,5379.649,15331.552,100.84899999999999
2025-10-13 20:21:00,10/13,학습,341.715,5.0,3066.304,15330.935,18397.239,0.631642550905448,0.6409299008394171,30.394000000000233,2624.065,2568.671,38.335,442.622,9151.669,6114.68,5380.069,15330.935,100.90700000000004
2025-10-13 20:22:00,10/13,학습,341.717,5.0,3066.18,15330.334,18396.514,0.6317735170219898,0.641009720205608,30.394999999999982,2624.062,2568.667,38.332,442.677,9156.531,6116.709,5380.275,15330.334,100.96000000000004
2025-10-13 20:23:00,10/13,학습,341.718,5.0,3066.059,15329.749,18395.808,0.6318849661881042,0.6410715417796649,30.394000000000233,2624.059,2568.665,38.329,442.729,9161.456,6118.479,5380.28,15329.749,101.01099999999997
2025-10-13 20:24:00,10/13,학습,341.718,5.0,3065.942,15329.181,18395.123,0.6319802694001031,0.6411187967369212,30.394999999999982,2624.057,2568.662,38.326,442.778,9166.437,6119.997,5380.096,15329.181,101.06
2025-10-13 20:25:00,10/13,학습,341.718,5.0,3065.828,15328.629,18394.457000000002,0.6320571623639301,0.6411492058929433,30.394999999999982,2624.055,2568.66,38.323,442.824,9171.464,6121.271,5379.735,15328.629,101.106
2025-10-13 20:26:00,10/13,학습,341.718,5.0,3065.717,15328.094,18393.810999999998,0.6321104352889793,0.6411575558687035,30.394999999999982,2624.054,2568.659,38.32,442.866,9176.529,6122.31,5379.21,15328.094,101.14799999999997
2025-10-13 20:27:00,10/13,학습,341.718,5.0,3065.61,15327.576,18393.185999999998,0.6321463838935285,0.6411502109887999,30.394999999999982,2624.053,2568.658,38.317,442.905,9181.625,6123.12,5378.532,15327.576,101.18699999999995
2025-10-13 20:28:00,10/13,학습,341.717,5.0,3065.506,15327.075,18392.581000000002,0.6322408500491651,0.641203059407272,30.394999999999982,2624.052,2568.657,38.315,442.942,9186.743,6123.709,5377.714,15327.075,101.22500000000002
2025-10-13 20:29:00,10/13,학습,341.716,5.0,3065.405,15326.59,18391.995,0.632242223783375,0.6411643433306027,30.394999999999982,2624.051,2568.656,38.312,442.975,9191.875,6124.085,5376.767,15326.59,101.25900000000001
2025-10-13 20:30:00,10/13,학습,341.714,5.0,3065.308,15326.123,18391.431,0.6323010111191916,0.6411846981592024,30.394999999999982,2624.051,2568.656,38.31,443.006,9197.016,6124.256,5375.703,15326.123,101.29199999999997
2025-10-13 20:31:00,10/13,학습,341.713,5.0,3065.214,15325.672,18390.886,0.6322707049522663,0.6411175536757896,30.393999999999778,2624.051,2568.657,38.307,443.034,9202.157,6124.228,5374.533,15325.672,101.32099999999997
2025-10-13 20:32:00,10/13,학습,341.711,5.0,3065.124,15325.237,18390.360999999997,0.6323001641777127,0.6411117830519939,30.394999999999982,2624.052,2568.657,38.305,443.06,9207.293,6124.011,5373.268,15325.237,101.34899999999999
2025-10-13 20:33:00,10/13,학습,341.709,5.0,3065.037,15324.819,18389.856,0.6323112369899451,0.6410892052122081,30.394000000000233,2624.052,2568.658,38.303,443.083,9212.417,6123.61,5371.918,15324.819,101.37400000000002
2025-10-13 20:34:00,10/13,학습,341.707,5.0,3064.953,15324.418,18389.371,0.632310302660272,0.6410561795724337,30.393999999999778,2624.053,2568.659,38.301,443.104,9217.523,6123.034,5370.494,15324.418,101.39699999999999
2025-10-13 20:35:00,10/13,학습,341.705,5.0,3064.872,15324.032,18388.904,0.6322909958877453,0.6410063494642793,30.39300000000003,2624.054,2568.661,38.299,443.122,9222.605,6122.289,5369.005,15324.032,101.41700000000003
2025-10-13 20:36:00,10/13,학습,341.703,5.0,3064.795,15323.662,18388.457000000002,0.6322649008548779,0.6409512887287687,30.39300000000003,2624.056,2568.663,38.297,443.139,9227.659,6121.384,5367.46,15323.662,101.43600000000004
2025-10-13 20:37:00,10/13,학습,341.7,5.0,3064.721,15323.307,18388.028000000002,0.6322268327973214,0.640885782414349,30.39300000000003,2624.058,2568.665,38.295,443.154,9232.679,6120.325,5365.869,15323.307,101.45400000000001
2025-10-13 20:38:00,10/13,학습,341.697,5.0,3064.65,15322.967,18387.617000000002,0.6321715885484729,0.6408046156782035,30.39300000000003,2624.06,2568.667,38.293,443.166,9237.661,6119.119,5364.24,15322.967,101.469
2025-10-13 20:39:00,10/13,학습,341.695,5.0,3064.581,15322.643,18387.224000000002,0.6321148915941512,0.6407234343721218,30.39300000000003,2624.062,2568.669,38.291,443.178,9242.6,6117.773,5362.582,15322.643,101.483
2025-10-13 20:40:00,10/13,학습,341.692,5.0,3064.516,15322.333,18386.849000000002,0.6320398771452973,0.6406254503809281,30.391999999999825,2624.064,2568.672,38.289,443.187,9247.491,6116.295,5360.901,15322.333,101.495
2025-10-13 20:41:00,10/13,학습,341.689,5.0,3064.454,15322.037,18386.491,0.632029144086943,0.6405929925139433,30.391999999999825,2624.067,2568.675,38.288,443.195,9252.333,6114.691,5359.206,15322.037,101.50599999999997
2025-10-13 20:42:00,10/13,학습,341.686,5.0,3064.395,15321.755,18386.149999999998,0.6319356245666077,0.6404793406765992,30.391000000000076,2624.069,2568.678,38.286,443.201,9257.12,6112.967,5357.503,15321.755,101.51500000000004
2025-10-13 20:43:00,10/13,학습,341.683,5.0,3064.338,15321.486,18385.824,0.6319117372886289,0.6404364412500501,30.391000000000076,2624.072,2568.681,38.285,443.207,9261.85,6111.131,5355.798,15321.486,101.524
2025-10-13 20:44:00,10/13,학습,341.679,5.0,3064.285,15321.231,18385.516,0.6318050398511031,0.640312336184335,30.39099999999962,2624.075,2568.684,38.283,443.211,9266.519,6109.187,5354.097,15321.231,101.53200000000004
2025-10-13 20:45:00,10/13,학습,341.676,5.0,3064.234,15320.988,18385.221999999998,0.6317616980013455,0.6402526367773163,30.391000000000076,2624.079,2568.688,38.282,443.214,9271.126,6107.144,5352.407,15320.988,101.53800000000001
2025-10-13 20:46:00,10/13,학습,341.673,5.0,3064.185,15320.758,18384.943,0.6317078118185325,0.6401836450803606,30.391000000000076,2624.082,2568.691,38.281,443.215,9275.668,6105.006,5350.732,15320.758,101.54199999999997
2025-10-13 20:47:00,10/13,학습,341.67,5.0,3064.139,15320.54,18384.679,0.6315805189277955,0.6400427191284936,30.39099999999962,2624.086,2568.695,38.279,443.216,9280.142,6102.78,5349.076,15320.54,101.54599999999999
2025-10-13 20:48:00,10/13,학습,341.667,5.0,3064.095,15320.334,18384.429,0.6315178620744686,0.6399673566358743,30.389999999999873,2624.089,2568.699,38.278,443.216,9284.548,6100.472,5347.445,15320.334,101.54900000000004
2025-10-13 20:49:00,10/13,학습,341.664,5.0,3064.054,15320.139,18384.193,0.6314487991839256,0.6398867739317207,30.389999999999873,2624.093,2568.703,38.277,443.215,9288.883,6098.086,5345.843,15320.139,101.55099999999999
2025-10-13 20:50:00,10/13,학습,341.66,5.0,3064.015,15319.955,18383.97,0.6313786467482957,0.6398061867029661,30.390000000000327,2624.097,2568.707,38.276,443.214,9293.145,6095.63,5344.272,15319.955,101.55399999999997
2025-10-13 20:51:00,10/13,학습,341.657,5.0,3063.978,15319.782,18383.76,0.6313010524698934,0.6397192359919117,30.389000000000124,2624.101,2568.712,38.275,443.212,9297.335,6093.107,5342.737,15319.782,101.555
2025-10-13 20:52:00,10/13,학습,341.654,5.0,3063.944,15319.619,18383.563000000002,0.6312183013445153,0.6396282070418096,30.389000000000124,2624.105,2568.716,38.274,443.209,9301.45,6090.523,5341.24,15319.619,101.555
2025-10-13 20:53:00,10/13,학습,341.651,5.0,3063.911,15319.465,18383.376,0.6311346040318742,0.6395371730606452,30.389000000000124,2624.109,2568.72,38.273,443.206,9305.491,6087.884,5339.783,15319.465,101.555
2025-10-13 20:54:00,10/13,학습,341.648,5.0,3063.88,15319.322,18383.202,0.6310435585329977,0.6394397745367046,30.38799999999992,2624.113,2568.725,38.272,443.202,9309.457,6085.193,5338.37,15319.322,101.55399999999997
2025-10-13 20:55:00,10/13,학습,341.645,5.0,3063.852,15319.187,18383.039,0.6309527022700668,0.6393435135805103,30.389000000000124,2624.118,2568.729,38.271,443.198,9313.347,6082.456,5337.003,15319.187,101.553
2025-10-13 20:56:00,10/13,학습,341.642,5.0,3063.825,15319.061,18382.886,0.6309309711777962,0.639316931574633,30.38799999999992,2624.122,2568.734,38.271,443.194,9317.161,6079.677,5335.682,15319.061,101.55200000000002
2025-10-13 20:57:00,10/13,학습,341.639,5.0,3063.8,15318.944,18382.744,0.6308320260354474,0.6392143044615397,30.38700000000017,2624.126,2568.739,38.27,443.189,9320.899,6076.861,5334.41,15318.944,101.55000000000001
2025-10-13 20:58:00,10/13,학습,341.636,5.0,3063.776,15318.834,18382.61,0.6307334395578945,0.6391128146635701,30.38799999999992,2624.131,2568.743,38.269,443.184,9324.562,6074.011,5333.187,15318.834,101.548
2025-10-13 20:59:00,10/13,학습,341.633,5.0,3063.754,15318.733,18382.487,0.6307040642261013,0.6390810132916762,30.38700000000017,2624.135,2568.748,38.269,443.179,9328.15,6071.131,5332.015,15318.733,101.54599999999999
2025-10-13 21:00:00,10/13,학습,341.63,5.0,3063.734,15318.639,18382.373,0.630602799425034,0.6389783736493624,30.386999999999716,2624.14,2568.753,38.268,443.174,9331.663,6068.227,5330.895,15318.639,101.54399999999998
2025-10-13 21:01:00,10/13,학습,341.627,5.0,3063.715,15318.552,18382.267,0.6305679076117747,0.6389424963040182,30.38799999999992,2624.145,2568.757,38.268,443.168,9335.102,6065.3,5329.827,15318.552,101.541
2025-10-13 21:02:00,10/13,학습,341.625,5.0,3063.698,15318.471,18382.168999999998,0.6304652613684223,0.6388398497007464,30.386999999999716,2624.149,2568.762,38.267,443.163,9338.467,6062.355,5328.812,15318.471,101.53800000000001
2025-10-13 21:03:00,10/13,학습,341.622,5.0,3063.682,15318.398,18382.079999999998,0.6304279234421556,0.6388028273132988,30.38700000000017,2624.154,2568.767,38.267,443.157,9341.76,6059.395,5327.849,15318.398,101.53499999999997
2025-10-13 21:04:00,10/13,학습,341.619,5.0,3063.668,15318.33,18381.998,0.6303240304048492,0.638700173709325,30.38700000000017,2624.159,2568.772,38.266,443.152,9344.981,6056.423,5326.939,15318.33,101.53299999999996
2025-10-13 21:05:00,10/13,학습,341.617,5.0,3063.654,15318.268,18381.922,0.6302866954351303,0.6386642926038062,30.38700000000017,2624.163,2568.776,38.266,443.146,9348.132,6053.442,5326.082,15318.268,101.529
2025-10-13 21:06:00,10/13,학습,341.614,5.0,3063.642,15318.212,18381.854,0.6301817028012148,0.6385616320376011,30.38700000000017,2624.168,2568.781,38.265,443.141,9351.212,6050.455,5325.277,15318.212,101.52700000000004
2025-10-13 21:07:00,10/13,학습,341.612,5.0,3063.631,15318.161,18381.792,0.6301421650124784,0.6385246057913312,30.386999999999716,2624.173,2568.786,38.265,443.135,9354.225,6047.466,5324.524,15318.161,101.52299999999997
2025-10-13 21:08:00,10/13,학습,341.61,5.0,3063.621,15318.115,18381.736,0.6301073891537267,0.6384927973380476,30.385999999999967,2624.177,2568.791,38.265,443.13,9357.17,6044.476,5323.823,15318.115,101.51999999999998
2025-10-13 21:09:00,10/13,학습,341.607,5.0,3063.611,15318.073,18381.684,0.6300010178947683,0.6383901286921432,30.385999999999967,2624.182,2568.796,38.264,443.125,9360.049,6041.488,5323.173,15318.073,101.51799999999997
2025-10-13 21:10:00,10/13,학습,341.605,5.0,3063.603,15318.037,18381.64,0.6299665231258431,0.6383594619959247,30.386999999999716,2624.187,2568.8,38.264,443.12,9362.863,6038.504,5322.572,15318.037,101.51499999999999
2025-10-13 21:11:00,10/13,학습,341.603,5.0,3063.596,15318.004,18381.600000000002,0.629930499057235,0.6383276515001066,30.385999999999967,2624.191,2568.805,38.264,443.115,9365.615,6035.527,5322.021,15318.004,101.512
2025-10-13 21:12:00,10/13,학습,341.601,5.0,3063.59,15317.975,18381.565000000002,0.629822912981672,0.6382249749892446,30.385999999999967,2624.196,2568.81,38.263,443.11,9368.305,6032.558,5321.519,15317.975,101.50900000000001
2025-10-13 21:13:00,10/13,학습,341.599,5.0,3063.584,15317.95,18381.534,0.6297925896915183,0.6381995253799564,30.38700000000017,2624.201,2568.814,38.263,443.106,9370.934,6029.599,5321.064,15317.95,101.507
2025-10-13 21:14:00,10/13,학습,341.597,5.0,3063.579,15317.928,18381.507,0.6297608016842987,0.6381729320768756,30.385999999999967,2624.205,2568.819,38.263,443.102,9373.504,6026.653,5320.656,15317.928,101.505
2025-10-13 21:15:00,10/13,학습,341.596,5.0,3063.575,15317.91,18381.485,0.6297287242963167,0.6381463384489008,30.385999999999967,2624.21,2568.824,38.263,443.098,9376.018,6023.721,5320.292,15317.91,101.50200000000001
2025-10-13 21:16:00,10/13,학습,341.594,5.0,3063.571,15317.895,18381.466,0.6296975486245336,0.6381208878917886,30.385999999999967,2624.214,2568.828,38.263,443.094,9378.475,6020.805,5319.973,15317.895,101.5
2025-10-13 21:17:00,10/13,학습,341.592,5.0,3063.568,15317.882,18381.45,0.6296649630885823,0.6380942936207139,30.385999999999967,2624.219,2568.833,38.263,443.09,9380.878,6017.905,5319.697,15317.882,101.49799999999999
2025-10-13 21:18:00,10/13,학습,341.59,5.0,3063.566,15317.872,18381.438,0.6295673554164782,0.6380031894012643,30.385999999999967,2624.223,2568.837,38.262,443.087,9383.229,6015.024,5319.463,15317.872,101.49700000000001
2025-10-13 21:19:00,10/13,학습,341.589,5.0,3063.564,15317.864,18381.428,0.6295395951196185,0.6379818136187865,30.385999999999967,2624.228,2568.842,38.262,443.084,9385.528,6012.162,5319.269,15317.864,101.495
2025-10-13 21:20:00,10/13,학습,341.587,5.0,3063.563,15317.859,18381.422,0.6295127910734732,0.6379615810892645,30.385999999999967,2624.232,2568.846,38.262,443.081,9387.778,6009.321,5319.115,15317.859,101.49400000000003
2025-10-13 21:21:00,10/13,학습,341.586,5.0,3063.562,15317.856,18381.417999999998,0.629485829053004,0.6379413483744472,30.38700000000017,2624.237,2568.85,38.262,443.078,9389.979,6006.501,5318.998,15317.856,101.49199999999996
2025-10-13 21:22:00,10/13,학습,341.585,5.0,3063.561,15317.854,18381.415,0.6294628364805332,0.637925191729245,30.385999999999967,2624.241,2568.855,38.262,443.076,9392.134,6003.704,5318.918,15317.854,101.49100000000004
2025-10-13 21:23:00,10/13,학습,341.583,5.0,3063.561,15317.855,18381.416,0.6294408413786698,0.6379101784460945,30.385999999999967,2624.245,2568.859,38.262,443.074,9394.243,6000.931,5318.874,15317.855,101.49099999999999
2025-10-13 21:24:00,10/13,학습,341.582,5.0,3063.561,15317.856,18381.417,0.6294187487562559,0.6378951650716247,30.38700000000017,2624.25,2568.863,38.262,443.072,9396.309,5998.182,5318.863,15317.856,101.49000000000001
2025-10-13 21:25:00,10/13,학습,341.581,5.0,3063.562,15317.86,18381.422,0.6293965383813737,0.6378801516058299,30.386999999999716,2624.254,2568.867,38.262,443.07,9398.333,5995.458,5318.885,15317.86,101.48899999999998
2025-10-13 21:26:00,10/13,학습,341.58,5.0,3063.562,15317.864,18381.426,0.629379525806172,0.6378703579016749,30.386999999999716,2624.258,2568.871,38.262,443.069,9400.316,5992.759,5318.938,15317.864,101.48900000000003
2025-10-13 21:27:00,10/13,학습,341.579,5.0,3063.563,15317.87,18381.433,0.62936128106111,0.6378594206977559,30.385999999999967,2624.262,2568.876,38.262,443.068,9402.26,5990.087,5319.022,15317.87,101.48899999999998
2025-10-13 21:28:00,10/13,학습,341.578,5.0,3063.565,15317.876,18381.441,0.6293440930075578,0.6378496269327905,30.386999999999716,2624.267,2568.88,38.262,443.067,9404.165,5987.441,5319.133,15317.876,101.48900000000003
2025-10-13 21:29:00,10/13,학습,341.577,5.0,3063.566,15317.884,18381.45,0.6293321485987499,0.6378450530452544,30.38700000000017,2624.271,2568.884,38.262,443.067,9406.034,5984.822,5319.273,15317.884,101.49000000000001
2025-10-13 21:30:00,10/13,학습,341.576,5.0,3063.568,15317.892,18381.46,0.629321293283681,0.637841622629584,30.38799999999992,2624.275,2568.887,38.262,443.067,9407.868,5982.23,5319.438,15317.892,101.49099999999999
2025-10-13 21:31:00,10/13,학습,341.575,5.0,3063.569,15317.901,18381.47,0.6293093129534847,0.637837048742,30.38799999999992,2624.279,2568.891,38.262,443.067,9409.668,5979.666,5319.628,15317.901,101.49200000000002
2025-10-13 21:32:00,10/13,학습,341.574,5.0,3063.571,15317.911,18381.482,0.6292972865978345,0.6378324748543891,30.38799999999992,2624.283,2568.895,38.262,443.067,9411.435,5977.129,5319.842,15317.911,101.493
2025-10-13 21:33:00,10/13,학습,341.574,5.0,3063.573,15317.921,18381.494,0.6292852693535291,0.63782790096675,30.38799999999992,2624.287,2568.899,38.262,443.067,9413.17,5974.621,5320.078,15317.921,101.493
2025-10-13 21:34:00,10/13,학습,341.573,5.0,3063.575,15317.931,18381.506,0.6292784986480178,0.6378285470018505,30.38700000000017,2624.29,2568.903,38.262,443.068,9414.875,5972.14,5320.336,15317.931,101.495
2025-10-13 21:35:00,10/13,학습,341.572,5.0,3063.578,15317.942,18381.52,0.6292728694782206,0.6378303365028024,30.38799999999992,2624.294,2568.906,38.262,443.069,9416.551,5969.688,5320.613,15317.942,101.49700000000001
2025-10-13 21:36:00,10/13,학습,341.572,5.0,3063.58,15317.953,18381.533,0.6292661461108845,0.6378309825307964,30.38799999999992,2624.298,2568.91,38.262,443.07,9418.199,5967.263,5320.909,15317.953,101.49799999999999
2025-10-13 21:37:00,10/13,학습,341.571,5.0,3063.582,15317.964,18381.546,0.6292646956241604,0.6378368484328458,30.38799999999992,2624.302,2568.914,38.262,443.072,9419.819,5964.867,5321.223,15317.964,101.50099999999998
2025-10-13 21:38:00,10/13,학습,341.57,5.0,3063.584,15317.975,18381.559,0.6292591998877564,0.6378386379078855,30.38799999999992,2624.305,2568.917,38.262,443.073,9421.414,5962.499,5321.554,15317.975,101.50299999999999
2025-10-13 21:39:00,10/13,학습,341.57,5.0,3063.587,15317.986,18381.573,0.629257799446211,0.6378445037568403,30.388000000000375,2624.309,2568.921,38.262,443.075,9422.984,5960.158,5321.9,15317.986,101.505
2025-10-13 21:40:00,10/13,학습,341.569,5.0,3063.589,15317.997,18381.586,0.6292576397916292,0.6378515130233449,30.389000000000124,2624.313,2568.924,38.262,443.077,9424.53,5957.846,5322.261,15317.997,101.50799999999998
2025-10-13 21:41:00,10/13,학습,341.569,5.0,3063.591,15318.008,18381.599,0.6292563837056951,0.6378573787936948,30.38799999999992,2624.316,2568.928,38.262,443.079,9426.053,5955.561,5322.635,15318.008,101.50999999999999
2025-10-13 21:42:00,10/13,학습,341.569,5.0,3063.594,15318.019,18381.613,0.6292615357851447,0.63786960771907,30.389000000000124,2624.32,2568.931,38.262,443.082,9427.554,5953.303,5323.022,15318.019,101.51299999999998
2025-10-13 21:43:00,10/13,학습,341.568,5.0,3063.596,15318.03,18381.626,0.6292667924680342,0.6378818365296246,30.38899999999967,2624.323,2568.934,38.262,443.085,9429.034,5951.073,5323.421,15318.03,101.517
2025-10-13 21:44:00,10/13,학습,341.568,5.0,3063.598,15318.04,18381.638,0.6292668755401897,0.6378888455677949,30.390000000000327,2624.327,2568.937,38.262,443.087,9430.493,5948.87,5323.83,15318.04,101.519
2025-10-13 21:45:00,10/13,학습,341.568,5.0,3063.6,15318.05,18381.649999999998,0.6292711172826374,0.6378999307586359,30.389000000000124,2624.33,2568.941,38.262,443.09,9431.933,5946.693,5324.25,15318.05,101.52199999999999
2025-10-13 21:46:00,10/13,학습,341.567,5.0,3063.603,15318.06,18381.663,0.6292765483297569,0.6379121592730783,30.389000000000124,2624.333,2568.944,38.262,443.093,9433.354,5944.543,5324.678,15318.06,101.52600000000001
2025-10-13 21:47:00,10/13,학습,341.567,5.0,3063.605,15318.07,18381.675,0.6292873246221223,0.6379296072020681,30.389999999999873,2624.337,2568.947,38.262,443.097,9434.757,5942.419,5325.115,15318.07,101.52999999999997
2025-10-13 21:48:00,10/13,학습,341.567,5.0,3063.607,15318.08,18381.686999999998,0.6292929461144348,0.6379418354435922,30.390000000000327,2624.34,2568.95,38.262,443.1,9436.143,5940.321,5325.559,15318.08,101.53300000000002
2025-10-13 21:49:00,10/13,학습,341.567,5.0,3063.609,15318.089,18381.698,0.6293038847814136,0.6379592829969589,30.389999999999873,2624.343,2568.953,38.262,443.104,9437.512,5938.249,5326.01,15318.089,101.53699999999998
2025-10-13 21:50:00,10/13,학습,341.566,5.0,3063.61,15318.097,18381.707,0.6293097022479748,0.637971510965577,30.389999999999873,2624.346,2568.956,38.262,443.107,9438.865,5936.202,5326.467,15318.097,101.54100000000005
2025-10-13 21:51:00,10/13,학습,341.566,5.0,3063.612,15318.105,18381.717,0.6293207940923412,0.6379889581433351,30.391000000000076,2624.35,2568.959,38.262,443.111,9440.202,5934.179,5326.93,15318.105,101.54500000000002
2025-10-13 21:52:00,10/13,학습,341.566,5.0,3063.614,15318.113,18381.727,0.6293319789260278,0.638006405103595,30.391000000000076,2624.353,2568.962,38.262,443.115,9441.525,5932.181,5327.397,15318.113,101.54900000000004
2025-10-13 21:53:00,10/13,학습,341.566,5.0,3063.616,15318.121,18381.737,0.6293432567803217,0.6380238518463552,30.391000000000076,2624.356,2568.965,38.262,443.119,9442.834,5930.208,5327.869,15318.121,101.55300000000005
2025-10-13 21:54:00,10/13,학습,341.566,5.0,3063.618,15318.101,18381.719,0.6293568605563711,0.6380435851277595,30.391000000000076,2624.357,2568.966,38.262,443.123,9444.123,5928.257,5328.343,15318.101,101.55700000000002
2025-10-13 21:55:00,10/13,학습,341.566,5.0,3063.619,15318.078,18381.697,0.6293069464808903,0.6379999470928119,30.391000000000076,2624.356,2568.965,38.261,443.128,9445.386,5926.33,5328.817,15318.078,101.56200000000001
2025-10-13 21:56:00,10/13,학습,341.566,5.0,3063.618,15318.049,18381.667,0.6293240395534303,0.638023110309891,30.39099999999962,2624.354,2568.963,38.261,443.132,9446.614,5924.425,5329.286,15318.049,101.56600000000003
2025-10-13 21:57:00,10/13,학습,341.567,5.0,3063.615,15318.009,18381.624,0.6293486332054804,0.6380537790089893,30.391000000000076,2624.35,2568.959,38.261,443.137,9447.8,5922.544,5329.749,15318.009,101.57
2025-10-13 21:58:00,10/13,학습,341.567,5.0,3063.61,15317.956,18381.566,0.6293807957971487,0.6380919528779878,30.391000000000076,2624.344,2568.953,38.261,443.143,9448.956,5920.686,5330.21,15317.956,101.57599999999996
2025-10-13 21:59:00,10/13,학습,341.568,5.0,3063.604,15317.891,18381.495,0.6294153296459957,0.63813241277655,30.391999999999825,2624.337,2568.945,38.261,443.149,9450.093,5918.851,5330.68,15317.891,101.58100000000002
2025-10-13 22:00:00,10/13,학습,341.568,5.0,3063.595,15317.82,18381.415,0.6294563942879717,0.6381792339372003,30.391000000000076,2624.327,2568.936,38.261,443.156,9451.213,5917.038,5331.16,15317.82,101.58800000000002
2025-10-13 22:01:00,10/13,학습,341.569,5.0,3063.583,15317.746,18381.328999999998,0.6294988022872768,0.6382271974387601,30.391000000000076,2624.317,2568.926,38.261,443.163,9452.322,5915.248,5331.653,15317.746,101.594
2025-10-13 22:02:00,10/13,학습,341.57,5.0,3063.571,15317.665,18381.236,0.629476637265103,0.6382106459616064,30.391000000000076,2624.306,2568.915,38.26,443.171,9453.427,5913.478,5332.163,15317.665,101.601
2025-10-13 22:03:00,10/13,학습,341.57,5.0,3063.556,15317.576,18381.131999999998,0.6295217499652255,0.6382608948877089,30.391000000000076,2624.294,2568.903,38.26,443.178,9454.538,5911.729,5332.694,15317.576,101.608
2025-10-13 22:04:00,10/13,학습,341.571,5.0,3063.541,15317.48,18381.021,0.6295723009965827,0.6383163609195452,30.391000000000076,2624.282,2568.891,38.26,443.186,9455.66,5909.999,5333.246,15317.48,101.61499999999995
2025-10-13 22:05:00,10/13,학습,341.572,5.0,3063.524,15317.376,18380.9,0.6296253603153629,0.6383741122389233,30.391000000000076,2624.268,2568.877,38.26,443.194,9456.785,5908.287,5333.815,15317.376,101.62200000000001
2025-10-13 22:06:00,10/13,학습,341.573,5.0,3063.505,15317.264,18380.769,0.6296086675228618,0.6383621300637525,30.389999999999873,2624.252,2568.862,38.259,443.202,9457.907,5906.591,5334.395,15317.264,101.62900000000002
2025-10-13 22:07:00,10/13,학습,341.574,5.0,3063.486,15317.142,18380.628,0.6296706313545553,0.6384285274436243,30.391000000000076,2624.236,2568.845,38.259,443.211,9459.021,5904.912,5334.981,15317.142,101.637
2025-10-13 22:08:00,10/13,학습,341.575,5.0,3063.464,15317.01,18380.474000000002,0.6297286288037404,0.638490848703142,30.39099999999962,2624.218,2568.827,38.259,443.219,9460.121,5903.248,5335.569,15317.01,101.644
2025-10-13 22:09:00,10/13,학습,341.576,5.0,3063.441,15316.867,18380.308,0.6297167411103736,0.6384834361157359,30.389999999999873,2624.198,2568.808,38.258,443.227,9461.203,5901.599,5336.155,15316.867,101.65099999999995
2025-10-13 22:10:00,10/13,학습,341.577,5.0,3063.416,15316.71,18380.126,0.6297846271903845,0.638555546208649,30.389999999999873,2624.176,2568.786,38.258,443.236,9462.264,5899.966,5336.737,15316.71,101.65899999999999
2025-10-13 22:11:00,10/13,학습,341.578,5.0,3063.389,15316.538,18379.927,0.6297785274890976,0.6385538469307162,30.389999999999873,2624.152,2568.762,38.257,443.244,9463.3,5898.347,5337.314,15316.538,101.66600000000005
2025-10-13 22:12:00,10/13,학습,341.579,5.0,3063.36,15316.35,18379.71,0.6298510127491423,0.6386305279534525,30.389000000000124,2624.125,2568.736,38.257,443.253,9464.31,5896.743,5337.884,15316.35,101.67399999999998
2025-10-13 22:13:00,10/13,학습,341.58,5.0,3063.328,15316.143,18379.471,0.6298599953948394,0.6386438328079433,30.38799999999992,2624.096,2568.708,38.256,443.263,9465.292,5895.154,5338.448,15316.143,101.68299999999999
2025-10-13 22:14:00,10/13,학습,341.582,5.0,3063.292,15315.914,18379.206000000002,0.6299405662539764,0.6387285142021637,30.38899999999967,2624.064,2568.675,38.256,443.272,9466.244,5893.578,5339.006,15315.914,101.69
2025-10-13 22:15:00,10/13,학습,341.584,5.0,3063.254,15315.659,18378.913,0.6299575827714957,0.6387498185524008,30.38700000000017,2624.027,2568.64,38.255,443.282,9467.165,5892.017,5339.559,15315.659,101.69799999999998
2025-10-13 22:16:00,10/13,학습,341.586,5.0,3063.211,15315.375,18378.586,0.6299803802563833,0.638776836635591,30.38700000000017,2623.987,2568.6,38.254,443.292,9468.052,5890.47,5340.108,15315.375,101.70599999999996
2025-10-13 22:17:00,10/13,학습,341.588,5.0,3063.164,15315.055,18378.219,0.630015257634771,0.6388159283543642,30.386999999999716,2623.941,2568.554,38.253,443.303,9468.901,5888.935,5340.653,15315.055,101.71499999999997
2025-10-13 22:18:00,10/13,학습,341.59,5.0,3063.112,15314.693,18377.805,0.6301321452400424,0.6389368331085157,30.384999999999764,2623.888,2568.503,38.253,443.315,9469.709,5887.414,5341.197,15314.693,101.72500000000002
2025-10-13 22:19:00,10/13,학습,341.593,5.0,3063.053,15314.28,18377.333,0.6301871579616652,0.6389959998007559,30.38500000000022,2623.829,2568.444,38.252,443.327,9470.468,5885.905,5341.74,15314.28,101.73399999999998
2025-10-13 22:20:00,10/13,학습,341.599,4.999,3063.014,15313.218,18376.232,0.6302264353647387,0.6390181978188745,30.382000000000062,2623.722,2568.34,38.25,443.34,9471.097,5884.403,5342.28,15313.218,101.74099999999999
2025-10-13 22:21:00,10/13,학습,341.61,4.999,3062.92,15311.926,18374.845999999998,0.6302705438751744,0.6390688482530136,30.378999999999905,2623.548,2568.169,38.247,443.353,9471.306,5882.894,5342.722,15311.926,101.743
2025-10-13 22:22:00,10/13,학습,341.622,4.999,3062.777,15310.438,18373.215,0.6303965803170404,0.6392033683591203,30.375,2623.327,2567.952,38.244,443.372,9470.917,5881.394,5343.016,15310.438,101.75
2025-10-13 22:23:00,10/13,학습,341.638,4.999,3062.588,15308.453,18371.041,0.6306021935672718,0.6394213007167364,30.370000000000346,2623.043,2567.673,38.24,443.407,9469.643,5879.917,5343.089,15308.453,101.769
2025-10-13 22:24:00,10/13,학습,341.66,4.998,3062.337,15305.762,18368.099000000002,0.6308370626218597,0.6396481610963753,30.364000000000033,2622.67,2567.306,38.234,443.456,9467.614,5878.472,5343.038,15305.762,101.79599999999999
2025-10-13 22:25:00,10/13,학습,341.689,4.997,3062.011,15302.12,18364.131,0.6312039351948942,0.6400082706374617,30.353999999999814,2622.169,2566.815,38.227,443.517,9464.921,5877.052,5343.062,15302.12,101.82799999999997
2025-10-13 22:26:00,10/13,학습,341.73,4.996,3061.585,15297.041,18358.626,0.6315808388494867,0.6403817381438301,30.342999999999847,2621.48,2566.137,38.216,443.594,9461.17,5875.647,5343.176,15297.041,101.86399999999998
2025-10-13 22:27:00,10/13,학습,341.789,4.995,3061.016,15289.737,18350.753,0.6321888154257832,0.6409924664559066,30.32400000000007,2620.503,2565.179,38.202,443.696,9455.647,5874.242,5343.243,15289.737,101.90700000000004
2025-10-13 22:28:00,10/13,학습,341.875,4.993,3060.233,15278.96,18339.193,0.6329653840153167,0.6417596946945776,30.297999999999774,2619.082,2563.784,38.181,443.832,9447.29,5872.824,5343.077,15278.96,101.957
2025-10-13 22:29:00,10/13,학습,342.006,4.989,3059.122,15262.742,18321.864,0.634067603410948,0.6428244660636799,30.26000000000022,2616.963,2561.703,38.15,444.02,9434.339,5871.37,5342.369,15262.742,102.01400000000001
2025-10-13 22:30:00,10/13,학습,342.204,4.984,3057.473,15238.377,18295.85,0.6356213971344684,0.6443471365926987,30.199999999999818,2613.769,2558.569,38.103,444.288,9413.969,5869.861,5340.589,15238.377,102.084
2025-10-13 22:31:00,10/13,학습,342.495,4.977,3054.9,15203.487,18258.387,0.6379920271718705,0.6466821348548115,30.115000000000236,2609.065,2553.95,38.035,444.683,9382.157,5868.305,5336.953,15203.487,102.18799999999999
2025-10-13 22:32:00,10/13,학습,342.879,4.969,3050.793,15159.247,18210.04,0.641561668821065,0.6502429782752663,30.005999999999858,2602.656,2547.65,37.943,445.28,9334.569,5866.83,5330.653,15159.247,102.40099999999995
2025-10-13 22:33:00,10/13,학습,343.304,4.964,3044.608,15113.034,18157.642,0.6470817001177959,0.6558746214049782,29.885999999999967,2595.065,2540.179,37.838,446.188,9269.614,5865.82,5321.772,15113.034,102.88400000000001
2025-10-13 22:34:00,10/13,학습,343.678,4.964,3036.55,15073.916,18110.466,0.6548345293137758,0.6638958182587429,29.777999999999793,2587.513,2532.735,37.736,447.507,9192.777,5865.885,5312.918,15073.916,103.82900000000001
2025-10-13 22:35:00,10/13,학습,343.936,4.969,3027.726,15045.535,18073.261,0.6641064778068737,0.6735452383549052,29.690000000000055,2581.166,2526.476,37.647,449.21,9118.86,5867.48,5310.382,15045.535,105.274
2025-10-13 22:36:00,10/13,학습,344.067,4.977,3019.418,15026.516,18045.934,0.6733642019678908,0.6831084195900836,29.617999999999938,2576.578,2521.96,37.574,451.055,9069.239,5870.416,5323.249,15026.516,106.988
2025-10-13 22:37:00,10/13,학습,344.09,4.984,3012.489,15014.287,18026.776,0.6810451206728391,0.6907329818016461,29.559000000000196,2573.706,2519.147,37.518,452.675,9063.069,5873.693,5359.742,15014.287,108.58500000000004
2025-10-13 22:38:00,10/13,학습,344.031,4.99,3007.266,15006.707,18013.973,0.6860443023699884,0.6952307063187004,29.509000000000015,2572.183,2517.674,37.476,453.791,9107.109,5875.8,5395.887,15006.707,109.75999999999999
2025-10-13 22:39:00,10/13,학습,343.919,4.995,3003.656,15002.205,18005.861,0.6882583736367478,0.6965890231339962,29.46900000000005,2571.579,2517.11,37.447,454.313,9192.815,5875.263,5396.687,15002.205,110.394
2025-10-13 22:40:00,10/13,학습,343.776,4.998,3001.348,14999.685,18001.033,0.6879692443461003,0.6952664733128753,29.434000000000196,2571.529,2517.095,37.428,454.298,9301.733,5871.117,5397.264,14999.685,110.52199999999999
2025-10-13 22:41:00,10/13,학습,343.621,4.999,2999.991,14998.414,17998.405,0.6855754467602796,0.6918834463538392,29.40599999999995,2571.777,2517.371,37.415,453.868,9413.541,5863.1,5397.992,14998.414,110.24700000000001
2025-10-13 22:42:00,10/13,학습,343.463,5.001,2999.276,14997.905,17997.181,0.6817727894234098,0.6873837267733622,29.384000000000015,2572.156,2517.772,37.408,453.155,9511.529,5851.596,5398.794,14997.905,109.69199999999995
2025-10-13 22:43:00,10/13,학습,343.312,5.001,2998.969,14997.831,17996.8,0.6769191533322825,0.6821007681880775,29.363999999999578,2572.566,2518.202,37.403,452.28,9585.005,5837.442,5399.597,14997.831,108.96799999999996
2025-10-13 22:44:00,10/13,학습,343.169,5.001,2998.9,14997.985,17996.885000000002,0.6716087200251025,0.6766798601277035,29.346999999999753,2572.957,2518.61,37.401,451.333,9629.5,5821.697,5400.338,14997.985,108.16400000000004
2025-10-13 22:45:00,10/13,학습,343.038,5.001,2998.96,14998.239,17997.199,0.6661085628925788,0.6713344145662117,29.33199999999988,2573.303,2518.971,37.4,450.379,9645.627,5805.439,5400.97,14998.239,107.34100000000001
2025-10-13 22:46:00,10/13,학습,342.918,5.001,2999.08,14998.522,17997.602,0.6606332015745646,0.6662048218102752,29.320000000000164,2573.598,2519.278,37.399,449.458,9637.404,5789.621,5401.469,14998.522,106.54000000000002
2025-10-13 22:47:00,10/13,학습,342.81,5.001,2999.221,14998.793,17998.014,0.6554475175192415,0.6614779935605826,29.309000000000196,2573.84,2519.531,37.399,448.592,9610.662,5774.983,5401.825,14998.793,105.78199999999998
2025-10-13 22:48:00,10/13,학습,342.711,5.001,2999.359,14999.033,17998.392,0.6505208823939942,0.6570600077828206,29.297999999999774,2574.035,2519.737,37.398,447.792,9571.792,5762.024,5402.042,14999.033,105.08099999999996
2025-10-13 22:49:00,10/13,학습,342.621,5.001,2999.483,14999.235,17998.718,0.6460709233768563,0.6531133494216039,29.289000000000215,2574.19,2519.901,37.398,447.062,9526.882,5751.003,5402.134,14999.235,104.44100000000003
2025-10-13 22:50:00,10/13,학습,342.54,5.0,2999.589,14999.398,17998.987,0.6420372209632657,0.6495176229579362,29.278999999999996,2574.311,2520.032,37.398,446.399,9481.175,5741.971,5402.117,14999.398,103.85899999999998
2025-10-13 22:51:00,10/13,학습,342.465,5.0,2999.675,14999.524,17999.199,0.6383445939666623,0.6462243489687001,29.271000000000186,2574.407,2520.136,37.397,445.799,9438.801,5734.812,5402.011,14999.524,103.334
2025-10-13 22:52:00,10/13,학습,342.396,5.0,2999.742,14999.617,17999.359,0.6350375616765135,0.6432396103812335,29.264000000000124,2574.483,2520.219,37.396,445.255,9402.705,5729.288,5401.836,14999.617,102.85899999999998
2025-10-13 22:53:00,10/13,학습,342.333,5.0,2999.792,14999.682,17999.474000000002,0.6321560229307351,0.640599637395799,29.257000000000062,2574.544,2520.287,37.396,444.761,9374.691,5725.087,5401.611,14999.682,102.428
2025-10-13 22:54:00,10/13,학습,342.274,5.0,2999.828,14999.725,17999.553,0.6295195003008873,0.6381282556979375,29.251000000000204,2574.596,2520.345,37.395,444.312,9355.561,5721.86,5401.35,14999.725,102.03800000000001
2025-10-13 22:55:00,10/13,학습,342.219,5.0,2999.851,14999.751,17999.602,0.6271637235754709,0.6358685626897407,29.244000000000142,2574.641,2520.397,37.394,443.903,9345.289,5719.259,5401.067,14999.751,101.68400000000003
2025-10-13 22:56:00,10/13,학습,342.168,5.0,2999.865,14999.764,17999.629,0.6251235390990874,0.6338659420998165,29.239000000000033,2574.684,2520.445,37.394,443.529,9343.224,5716.96,5400.771,14999.764,101.36099999999999
2025-10-13 22:57:00,10/13,학습,342.12,5.0,2999.872,14999.767,17999.639,0.6232180232576562,0.6319519930262971,29.233999999999924,2574.725,2520.491,37.393,443.186,9348.283,5714.68,5400.469,14999.767,101.06599999999997
2025-10-13 22:58:00,10/13,학습,342.076,5.0,2999.873,14999.766,17999.639,0.6215000599681071,0.6301914197142808,29.228999999999814,2574.767,2520.538,37.392,442.873,9359.133,5712.19,5400.167,14999.766,100.79699999999997
2025-10-13 22:59:00,10/13,학습,342.034,5.0,2999.872,14999.761,17999.633,0.6200070348204383,0.6286327876759401,29.22499999999991,2574.81,2520.585,37.392,442.585,9374.344,5709.318,5399.865,14999.761,100.55099999999999
2025-10-13 23:00:00,10/13,학습,342.021,5.0,2999.871,14999.759,17999.63,0.6194709591574753,0.6280720111584537,29.22400000000016,2574.824,2520.6,37.391,442.495,9380.115,5708.258,5399.765,14999.759,100.47399999999999
2025-10-14 15:00:00,10/14,학습,341.57,5.0,3000.0,15000.0,18000.0,0.6063897693933811,0.6158854538416734,29.220000000000255,2575.8,2521.58,37.378,440.571,9674.166,5328.42,5114.987,15000.0,99.00100000000003
2025-10-14 15:01:00,10/14,학습,341.57,5.0,3000.0,15000.0,18000.0,0.6063950784691148,0.6158842783494405,29.21900000000005,2575.8,2521.581,37.378,440.571,9675.524,5328.3,5114.356,15000.0,99.00100000000003
2025-10-14 15:02:00,10/14,학습,341.57,5.0,3000.0,15000.0,18000.0,0.606399265021595,0.6158842783494405,29.2199999999998,2575.801,2521.581,37.378,440.571,9676.489,5328.148,5113.333,15000.0,99.00100000000003
2025-10-14 15:03:00,10/14,학습,341.57,5.0,3000.0,15000.001,18000.001,0.6064032043925363,0.6158842783494405,29.2199999999998,2575.801,2521.581,37.378,440.571,9677.442,5327.967,5112.327,15000.001,99.00100000000003
2025-10-14 15:04:00,10/14,학습,341.57,5.0,3000.0,15000.003,18000.003,0.6064067511815301,0.6158842783494405,29.2199999999998,2575.801,2521.581,37.378,440.571,9678.351,5327.761,5111.348,15000.003,99.00100000000003
2025-10-14 15:05:00,10/14,학습,341.57,5.0,3000.001,15000.004,18000.005,0.606409884263779,0.6158842783494411,29.2199999999998,2575.801,2521.581,37.378,440.571,9679.215,5327.532,5110.397,15000.004,99.00100000000003
2025-10-14 15:06:00,10/14,학습,341.57,5.0,3000.002,15000.006,18000.007999999998,0.6064138312824335,0.6158854538416736,29.220000000000255,2575.8,2521.58,37.378,440.571,9680.036,5327.282,5109.478,15000.006,99.00100000000003
2025-10-14 15:07:00,10/14,학습,341.57,5.0,3000.003,15000.008,18000.011,0.6064174566673609,0.6158866293338994,29.2199999999998,2575.799,2521.579,37.378,440.571,9680.818,5327.014,5108.591,15000.008,99.00100000000003
2025-10-14 15:08:00,10/14,학습,341.57,5.0,3000.004,15000.01,18000.014,0.6064155281905758,0.615882546123601,29.2199999999998,2575.798,2521.578,37.378,440.57,9681.564,5326.73,5107.74,15000.01,99.0
2025-10-14 15:09:00,10/14,학습,341.57,5.0,3000.005,15000.013,18000.018,0.6064185800609636,0.6158837216175526,29.2199999999998,2575.797,2521.577,37.378,440.57,9682.274,5326.432,5106.925,15000.013,99.0
2025-10-14 15:10:00,10/14,학습,341.57,5.0,3000.006,15000.016,18000.022,0.6064172834815788,0.6158808138918608,29.220000000000255,2575.795,2521.575,37.378,440.569,9682.95,5326.121,5106.149,15000.016,98.99900000000002
2025-10-14 15:11:00,10/14,학습,341.57,5.0,3000.007,15000.018,18000.025,0.6064157306428215,0.6158779061568183,29.21900000000005,2575.792,2521.573,37.378,440.568,9683.591,5325.799,5105.411,15000.018,98.99799999999999
2025-10-14 15:12:00,10/14,학습,341.57,5.0,3000.009,15000.021,18000.03,0.6064098195713211,0.6158709151578363,29.2199999999998,2575.79,2521.57,37.378,440.566,9684.198,5325.467,5104.71,15000.021,98.99599999999998
2025-10-14 15:13:00,10/14,학습,341.57,5.0,3000.01,15000.024,18000.034,0.6064089565630371,0.6158691828956082,29.21900000000005,2575.786,2521.567,37.378,440.565,9684.768,5325.128,5104.047,15000.024,98.995
2025-10-14 15:14:00,10/14,학습,341.57,5.0,3000.011,15000.027,18000.038,0.6063973237395507,0.6158569330269712,29.21900000000005,2575.783,2521.564,37.378,440.562,9685.3,5324.782,5103.418,15000.027,98.99200000000002
2025-10-14 15:15:00,10/14,학습,341.57,5.0,3000.013,15000.03,18000.043,0.6063918719749498,0.6158511174063124,29.21900000000005,2575.779,2521.56,37.378,440.56,9685.794,5324.432,5102.824,15000.03,98.99000000000001
2025-10-14 15:16:00,10/14,학습,341.57,5.0,3000.015,15000.033,18000.048,0.6063768228529244,0.6158359594984313,29.21900000000005,2575.774,2521.555,37.378,440.556,9686.247,5324.077,5102.263,15000.033,98.98599999999999
2025-10-14 15:17:00,10/14,학습,341.569,5.0,3000.016,15000.036,18000.052,0.6063668439888401,0.6158260603463053,29.218999999999596,2575.769,2521.55,37.378,440.553,9686.66,5323.721,5101.733,15000.036,98.98399999999998
2025-10-14 15:18:00,10/14,학습,341.569,5.0,3000.018,15000.039,18000.057,0.6063513616503364,0.6158109021127756,29.217999999999847,2575.763,2521.545,37.378,440.549,9687.033,5323.365,5101.233,15000.039,98.97999999999996
2025-10-14 15:19:00,10/14,학습,341.569,5.0,3000.019,15000.042,18000.060999999998,0.60641022492735,0.6158702372174363,29.217999999999847,2575.757,2521.539,37.379,440.545,9687.364,5323.009,5100.763,15000.042,98.976
2025-10-14 15:20:00,10/14,학습,341.569,5.0,3000.021,15000.045,18000.066,0.6063914190774348,0.6158521708159503,29.217999999999847,2575.75,2521.532,37.379,440.54,9687.657,5322.655,5100.321,15000.045,98.971
2025-10-14 15:21:00,10/14,학습,341.569,5.0,3000.022,15000.048,18000.07,0.6063724472228985,0.615834104128927,29.217999999999847,2575.743,2521.525,37.379,440.535,9687.91,5322.304,5099.906,15000.048,98.96600000000001
2025-10-14 15:22:00,10/14,학습,341.569,5.0,3000.023,15000.05,18000.073,0.6063533096641889,0.615816037156371,29.217999999999847,2575.736,2521.518,37.379,440.53,9688.126,5321.958,5099.519,15000.05,98.96099999999996
2025-10-14 15:23:00,10/14,학습,341.568,5.0,3000.025,15000.052,18000.077,0.6063287385516127,0.6157927106548378,29.2170000000001,2575.728,2521.511,37.379,440.524,9688.308,5321.618,5099.158,15000.052,98.95600000000002
2025-10-14 15:24:00,10/14,학습,341.568,5.0,3000.026,15000.054,18000.08,0.6063052170730745,0.615770559264557,29.216999999999643,2575.72,2521.503,37.379,440.518,9688.455,5321.283,5098.823,15000.054,98.94999999999999
2025-10-14 15:25:00,10/14,학습,341.568,5.0,3000.027,15000.056,18000.083,0.6062827687884773,0.6157495830166129,29.216999999999643,2575.711,2521.494,37.379,440.512,9688.572,5320.957,5098.514,15000.056,98.94400000000002
2025-10-14 15:26:00,10/14,학습,341.568,5.0,3000.028,15000.058,18000.086,0.6062590289022776,0.6157274307976868,29.21600000000035,2575.702,2521.486,37.379,440.506,9688.659,5320.638,5098.229,15000.058,98.93799999999999
2025-10-14 15:27:00,10/14,학습,341.568,5.0,3000.028,15000.059,18000.087,0.6063097576654685,0.6157797695223293,29.21600000000035,2575.693,2521.477,37.38,440.5,9688.719,5320.327,5097.97,15000.059,98.93200000000002
2025-10-14 15:28:00,10/14,학습,341.568,5.0,3000.029,15000.06,18000.089,0.6062870301357767,0.6157587923241223,29.21600000000035,2575.684,2521.468,37.38,440.494,9688.754,5320.026,5097.734,15000.06,98.92600000000004
2025-10-14 15:29:00,10/14,학습,341.567,5.0,3000.03,15000.061,18000.091,0.6062589762881261,0.6157325550630861,29.21600000000035,2575.675,2521.459,37.38,440.487,9688.765,5319.735,5097.522,15000.061,98.92000000000002
2025-10-14 15:30:00,10/14,학습,341.567,5.0,3000.03,15000.062,18000.092,0.6062373392713375,0.6157127525683137,29.215999999999894,2575.665,2521.449,37.38,440.481,9688.756,5319.453,5097.333,15000.062,98.91399999999999
2025-10-14 15:31:00,10/14,학습,341.567,5.0,3000.031,15000.062,18000.093,0.6062091991713362,0.6156865142593926,29.215000000000146,2575.655,2521.44,37.38,440.474,9688.727,5319.182,5097.166,15000.062,98.90699999999998
2025-10-14 15:32:00,10/14,학습,341.567,5.0,3000.031,15000.063,18000.094,0.6061874929016221,0.6156667109177374,29.215000000000146,2575.645,2521.43,37.38,440.468,9688.68,5318.921,5097.021,15000.063,98.90100000000001
2025-10-14 15:33:00,10/14,학습,341.567,5.0,3000.031,15000.063,18000.094,0.6061593342639552,0.6156404715608741,29.214000000000397,2575.635,2521.421,37.38,440.461,9688.616,5318.672,5096.896,15000.063,98.894
2025-10-14 15:34:00,10/14,학습,341.567,5.0,3000.031,15000.063,18000.094,0.6062109488367695,0.6156939808122774,29.215000000000146,2575.626,2521.411,37.381,440.455,9688.538,5318.433,5096.79,15000.063,98.88799999999998
2025-10-14 15:35:00,10/14,학습,341.567,5.0,3000.031,15000.062,18000.093,0.6061839493360853,0.615668916362879,29.215000000000146,2575.616,2521.401,37.381,440.448,9688.446,5318.205,5096.704,15000.062,98.88099999999997
2025-10-14 15:36:00,10/14,학습,341.567,5.0,3000.031,15000.062,18000.093,0.6061610361152197,0.6156479359437059,29.214000000000397,2575.606,2521.392,37.381,440.442,9688.341,5317.988,5096.635,15000.062,98.875
2025-10-14 15:37:00,10/14,학습,341.567,5.0,3000.031,15000.061,18000.092,0.6061393216461419,0.6156281307541493,29.213999999999942,2575.596,2521.382,37.381,440.436,9688.226,5317.783,5096.584,15000.061,98.86899999999997
2025-10-14 15:38:00,10/14,학습,341.567,5.0,3000.031,15000.061,18000.092,0.6061164360689496,0.615607149547527,29.212999999999738,2575.586,2521.373,37.381,440.43,9688.1,5317.588,5096.548,15000.061,98.863
2025-10-14 15:39:00,10/14,학습,341.567,5.0,3000.03,15000.06,18000.09,0.6060947765674791,0.615587343591228,29.214000000000397,2575.577,2521.363,37.381,440.424,9687.965,5317.404,5096.527,15000.06,98.85699999999997
2025-10-14 15:40:00,10/14,학습,341.567,5.0,3000.03,15000.059,18000.089,0.6060771962415099,0.6155716221106626,29.213000000000193,2575.567,2521.354,37.381,440.419,9687.821,5317.231,5096.521,15000.059,98.85199999999998
2025-10-14 15:41:00,10/14,학습,341.566,5.0,3000.029,15000.058,18000.087,0.606127755111642,0.6156239506257171,29.213000000000193,2575.558,2521.345,37.382,440.413,9687.671,5317.069,5096.527,15000.058,98.84700000000004
2025-10-14 15:42:00,10/14,학습,341.566,5.0,3000.029,15000.057,18000.086,0.606110243782733,0.6156082287423901,29.213000000000193,2575.549,2521.336,37.382,440.408,9687.514,5316.918,5096.546,15000.057,98.84200000000004
2025-10-14 15:43:00,10/14,학습,341.566,5.0,3000.028,15000.055,18000.083,0.6060875306474944,0.6155872459719776,29.212999999999738,2575.54,2521.327,37.382,440.402,9687.351,5316.777,5096.576,15000.055,98.83600000000001
2025-10-14 15:44:00,10/14,학습,341.566,5.0,3000.028,15000.054,18000.082,0.6060689115632671,0.6155703478569923,29.21199999999999,2575.531,2521.319,37.382,440.397,9687.183,5316.646,5096.617,15000.054,98.83100000000002
2025-10-14 15:45:00,10/14,학습,341.566,5.0,3000.027,15000.053,18000.08,0.6060568001511495,0.615559885915024,29.21199999999999,2575.522,2521.31,37.382,440.393,9687.011,5316.525,5096.667,15000.053,98.827
2025-10-14 15:46:00,10/14,학습,341.566,5.0,3000.027,15000.051,18000.078,0.6060382713460508,0.6155429873393168,29.21199999999999,2575.514,2521.302,37.382,440.388,9686.835,5316.415,5096.726,15000.051,98.822
2025-10-14 15:47:00,10/14,학습,341.567,5.0,3000.026,15000.05,18000.076,0.6060250670006626,0.6155313493831402,29.21199999999999,2575.506,2521.294,37.382,440.384,9686.656,5316.313,5096.794,15000.05,98.81700000000001
2025-10-14 15:48:00,10/14,학습,341.567,5.0,3000.025,15000.048,18000.073,0.6060054842640099,0.6155132746433714,29.21100000000024,2575.498,2521.287,37.382,440.379,9686.475,5316.222,5096.868,15000.048,98.81200000000001
2025-10-14 15:49:00,10/14,학습,341.567,5.0,3000.024,15000.047,18000.071,0.6060657066273433,0.615574944177236,29.210999999999785,2575.49,2521.279,37.383,440.375,9686.293,5316.139,5096.949,15000.047,98.80799999999999
2025-10-14 15:50:00,10/14,학습,341.567,5.0,3000.024,15000.045,18000.069,0.6060514476144344,0.6155621301439975,29.21100000000024,2575.483,2521.272,37.383,440.371,9686.109,5316.065,5097.036,15000.045,98.80399999999997
2025-10-14 15:51:00,10/14,학습,341.567,5.0,3000.023,15000.044,18000.067,0.6060425297504605,0.615554576954165,29.210000000000036,2575.475,2521.265,37.383,440.368,9685.924,5316.0,5097.128,15000.044,98.80099999999999
2025-10-14 15:52:00,10/14,학습,341.567,5.0,3000.022,15000.042,18000.064,0.606028407467574,0.6155417626468502,29.21100000000024,2575.469,2521.258,37.383,440.364,9685.739,5315.944,5097.225,15000.042,98.79699999999997
2025-10-14 15:53:00,10/14,학습,341.567,5.0,3000.021,15000.041,18000.061999999998,0.60601959596163,0.6155342092726159,29.210999999999785,2575.462,2521.251,37.383,440.361,9685.555,5315.895,5097.325,15000.041,98.79399999999998
2025-10-14 15:54:00,10/14,학습,341.567,5.0,3000.021,15000.039,18000.06,0.6060096309127501,0.6155254801258847,29.210000000000036,2575.455,2521.245,37.383,440.358,9685.371,5315.854,5097.429,15000.039,98.791
2025-10-14 15:55:00,10/14,학습,341.567,5.0,3000.02,15000.038,18000.058,0.6059997499856433,0.6155167508949375,29.210000000000036,2575.449,2521.239,37.383,440.355,9685.188,5315.821,5097.536,15000.038,98.78800000000001
2025-10-14 15:56:00,10/14,학습,341.567,5.0,3000.019,15000.036,18000.055,0.6059899122635561,0.6155080215797764,29.210000000000036,2575.443,2521.233,37.383,440.352,9685.006,5315.794,5097.646,15000.036,98.78499999999997
2025-10-14 15:57:00,10/14,학습,341.567,5.0,3000.018,15000.035,18000.053,0.6059801356378974,0.6154992921803979,29.210000000000036,2575.437,2521.227,37.383,440.349,9684.826,5315.775,5097.757,15000.035,98.78199999999998
2025-10-14 15:58:00,10/14,학습,341.567,5.0,3000.018,15000.033,18000.051,0.605974464608497,0.6154946482516646,29.20999999999958,2575.432,2521.222,37.383,440.347,9684.648,5315.762,5097.87,15000.033,98.77999999999997
2025-10-14 15:59:00,10/14,학습,341.567,5.0,3000.017,15000.032,18000.049,0.6059688819403218,0.6154900042924087,29.208999999999833,2575.426,2521.217,37.383,440.345,9684.473,5315.756,5097.984,15000.032,98.77800000000002
2025-10-14 16:00:00,10/14,학습,341.567,5.0,3000.016,15000.03,18000.046000000002,0.6060300706027392,0.6155534033616192,29.208999999999833,2575.421,2521.212,37.384,440.342,9684.047,5315.759,5098.096,15000.03,98.77499999999998
2025-10-14 16:01:00,10/14,학습,341.567,5.0,3000.015,15000.029,18000.044,0.6060209539098068,0.6155487593383078,29.209000000000287,2575.416,2521.207,37.384,440.34,9683.168,5315.786,5098.269,15000.029,98.77299999999997
2025-10-14 16:02:00,10/14,학습,341.567,5.0,3000.015,15000.028,18000.043,0.6060161987218871,0.61554937656308,29.20999999999958,2575.412,2521.202,37.384,440.339,9682.086,5315.846,5098.628,15000.028,98.77199999999999
2025-10-14 16:03:00,10/14,학습,341.567,5.0,3000.014,15000.026,18000.04,0.606004278450556,0.6155435568000125,29.209000000000287,2575.407,2521.198,37.384,440.337,9680.814,5315.946,5099.192,15000.026,98.76999999999998
2025-10-14 16:04:00,10/14,학습,341.568,5.0,3000.014,15000.025,18000.039,0.6059927936581397,0.6155389127055662,29.20999999999958,2575.403,2521.193,37.384,440.335,9679.357,5316.089,5099.956,15000.025,98.767
2025-10-14 16:05:00,10/14,학습,341.568,5.0,3000.013,15000.023,18000.036,0.6059848067938497,0.615538354208566,29.209000000000287,2575.398,2521.189,37.384,440.334,9677.725,5316.282,5100.914,15000.023,98.76600000000002
2025-10-14 16:06:00,10/14,학습,341.568,5.0,3000.012,15000.02,18000.032,0.6059698429667801,0.6155313586510471,29.208999999999833,2575.395,2521.186,37.384,440.332,9675.928,5316.528,5102.061,15000.02,98.76400000000001
2025-10-14 16:07:00,10/14,학습,341.568,5.0,3000.011,15000.018,18000.029,0.6059608215496097,0.6155308001380577,29.209000000000287,2575.391,2521.182,37.384,440.331,9673.972,5316.83,5103.391,15000.018,98.76300000000003
2025-10-14 16:08:00,10/14,학습,341.568,5.0,3000.01,15000.014,18000.023999999998,0.6059502007527948,0.6155290659079324,29.208999999999833,2575.388,2521.179,37.384,440.33,9671.865,5317.192,5104.895,15000.014,98.762
2025-10-14 16:09:00,10/14,학습,341.568,5.0,3000.008,15000.011,18000.019,0.6059392454468336,0.6155273316718957,29.209000000000287,2575.385,2521.176,37.384,440.329,9669.615,5317.617,5106.566,15000.011,98.76100000000002
2025-10-14 16:10:00,10/14,학습,341.568,5.0,3000.006,15000.007,18000.013,0.6059268077530308,0.6155244217118261,29.208999999999833,2575.383,2521.174,37.384,440.328,9667.23,5318.107,5108.397,15000.007,98.75999999999999
2025-10-14 16:11:00,10/14,학습,341.568,5.0,3000.004,15000.002,18000.006,0.6059181834790395,0.6155255974299569,29.209000000000287,2575.382,2521.173,37.384,440.328,9664.715,5318.664,5110.379,15000.002,98.75999999999999
2025-10-14 16:12:00,10/14,학습,341.568,5.0,3000.002,14999.997,17999.999,0.605909349504244,0.6155267731480918,29.208999999999833,2575.381,2521.172,37.384,440.328,9662.08,5319.289,5112.504,14999.997,98.75999999999999
2025-10-14 16:13:00,10/14,학습,341.568,5.0,3000.0,14999.991,17999.991,0.6058991938837631,0.6155267731480913,29.208999999999833,2575.381,2521.172,37.384,440.328,9659.332,5319.986,5114.763,14999.991,98.75999999999999
2025-10-14 16:14:00,10/14,학습,341.569,5.0,2999.997,14999.985,17999.982,0.6058930412551908,0.6155308588211135,29.209000000000287,2575.382,2521.173,37.384,440.329,9656.48,5320.754,5117.149,14999.985,98.75999999999999
2025-10-14 16:15:00,10/14,학습,341.569,5.0,2999.994,14999.978,17999.971999999998,0.6058909106760852,0.6155390301287138,29.208999999999833,2575.384,2521.175,37.384,440.331,9653.532,5321.594,5119.653,14999.978,98.762
2025-10-14 16:16:00,10/14,학습,341.569,5.0,2999.991,14999.971,17999.962,0.6058876069095968,0.6155460256755705,29.209000000000287,2575.387,2521.178,37.384,440.333,9650.498,5322.507,5122.268,14999.971,98.76400000000001
2025-10-14 16:17:00,10/14,학습,341.569,5.0,2999.987,14999.963,17999.95,0.6058884652606262,0.6155571067648618,29.209000000000287,2575.391,2521.182,37.384,440.336,9647.387,5323.494,5124.986,14999.963,98.767
2025-10-14 16:18:00,10/14,학습,341.57,5.0,2999.983,14999.954,17999.936999999998,0.6058934964670697,0.6155722732864586,29.209000000000287,2575.396,2521.187,37.384,440.34,9644.209,5324.553,5127.8,14999.954,98.76999999999998
2025-10-14 16:19:00,10/14,학습,341.57,5.0,2999.979,14999.945,17999.924,0.6059027521292342,0.6155915250917745,29.20999999999958,2575.403,2521.193,37.384,440.345,9640.974,5325.684,5130.701,14999.945,98.77500000000003
2025-10-14 16:20:00,10/14,학습,341.57,5.0,2999.974,14999.935,17999.909,0.6059151388255894,0.6156136863154309,29.210000000000036,2575.411,2521.201,37.384,440.351,9637.692,5326.887,5133.683,14999.935,98.781
2025-10-14 16:21:00,10/14,학습,341.571,5.0,2999.97,14999.925,17999.895,0.6058586505035038,0.6155666295773516,29.210999999999785,2575.421,2521.21,37.383,440.358,9634.372,5328.16,5136.738,14999.925,98.78699999999998
2025-10-14 16:22:00,10/14,학습,341.571,5.0,2999.965,14999.915,17999.88,0.6058732837304686,0.6155905240917432,29.210999999999785,2575.432,2521.221,37.383,440.365,9631.023,5329.502,5139.859,14999.915,98.79399999999998
2025-10-14 16:23:00,10/14,학습,341.572,5.0,2999.96,14999.904,17999.864,0.6058963950422528,0.6156225884538935,29.21100000000024,2575.445,2521.234,37.383,440.374,9627.656,5330.912,5143.038,14999.904,98.80200000000002
2025-10-14 16:24:00,10/14,학습,341.572,5.0,2999.954,14999.893,17999.847,0.6059291998274408,0.6156639976654041,29.21199999999999,2575.46,2521.248,37.383,440.385,9624.279,5332.386,5146.269,14999.893,98.81299999999999
2025-10-14 16:25:00,10/14,학습,341.573,5.0,2999.949,14999.882,17999.831,0.6059600202129176,0.6157030541749939,29.21199999999999,2575.476,2521.264,37.383,440.396,9620.9,5333.925,5149.544,14999.882,98.82300000000004
2025-10-14 16:26:00,10/14,학습,341.573,5.0,2999.943,14999.871,17999.814,0.6059274748429613,0.6156781496505803,29.213000000000193,2575.494,2521.281,37.382,440.409,9617.528,5335.524,5152.854,14999.871,98.83600000000001
2025-10-14 16:27:00,10/14,학습,341.574,5.0,2999.938,14999.859,17999.797,0.6059661255919956,0.6157241973482617,29.213999999999942,2575.514,2521.3,37.382,440.422,9614.171,5337.182,5156.194,14999.859,98.84800000000001
2025-10-14 16:28:00,10/14,학습,341.574,5.0,2999.932,14999.848,17999.78,0.6060133988464377,0.6157784121162044,29.213999999999942,2575.535,2521.321,37.382,440.437,9610.835,5338.895,5159.556,14999.848,98.863
2025-10-14 16:29:00,10/14,학습,341.575,5.0,2999.927,14999.836,17999.763,0.6060640209840198,0.6158355330283285,29.215000000000146,2575.559,2521.344,37.382,440.453,9607.528,5340.661,5162.932,14999.836,98.87799999999999
2025-10-14 16:30:00,10/14,학습,341.576,5.0,2999.921,14999.825,17999.746,0.606051391556169,0.6158286884477318,29.215999999999894,2575.584,2521.368,37.381,440.471,9604.257,5342.478,5166.315,14999.825,98.89499999999998
2025-10-14 16:31:00,10/14,학습,341.576,5.0,2999.915,14999.814,17999.729,0.6061100223596673,0.6158927961631788,29.2170000000001,2575.611,2521.394,37.381,440.489,9601.028,5344.341,5169.699,14999.814,98.91299999999995
2025-10-14 16:32:00,10/14,학습,341.577,5.0,2999.91,14999.802,17999.712,0.6061041929700453,0.6158917586958166,29.2170000000001,2575.639,2521.422,37.38,440.509,9597.846,5346.248,5173.075,14999.802,98.93200000000002
2025-10-14 16:33:00,10/14,학습,341.578,5.0,2999.904,14999.791,17999.695,0.6061760849780157,0.61596810991669,29.21900000000005,2575.67,2521.451,37.38,440.53,9594.717,5348.196,5176.438,14999.791,98.952
2025-10-14 16:34:00,10/14,학습,341.578,5.0,2999.899,14999.781,17999.68,0.6061782986154807,0.6159740526107629,29.21900000000005,2575.701,2521.482,37.379,440.552,9591.647,5350.181,5179.781,14999.781,98.97400000000005
2025-10-14 16:35:00,10/14,학습,341.579,5.0,2999.894,14999.77,17999.664,0.6062570348525516,0.6160562095254782,29.220000000000255,2575.735,2521.515,37.379,440.575,9588.64,5352.2,5183.096,14999.77,98.99599999999998
2025-10-14 16:36:00,10/14,학습,341.58,5.0,2999.889,14999.76,17999.649,0.6062672960830725,0.6160691297651542,29.221000000000004,2575.77,2521.549,37.378,440.599,9585.7,5354.249,5186.379,14999.76,99.019
2025-10-14 16:37:00,10/14,학습,341.581,5.0,2999.884,14999.75,17999.634,0.6063540839496931,0.6161582649906581,29.221999999999753,2575.807,2521.585,37.378,440.624,9582.832,5356.326,5189.624,14999.75,99.043
2025-10-14 16:38:00,10/14,학습,341.581,5.0,2999.879,14999.741,17999.62,0.606372404296824,0.6161781598933105,29.222999999999956,2575.845,2521.622,37.377,440.65,9580.04,5358.426,5192.823,14999.741,99.06899999999996
2025-10-14 16:39:00,10/14,학습,341.582,5.0,2999.874,14999.732,17999.606,0.6064684050146635,0.6162754455889179,29.225000000000364,2575.885,2521.66,37.377,440.677,9577.327,5360.546,5195.973,14999.732,99.09500000000003
2025-10-14 16:40:00,10/14,학습,341.583,5.0,2999.87,14999.723,17999.593,0.6064947468542009,0.6163023119916207,29.226000000000113,2575.926,2521.7,37.376,440.705,9574.697,5362.684,5199.068,14999.723,99.12199999999996
2025-10-14 16:41:00,10/14,학습,341.584,5.0,2999.866,14999.715,17999.581,0.6065935097435541,0.6164013127363077,29.22699999999986,2575.968,2521.741,37.376,440.733,9572.152,5364.834,5202.102,14999.715,99.149
2025-10-14 16:42:00,10/14,학습,341.585,5.0,2999.862,14999.708,17999.57,0.6066237981375427,0.6164310665907329,29.228000000000065,2576.011,2521.783,37.375,440.762,9569.695,5366.995,5205.073,14999.708,99.17700000000002
2025-10-14 16:43:00,10/14,학습,341.585,5.0,2999.858,14999.701,17999.559,0.6066586616353105,0.6164648899148675,29.228999999999814,2576.055,2521.826,37.374,440.792,9567.328,5369.162,5207.975,14999.701,99.207
2025-10-14 16:44:00,10/14,학습,341.586,5.0,2999.855,14999.694,17999.549,0.6067659066090897,0.6165708512248793,29.231000000000222,2576.101,2521.87,37.374,440.822,9565.054,5371.332,5210.805,14999.694,99.23599999999999
2025-10-14 16:45:00,10/14,학습,341.587,5.0,2999.852,14999.688,17999.54,0.6068046386228074,0.6166075587900914,29.23199999999997,2576.147,2521.915,37.373,440.853,9562.873,5373.503,5213.559,14999.688,99.26600000000002
2025-10-14 16:46:00,10/14,학습,341.588,5.0,2999.849,14999.682,17999.531000000003,0.6068479141950891,0.6166483336627606,29.233000000000175,2576.194,2521.961,37.372,440.885,9560.788,5375.67,5216.234,14999.682,99.29699999999997
2025-10-14 16:47:00,10/14,학습,341.588,5.0,2999.846,14999.677,17999.523,0.6069595003976066,0.6167571705520671,29.235000000000127,2576.242,2522.007,37.372,440.916,9558.799,5377.831,5218.827,14999.677,99.32799999999997
2025-10-14 16:48:00,10/14,학습,341.589,5.0,2999.844,14999.672,17999.516,0.6070024936257026,0.616796747600507,29.23700000000008,2576.291,2522.054,37.371,440.948,9556.906,5379.983,5221.336,14999.672,99.35899999999998
2025-10-14 16:49:00,10/14,학습,341.59,5.0,2999.842,14999.668,17999.51,0.6070499845959348,0.6168403903354824,29.238000000000284,2576.34,2522.102,37.37,440.981,9555.111,5382.122,5223.759,14999.668,99.39100000000002
2025-10-14 16:50:00,10/14,학습,341.591,5.0,2999.84,14999.665,17999.505,0.6071645745013409,0.6169509250367611,29.239000000000033,2576.39,2522.151,37.37,441.013,9553.413,5384.246,5226.094,14999.665,99.42199999999997
2025-10-14 16:51:00,10/14,학습,341.591,5.0,2999.838,14999.662,17999.5,0.6072128828834578,0.6169945438042275,29.240999999999985,2576.44,2522.199,37.369,441.046,9551.812,5386.352,5228.339,14999.662,99.45499999999998
2025-10-14 16:52:00,10/14,학습,341.592,5.0,2999.837,14999.659,17999.496,0.6072551367208981,0.6170317215102523,29.242999999999938,2576.491,2522.248,37.368,441.078,9550.307,5388.438,5230.494,14999.659,99.48599999999999
2025-10-14 16:53:00,10/14,학습,341.593,5.0,2999.836,14999.657,17999.493,0.6073018088814672,0.6170729636298324,29.243000000000393,2576.541,2522.298,37.367,441.111,9548.898,5390.5,5232.557,14999.657,99.51799999999997
2025-10-14 16:54:00,10/14,학습,341.593,5.0,2999.835,14999.656,17999.491,0.6074112722151288,0.6171875335183268,29.244000000000142,2576.592,2522.348,37.367,441.144,9545.596,5392.551,5234.527,14999.656,99.55099999999999
2025-10-14 16:55:00,10/14,학습,341.594,5.0,2999.835,14999.656,17999.491,0.6073895604935559,0.617229926392683,29.246000000000095,2576.643,2522.397,37.366,441.177,9531.025,5394.877,5236.435,14999.656,99.58300000000003
2025-10-14 16:56:00,10/14,학습,341.595,5.0,2999.837,14999.657,17999.494,0.6073641287808552,0.617268229520056,29.248000000000047,2576.693,2522.445,37.365,441.209,9516.019,5397.644,5238.378,14999.657,99.61399999999998
2025-10-14 16:57:00,10/14,학습,341.596,5.0,2999.838,14999.657,17999.495,0.6074144117436951,0.6173798654985858,29.24900000000025,2576.742,2522.493,37.365,441.241,9501.019,5400.843,5240.253,14999.657,99.64499999999998
2025-10-14 16:58:00,10/14,학습,341.596,5.0,2999.839,14999.657,17999.496,0.6073966654152082,0.6174204952643358,29.25099999999975,2576.79,2522.539,37.364,441.273,9486.027,5404.457,5242.022,14999.657,99.67700000000002
2025-10-14 16:59:00,10/14,학습,341.597,5.0,2999.84,14999.656,17999.496,0.6073750789723774,0.6174546874484388,29.251000000000204,2576.837,2522.586,37.363,441.304,9471.042,5408.472,5243.683,14999.656,99.707
2025-10-14 17:00:00,10/14,학습,341.597,5.0,2999.841,14999.655,17999.496,0.6073583052605452,0.6174900420699627,29.253000000000156,2576.885,2522.632,37.362,441.335,9456.287,5412.87,5245.24,14999.655,99.738
2025-10-14 17:01:00,10/14,학습,341.598,5.0,2999.842,14999.653,17999.495,0.607415875880251,0.6175946631459746,29.253999999999905,2576.931,2522.677,37.362,441.365,9442.156,5417.621,5246.631,14999.653,99.767
2025-10-14 17:02:00,10/14,학습,341.598,5.0,2999.842,14999.652,17999.494,0.6073943754714775,0.6176142499032777,29.25500000000011,2576.978,2522.723,37.361,441.393,9428.633,5422.691,5247.743,14999.652,99.79499999999996
2025-10-14 17:03:00,10/14,학습,341.599,5.0,2999.843,14999.652,17999.495,0.6073802786356762,0.6176361754281638,29.257000000000062,2577.024,2522.767,37.36,441.421,9415.716,5428.048,5248.573,14999.652,99.822
2025-10-14 17:04:00,10/14,학습,341.599,5.0,2999.844,14999.652,17999.496,0.6073646721651971,0.6176516675374999,29.257000000000062,2577.069,2522.812,37.359,441.448,9403.398,5433.659,5249.132,14999.652,99.84899999999999
2025-10-14 17:05:00,10/14,학습,341.599,5.0,2999.845,14999.653,17999.498,0.6074223609823949,0.6177364383583319,29.25799999999981,2577.114,2522.856,37.359,441.474,9391.672,5439.496,5249.435,14999.653,99.875
2025-10-14 17:06:00,10/14,학습,341.6,5.0,2999.846,14999.655,17999.501,0.6074077296924847,0.6177437678085345,29.26000000000022,2577.159,2522.899,37.358,441.499,9380.528,5445.531,5249.494,14999.655,99.899
2025-10-14 17:07:00,10/14,학습,341.6,5.0,2999.847,14999.657,17999.504,0.6073868741663481,0.6177405932742885,29.26000000000022,2577.202,2522.942,37.357,441.522,9369.953,5451.735,5249.324,14999.657,99.92199999999997
2025-10-14 17:08:00,10/14,학습,341.6,5.0,2999.849,14999.66,17999.509,0.6074437328601193,0.6178119536136129,29.260999999999967,2577.245,2522.984,37.357,441.545,9359.933,5458.084,5248.942,14999.66,99.945
2025-10-14 17:09:00,10/14,학습,341.6,5.0,2999.851,14999.664,17999.515,0.6074276138881803,0.6178058684974328,29.26299999999992,2577.288,2523.025,37.356,441.567,9350.453,5464.553,5248.364,14999.664,99.96699999999998
2025-10-14 17:10:00,10/14,학습,341.6,5.0,2999.854,14999.668,17999.522,0.6074109125453935,0.617795703327868,29.264000000000124,2577.329,2523.065,37.355,441.588,9341.496,5471.121,5247.607,14999.668,99.988
2025-10-14 17:11:00,10/14,학습,341.6,5.0,2999.856,14999.673,17999.529000000002,0.6074648938234576,0.61785365936551,29.264999999999873,2577.37,2523.105,37.355,441.608,9333.045,5477.764,5246.69,14999.673,100.00799999999998
2025-10-14 17:12:00,10/14,학습,341.6,5.0,2999.859,14999.678,17999.537,0.6074452240682903,0.6178341650034147,29.265000000000327,2577.409,2523.144,37.354,441.627,9325.082,5484.465,5245.629,14999.678,100.02699999999999
2025-10-14 17:13:00,10/14,학습,341.601,5.0,2999.862,14999.684,17999.546,0.6075032745981531,0.6178903913863845,29.266999999999825,2577.448,2523.181,37.354,441.646,9317.588,5491.203,5244.442,14999.684,100.04500000000002
2025-10-14 17:14:00,10/14,학습,341.601,5.0,2999.865,14999.69,17999.555,0.6074809266291211,0.6178627442215898,29.26700000000028,2577.485,2523.218,37.353,441.663,9310.546,5497.962,5243.144,14999.69,100.06200000000001
2025-10-14 17:15:00,10/14,학습,341.601,5.0,2999.868,14999.696,17999.564,0.6075295303755014,0.6179044015675119,29.26800000000003,2577.522,2523.254,37.353,441.679,9303.935,5504.725,5241.752,14999.696,100.07799999999997
2025-10-14 17:16:00,10/14,학습,341.6,5.0,2999.871,14999.703,17999.574,0.6075100276269083,0.6178750236506629,29.268999999999778,2577.557,2523.288,37.352,441.695,9297.737,5511.478,5240.28,14999.703,100.09499999999997
2025-10-14 17:17:00,10/14,학습,341.6,5.0,2999.875,14999.711,17999.586,0.6075547272984039,0.6179085344540731,29.268999999999778,2577.591,2523.322,37.352,441.709,9291.934,5518.207,5238.74,14999.711,100.10899999999998
2025-10-14 17:18:00,10/14,학습,341.6,5.0,2999.878,14999.718,17999.596,0.607530959359735,0.6178710066928881,29.269999999999982,2577.624,2523.354,37.351,441.723,9286.506,5524.899,5237.144,14999.718,100.12299999999999
2025-10-14 17:19:00,10/14,학습,341.6,5.0,2999.882,14999.726,17999.608,0.6075710545207267,0.617896372510625,29.269999999999982,2577.656,2523.386,37.351,441.735,9281.437,5531.543,5235.505,14999.726,100.13499999999999
2025-10-14 17:20:00,10/14,학습,341.6,5.0,2999.886,14999.734,17999.62,0.6075422994525207,0.6178506961378807,29.27099999999973,2577.687,2523.416,37.35,441.747,9276.707,5538.128,5233.831,14999.734,100.14699999999999
2025-10-14 17:21:00,10/14,학습,341.6,5.0,2999.889,14999.742,17999.631,0.6075783167256634,0.6178690925719654,29.271999999999935,2577.717,2523.445,37.35,441.757,9272.3,5544.645,5232.131,14999.742,100.15699999999998
2025-10-14 17:22:00,10/14,학습,341.599,5.0,2999.893,14999.75,17999.643,0.607543987074895,0.6178152685294092,29.271999999999935,2577.745,2523.473,37.349,441.767,9268.2,5551.086,5230.413,14999.75,100.168
2025-10-14 17:23:00,10/14,학습,341.599,5.0,2999.897,14999.758,17999.655,0.6075793102503133,0.6178307672786056,29.27300000000014,2577.773,2523.5,37.349,441.776,9264.389,5557.441,5228.685,14999.758,100.17700000000002
2025-10-14 17:24:00,10/14,학습,341.599,5.0,2999.901,14999.766,17999.667,0.6076115132421562,0.6178421948721127,29.27300000000014,2577.799,2523.526,37.349,441.784,9260.852,5563.705,5226.953,14999.766,100.185
2025-10-14 17:25:00,10/14,학습,341.598,5.0,2999.905,14999.774,17999.679,0.6075677639181059,0.6177761526816008,29.27300000000014,2577.824,2523.551,37.348,441.791,9257.573,5569.872,5225.222,14999.774,100.19299999999998
2025-10-14 17:26:00,10/14,학습,341.598,5.0,2999.908,14999.782,17999.69,0.607594540232827,0.6177806126826826,29.273999999999887,2577.848,2523.574,37.348,441.797,9254.54,5575.935,5223.498,14999.782,100.19900000000001
2025-10-14 17:27:00,10/14,학습,341.597,5.0,2999.912,14999.791,17999.702999999998,0.6075439220532876,0.6177064239936649,29.273999999999887,2577.871,2523.597,37.347,441.802,9251.737,5581.891,5221.784,14999.791,100.20500000000004
2025-10-14 17:28:00,10/14,학습,341.597,5.0,2999.916,14999.799,17999.715,0.6075688134171814,0.6177079873766034,29.27500000000009,2577.893,2523.618,37.347,441.807,9249.151,5587.735,5220.086,14999.799,100.21000000000004
2025-10-14 17:29:00,10/14,학습,341.597,5.0,2999.919,14999.806,17999.725,0.6075837074830746,0.6176990607856261,29.27500000000009,2577.914,2523.639,37.347,441.81,9246.77,5593.463,5218.407,14999.806,100.21300000000002
2025-10-14 17:30:00,10/14,학습,341.596,5.0,2999.923,14999.814,17999.737,0.6076000133792255,0.6176913086175415,29.27500000000009,2577.934,2523.659,37.347,441.813,9244.581,5599.072,5216.749,14999.814,100.21699999999998
2025-10-14 17:31:00,10/14,학습,341.596,5.0,2999.926,14999.822,17999.748,0.6075408919857489,0.6176072508841639,29.27599999999984,2577.953,2523.677,37.346,441.815,9242.573,5604.561,5215.116,14999.822,100.219
2025-10-14 17:32:00,10/14,학습,341.595,5.0,2999.93,14999.829,17999.759,0.6075546526814526,0.6175966021722181,29.27599999999984,2577.971,2523.695,37.346,441.817,9240.735,5609.927,5213.51,14999.829,100.22199999999998
2025-10-14 17:33:00,10/14,학습,341.594,5.0,2999.933,14999.837,17999.77,0.607564473977026,0.6175818828321527,29.27599999999984,2577.988,2523.712,37.346,441.818,9239.057,5615.169,5211.934,14999.837,100.22399999999999
2025-10-14 17:34:00,10/14,학습,341.594,5.0,2999.936,14999.844,17999.78,0.607575455435246,0.6175683379081236,29.27599999999984,2578.004,2523.728,37.346,441.819,9237.528,5620.285,5210.388,14999.844,100.22500000000002
2025-10-14 17:35:00,10/14,학습,341.593,5.0,2999.939,14999.851,17999.79,0.6075042800274172,0.6174720616420599,29.27599999999984,2578.019,2523.743,37.345,441.818,9236.14,5625.274,5208.874,14999.851,100.22499999999997
2025-10-14 17:36:00,10/14,학습,341.593,5.0,2999.942,14999.857,17999.799,0.6075122190093489,0.6174556199280161,29.27599999999984,2578.033,2523.757,37.345,441.818,9234.884,5630.137,5207.395,14999.857,100.22499999999997
2025-10-14 17:37:00,10/14,학습,341.592,5.0,2999.945,14999.864,17999.809,0.6075159648692912,0.6174351073533388,29.277000000000044,2578.047,2523.77,37.345,441.817,9233.75,5634.874,5205.951,14999.864,100.22500000000002
2025-10-14 17:38:00,10/14,학습,341.591,5.0,2999.948,14999.87,17999.818,0.6075143037220795,0.617409349394076,29.277000000000044,2578.06,2523.783,37.345,441.815,9232.732,5639.483,5204.542,14999.87,100.22399999999999
2025-10-14 17:39:00,10/14,학습,341.591,5.0,2999.951,14999.876,17999.827,0.6075135715162182,0.6173847656969349,29.277000000000044,2578.072,2523.795,37.345,441.813,9231.821,5643.966,5203.17,14999.876,100.22199999999998
2025-10-14 17:40:00,10/14,학습,341.59,5.0,2999.953,14999.882,17999.835,0.607440833212046,0.6172879337379584,29.277000000000044,2578.083,2523.806,37.344,441.811,9231.011,5648.324,5201.835,14999.882,100.221
2025-10-14 17:41:00,10/14,학습,341.589,5.0,2999.956,14999.888,17999.844,0.6074354903286208,0.6172592780483133,29.277000000000044,2578.094,2523.817,37.344,441.808,9230.296,5652.558,5200.538,14999.888,100.219
2025-10-14 17:42:00,10/14,학습,341.589,5.0,2999.958,14999.893,17999.851,0.6074310095461783,0.6172317965619414,29.27699999999959,2578.104,2523.827,37.344,441.805,9229.668,5656.668,5199.278,14999.893,100.21600000000001
2025-10-14 17:43:00,10/14,학습,341.588,5.0,2999.96,14999.899,17999.859,0.6074273423850425,0.6172054892944112,29.277000000000044,2578.113,2523.836,37.344,441.802,9229.122,5660.655,5198.056,14999.899,100.214
2025-10-14 17:44:00,10/14,학습,341.588,5.0,2999.963,14999.904,17999.867000000002,0.6074232857038748,0.61717918178791,29.277000000000044,2578.122,2523.845,37.344,441.799,9228.653,5664.522,5196.872,14999.904,100.21099999999996
2025-10-14 17:45:00,10/14,학습,341.587,5.0,2999.965,14999.909,17999.874,0.6074148233216455,0.6171488026620393,29.277000000000044,2578.13,2523.853,37.344,441.795,9228.255,5668.27,5195.725,14999.909,100.20800000000003
2025-10-14 17:46:00,10/14,학습,341.586,5.0,2999.967,14999.913,17999.88,0.607405958609811,0.617118423166652,29.277000000000044,2578.138,2523.861,37.344,441.791,9227.923,5671.901,5194.615,14999.913,100.20499999999998
2025-10-14 17:47:00,10/14,학습,341.586,5.0,2999.968,14999.918,17999.886,0.6073978670317534,0.6170892177958627,29.277000000000044,2578.145,2523.868,37.344,441.787,9227.653,5675.415,5193.543,14999.918,100.20099999999996
2025-10-14 17:48:00,10/14,학습,341.585,5.0,2999.97,14999.922,17999.892,0.6073162712100224,0.6169865804305354,29.277000000000044,2578.152,2523.875,37.343,441.783,9227.441,5678.816,5192.507,14999.922,100.19800000000004
2025-10-14 17:49:00,10/14,학습,341.584,5.0,2999.972,14999.926,17999.898,0.6073072856447574,0.6169573737572736,29.277000000000044,2578.159,2523.882,37.343,441.779,9227.282,5682.106,5191.508,14999.926,100.195
2025-10-14 17:50:00,10/14,학습,341.584,5.0,2999.974,14999.93,17999.904000000002,0.607299014817613,0.6169293412754502,29.277000000000044,2578.165,2523.888,37.343,441.775,9227.172,5685.285,5190.544,14999.93,100.19099999999997
2025-10-14 17:51:00,10/14,학습,341.583,5.0,2999.975,14999.933,17999.908,0.6072915030262945,0.616902483005795,29.277000000000044,2578.17,2523.893,37.343,441.771,9227.109,5688.357,5189.615,14999.933,100.18799999999999
2025-10-14 17:52:00,10/14,학습,341.583,5.0,2999.977,14999.937,17999.914,0.6072782870282153,0.6168703779107294,29.277000000000044,2578.175,2523.898,37.343,441.766,9227.089,5691.323,5188.721,14999.937,100.18299999999999
2025-10-14 17:53:00,10/14,학습,341.582,5.0,2999.978,14999.94,17999.918,0.6072698722910261,0.616843518911482,29.277000000000044,2578.18,2523.903,37.343,441.762,9227.108,5694.187,5187.861,14999.94,100.18
2025-10-14 17:54:00,10/14,학습,341.582,5.0,2999.979,14999.943,17999.922,0.6072609981752393,0.6168166595841287,29.277000000000044,2578.185,2523.908,37.343,441.758,9227.164,5696.949,5187.033,14999.943,100.17599999999999
2025-10-14 17:55:00,10/14,학습,341.581,5.0,2999.981,14999.946,17999.927,0.6072475902731242,0.6167857277801374,29.277000000000044,2578.189,2523.912,37.343,441.753,9227.254,5699.613,5186.238,14999.946,100.17199999999997
2025-10-14 17:56:00,10/14,학습,341.58,5.0,2999.982,14999.949,17999.931,0.6072389763944084,0.6167600423221329,29.277000000000044,2578.193,2523.916,37.343,441.749,9227.375,5702.18,5185.475,14999.949,100.16900000000004
2025-10-14 17:57:00,10/14,학습,341.58,5.0,2999.983,14999.952,17999.934999999998,0.6072299176346119,0.6167343565498136,29.27599999999984,2578.196,2523.92,37.343,441.745,9227.526,5704.653,5184.742,14999.952,100.16500000000002
2025-10-14 17:58:00,10/14,학습,341.579,5.0,2999.984,14999.955,17999.939,0.6072215757685455,0.6167098450690591,29.277000000000044,2578.2,2523.923,37.343,441.741,9227.703,5707.034,5184.04,14999.955,100.16199999999998
2025-10-14 17:59:00,10/14,학습,341.579,5.0,2999.985,14999.957,17999.942,0.6072075600353921,0.6166800862564115,29.277000000000044,2578.203,2523.926,37.343,441.736,9227.905,5709.325,5183.367,14999.957,100.15699999999998
2025-10-14 18:00:00,10/14,학습,341.578,5.0,2999.986,14999.96,17999.946,0.6071995205963489,0.6166555741046871,29.277000000000044,2578.206,2523.929,37.343,441.732,9228.354,5711.526,5182.726,14999.96,100.15400000000005
2025-10-14 18:01:00,10/14,학습,341.578,5.0,2999.987,14999.962,17999.949,0.6071942529442338,0.6166310616524342,29.276000000000295,2578.208,2523.932,37.343,441.728,9229.443,5713.623,5182.06,14999.962,100.15000000000003
2025-10-14 18:02:00,10/14,학습,341.578,5.0,2999.987,14999.964,17999.951,0.6071915874782317,0.6166065488996615,29.27599999999984,2578.211,2523.935,37.343,441.724,9231.158,5715.597,5181.274,14999.964,100.14600000000002
2025-10-14 18:03:00,10/14,학습,341.577,5.0,2999.988,14999.965,17999.953,0.6071977535266454,0.6165884577979566,29.277000000000044,2578.214,2523.937,37.343,441.721,9233.5,5717.429,5180.373,14999.965,100.144
2025-10-14 18:04:00,10/14,학습,341.577,5.0,2999.988,14999.967,17999.955,0.607199893859812,0.616563944520975,29.27599999999984,2578.216,2523.94,37.343,441.717,9236.467,5719.104,5179.371,14999.967,100.13999999999999
2025-10-14 18:05:00,10/14,학습,341.576,5.0,2999.989,14999.97,17999.959,0.6072054040631306,0.6165406055976734,29.277000000000044,2578.219,2523.942,37.343,441.713,9240.058,5720.604,5178.279,14999.97,100.137
2025-10-14 18:06:00,10/14,학습,341.576,5.0,2999.989,14999.972,17999.961,0.6072171111251833,0.6165213392279218,29.27599999999984,2578.221,2523.945,37.343,441.71,9244.268,5721.914,5177.105,14999.972,100.13399999999996
2025-10-14 18:07:00,10/14,학습,341.575,5.0,2999.99,14999.974,17999.964,0.6072319562772133,0.6165032473459233,29.27599999999984,2578.223,2523.947,37.343,441.707,9249.093,5723.02,5175.857,14999.974,100.132
2025-10-14 18:08:00,10/14,학습,341.575,5.0,2999.99,14999.977,17999.967,0.6072486843731472,0.6164851552974577,29.277000000000044,2578.226,2523.949,37.343,441.704,9254.526,5723.906,5174.543,14999.977,100.12900000000002
2025-10-14 18:09:00,10/14,학습,341.575,5.0,2999.991,14999.98,17999.970999999998,0.6072659494564278,0.6164658884075658,29.27599999999984,2578.228,2523.952,37.343,441.701,9260.56,5724.56,5173.168,14999.98,100.12600000000003
2025-10-14 18:10:00,10/14,학습,341.574,5.0,2999.992,14999.983,17999.975,0.6072860068029903,0.6164477960209633,29.27599999999984,2578.23,2523.954,37.343,441.698,9267.187,5724.97,5171.738,14999.983,100.12399999999997
2025-10-14 18:11:00,10/14,학습,341.574,5.0,2999.992,14999.986,17999.978000000003,0.6073128103022133,0.6164349512150205,29.27599999999984,2578.232,2523.956,37.343,441.696,9274.396,5725.122,5170.26,14999.986,100.12200000000001
2025-10-14 18:12:00,10/14,학습,341.574,5.0,2999.993,14999.989,17999.982,0.6073409524089548,0.6164221063304833,29.27599999999984,2578.234,2523.958,37.343,441.694,9282.179,5725.006,5168.737,14999.989,100.12
2025-10-14 18:13:00,10/14,학습,341.573,5.0,2999.994,14999.992,17999.986,0.607370332333415,0.6164092613673466,29.27599999999984,2578.236,2523.96,37.343,441.692,9290.525,5724.611,5167.173,14999.992,100.11900000000003
2025-10-14 18:14:00,10/14,학습,341.573,5.0,2999.995,14999.996,17999.990999999998,0.6074008343334708,0.6163964163256115,29.27599999999984,2578.238,2523.962,37.343,441.69,9299.422,5723.929,5165.572,14999.996,100.11700000000002
2025-10-14 18:15:00,10/14,학습,341.573,5.0,2999.996,14999.999,17999.995,0.6074323246716209,0.6163835712052803,29.27599999999984,2578.24,2523.964,37.343,441.688,9308.857,5722.95,5163.937,14999.999,100.11500000000001
2025-10-14 18:16:00,10/14,학습,341.572,5.0,2999.996,15000.003,17999.999,0.6074699813351506,0.6163759739165098,29.276000000000295,2578.242,2523.966,37.343,441.687,9318.819,5721.666,5162.269,15000.003,100.11500000000001
2025-10-14 18:17:00,10/14,학습,341.572,5.0,2999.997,15000.007,18000.004,0.607508366294126,0.6163683766046386,29.276000000000295,2578.244,2523.968,37.343,441.686,9329.294,5720.069,5160.571,15000.007,100.11399999999998
2025-10-14 18:18:00,10/14,학습,341.572,5.0,2999.998,15000.011,18000.009000000002,0.6075485733919991,0.6163619539722436,29.277000000000044,2578.246,2523.969,37.343,441.685,9340.268,5718.153,5158.844,15000.011,100.113
2025-10-14 18:19:00,10/14,학습,341.571,5.0,2999.999,15000.014,18000.013,0.6075881329364621,0.6163543566158862,29.27599999999984,2578.247,2523.971,37.343,441.684,9351.727,5715.912,5157.088,15000.014,100.113
2025-10-14 18:20:00,10/14,학습,341.571,5.0,3000.0,15000.019,18000.019,0.6076292838360996,0.6163479339424611,29.27699999999959,2578.249,2523.972,37.343,441.683,9363.656,5713.34,5155.303,15000.019,100.11199999999997
2025-10-14 18:21:00,10/14,학습,341.571,5.0,3000.001,15000.023,18000.023999999998,0.6076695677180883,0.6163403365416202,29.27599999999984,2578.25,2523.974,37.343,441.682,9376.04,5710.434,5153.491,15000.023,100.11099999999999
2025-10-14 18:22:00,10/14,학습,341.57,5.0,3000.002,15000.027,18000.029,0.6077165028170189,0.6163391618338514,29.276000000000295,2578.251,2523.975,37.343,441.682,9388.863,5707.189,5151.649,15000.027,100.11200000000002
2025-10-14 18:23:00,10/14,학습,341.57,5.0,3000.003,15000.032,18000.035,0.6077582567267568,0.6163327391176727,29.27599999999984,2578.252,2523.976,37.343,441.681,9402.108,5703.603,5149.779,15000.032,100.11099999999999
2025-10-14 18:24:00,10/14,학습,341.569,5.0,3000.004,15000.036,18000.04,0.607799991256698,0.616326316381844,29.277000000000044,2578.254,2523.977,37.343,441.68,9415.759,5699.672,5147.879,15000.036,100.11099999999999
2025-10-14 18:25:00,10/14,학습,341.569,5.0,3000.006,15000.041,18000.047,0.6078468526993714,0.6163251416706137,29.27599999999984,2578.254,2523.978,37.343,441.68,9429.798,5695.394,5145.948,15000.041,100.11099999999999
2025-10-14 18:26:00,10/14,학습,341.568,5.0,3000.007,15000.046,18000.053,0.607888248132201,0.6163187189134087,29.276000000000295,2578.255,2523.979,37.343,441.679,9444.208,5690.77,5143.988,15000.046,100.11099999999999
2025-10-14 18:27:00,10/14,학습,341.568,5.0,3000.008,15000.051,18000.059,0.6079357899360337,0.6163187189134085,29.277000000000044,2578.256,2523.979,37.343,441.679,9458.97,5685.798,5141.996,15000.051,100.11099999999999
2025-10-14 18:28:00,10/14,학습,341.568,5.0,3000.01,15000.056,18000.066,0.6079764194462836,0.6163122961365499,29.27599999999984,2578.256,2523.98,37.343,441.678,9474.067,5680.479,5139.972,15000.056,100.11000000000001
2025-10-14 18:29:00,10/14,학습,341.567,5.0,3000.011,15000.061,18000.072,0.6080177381532202,0.6163070480564516,29.27599999999984,2578.256,2523.98,37.343,441.677,9489.478,5674.813,5137.917,15000.061,100.11000000000001
2025-10-14 18:30:00,10/14,학습,341.566,5.0,3000.013,15000.066,18000.079,0.608064899710014,0.616308222772858,29.277000000000044,2578.256,2523.979,37.343,441.677,9505.184,5668.802,5135.829,15000.066,100.11100000000005
2025-10-14 18:31:00,10/14,학습,341.566,5.0,3000.014,15000.072,18000.086,0.6081048952453425,0.6163029746782815,29.276000000000295,2578.255,2523.979,37.343,441.676,9521.165,5662.447,5133.708,15000.072,100.11000000000001
2025-10-14 18:32:00,10/14,학습,341.565,5.0,3000.016,15000.077,18000.093,0.6081452653644034,0.6162989012873661,29.277000000000044,2578.255,2523.978,37.343,441.675,9537.402,5655.753,5131.556,15000.077,100.11000000000001
2025-10-14 18:33:00,10/14,학습,341.565,5.0,3000.018,15000.083,18000.101000000002,0.6081847425069374,0.616294827883699,29.276000000000295,2578.253,2523.977,37.343,441.674,9553.872,5648.722,5129.37,15000.083,100.10899999999998
2025-10-14 18:34:00,10/14,학습,341.564,5.0,3000.019,15000.089,18000.108,0.6082232739835548,0.6162907544672871,29.27599999999984,2578.252,2523.976,37.343,441.673,9570.555,5641.358,5127.153,15000.089,100.10899999999998
2025-10-14 18:35:00,10/14,학습,341.564,5.0,3000.021,15000.095,18000.115999999998,0.6082619102160686,0.6162878557631497,29.27599999999984,2578.25,2523.974,37.343,441.672,9587.43,5633.666,5124.904,15000.095,100.108
2025-10-14 18:36:00,10/14,학습,341.563,5.0,3000.023,15000.102,18000.125,0.6083005959348157,0.6162861317764512,29.277000000000044,2578.248,2523.971,37.343,441.671,9604.475,5625.651,5122.625,15000.102,100.108
2025-10-14 18:37:00,10/14,학습,341.562,5.0,3000.026,15000.108,18000.134,0.6083315257242367,0.6162779848647237,29.27599999999984,2578.245,2523.969,37.343,441.669,9621.668,5617.319,5120.315,15000.108,100.10699999999997
2025-10-14 18:38:00,10/14,학습,341.562,5.0,3000.028,15000.115,18000.143,0.6083676856156438,0.6162762608535646,29.276000000000295,2578.242,2523.966,37.343,441.668,9638.986,5608.676,5117.978,15000.115,100.106
2025-10-14 18:39:00,10/14,학습,341.561,5.0,3000.03,15000.122,18000.152,0.6083983359070392,0.6162704633429548,29.27599999999984,2578.238,2523.962,37.343,441.666,9656.408,5599.728,5115.613,15000.122,100.10500000000002
2025-10-14 18:40:00,10/14,학습,341.561,5.0,3000.033,15000.129,18000.162,0.6084287063942989,0.6162658405339336,29.276000000000295,2578.233,2523.957,37.343,441.664,9673.912,5590.484,5113.222,15000.129,100.10300000000001
2025-10-14 18:41:00,10/14,학습,341.56,5.0,3000.035,15000.136,18000.171000000002,0.608457586709997,0.6162612176945841,29.27599999999984,2578.228,2523.952,37.343,441.662,9691.474,5580.952,5110.808,15000.136,100.10199999999998
2025-10-14 18:42:00,10/14,학습,341.559,5.0,3000.038,15000.143,18000.181,0.6084795262031188,0.6162513465101822,29.27500000000009,2578.222,2523.947,37.343,441.659,9709.074,5571.139,5108.373,15000.143,100.09999999999997
2025-10-14 18:43:00,10/14,학습,341.559,5.0,3000.041,15000.151,18000.192,0.6085022122367901,0.616243824736866,29.27599999999984,2578.216,2523.94,37.343,441.656,9726.69,5561.055,5105.918,15000.151,100.09699999999998
2025-10-14 18:44:00,10/14,학습,341.558,5.0,3000.044,15000.159,18000.203,0.6085978425783827,0.6163097482644302,29.27599999999984,2578.209,2523.933,37.344,441.653,9744.299,5550.709,5103.448,15000.159,100.09500000000003
2025-10-14 18:45:00,10/14,학습,341.557,5.0,3000.047,15000.167,18000.214,0.6086182932347676,0.6163034011224919,29.27599999999984,2578.201,2523.925,37.344,441.65,9761.881,5540.11,5100.963,15000.167,100.09299999999996
2025-10-14 18:46:00,10/14,학습,341.557,5.0,3000.05,15000.175,18000.225,0.6086316197198525,0.6162918055351876,29.27500000000009,2578.192,2523.917,37.344,441.646,9779.417,5529.269,5098.468,15000.175,100.089
2025-10-14 18:47:00,10/14,학습,341.556,5.0,3000.053,15000.183,18000.236,0.6086454993191849,0.6162825592877497,29.274999999999636,2578.182,2523.907,37.344,441.642,9796.885,5518.197,5095.966,15000.183,100.08600000000001
2025-10-14 18:48:00,10/14,학습,341.556,5.0,3000.057,15000.192,18000.249,0.6086533351217291,0.6162692391783893,29.274999999999636,2578.171,2523.896,37.344,441.637,9814.267,5506.904,5093.46,15000.192,100.08100000000002
2025-10-14 18:49:00,10/14,학습,341.555,5.0,3000.061,15000.201,18000.262,0.6086592737512543,0.6162559188536458,29.273999999999887,2578.159,2523.885,37.344,441.632,9831.545,5495.401,5090.953,15000.201,100.077
2025-10-14 18:50:00,10/14,학습,341.554,5.0,3000.064,15000.21,18000.273999999998,0.608735178130805,0.6163131407700573,29.274000000000342,2578.146,2523.872,37.345,441.626,9848.704,5483.699,5088.45,15000.21,100.072
2025-10-14 18:51:00,10/14,학습,341.554,5.0,3000.069,15000.22,18000.289,0.6087355171953702,0.6162980957047681,29.273999999999887,2578.132,2523.858,37.345,441.62,9865.726,5471.81,5085.953,15000.22,100.06600000000003
2025-10-14 18:52:00,10/14,학습,341.553,5.0,3000.073,15000.23,18000.303,0.6087298123332966,0.6162789764081444,29.27300000000014,2578.116,2523.843,37.345,441.613,9882.598,5459.746,5083.467,15000.23,100.06
2025-10-14 18:53:00,10/14,학습,341.552,5.0,3000.077,15000.239,18000.316,0.6087245729321671,0.6162622062277534,29.27300000000014,2578.099,2523.826,37.345,441.606,9899.307,5447.517,5080.994,15000.239,100.05399999999997
2025-10-14 18:54:00,10/14,학습,341.552,5.0,3000.082,15000.25,18000.332,0.6087869224235786,0.6163136245236276,29.271999999999935,2578.081,2523.809,37.346,441.598,9915.843,5435.136,5078.539,15000.25,100.04599999999999
2025-10-14 18:55:00,10/14,학습,341.551,5.0,3000.086,15000.26,18000.346,0.6087749570997425,0.6162939542285641,29.271999999999935,2578.062,2523.79,37.346,441.59,9932.194,5422.615,5076.104,15000.26,100.03899999999999
2025-10-14 18:56:00,10/14,학습,341.55,5.0,3000.091,15000.271,18000.362,0.6087527952302806,0.6162661349755398,29.27200000000039,2578.041,2523.769,37.346,441.58,9948.355,5409.963,5073.693,15000.271,100.02999999999997
2025-10-14 18:57:00,10/14,학습,341.55,5.0,3000.096,15000.282,18000.378,0.6088049247589263,0.6163129236022147,29.271000000000186,2578.018,2523.747,37.347,441.57,9964.318,5397.194,5071.309,15000.282,100.01999999999998
2025-10-14 18:58:00,10/14,학습,341.549,5.0,3000.101,15000.293,18000.394,0.6087762391767707,0.6162822032001729,29.269999999999982,2577.994,2523.724,37.347,441.559,9980.08,5384.318,5068.954,15000.293,100.01000000000005
2025-10-14 18:59:00,10/14,학습,341.549,5.0,3000.106,15000.304,18000.41,0.6088231627739281,0.6163272614356949,29.269999999999982,2577.969,2523.699,37.348,441.548,9995.639,5371.345,5066.63,15000.304,99.99900000000002
2025-10-14 19:00:00,10/14,학습,341.548,5.0,3000.112,15000.315,18000.427,0.608785174797462,0.6162907395695176,29.268999999999778,2577.941,2523.672,37.348,441.535,10010.993,5358.286,5064.338,15000.315,99.98700000000002
2025-10-14 19:01:00,10/14,학습,341.548,5.0,3000.117,15000.327,18000.444,0.6087468420097224,0.6162553909967834,29.26800000000003,2577.912,2523.644,37.348,441.522,10026.144,5345.152,5062.082,15000.327,99.97399999999999
2025-10-14 19:02:00,10/14,학습,341.547,5.0,3000.123,15000.339,18000.462,0.6087748068999697,0.6162864927478326,29.26800000000003,2577.881,2523.613,37.349,441.507,10041.096,5331.951,5059.861,15000.339,99.95999999999998
2025-10-14 19:03:00,10/14,학습,341.546,5.0,3000.129,15000.351,18000.48,0.6087276242416673,0.6162453409156343,29.26800000000003,2577.849,2523.581,37.349,441.492,10055.853,5318.694,5057.676,15000.351,99.94600000000003
2025-10-14 19:04:00,10/14,학습,341.546,5.0,3000.135,15000.363,18000.498,0.6087499033242577,0.6162735350711328,29.266000000000076,2577.814,2523.548,37.35,441.476,10070.421,5305.388,5055.526,15000.363,99.93
2025-10-14 19:05:00,10/14,학습,341.545,5.0,3000.141,15000.375,18000.516,0.6087692007708053,0.6162999977850201,29.264999999999873,2577.777,2523.512,37.351,441.459,10084.809,5292.042,5053.413,15000.375,99.91399999999999
2025-10-14 19:06:00,10/14,학습,341.545,5.0,3000.147,15000.387,18000.534,0.6087094508918389,0.6162501385139589,29.264999999999873,2577.739,2523.474,37.351,441.441,10099.025,5278.663,5051.334,15000.387,99.89599999999996
2025-10-14 19:07:00,10/14,학습,341.544,5.0,3000.153,15000.399,18000.552,0.6087194781260868,0.6162696164946042,29.264000000000124,2577.699,2523.435,37.352,441.422,10113.082,5265.259,5049.289,15000.399,99.87800000000004
2025-10-14 19:08:00,10/14,학습,341.544,5.0,3000.159,15000.411,18000.57,0.6086506487437077,0.6162127749522865,29.26200000000017,2577.656,2523.394,37.352,441.402,10126.989,5251.834,5047.275,15000.411,99.858
2025-10-14 19:09:00,10/14,학습,341.544,5.0,3000.165,15000.423,18000.588,0.6086541951804608,0.6162276160516875,29.26200000000017,2577.612,2523.35,37.353,441.381,10140.76,5238.396,5045.292,15000.423,99.83699999999999
2025-10-14 19:10:00,10/14,학습,341.543,5.0,3000.171,15000.435,18000.606,0.6086474947889753,0.6162331226179143,29.260999999999967,2577.566,2523.305,37.354,441.358,10154.409,5224.948,5043.335,15000.435,99.815
2025-10-14 19:11:00,10/14,학습,341.543,5.0,3000.177,15000.446,18000.623,0.6086425821475421,0.6162409709820693,29.259000000000015,2577.517,2523.258,37.355,441.335,10167.95,5211.496,5041.403,15000.446,99.79199999999997
2025-10-14 19:12:00,10/14,학습,341.542,5.0,3000.184,15000.458,18000.642,0.6085592150748551,0.6161725083546679,29.258000000000266,2577.467,2523.209,37.355,441.311,10181.398,5198.042,5039.492,15000.458,99.769
2025-10-14 19:13:00,10/14,학습,341.542,5.0,3000.19,15000.469,18000.659,0.608547450021853,0.6161745405114756,29.257000000000062,2577.415,2523.158,37.356,441.286,10194.767,5184.591,5037.6,15000.469,99.74400000000003
2025-10-14 19:14:00,10/14,학습,341.541,5.0,3000.196,15000.48,18000.676,0.6085324002821533,0.6161736617874944,29.255999999999858,2577.361,2523.105,37.357,441.26,10208.074,5171.143,5035.721,15000.48,99.719
2025-10-14 19:15:00,10/14,학습,341.541,5.0,3000.201,15000.491,18000.692,0.6085088309765901,0.6161646192208643,29.253999999999905,2577.304,2523.05,37.358,441.232,10221.334,5157.701,5033.854,15000.491,99.69100000000003
2025-10-14 19:16:00,10/14,학습,341.541,5.0,3000.207,15000.502,18000.709,0.6084863006931994,0.6161567415011406,29.251999999999953,2577.246,2522.994,37.359,441.204,10234.563,5144.266,5031.994,15000.502,99.66300000000001
2025-10-14 19:17:00,10/14,학습,341.54,5.0,3000.213,15000.512,18000.725000000002,0.608461955091456,0.6161471258729367,29.251000000000204,2577.186,2522.935,37.36,441.175,10247.776,5130.838,5030.136,15000.512,99.63499999999999
2025-10-14 19:18:00,10/14,학습,341.54,5.0,3000.218,15000.522,18000.74,0.6084335088298257,0.6161334215595764,29.25,2577.125,2522.875,37.361,441.145,10260.989,5117.417,5028.278,15000.522,99.60499999999996
2025-10-14 19:19:00,10/14,학습,341.54,5.0,3000.224,15000.532,18000.756,0.608402182928401,0.6161168028151962,29.248000000000047,2577.061,2522.813,37.362,441.114,10274.217,5104.003,5026.415,15000.532,99.57399999999996
2025-10-14 19:20:00,10/14,학습,341.539,5.0,3000.229,15000.541,18000.77,0.6083681086285827,0.6160972688513691,29.2470000000003,2576.996,2522.749,37.363,441.082,10287.475,5090.595,5024.543,15000.541,99.543
2025-10-14 19:21:00,10/14,학습,341.539,5.0,3000.234,15000.55,18000.784,0.6083354825396247,0.6160788978409317,29.24499999999989,2576.929,2522.684,37.364,441.05,10300.777,5077.191,5022.659,15000.55,99.51100000000002
2025-10-14 19:22:00,10/14,학습,341.539,5.0,3000.239,15000.558,18000.797000000002,0.6082948429080587,0.6160523561322362,29.242999999999938,2576.86,2522.617,37.365,441.016,10314.138,5063.789,5020.757,15000.558,99.47700000000003
2025-10-14 19:23:00,10/14,학습,341.539,5.0,3000.244,15000.567,18000.810999999998,0.6082569740183974,0.6160281514204196,29.24200000000019,2576.79,2522.548,37.366,440.982,10327.571,5050.387,5018.835,15000.567,99.44300000000004
2025-10-14 19:24:00,10/14,학습,341.538,5.0,3000.248,15000.574,18000.822,0.6082153902048605,0.6159998535287499,29.23999999999978,2576.718,2522.478,37.367,440.947,10341.089,5036.982,5016.889,15000.574,99.40899999999999
2025-10-14 19:25:00,10/14,학습,341.538,5.0,3000.253,15000.582,18000.835,0.6081700813975215,0.6159674614714359,29.23799999999983,2576.645,2522.407,37.368,440.911,10354.706,5023.57,5014.915,15000.582,99.37299999999999
2025-10-14 19:26:00,10/14,학습,341.538,5.0,3000.257,15000.589,18000.846,0.6081277106517504,0.6159374053745541,29.23600000000033,2576.57,2522.334,37.369,440.875,10368.432,5010.149,5012.909,15000.589,99.33699999999999
2025-10-14 19:27:00,10/14,학습,341.538,5.0,3000.261,15000.596,18000.857,0.6080829315569857,0.6159044291609772,29.235000000000127,2576.494,2522.259,37.37,440.838,10382.281,4996.715,5010.869,15000.596,99.30000000000001
2025-10-14 19:28:00,10/14,학습,341.538,5.0,3000.265,15000.603,18000.868,0.6080333640228653,0.6158661812306432,29.23299999999972,2576.417,2522.184,37.371,440.8,10396.263,4983.263,5008.791,15000.603,99.262
2025-10-14 19:29:00,10/14,학습,341.537,5.0,3000.269,15000.609,18000.878,0.6080616921324091,0.6159036106000646,29.231000000000222,2576.338,2522.107,37.373,440.762,10410.389,4969.789,5006.671,15000.609,99.22500000000002
2025-10-14 19:30:00,10/14,학습,341.537,5.0,3000.273,15000.616,18000.889,0.6080128162547398,0.6158647718451473,29.22900000000027,2576.257,2522.028,37.374,440.723,10424.67,4956.29,5004.507,15000.616,99.18600000000004
2025-10-14 19:31:00,10/14,학습,341.537,5.0,3000.277,15000.622,18000.898999999998,0.607959228756056,0.6158206589309423,29.22699999999986,2576.176,2521.949,37.375,440.683,10439.116,4942.759,5002.296,15000.622,99.14600000000002
2025-10-14 19:32:00,10/14,학습,341.537,5.0,3000.28,15000.628,18000.908,0.6079087549052153,0.615778879673081,29.22499999999991,2576.093,2521.868,37.376,440.643,10453.736,4929.193,5000.034,15000.628,99.106
2025-10-14 19:33:00,10/14,학습,341.537,5.0,3000.284,15000.633,18000.917,0.6078547809301322,0.6157330001867352,29.222999999999956,2576.009,2521.786,37.377,440.602,10468.54,4915.586,4997.72,15000.633,99.065
2025-10-14 19:34:00,10/14,학습,341.537,5.0,3000.287,15000.639,18000.926,0.6078722642590518,0.6157563412057143,29.221000000000004,2575.924,2521.703,37.379,440.56,10483.536,4901.934,4995.35,15000.639,99.02300000000002
2025-10-14 19:35:00,10/14,학습,341.536,5.0,3000.291,15000.645,18000.936,0.6078179576583863,0.6157086895275512,29.21900000000005,2575.837,2521.618,37.38,440.518,10498.734,4888.23,4992.922,15000.645,98.98199999999997
2025-10-14 19:36:00,10/14,학습,341.536,5.0,3000.294,15000.651,18000.945,0.6077644174017449,0.615661019356825,29.2170000000001,2575.75,2521.533,37.381,440.476,10514.142,4874.47,4990.434,15000.651,98.94
2025-10-14 19:37:00,10/14,학습,341.536,5.0,3000.298,15000.657,18000.954999999998,0.6077781341698923,0.6156784692426276,29.215000000000146,2575.661,2521.446,37.383,440.432,10529.768,4860.648,4987.884,15000.657,98.89600000000002
2025-10-14 19:38:00,10/14,학습,341.536,5.0,3000.301,15000.662,18000.963,0.6077189471603953,0.6156237634211128,29.21199999999999,2575.57,2521.358,37.384,440.388,10545.621,4846.759,4985.268,15000.662,98.85199999999998
2025-10-14 19:39:00,10/14,학습,341.536,5.0,3000.305,15000.668,18000.972999999998,0.6076616724323317,0.6155702131732435,29.210000000000036,2575.479,2521.269,37.385,440.344,10561.707,4832.796,4982.585,15000.668,98.80799999999999
2025-10-14 19:40:00,10/14,학습,341.536,5.0,3000.308,15000.674,18000.982,0.6076771216465282,0.6155870269094803,29.208000000000084,2575.386,2521.178,37.387,440.299,10578.036,4818.755,4979.833,15000.674,98.76299999999998
2025-10-14 19:41:00,10/14,학습,341.535,5.0,3000.312,15000.681,18000.993000000002,0.6076142207087051,0.6155264360689141,29.20600000000013,2575.292,2521.086,37.388,440.253,10594.614,4804.629,4977.01,15000.681,98.71799999999996
2025-10-14 19:42:00,10/14,학습,341.535,5.0,3000.316,15000.687,18001.003,0.6075479067149829,0.6154617367110409,29.20400000000018,2575.197,2520.993,37.389,440.206,10611.45,4790.413,4974.113,15000.687,98.67099999999999
2025-10-14 19:43:00,10/14,학습,341.535,5.0,3000.319,15000.694,18001.013,0.6075597002188344,0.6154726471439813,29.20199999999977,2575.1,2520.898,37.391,440.159,10628.551,4776.1,4971.141,15000.694,98.62399999999997
2025-10-14 19:44:00,10/14,학습,341.535,5.0,3000.323,15000.701,18001.023999999998,0.6074931372111464,0.615406163612612,29.19900000000007,2575.001,2520.802,37.392,440.111,10645.925,4761.685,4968.092,15000.701,98.57599999999996
2025-10-14 19:45:00,10/14,학습,341.535,5.0,3000.328,15000.708,18001.036,0.6074980470244796,0.6154088389690682,29.195999999999913,2574.901,2520.705,37.394,440.062,10663.578,4747.161,4964.963,15000.708,98.52699999999999
2025-10-14 19:46:00,10/14,학습,341.534,5.0,3000.332,15000.716,18001.048,0.6074258474544392,0.615335303874958,29.19399999999996,2574.8,2520.606,37.395,440.012,10681.52,4732.523,4961.754,15000.716,98.47800000000001
2025-10-14 19:47:00,10/14,학습,341.534,5.0,3000.337,15000.724,18001.061,0.6074317328436041,0.6153373556849995,29.192000000000007,2574.697,2520.505,37.397,439.962,10699.757,4717.765,4958.462,15000.724,98.428
2025-10-14 19:48:00,10/14,학습,341.534,5.0,3000.341,15000.732,18001.073,0.6073538813959515,0.6152567641644979,29.189000000000306,2574.592,2520.403,37.398,439.91,10718.297,4702.879,4955.085,15000.732,98.37600000000003
2025-10-14 19:49:00,10/14,학습,341.534,5.0,3000.346,15000.741,18001.087,0.6073541366868602,0.615251747680557,29.186999999999898,2574.486,2520.299,37.4,439.858,10737.148,4687.861,4951.622,15000.741,98.32400000000001
2025-10-14 19:50:00,10/14,학습,341.533,5.0,3000.351,15000.75,18001.101,0.607346786470689,0.6152385130546687,29.18399999999974,2574.377,2520.193,37.402,439.804,10756.318,4672.703,4948.071,15000.75,98.27099999999996
2025-10-14 19:51:00,10/14,학습,341.536,5.0,3000.413,15000.757,18001.17,0.6025959127575055,0.61511997898625,29.179999999999836,2574.223,2520.043,37.402,439.748,9865.054,4686.484,4944.905,15000.757,98.21199999999999
2025-10-14 19:52:00,10/14,학습,341.537,5.0,3000.424,15000.712,18001.136,0.6025272546417356,0.6150471465483616,29.177000000000135,2574.071,2519.894,37.403,439.687,9845.28,4703.574,4945.363,15000.712,98.15000000000003
2025-10-14 19:53:00,10/14,학습,341.537,5.0,3000.412,15000.667,18001.078999999998,0.6026316628300481,0.6150369275934395,29.17300000000023,2573.927,2519.754,37.405,439.626,9847.899,4719.552,4941.568,15000.667,98.089
2025-10-14 19:54:00,10/14,학습,341.536,5.0,3000.389,15000.613,18001.002,0.6026587226291997,0.6149481221211124,29.16899999999987,2573.792,2519.623,37.406,439.566,9851.145,4734.867,4936.726,15000.613,98.02999999999997
2025-10-14 19:55:00,10/14,학습,341.535,5.0,3000.365,15000.578,18000.943,0.6026505754742425,0.6148223465194571,29.165999999999713,2573.667,2519.501,37.407,439.501,9855.397,4749.51,4931.775,15000.578,97.96599999999995
2025-10-14 19:56:00,10/14,학습,341.534,5.0,3000.35,15000.563,18000.913,0.6026783080809207,0.6147334197212286,29.162000000000262,2573.545,2519.383,37.409,439.43,9860.514,4763.472,4926.765,15000.563,97.89600000000002
2025-10-14 19:57:00,10/14,학습,341.532,5.0,3000.341,15000.561,18000.902,0.6025994393331093,0.6145372357444048,29.159000000000106,2573.426,2519.267,37.41,439.353,9866.229,4776.751,4921.619,15000.561,97.82100000000003
2025-10-14 19:58:00,10/14,학습,341.53,5.0,3000.339,15000.566,18000.905,0.6025687492677299,0.61439311242161,29.1550000000002,2573.306,2519.151,37.412,439.272,9872.305,4789.356,4916.24,15000.566,97.74200000000002
2025-10-14 19:59:00,10/14,학습,341.528,5.0,3000.34,15000.577,18000.917,0.6025201536176901,0.6142342679823187,29.152000000000044,2573.186,2519.034,37.414,439.188,9878.58,4801.301,4910.572,15000.577,97.65999999999997
2025-10-14 20:00:00,10/14,학습,341.527,5.0,3000.345,15000.592,18000.937,0.6024569329914762,0.6140659683317717,29.146999999999935,2573.063,2518.916,37.416,439.102,9884.678,4812.607,4904.586,15000.592,97.57499999999999
2025-10-14 20:01:00,10/14,학습,341.525,5.0,3000.351,15000.608,18000.959,0.602385142909954,0.613895836972757,29.143999999999778,2572.939,2518.795,37.418,439.015,9890.261,4823.313,4898.329,15000.608,97.49000000000001
2025-10-14 20:02:00,10/14,학습,341.524,5.0,3000.359,15000.625,18000.984,0.6023063351181543,0.6137238715599296,29.140000000000327,2572.811,2518.671,37.42,438.927,9895.588,4833.452,4891.947,15000.625,97.40300000000002
2025-10-14 20:03:00,10/14,학습,341.523,5.0,3000.367,15000.643,18001.010000000002,0.602225039891446,0.6135541703426735,29.135999999999967,2572.681,2518.545,37.422,438.839,9900.706,4843.052,4885.514,15000.643,97.31599999999997
2025-10-14 20:04:00,10/14,학습,341.522,5.0,3000.376,15000.66,18001.036,0.6021438805303402,0.6133890881275748,29.13299999999981,2572.548,2518.415,37.424,438.751,9905.642,4852.139,4879.069,15000.66,97.22899999999998
2025-10-14 20:05:00,10/14,학습,341.521,5.0,3000.384,15000.676,18001.059999999998,0.6020545803027858,0.6132198144624097,29.128999999999905,2572.413,2518.284,37.426,438.662,9910.431,4860.738,4872.647,15000.676,97.14099999999996
2025-10-14 20:06:00,10/14,학습,341.52,5.0,3000.392,15000.692,18001.084,0.6019713377371883,0.6130604400426143,29.125,2572.274,2518.149,37.428,438.574,9915.108,4868.868,4866.278,15000.692,97.05400000000003
2025-10-14 20:07:00,10/14,학습,341.519,5.0,3000.4,15000.707,18001.107,0.6018764880415863,0.6128927687030821,29.12099999999964,2572.133,2518.012,37.43,438.484,9919.702,4876.551,4859.986,15000.707,96.96499999999997
2025-10-14 20:08:00,10/14,학습,341.518,5.0,3000.408,15000.722,18001.13,0.6018594875541319,0.6128069838785515,29.117999999999938,2571.99,2517.872,37.433,438.395,9924.238,4883.805,4853.787,15000.722,96.87700000000001
2025-10-14 20:09:00,10/14,학습,341.518,5.0,3000.416,15000.735,18001.151,0.6017641932837483,0.6126450129654633,29.11299999999983,2571.843,2517.73,37.435,438.305,9928.732,4890.645,4847.692,15000.735,96.78700000000003
2025-10-14 20:10:00,10/14,학습,341.517,5.0,3000.423,15000.748,18001.171,0.6016643145661182,0.6124811990696419,29.110000000000127,2571.695,2517.585,37.437,438.214,9933.197,4897.088,4841.704,15000.748,96.697
2025-10-14 20:11:00,10/14,학습,341.517,5.0,3000.429,15000.76,18001.189,0.6015628786755618,0.6123184702416256,29.105000000000018,2571.544,2517.439,37.439,438.123,9937.638,4903.149,4835.823,15000.76,96.606
2025-10-14 20:12:00,10/14,학습,341.516,5.0,3000.436,15000.77,18001.206000000002,0.6015348065803363,0.6122323210979537,29.101000000000113,2571.391,2517.29,37.442,438.032,9942.059,4908.84,4830.046,15000.77,96.51599999999996
2025-10-14 20:13:00,10/14,학습,341.516,5.0,3000.441,15000.78,18001.221,0.6014288593402596,0.6120700040471825,29.097999999999956,2571.237,2517.139,37.444,437.94,9946.462,4914.177,4824.368,15000.78,96.42399999999998
2025-10-14 20:14:00,10/14,학습,341.516,5.0,3000.446,15000.788,18001.234,0.6013216356200217,0.611908771221511,29.092999999999847,2571.08,2516.987,37.446,437.848,9950.847,4919.172,4818.78,15000.788,96.332
2025-10-14 20:15:00,10/14,학습,341.515,5.0,3000.451,15000.796,18001.247,0.6012817629410528,0.611817629965,29.088999999999942,2570.922,2516.833,37.449,437.755,9955.214,4923.837,4813.277,15000.796,96.24000000000001
2025-10-14 20:16:00,10/14,학습,341.515,5.0,3000.455,15000.802,18001.256999999998,0.6011682287201775,0.6116544472939087,29.084000000000287,2570.762,2516.678,37.451,437.662,9959.566,4928.185,4807.85,15000.802,96.14699999999999
2025-10-14 20:17:00,10/14,학습,341.515,5.0,3000.459,15000.807,18001.266,0.6010548540019477,0.6114935258995493,29.079999999999927,2570.601,2516.521,37.453,437.569,9963.905,4932.226,4802.495,15000.807,96.05400000000003
2025-10-14 20:18:00,10/14,학습,341.515,5.0,3000.462,15000.812,18001.274,0.6010080484426845,0.6114014940809753,29.076000000000022,2570.439,2516.363,37.456,437.475,9968.236,4935.972,4797.206,15000.812,95.96000000000004
2025-10-14 20:19:00,10/14,학습,341.515,4.999,3000.465,15000.816,18001.281000000003,0.6008930264409286,0.6112245681760715,29.07199999999966,2570.276,2516.204,37.458,437.382,9972.565,4939.434,4791.978,15000.816,95.86700000000002
2025-10-14 20:20:00,10/14,학습,341.515,4.999,3000.467,15000.819,18001.286,0.6008448382856839,0.611134696209052,29.06800000000021,2570.112,2516.044,37.461,437.288,9976.904,4942.62,4786.811,15000.819,95.77300000000002
2025-10-14 20:21:00,10/14,학습,341.515,4.999,3000.47,15000.821,18001.291,0.6007286072273761,0.610978123791206,29.064000000000306,2569.947,2515.883,37.463,437.195,9981.263,4945.541,4781.702,15000.821,95.68
2025-10-14 20:22:00,10/14,학습,341.515,4.999,3000.471,15000.823,18001.294,0.6006783652582453,0.6108892183243697,29.05899999999974,2569.781,2515.722,37.466,437.101,9985.66,4948.204,4776.654,15000.823,95.58600000000001
2025-10-14 20:23:00,10/14,학습,341.515,4.999,3000.473,15000.824,18001.297,0.6005603322891103,0.6107336295390011,29.054999999999836,2569.615,2515.56,37.468,437.008,9990.114,4950.617,4771.668,15000.824,95.493
2025-10-14 20:24:00,10/14,학습,341.515,4.999,3000.474,15000.825,18001.299,0.6005139042875957,0.6106509893423224,29.049999999999727,2569.448,2515.398,37.471,436.915,9994.653,4952.785,4766.753,15000.825,95.40000000000003
2025-10-14 20:25:00,10/14,학습,341.515,4.999,3000.475,15000.825,18001.3,0.6003948067165381,0.61049638563761,29.04599999999982,2569.281,2515.235,37.473,436.822,9999.314,4954.715,4761.918,15000.825,95.30700000000002
2025-10-14 20:26:00,10/14,학습,341.515,4.999,3000.475,15000.825,18001.3,0.600349030925109,0.6104158944165237,29.041999999999916,2569.113,2515.071,37.476,436.729,10004.149,4956.408,4757.179,15000.825,95.214
2025-10-14 20:27:00,10/14,학습,341.515,4.999,3000.476,15000.824,18001.3,0.6002300261454135,0.6102622762711609,29.03800000000001,2568.945,2514.907,37.478,436.636,10009.237,4957.866,4752.563,15000.824,95.12100000000004
2025-10-14 20:28:00,10/14,학습,341.515,4.999,3000.476,15000.824,18001.3,0.6001895080531727,0.6101868793350911,29.034000000000106,2568.777,2514.743,37.481,436.544,10014.701,4959.086,4748.109,15000.824,95.029
2025-10-14 20:29:00,10/14,학습,341.516,4.999,3000.476,15000.823,18001.299,0.600072030604516,0.6100330690467124,29.028999999999996,2568.608,2514.579,37.483,436.451,10020.746,4960.06,4743.889,15000.823,94.935
2025-10-14 20:30:00,10/14,학습,341.516,4.999,3000.477,15000.822,18001.299,0.6000062152663956,0.6099574667557737,29.023999999999887,2568.439,2514.415,37.486,436.359,10021.78,4960.817,4739.982,15000.822,94.84299999999996
2025-10-14 20:31:00,10/14,학습,341.516,4.999,3000.478,15000.821,18001.299,0.5997880267535208,0.609811128191972,29.021000000000186,2568.27,2514.249,37.488,436.267,10006.08,4961.885,4736.761,15000.821,94.75099999999998
2025-10-14 20:32:00,10/14,학습,341.516,4.999,3000.479,15000.818,18001.297,0.5996675645867884,0.6097429865709811,29.016000000000076,2568.099,2514.083,37.491,436.176,9993.739,4963.41,4734.836,15000.818,94.65999999999997
2025-10-14 20:33:00,10/14,학습,341.517,4.999,3000.478,15000.811,18001.289,0.5994894734904441,0.6095976397885581,29.011999999999716,2567.928,2513.916,37.493,436.084,9984.886,4965.245,4734.448,15000.811,94.56700000000001
2025-10-14 20:34:00,10/14,학습,341.517,4.999,3000.475,15000.8,18001.274999999998,0.5993263734111335,0.6094551512744333,29.006999999999607,2567.758,2513.751,37.495,435.993,9978.202,4967.28,4735.19,15000.8,94.476
2025-10-14 20:35:00,10/14,학습,341.517,4.999,3000.469,15000.783,18001.252,0.5992522278909971,0.609394973327402,29.003999999999905,2567.591,2513.587,37.498,435.904,9972.713,4969.452,4736.599,15000.783,94.387
2025-10-14 20:36:00,10/14,학습,341.518,4.999,3000.46,15000.761,18001.221,0.5991045146775836,0.6092570246648146,28.998999999999796,2567.426,2513.427,37.5,435.815,9967.882,4971.722,4738.373,15000.761,94.29700000000003
2025-10-14 20:37:00,10/14,학습,341.518,4.999,3000.448,15000.735,18001.183,0.5989703425839507,0.6091302050725933,28.99599999999964,2567.267,2513.271,37.502,435.729,9963.431,4974.068,4740.334,15000.735,94.21100000000001
2025-10-14 20:38:00,10/14,학습,341.518,5.0,3000.434,15000.705,18001.139,0.598913927890177,0.609097591721885,28.990999999999985,2567.112,2513.121,37.505,435.645,9959.216,4976.476,4742.381,15000.705,94.12700000000001
2025-10-14 20:39:00,10/14,학습,341.519,5.0,3000.418,15000.673,18001.091,0.5987959533841514,0.60898417399127,28.98799999999983,2566.964,2512.976,37.507,435.564,9955.168,4978.937,4744.451,15000.673,94.04500000000002
2025-10-14 20:40:00,10/14,학습,341.519,5.0,3000.4,15000.64,18001.04,0.59868772377928,0.6088795468162971,28.985000000000127,2566.822,2512.837,37.509,435.486,9951.253,4981.442,4746.504,15000.64,93.96699999999998
2025-10-14 20:41:00,10/14,학습,341.52,5.0,3000.381,15000.605,18000.986,0.5985985539732588,0.6087931681372378,28.981000000000222,2566.686,2512.705,37.511,435.413,9947.462,4983.986,4748.519,15000.605,93.89300000000003
2025-10-14 20:42:00,10/14,학습,341.52,5.0,3000.361,15000.57,18000.931,0.5984451676517644,0.6086414883726545,28.978000000000065,2566.558,2512.58,37.512,435.343,9943.794,4986.562,4750.483,15000.57,93.82300000000004
2025-10-14 20:43:00,10/14,학습,341.521,5.0,3000.341,15000.535,18000.876,0.5983834365581294,0.6085810083228655,28.97499999999991,2566.437,2512.462,37.514,435.278,9940.255,4989.166,4752.391,15000.535,93.757
2025-10-14 20:44:00,10/14,학습,341.522,5.0,3000.321,15000.5,18000.821,0.5983418955028912,0.6085399842693158,28.972999999999956,2566.323,2512.35,37.516,435.218,9936.854,4991.792,4754.245,15000.5,93.69600000000003
2025-10-14 20:45:00,10/14,학습,341.522,5.0,3000.301,15000.467,18000.768,0.5982402757214189,0.6084378340633012,28.9699999999998,2566.216,2512.246,37.517,435.162,9933.597,4994.434,4756.047,15000.467,93.63999999999999
2025-10-14 20:46:00,10/14,학습,341.523,5.0,3000.282,15000.434,18000.716,0.5982314528194673,0.6084280734001004,28.967999999999847,2566.116,2512.148,37.519,435.111,9930.49,4997.087,4757.801,15000.434,93.58799999999997
2025-10-14 20:47:00,10/14,학습,341.524,5.0,3000.263,15000.403,18000.666,0.5981649025601892,0.6083595700633595,28.965999999999894,2566.022,2512.056,37.52,435.064,9927.536,4999.745,4759.512,15000.403,93.54000000000002
2025-10-14 20:48:00,10/14,학습,341.525,5.0,3000.245,15000.374,18000.619,0.5981173223103788,0.6083093804747406,28.963999999999942,2565.935,2511.971,37.521,435.022,9924.734,5002.405,4761.184,15000.374,93.49700000000001
2025-10-14 20:49:00,10/14,학습,341.526,5.0,3000.228,15000.346,18000.574,0.5981530174625622,0.6083421256462107,28.96199999999999,2565.853,2511.891,37.523,434.983,9922.081,5005.06,4762.82,15000.346,93.457
2025-10-14 20:50:00,10/14,학습,341.527,5.0,3000.212,15000.32,18000.532,0.5981361475290282,0.6083214765687537,28.960999999999785,2565.778,2511.817,37.524,434.949,9919.57,5007.706,4764.421,15000.32,93.42200000000003
2025-10-14 20:51:00,10/14,학습,341.529,5.0,3000.197,15000.296,18000.493000000002,0.5981245392932767,0.6083055535440827,28.958999999999833,2565.707,2511.748,37.525,434.917,9917.192,5010.34,4765.986,15000.296,93.38799999999998
2025-10-14 20:52:00,10/14,학습,341.53,5.0,3000.183,15000.273,18000.456,0.5981340188510377,0.6083103221282031,28.95799999999963,2565.642,2511.684,37.526,434.89,9914.938,5012.957,4767.515,15000.273,93.36000000000001
2025-10-14 20:53:00,10/14,학습,341.531,5.0,3000.169,15000.251,18000.42,0.5980760728687519,0.6082469413301754,28.95600000000013,2565.581,2511.625,37.526,434.865,9912.801,5015.554,4769.007,15000.251,93.334
2025-10-14 20:54:00,10/14,학습,341.532,5.0,3000.157,15000.232,18000.389,0.5981034308524218,0.608268859164317,28.95600000000013,2565.525,2511.569,37.527,434.843,9910.77,5018.13,4770.461,15000.232,93.31100000000004
2025-10-14 20:55:00,10/14,학습,341.533,5.0,3000.145,15000.213,18000.358,0.5981358319659948,0.6082955101133778,28.954999999999927,2565.473,2511.518,37.528,434.823,9908.837,5020.68,4771.875,15000.213,93.28999999999996
2025-10-14 20:56:00,10/14,학습,341.535,5.0,3000.134,15000.197,18000.331,0.5981796845252626,0.6083333977466525,28.952999999999975,2565.424,2511.471,37.529,434.806,9906.993,5023.204,4773.247,15000.197,93.27099999999996
2025-10-14 20:57:00,10/14,학습,341.536,5.0,3000.124,15000.181,18000.305,0.598163529146013,0.6083108363454763,28.95199999999977,2565.379,2511.427,37.529,434.792,9905.231,5025.7,4774.576,15000.181,93.25599999999997
2025-10-14 20:58:00,10/14,학습,341.537,5.0,3000.115,15000.167,18000.282,0.5982218936148904,0.6083629213739405,28.952000000000226,2565.338,2511.386,37.53,434.779,9903.543,5028.165,4775.859,15000.167,93.24200000000002
2025-10-14 20:59:00,10/14,학습,341.538,5.0,3000.106,15000.154,18000.260000000002,0.5982095987580907,0.6083439184941242,28.951000000000022,2565.299,2511.348,37.53,434.767,9901.924,5030.6,4777.095,15000.154,93.22899999999998
2025-10-14 21:00:00,10/14,학습,341.54,5.0,3000.098,15000.142,18000.239999999998,0.5982823657767146,0.6084102027672964,28.949999999999818,2565.263,2511.313,37.531,434.758,9900.368,5033.002,4778.285,15000.142,93.21799999999996
2025-10-14 21:01:00,10/14,학습,341.541,5.0,3000.091,15000.13,18000.220999999998,0.5982802602607618,0.6084012626533906,28.949999999999818,2565.23,2511.28,37.531,434.749,9898.871,5035.372,4779.426,15000.13,93.20800000000003
2025-10-14 21:02:00,10/14,학습,341.542,5.0,3000.085,15000.12,18000.205,0.5983590552256789,0.6084734635982867,28.950000000000273,2565.199,2511.249,37.532,434.742,9897.43,5037.708,4780.519,15000.12,93.20000000000005
2025-10-14 21:03:00,10/14,학습,341.543,5.0,3000.078,15000.111,18000.189000000002,0.5983671194793816,0.608474587045919,28.94900000000007,2565.17,2511.221,37.532,434.736,9896.042,5040.011,4781.564,15000.111,93.19299999999998
2025-10-14 21:04:00,10/14,학습,341.545,5.0,3000.073,15000.102,18000.175,0.5984507241777259,0.6085515242843025,28.947999999999865,2565.143,2511.195,37.533,434.731,9894.704,5042.279,4782.562,15000.102,93.18599999999998
2025-10-14 21:05:00,10/14,학습,341.546,5.0,3000.068,15000.095,18000.163,0.598465891851067,0.6085597504262747,28.947999999999865,2565.118,2511.17,37.533,434.727,9893.415,5044.512,4783.513,15000.095,93.18099999999998
2025-10-14 21:06:00,10/14,학습,341.547,5.0,3000.063,15000.087,18000.15,0.5984787330270699,0.6085656153513241,28.947999999999865,2565.095,2511.147,37.533,434.723,9892.172,5046.711,4784.417,15000.087,93.17599999999999
2025-10-14 21:07:00,10/14,학습,341.548,5.0,3000.059,15000.081,18000.14,0.5985671275639182,0.6086472886273917,28.94699999999966,2565.073,2511.126,37.534,434.72,9890.976,5048.874,4785.277,15000.081,93.17200000000003
2025-10-14 21:08:00,10/14,학습,341.549,5.0,3000.055,15000.075,18000.13,0.598587055494198,0.608660256283021,28.94699999999966,2565.053,2511.106,37.534,434.718,9889.824,5051.002,4786.093,15000.075,93.16900000000004
2025-10-14 21:09:00,10/14,학습,341.55,5.0,3000.051,15000.069,18000.12,0.5986058073161515,0.6086720433815427,28.947000000000116,2565.034,2511.087,37.534,434.716,9888.715,5053.094,4786.866,15000.069,93.166
2025-10-14 21:10:00,10/14,학습,341.551,5.0,3000.048,15000.064,18000.112,0.5987012722700996,0.6087608137526221,28.947000000000116,2565.016,2511.069,37.535,434.715,9887.648,5055.15,4787.598,15000.064,93.16399999999999
2025-10-14 21:11:00,10/14,학습,341.552,5.0,3000.044,15000.06,18000.104,0.598716488615384,0.6087690587391767,28.945999999999913,2564.999,2511.053,37.535,434.713,9886.623,5057.17,4788.29,15000.06,93.161
2025-10-14 21:12:00,10/14,학습,341.553,5.0,3000.042,15000.056,18000.098,0.5987369434356119,0.6087826260881124,28.946000000000367,2564.983,2511.037,37.535,434.712,9885.638,5059.154,4788.943,15000.056,93.15899999999999
2025-10-14 21:13:00,10/14,학습,341.554,5.0,3000.039,15000.052,18000.091,0.5987615343718811,0.608800335160312,28.945999999999913,2564.968,2511.022,37.535,434.712,9884.692,5061.102,4789.559,15000.052,93.15800000000002
2025-10-14 21:14:00,10/14,학습,341.555,5.0,3000.037,15000.048,18000.085,0.5987784153261253,0.6088103607545743,28.945000000000164,2564.954,2511.009,37.535,434.711,9883.784,5063.014,4790.139,15000.048,93.156
2025-10-14 21:15:00,10/14,학습,341.556,5.0,3000.034,15000.045,18000.079,0.5988732184902854,0.6088985437957437,28.94499999999971,2564.941,2510.996,37.536,434.711,9882.912,5064.889,4790.685,15000.045,93.15500000000003
2025-10-14 21:16:00,10/14,학습,341.557,5.0,3000.032,15000.042,18000.074,0.598890035060055,0.6089085691124083,28.945999999999913,2564.929,2510.983,37.536,434.71,9882.076,5066.729,4791.197,15000.042,93.15299999999996
2025-10-14 21:17:00,10/14,학습,341.557,5.0,3000.03,15000.039,18000.069,0.5989097491656104,0.6089215554476077,28.94499999999971,2564.917,2510.972,37.536,434.71,9881.273,5068.532,4791.677,15000.039,93.15299999999996
2025-10-14 21:18:00,10/14,학습,341.558,5.0,3000.029,15000.037,18000.066,0.5989293991061738,0.6089345417825933,28.945000000000164,2564.906,2510.961,37.536,434.71,9880.504,5070.3,4792.127,15000.037,93.15199999999999
2025-10-14 21:19:00,10/14,학습,341.559,5.0,3000.027,15000.034,18000.061,0.5989478334250316,0.6089463475414827,28.94399999999996,2564.895,2510.951,37.536,434.71,9879.766,5072.031,4792.547,15000.034,93.15099999999995
2025-10-14 21:20:00,10/14,학습,341.56,5.0,3000.026,15000.032,18000.057999999997,0.5989661885967503,0.6089581533001966,28.944000000000415,2564.885,2510.941,37.536,434.71,9879.059,5073.727,4792.939,15000.032,93.14999999999998
2025-10-14 21:21:00,10/14,학습,341.56,5.0,3000.024,15000.03,18000.054,0.5990571440688229,0.6090427879315174,28.945000000000164,2564.876,2510.931,37.537,434.71,9878.38,5075.387,4793.304,15000.03,93.14999999999998
2025-10-14 21:22:00,10/14,학습,341.561,5.0,3000.023,15000.028,18000.051,0.5990730173919293,0.60905223227983,28.944000000000415,2564.867,2510.923,37.537,434.71,9877.73,5077.013,4793.643,15000.028,93.149
2025-10-14 21:23:00,10/14,학습,341.562,5.0,3000.022,15000.027,18000.049,0.5990846759481733,0.6090575352191618,28.94399999999996,2564.858,2510.914,37.537,434.709,9877.106,5078.603,4793.958,15000.027,93.14699999999999
2025-10-14 21:24:00,10/14,학습,341.562,5.0,3000.021,15000.025,18000.046,0.5991003882881369,0.60906697958126,28.94399999999996,2564.85,2510.906,37.537,434.709,9876.507,5080.159,4794.25,15000.025,93.14699999999999
2025-10-14 21:25:00,10/14,학습,341.563,5.0,3000.019,15000.024,18000.042999999998,0.5991148663865078,0.6090752433980025,28.94399999999996,2564.843,2510.899,37.537,434.709,9875.933,5081.68,4794.519,15000.024,93.14600000000002
2025-10-14 21:26:00,10/14,학습,341.564,5.0,3000.018,15000.022,18000.04,0.5991304148547842,0.6090846877598846,28.94399999999996,2564.835,2510.891,37.537,434.709,9875.382,5083.168,4794.767,15000.022,93.14499999999998
2025-10-14 21:27:00,10/14,학습,341.564,5.0,3000.018,15000.021,18000.039,0.5991446673201253,0.6090929515764394,28.94399999999996,2564.828,2510.884,37.537,434.709,9874.853,5084.622,4794.996,15000.021,93.14499999999998
2025-10-14 21:28:00,10/14,학습,341.565,5.0,3000.017,15000.02,18000.037,0.5991523674096951,0.6090947129418158,28.942999999999756,2564.821,2510.878,37.537,434.708,9874.345,5086.043,4795.205,15000.02,93.14300000000003
2025-10-14 21:29:00,10/14,학습,341.565,5.0,3000.016,15000.019,18000.035,0.599166469846684,0.6091029767704796,28.94399999999996,2564.815,2510.871,37.537,434.708,9873.858,5087.432,4795.396,15000.019,93.14300000000003
2025-10-14 21:30:00,10/14,학습,341.566,5.0,3000.015,15000.018,18000.033,0.5992516963125194,0.6091828827006456,28.944000000000415,2564.809,2510.865,37.538,434.708,9873.335,5088.788,4795.57,15000.018,93.14200000000005
2025-10-14 21:31:00,10/14,학습,341.566,5.0,3000.014,15000.017,18000.031,0.59925411901793,0.6091834634740041,28.942999999999756,2564.803,2510.86,37.538,434.707,9872.097,5090.127,4795.727,15000.017,93.14100000000002
2025-10-14 21:32:00,10/14,학습,341.567,5.0,3000.014,15000.016,18000.03,0.5992592820339461,0.6091905465722693,28.94300000000021,2564.797,2510.854,37.538,434.707,9870.096,5091.476,4795.87,15000.016,93.13999999999999
2025-10-14 21:33:00,10/14,학습,341.567,5.0,3000.013,15000.015,18000.028,0.5992544961376112,0.6091911273569677,28.942999999999756,2564.792,2510.849,37.538,434.706,9867.347,5092.862,4795.997,15000.015,93.13900000000001
2025-10-14 21:34:00,10/14,학습,341.568,5.0,3000.013,15000.013,18000.026,0.5992528617676534,0.6091982104656337,28.94300000000021,2564.786,2510.843,37.538,434.706,9863.856,5094.31,4796.11,15000.013,93.13800000000003
2025-10-14 21:35:00,10/14,학습,341.568,5.0,3000.012,15000.012,18000.024,0.5992415837030545,0.6091987912616763,28.942999999999756,2564.781,2510.838,37.538,434.705,9859.621,5095.843,4796.208,15000.012,93.137
2025-10-14 21:36:00,10/14,학습,341.568,5.0,3000.011,15000.009,18000.02,0.5992313995281224,0.6092035133410585,28.942000000000007,2564.776,2510.834,37.538,434.705,9854.644,5097.484,4796.289,15000.009,93.137
2025-10-14 21:37:00,10/14,학습,341.569,5.0,3000.01,15000.006,18000.016,0.5992197586701495,0.6092094159402475,28.942999999999756,2564.772,2510.829,37.538,434.705,9848.979,5099.256,4796.348,15000.006,93.13599999999997
2025-10-14 21:38:00,10/14,학습,341.569,5.0,3000.008,15000.002,18000.010000000002,0.5992106100509765,0.6092076357097045,28.942000000000007,2564.768,2510.826,37.538,434.704,9845.223,5101.14,4796.87,15000.002,93.13499999999999
2025-10-14 21:39:00,10/14,학습,341.57,5.0,3000.006,14999.997,18000.003,0.5992251997474318,0.6092164990592188,28.94300000000021,2564.766,2510.823,37.538,434.705,9844.107,5103.031,4799.13,14999.997,93.13499999999999
2025-10-14 21:40:00,10/14,학습,341.57,5.0,3000.002,14999.991,17999.993,0.5992294130572623,0.6092176795790412,28.942999999999756,2564.765,2510.822,37.538,434.705,9842.461,5104.898,4801.963,14999.991,93.13499999999999
2025-10-14 21:41:00,10/14,학습,341.57,5.0,2999.999,14999.984,17999.983,0.5992327378457472,0.6092230013454571,28.942999999999756,2564.765,2510.822,37.538,434.706,9839.795,5106.776,4804.669,14999.984,93.13600000000002
2025-10-14 21:42:00,10/14,학습,341.57,5.0,2999.994,14999.976,17999.97,0.5992364901065105,0.6092312837993377,28.942999999999756,2564.767,2510.824,37.538,434.708,9836.565,5108.691,4807.355,14999.976,93.13800000000003
2025-10-14 21:43:00,10/14,학습,341.571,5.0,2999.99,14999.968,17999.958,0.5992378138408273,0.6092383856897399,28.942999999999756,2564.77,2510.827,37.538,434.71,9833.027,5110.657,4810.168,14999.968,93.13899999999995
2025-10-14 21:44:00,10/14,학습,341.571,5.0,2999.985,14999.959,17999.944,0.5992413058172187,0.6092484481872884,28.94399999999996,2564.776,2510.832,37.538,434.713,9829.259,5112.679,4813.167,14999.959,93.142
2025-10-14 21:45:00,10/14,학습,341.571,5.0,2999.979,14999.949,17999.928,0.59924593899124,0.6092602907014859,28.942999999999756,2564.783,2510.84,37.538,434.717,9825.283,5114.764,4816.367,14999.949,93.14599999999996
2025-10-14 21:46:00,10/14,학습,341.572,5.0,2999.974,14999.938,17999.912,0.5992540857938394,0.6092762741182434,28.94399999999996,2564.793,2510.849,37.538,434.722,9821.109,5116.916,4819.771,14999.938,93.14999999999998
2025-10-14 21:47:00,10/14,학습,341.572,5.0,2999.967,14999.927,17999.894,0.5991962583160698,0.6092265381499844,28.94399999999996,2564.805,2510.861,37.537,434.729,9816.743,5119.139,4823.38,14999.927,93.15699999999998
2025-10-14 21:48:00,10/14,학습,341.572,5.0,2999.96,14999.914,17999.874,0.5992134855697827,0.6092525829581181,28.94399999999996,2564.819,2510.875,37.537,434.737,9812.192,5121.438,4827.193,14999.914,93.16500000000002
2025-10-14 21:49:00,10/14,학습,341.573,5.0,2999.953,14999.901,17999.854,0.5992320642048098,0.6092804069653277,28.945000000000164,2564.837,2510.892,37.537,434.746,9807.464,5123.815,4831.209,14999.901,93.173
2025-10-14 21:50:00,10/14,학습,341.573,5.0,2999.945,14999.887,17999.832000000002,0.5992638541927997,0.6093218327338716,28.945999999999913,2564.857,2510.911,37.537,434.758,9802.565,5126.275,4835.43,14999.887,93.185
2025-10-14 21:51:00,10/14,학습,341.574,5.0,2999.936,14999.872,17999.808,0.5992234115269535,0.609291032720088,28.945999999999913,2564.88,2510.934,37.536,434.771,9797.503,5128.819,4839.853,14999.872,93.197
2025-10-14 21:52:00,10/14,학습,341.574,5.0,2999.928,14999.856,17999.784,0.5992622758842936,0.6093401552021671,28.947000000000116,2564.907,2510.96,37.536,434.786,9792.283,5131.45,4844.478,14999.856,93.21199999999999
2025-10-14 21:53:00,10/14,학습,341.575,5.0,2999.918,14999.84,17999.758,0.5992355100315783,0.6093235487970019,28.947999999999865,2564.937,2510.989,37.535,434.803,9786.911,5134.171,4849.305,14999.84,93.22800000000001
2025-10-14 21:54:00,10/14,학습,341.576,5.0,2999.909,14999.823,17999.732,0.5992869345928495,0.6093856857618372,28.94900000000007,2564.971,2511.022,37.535,434.822,9781.392,5136.984,4854.33,14999.823,93.24599999999998
2025-10-14 21:55:00,10/14,학습,341.576,5.0,2999.899,14999.806,17999.705,0.5992780690465365,0.6093874090156695,28.949999999999818,2565.008,2511.058,37.534,434.844,9775.731,5139.889,4859.554,14999.806,93.26799999999997
2025-10-14 21:56:00,10/14,학습,341.577,5.0,2999.889,14999.788,17999.677,0.5993421603846175,0.6094625556364961,28.951000000000022,2565.049,2511.098,37.534,434.867,9769.931,5142.89,4864.972,14999.788,93.29000000000002
2025-10-14 21:57:00,10/14,학습,341.578,5.0,2999.878,14999.769,17999.647,0.599344852704581,0.6094761023713224,28.952000000000226,2565.094,2511.142,37.533,434.893,9763.997,5145.986,4870.584,14999.769,93.315
2025-10-14 21:58:00,10/14,학습,341.578,5.0,2999.867,14999.751,17999.618000000002,0.5993598208877818,0.6095020566565488,28.95400000000018,2565.143,2511.189,37.532,434.922,9757.933,5149.18,4876.385,14999.751,93.34400000000005
2025-10-14 21:59:00,10/14,학습,341.579,5.0,2999.856,14999.731,17999.587,0.5994530611906504,0.6096067546441812,28.955000000000382,2565.195,2511.24,37.532,434.953,9751.742,5152.471,4882.373,14999.731,93.37399999999997
2025-10-14 22:00:00,10/14,학습,341.58,5.0,2999.845,14999.712,17999.557,0.5994810292727778,0.6096445214691772,28.95699999999988,2565.252,2511.295,37.531,434.986,9745.703,5155.859,4888.545,14999.712,93.406
2025-10-14 22:01:00,10/14,학습,341.581,5.0,2999.833,14999.691,17999.524,0.5995218985058873,0.6096923282240323,28.958000000000084,2565.313,2511.355,37.53,435.022,9740.153,5159.325,4894.865,14999.691,93.44099999999997
2025-10-14 22:02:00,10/14,학습,341.582,5.0,2999.822,14999.671,17999.493000000002,0.5995709991092801,0.6097472143982947,28.960000000000036,2565.378,2511.418,37.529,435.06,9734.773,5162.855,4901.2,14999.671,93.47800000000001
2025-10-14 22:03:00,10/14,학습,341.583,5.0,2999.81,14999.651,17999.461,0.5996320248959507,0.6098133148606757,28.962999999999738,2565.448,2511.485,37.528,435.101,9729.476,5166.443,4907.474,14999.651,93.51799999999997
2025-10-14 22:04:00,10/14,학습,341.584,5.0,2999.798,14999.63,17999.428,0.5996984655986487,0.609884128966441,28.964000000000397,2565.521,2511.557,37.527,435.144,9724.264,5170.084,4913.675,14999.63,93.56
2025-10-14 22:05:00,10/14,학습,341.585,5.0,2999.786,14999.61,17999.396,0.5997767680388358,0.60996615069779,28.96600000000035,2565.599,2511.633,37.526,435.19,9719.14,5173.774,4919.801,14999.61,93.60500000000002
2025-10-14 22:06:00,10/14,학습,341.586,5.0,2999.775,14999.59,17999.365,0.5997903537869678,0.609982382833806,28.96900000000005,2565.681,2511.712,37.524,435.238,9714.11,5177.507,4925.85,14999.59,93.65199999999999
2025-10-14 22:07:00,10/14,학습,341.587,5.0,2999.763,14999.571,17999.334,0.599887064634104,0.6100814898661686,28.971000000000004,2565.767,2511.796,37.523,435.289,9709.177,5181.279,4931.823,14999.571,93.702
2025-10-14 22:08:00,10/14,학습,341.588,5.0,2999.752,14999.552,17999.304,0.5999914690182605,0.610187657674834,28.97400000000016,2565.857,2511.883,37.522,435.342,9704.346,5185.085,4937.719,14999.552,93.75399999999996
2025-10-14 22:09:00,10/14,학습,341.589,5.0,2999.742,14999.534,17999.275999999998,0.6000352287932519,0.610232148708044,28.975999999999658,2565.95,2511.974,37.52,435.398,9699.62,5188.92,4943.537,14999.534,93.80900000000003
2025-10-14 22:10:00,10/14,학습,341.59,5.0,2999.731,14999.516,17999.247,0.600159142330697,0.6103565588660842,28.978999999999814,2566.047,2512.068,37.519,435.456,9695.002,5192.781,4949.278,14999.516,93.86600000000004
2025-10-14 22:11:00,10/14,학습,341.591,5.0,2999.722,14999.5,17999.222,0.6002894989326432,0.6104868386265911,28.98199999999997,2566.148,2512.166,37.518,435.516,9690.494,5196.662,4954.943,14999.5,93.92500000000001
2025-10-14 22:12:00,10/14,학습,341.593,5.0,2999.712,14999.484,17999.196,0.600355108896123,0.6105512856909647,28.98400000000038,2566.251,2512.267,37.516,435.578,9686.098,5200.56,4960.531,14999.484,93.98499999999996
2025-10-14 22:13:00,10/14,학습,341.594,5.0,2999.704,14999.469,17999.173,0.6004294543244539,0.6106239464320486,28.98700000000008,2566.357,2512.37,37.514,435.642,9681.814,5204.469,4966.042,14999.469,94.048
2025-10-14 22:14:00,10/14,학습,341.595,5.0,2999.695,14999.455,17999.15,0.600578587846518,0.6107712175132529,28.98999999999978,2566.466,2512.476,37.513,435.707,9677.642,5208.386,4971.477,14999.455,94.11199999999997
2025-10-14 22:15:00,10/14,학습,341.596,5.0,2999.688,14999.441,17999.129,0.600662801631906,0.6108526317830631,28.992999999999938,2566.578,2512.585,37.511,435.774,9673.582,5212.307,4976.833,14999.441,94.178
2025-10-14 22:16:00,10/14,학습,341.598,5.0,2999.681,14999.429,17999.11,0.6008293484223013,0.6110163268649875,28.996999999999844,2566.692,2512.695,37.51,435.843,9669.633,5216.228,4982.111,14999.429,94.245
2025-10-14 22:17:00,10/14,학습,341.599,5.0,2999.674,14999.418,17999.092,0.6009256859584017,0.6111088411073968,29.0,2566.808,2512.808,37.508,435.913,9665.793,5220.146,4987.308,14999.418,94.31400000000002
2025-10-14 22:18:00,10/14,학습,341.6,5.0,2999.668,14999.407,17999.075,0.6010253675924898,0.6112042443021417,29.003000000000156,2566.926,2512.923,37.506,435.984,9662.061,5224.056,4992.425,14999.407,94.38399999999996
2025-10-14 22:19:00,10/14,학습,341.601,5.0,2999.663,14999.397,17999.06,0.6011242695531911,0.6112984073264875,29.006999999999607,2567.046,2513.039,37.504,436.055,9658.435,5227.956,4997.458,14999.397,94.45400000000001
2025-10-14 22:20:00,10/14,학습,341.602,5.0,2999.658,14999.388,17999.046000000002,0.6013042423472076,0.611473679369436,29.009999999999764,2567.167,2513.157,37.503,436.128,9654.914,5231.843,5002.407,14999.388,94.52600000000001
2025-10-14 22:21:00,10/14,학습,341.603,5.0,2999.653,14999.38,17999.033,0.601415045349314,0.6115789228404642,29.01200000000017,2567.289,2513.277,37.501,436.202,9651.497,5235.713,5007.27,14999.38,94.59899999999999
2025-10-14 22:22:00,10/14,학습,341.605,5.0,2999.649,14999.372,17999.021,0.6015261615556077,0.6116841012075172,29.016000000000076,2567.413,2513.397,37.499,436.276,9648.181,5239.564,5012.045,14999.372,94.67099999999999
2025-10-14 22:23:00,10/14,학습,341.606,5.0,2999.645,14999.365,17999.01,0.6016352628203248,0.6117868565472047,29.019000000000233,2567.538,2513.519,37.497,436.35,9644.967,5243.393,5016.731,14999.365,94.74400000000003
2025-10-14 22:24:00,10/14,학습,341.607,5.0,2999.642,14999.359,17999.001,0.6017499090994107,0.6118948492337815,29.02300000000014,2567.664,2513.641,37.495,436.425,9641.852,5247.198,5021.326,14999.359,94.81799999999998
2025-10-14 22:25:00,10/14,학습,341.608,5.0,2999.639,14999.354,17998.993,0.6019361813042814,0.6120745378989767,29.02599999999984,2567.79,2513.764,37.494,436.5,9638.838,5250.975,5025.829,14999.354,94.892
2025-10-14 22:26:00,10/14,학습,341.609,5.0,2999.637,14999.349,17998.986,0.6020490228183799,0.6121800459426403,29.028999999999996,2567.917,2513.888,37.492,436.575,9635.922,5254.723,5030.239,14999.349,94.96600000000001
2025-10-14 22:27:00,10/14,학습,341.61,5.0,2999.635,14999.345,17998.98,0.6021673886158562,0.6122907873599883,29.0329999999999,2568.045,2514.012,37.49,436.651,9633.105,5258.439,5034.554,14999.345,95.041
2025-10-14 22:28:00,10/14,학습,341.611,5.0,2999.633,14999.341,17998.974000000002,0.6022795548330329,0.6123949836595304,29.035999999999603,2568.173,2514.137,37.488,436.726,9630.386,5262.121,5038.774,14999.341,95.11500000000001
2025-10-14 22:29:00,10/14,학습,341.612,5.0,2999.632,14999.338,17998.97,0.6023931059386733,0.6125002925087,29.039999999999964,2568.301,2514.261,37.486,436.801,9627.766,5265.768,5042.897,14999.338,95.18899999999996
2025-10-14 22:30:00,10/14,학습,341.613,5.0,2999.631,14999.336,17998.967,0.6025109686652854,0.6126096537870938,29.04300000000012,2568.429,2514.386,37.484,436.877,9625.245,5269.376,5046.923,14999.336,95.26400000000001
2025-10-14 22:31:00,10/14,학습,341.614,5.0,2999.63,14999.334,17998.964,0.6026185058997295,0.6127083550971208,29.04599999999982,2568.557,2514.511,37.482,436.951,9622.822,5272.944,5050.851,14999.334,95.33700000000005
2025-10-14 22:32:00,10/14,학습,341.614,5.0,2999.63,14999.332,17998.962,0.602804051553327,0.6128852647047585,29.048999999999978,2568.685,2514.636,37.481,437.026,9620.497,5276.47,5054.68,14999.332,95.41200000000003
2025-10-14 22:33:00,10/14,학습,341.615,5.0,2999.63,14999.331,17998.961,0.6029119525480147,0.612983842518853,29.052000000000135,2568.813,2514.761,37.479,437.1,9618.271,5279.951,5058.409,14999.331,95.48500000000001
2025-10-14 22:34:00,10/14,학습,341.616,5.0,2999.63,14999.331,17998.961,0.6030212114486734,0.6130835342679939,29.055999999999585,2568.941,2514.885,37.477,437.174,9616.143,5283.388,5062.039,14999.331,95.55799999999999
2025-10-14 22:35:00,10/14,학습,341.617,5.0,2999.63,14999.331,17998.961,0.6031306319114135,0.6131831616598638,29.059999999999945,2569.069,2515.009,37.475,437.248,9614.114,5286.776,5065.568,14999.331,95.63099999999997
2025-10-14 22:36:00,10/14,학습,341.617,5.0,2999.631,14999.331,17998.962,0.6032349248240503,0.6132774327253692,29.063000000000102,2569.196,2515.133,37.473,437.321,9612.183,5290.116,5068.996,14999.331,95.70400000000001
2025-10-14 22:37:00,10/14,학습,341.618,5.0,2999.632,14999.332,17998.964,0.6033352727997767,0.6133675278827047,29.06600000000026,2569.322,2515.256,37.471,437.393,9610.35,5293.405,5072.322,14999.332,95.77499999999998
2025-10-14 22:38:00,10/14,학습,341.619,5.0,2999.633,14999.333,17998.966,0.6035083947693918,0.6135305702141907,29.06899999999996,2569.448,2515.379,37.47,437.465,9608.615,5296.641,5075.548,14999.333,95.84599999999995
2025-10-14 22:39:00,10/14,학습,341.619,5.0,2999.634,14999.335,17998.968999999997,0.603604924805154,0.6136164372333026,29.07199999999966,2569.573,2515.501,37.468,437.536,9606.977,5299.823,5078.671,14999.335,95.91699999999997
2025-10-14 22:40:00,10/14,학습,341.62,5.0,2999.636,14999.337,17998.972999999998,0.6036974686114275,0.6136981334977976,29.075000000000273,2569.697,2515.622,37.466,437.606,9605.437,5302.951,5081.692,14999.337,95.98599999999999
2025-10-14 22:41:00,10/14,학습,341.62,5.0,2999.638,14999.339,17998.977,0.6037912767319321,0.6137809491709907,29.078999999999724,2569.821,2515.742,37.464,437.676,9603.992,5306.021,5084.612,14999.339,96.05599999999998
2025-10-14 22:42:00,10/14,학습,341.621,5.0,2999.639,14999.342,17998.981,0.6038799554704287,0.6138584191349843,29.08199999999988,2569.944,2515.862,37.462,437.745,9602.643,5309.034,5087.429,14999.342,96.12400000000002
2025-10-14 22:43:00,10/14,학습,341.621,5.0,2999.642,14999.345,17998.987,0.6040372684728682,0.6140047579903436,29.08499999999958,2570.066,2515.981,37.461,437.813,9601.389,5311.987,5090.145,14999.345,96.19200000000001
2025-10-14 22:44:00,10/14,학습,341.621,5.0,2999.644,14999.348,17998.992,0.604117918759195,0.614073904577539,29.08699999999999,2570.186,2516.099,37.459,437.88,9600.23,5314.88,5092.759,14999.348,96.25900000000001
2025-10-14 22:45:00,10/14,학습,341.622,5.0,2999.646,14999.352,17998.998,0.6042009750857377,0.6141453519467834,29.090999999999894,2570.306,2516.215,37.457,437.947,9599.163,5317.712,5095.271,14999.352,96.32499999999999
2025-10-14 22:46:00,10/14,학습,341.622,5.0,2999.649,14999.356,17999.005,0.60427879300263,0.6142114605916071,29.09400000000005,2570.425,2516.331,37.455,438.013,9598.188,5320.481,5097.682,14999.356,96.39099999999996
2025-10-14 22:47:00,10/14,학습,341.622,5.0,2999.652,14999.361,17999.013,0.6044253199763696,0.6143464656646094,29.096000000000004,2570.542,2516.446,37.454,438.078,9597.305,5323.187,5099.993,14999.361,96.45599999999996
2025-10-14 22:48:00,10/14,학습,341.623,5.0,2999.655,14999.365,17999.02,0.604490967519485,0.6144001585930523,29.09999999999991,2570.659,2516.559,37.452,438.141,9596.511,5325.829,5102.203,14999.365,96.51800000000003
2025-10-14 22:49:00,10/14,학습,341.623,5.0,2999.658,14999.37,17999.028000000002,0.6045578117785158,0.614454979627552,29.103000000000065,2570.774,2516.671,37.45,438.204,9595.806,5328.406,5104.314,14999.37,96.58100000000002
2025-10-14 22:50:00,10/14,학습,341.623,5.0,2999.661,14999.376,17999.037,0.6046933606415169,0.6145787178746955,29.105999999999767,2570.888,2516.782,37.449,438.266,9595.188,5330.917,5106.326,14999.376,96.64300000000003
2025-10-14 22:51:00,10/14,학습,341.623,5.0,2999.665,14999.381,17999.046,0.604752015755749,0.6146252400227317,29.108000000000175,2571.0,2516.892,37.447,438.327,9594.655,5333.361,5108.24,14999.381,96.70400000000001
2025-10-14 22:52:00,10/14,학습,341.623,5.0,2999.668,14999.387,17999.055,0.6048794185559558,0.6147406919415284,29.110999999999876,2571.112,2517.001,37.446,438.387,9594.207,5335.739,5110.057,14999.387,96.76400000000001
2025-10-14 22:53:00,10/14,학습,341.623,5.0,2999.672,14999.393,17999.065,0.6049310553481928,0.6147800995328847,29.11299999999983,2571.221,2517.108,37.444,438.446,9593.841,5338.049,5111.778,14999.393,96.82300000000004
2025-10-14 22:54:00,10/14,학습,341.623,5.0,2999.676,14999.4,17999.076,0.6049797437256498,0.6148165375108166,29.116999999999734,2571.33,2517.213,37.442,438.504,9593.556,5340.291,5113.403,14999.4,96.88100000000003
2025-10-14 22:55:00,10/14,학습,341.623,5.0,2999.68,14999.406,17999.086,0.6050959760287548,0.6149207491299669,29.118999999999687,2571.437,2517.318,37.441,438.561,9593.35,5342.465,5114.935,14999.406,96.93799999999999
2025-10-14 22:56:00,10/14,학습,341.623,5.0,2999.684,14999.413,17999.097,0.6051375784465479,0.6149500824069596,29.121999999999844,2571.542,2517.42,37.439,438.617,9593.222,5344.57,5116.375,14999.413,96.99400000000003
2025-10-14 22:57:00,10/14,학습,341.623,5.0,2999.688,14999.42,17999.108,0.6052467180190509,0.6150472019712614,29.12400000000025,2571.646,2517.522,37.438,438.672,9593.168,5346.606,5117.723,14999.42,97.04900000000004
2025-10-14 22:58:00,10/14,학습,341.623,5.0,2999.692,14999.428,17999.12,0.6052800158263483,0.615068260028597,29.126000000000204,2571.748,2517.622,37.436,438.726,9593.188,5348.574,5118.982,14999.428,97.10300000000001
2025-10-14 22:59:00,10/14,학습,341.623,5.0,2999.696,14999.435,17999.131,0.6053832069144153,0.6151594706638956,29.12900000000036,2571.849,2517.72,37.435,438.779,9593.279,5350.473,5120.152,14999.435,97.156
2025-10-14 23:00:00,10/14,학습,341.623,5.0,2999.698,14999.438,17999.136,0.6053662415150324,0.6151383918834097,29.13000000000011,2571.882,2517.752,37.434,438.796,9593.324,5351.091,5120.524,14999.438,97.173
2025-10-15 15:00:00,10/15,학습,341.57,5.0,3000.0,15000.0,18000.0,0.6063760371777527,0.6158854538416734,29.220000000000255,2575.8,2521.58,37.378,440.571,9671.519,5328.481,5115.005,15000.0,99.00100000000003
2025-10-15 15:01:00,10/15,학습,341.57,5.0,3000.0,15000.0,18000.0,0.6063760371777527,0.6158854538416734,29.220000000000255,2575.8,2521.58,37.378,440.571,9671.519,5328.481,5115.005,15000.0,99.00100000000003
2025-10-15 15:02:00,10/15,학습,341.57,5.0,3000.0,15000.0,18000.0,0.6063760371777527,0.6158854538416734,29.220000000000255,2575.8,2521.58,37.378,440.571,9671.519,5328.481,5115.005,15000.0,99.00100000000003
2025-10-15 15:03:00,10/15,학습,341.57,5.0,3000.0,15000.0,18000.0,0.6063760371777527,0.6158854538416734,29.220000000000255,2575.8,2521.58,37.378,440.571,9671.519,5328.481,5115.005,15000.0,99.00100000000003
2025-10-15 15:04:00,10/15,학습,341.57,5.0,3000.0,15000.0,18000.0,0.6063760371777527,0.6158854538416734,29.220000000000255,2575.8,2521.58,37.378,440.571,9671.519,5328.481,5115.005,15000.0,99.00100000000003
2025-10-15 15:05:00,10/15,학습,341.57,5.0,3000.0,15000.0,18000.0,0.6063760371777527,0.6158854538416734,29.220000000000255,2575.8,2521.58,37.378,440.571,9671.519,5328.481,5115.005,15000.0,99.00100000000003
2025-10-15 15:06:00,10/15,학습,341.57,5.0,3000.0,15000.0,18000.0,0.6063760371777527,0.6158854538416734,29.220000000000255,2575.8,2521.58,37.378,440.571,9671.519,5328.481,5115.005,15000.0,99.00100000000003
2025-10-15 15:07:00,10/15,학습,341.57,5.0,3000.0,15000.0,18000.0,0.6063760371777527,0.6158854538416734,29.220000000000255,2575.8,2521.58,37.378,440.571,9671.519,5328.481,5115.005,15000.0,99.00100000000003
2025-10-15 15:08:00,10/15,학습,341.57,5.0,3000.0,15000.0,18000.0,0.6063760371777527,0.6158854538416734,29.220000000000255,2575.8,2521.58,37.378,440.571,9671.519,5328.481,5115.005,15000.0,99.00100000000003
2025-10-15 15:09:00,10/15,학습,341.57,5.0,3000.0,15000.0,18000.0,0.6063760371777527,0.6158854538416734,29.220000000000255,2575.8,2521.58,37.378,440.571,9671.519,5328.481,5115.005,15000.0,99.00100000000003
2025-10-15 15:10:00,10/15,학습,341.57,5.0,3000.0,15000.0,18000.0,0.6063760371777527,0.6158854538416734,29.220000000000255,2575.8,2521.58,37.378,440.571,9671.519,5328.481,5115.005,15000.0,99.00100000000003
2025-10-15 15:11:00,10/15,학습,341.57,5.0,3000.0,15000.0,18000.0,0.6063760371777527,0.6158854538416734,29.220000000000255,2575.8,2521.58,37.378,440.571,9671.519,5328.481,5115.005,15000.0,99.00100000000003
2025-10-15 15:12:00,10/15,학습,341.57,5.0,3000.0,15000.0,18000.0,0.6063760371777527,0.6158854538416734,29.220000000000255,2575.8,2521.58,37.378,440.571,9671.519,5328.481,5115.005,15000.0,99.00100000000003
2025-10-15 15:13:00,10/15,학습,341.57,5.0,3000.0,15000.0,18000.0,0.6063760371777527,0.6158854538416734,29.220000000000255,2575.8,2521.58,37.378,440.571,9671.519,5328.481,5115.005,15000.0,99.00100000000003
2025-10-15 15:14:00,10/15,학습,341.57,5.0,3000.0,15000.0,18000.0,0.6063760371777527,0.6158854538416734,29.220000000000255,2575.8,2521.58,37.378,440.571,9671.519,5328.481,5115.005,15000.0,99.00100000000003
2025-10-15 15:15:00,10/15,학습,341.57,5.0,3000.0,15000.0,18000.0,0.6063760371777527,0.6158854538416734,29.220000000000255,2575.8,2521.58,37.378,440.571,9671.519,5328.481,5115.005,15000.0,99.00100000000003
2025-10-15 15:16:00,10/15,학습,341.57,5.0,3000.0,15000.0,18000.0,0.6063760371777527,0.6158854538416734,29.220000000000255,2575.8,2521.58,37.378,440.571,9671.519,5328.481,5115.005,15000.0,99.00100000000003
2025-10-15 15:17:00,10/15,학습,341.57,5.0,3000.0,15000.0,18000.0,0.6063760371777527,0.6158854538416734,29.220000000000255,2575.8,2521.58,37.378,440.571,9671.519,5328.481,5115.005,15000.0,99.00100000000003
2025-10-15 15:18:00,10/15,학습,341.57,5.0,3000.0,15000.0,18000.0,0.6063760371777527,0.6158854538416734,29.220000000000255,2575.8,2521.58,37.378,440.571,9671.519,5328.481,5115.005,15000.0,99.00100000000003
2025-10-15 15:19:00,10/15,학습,341.57,5.0,3000.0,15000.0,18000.0,0.6063760371777527,0.6158854538416734,29.220000000000255,2575.8,2521.58,37.378,440.571,9671.519,5328.481,5115.005,15000.0,99.00100000000003
2025-10-15 15:20:00,10/15,학습,341.57,5.0,3000.0,15000.0,18000.0,0.6063760371777527,0.6158854538416734,29.220000000000255,2575.8,2521.58,37.378,440.571,9671.519,5328.481,5115.005,15000.0,99.00100000000003
2025-10-15 15:21:00,10/15,학습,341.57,5.0,3000.0,15000.0,18000.0,0.6063760371777527,0.6158854538416734,29.220000000000255,2575.8,2521.58,37.378,440.571,9671.519,5328.481,5115.005,15000.0,99.00100000000003
2025-10-15 15:22:00,10/15,학습,341.57,5.0,3000.0,15000.0,18000.0,0.6063760371777527,0.6158854538416734,29.220000000000255,2575.8,2521.58,37.378,440.571,9671.519,5328.481,5115.005,15000.0,99.00100000000003
2025-10-15 15:23:00,10/15,학습,341.57,5.0,3000.0,15000.0,18000.0,0.6063760371777527,0.6158854538416734,29.220000000000255,2575.8,2521.58,37.378,440.571,9671.519,5328.481,5115.005,15000.0,99.00100000000003
2025-10-15 15:24:00,10/15,학습,341.57,5.0,3000.0,15000.0,18000.0,0.6063760371777527,0.6158854538416734,29.220000000000255,2575.8,2521.58,37.378,440.571,9671.519,5328.481,5115.005,15000.0,99.00100000000003
2025-10-15 15:25:00,10/15,학습,341.57,5.0,3000.0,15000.0,18000.0,0.6063760371777527,0.6158854538416734,29.220000000000255,2575.8,2521.58,37.378,440.571,9671.519,5328.481,5115.005,15000.0,99.00100000000003
2025-10-15 15:26:00,10/15,학습,341.57,5.0,3000.0,15000.0,18000.0,0.6063760371777527,0.6158854538416734,29.220000000000255,2575.8,2521.58,37.378,440.571,9671.519,5328.481,5115.005,15000.0,99.00100000000003
2025-10-15 15:27:00,10/15,학습,341.57,5.0,3000.0,15000.0,18000.0,0.6063760371777527,0.6158854538416734,29.220000000000255,2575.8,2521.58,37.378,440.571,9671.519,5328.481,5115.005,15000.0,99.00100000000003
2025-10-15 15:28:00,10/15,학습,341.57,5.0,3000.0,15000.0,18000.0,0.6063760371777527,0.6158854538416734,29.220000000000255,2575.8,2521.58,37.378,440.571,9671.519,5328.481,5115.005,15000.0,99.00100000000003
2025-10-15 15:29:00,10/15,학습,341.57,5.0,3000.0,15000.0,18000.0,0.6063760371777527,0.6158854538416734,29.220000000000255,2575.8,2521.58,37.378,440.571,9671.519,5328.481,5115.005,15000.0,99.00100000000003
2025-10-15 15:30:00,10/15,학습,341.57,5.0,3000.0,15000.0,18000.0,0.6063760371777527,0.6158854538416734,29.220000000000255,2575.8,2521.58,37.378,440.571,9671.519,5328.481,5115.005,15000.0,99.00100000000003
2025-10-15 15:31:00,10/15,학습,341.57,5.0,3000.0,15000.0,18000.0,0.6063760371777527,0.6158854538416734,29.220000000000255,2575.8,2521.58,37.378,440.571,9671.519,5328.481,5115.005,15000.0,99.00100000000003
2025-10-15 15:32:00,10/15,학습,341.57,5.0,3000.0,15000.0,18000.0,0.6063760371777527,0.6158854538416734,29.220000000000255,2575.8,2521.58,37.378,440.571,9671.519,5328.481,5115.005,15000.0,99.00100000000003
2025-10-15 15:33:00,10/15,학습,341.57,5.0,3000.0,15000.0,18000.0,0.6063760371777527,0.6158854538416734,29.220000000000255,2575.8,2521.58,37.378,440.571,9671.519,5328.481,5115.005,15000.0,99.00100000000003
2025-10-15 15:34:00,10/15,학습,341.57,5.0,3000.0,15000.0,18000.0,0.6063760371777527,0.6158854538416734,29.220000000000255,2575.8,2521.58,37.378,440.571,9671.519,5328.481,5115.005,15000.0,99.00100000000003
2025-10-15 15:35:00,10/15,학습,341.57,5.0,3000.0,15000.0,18000.0,0.6063760371777527,0.6158854538416734,29.220000000000255,2575.8,2521.58,37.378,440.571,9671.519,5328.481,5115.005,15000.0,99.00100000000003
2025-10-15 15:36:00,10/15,학습,341.57,5.0,3000.0,15000.0,18000.0,0.6063760371777527,0.6158854538416734,29.220000000000255,2575.8,2521.58,37.378,440.571,9671.519,5328.481,5115.005,15000.0,99.00100000000003
2025-10-15 15:37:00,10/15,학습,341.57,5.0,3000.0,15000.0,18000.0,0.6063760371777527,0.6158854538416734,29.220000000000255,2575.8,2521.58,37.378,440.571,9671.519,5328.481,5115.005,15000.0,99.00100000000003
2025-10-15 15:38:00,10/15,학습,341.57,5.0,3000.0,15000.0,18000.0,0.6063760371777527,0.6158854538416734,29.220000000000255,2575.8,2521.58,37.378,440.571,9671.519,5328.481,5115.005,15000.0,99.00100000000003
2025-10-15 15:39:00,10/15,학습,341.57,5.0,3000.0,15000.0,18000.0,0.6063760371777527,0.6158854538416734,29.220000000000255,2575.8,2521.58,37.378,440.571,9671.519,5328.481,5115.005,15000.0,99.00100000000003
2025-10-15 15:40:00,10/15,학습,341.57,5.0,3000.0,15000.0,18000.0,0.6063760371777527,0.6158854538416734,29.220000000000255,2575.8,2521.58,37.378,440.571,9671.519,5328.481,5115.005,15000.0,99.00100000000003
2025-10-15 15:41:00,10/15,학습,341.57,5.0,3000.0,15000.0,18000.0,0.6063760371777527,0.6158854538416734,29.220000000000255,2575.8,2521.58,37.378,440.571,9671.519,5328.481,5115.005,15000.0,99.00100000000003
2025-10-15 15:42:00,10/15,학습,341.57,5.0,3000.0,15000.0,18000.0,0.6063760371777527,0.6158854538416734,29.220000000000255,2575.8,2521.58,37.378,440.571,9671.519,5328.481,5115.005,15000.0,99.00100000000003
2025-10-15 15:43:00,10/15,학습,341.57,5.0,3000.0,15000.0,18000.0,0.6063760371777527,0.6158854538416734,29.220000000000255,2575.8,2521.58,37.378,440.571,9671.519,5328.481,5115.005,15000.0,99.00100000000003
2025-10-15 15:44:00,10/15,학습,341.57,5.0,3000.0,15000.0,18000.0,0.6063760371777527,0.6158854538416734,29.220000000000255,2575.8,2521.58,37.378,440.571,9671.519,5328.481,5115.005,15000.0,99.00100000000003
2025-10-15 15:45:00,10/15,학습,341.57,5.0,3000.0,15000.0,18000.0,0.6063760371777527,0.6158854538416734,29.220000000000255,2575.8,2521.58,37.378,440.571,9671.519,5328.481,5115.005,15000.0,99.00100000000003
2025-10-15 15:46:00,10/15,학습,341.57,5.0,3000.0,15000.0,18000.0,0.6063760371777527,0.6158854538416734,29.220000000000255,2575.8,2521.58,37.378,440.571,9671.519,5328.481,5115.005,15000.0,99.00100000000003
2025-10-15 15:47:00,10/15,학습,341.57,5.0,3000.0,15000.0,18000.0,0.6063760371777527,0.6158854538416734,29.220000000000255,2575.8,2521.58,37.378,440.571,9671.519,5328.481,5115.005,15000.0,99.00100000000003
2025-10-15 15:48:00,10/15,학습,341.57,5.0,3000.0,15000.0,18000.0,0.6063760371777527,0.6158854538416734,29.220000000000255,2575.8,2521.58,37.378,440.571,9671.519,5328.481,5115.005,15000.0,99.00100000000003
2025-10-15 15:49:00,10/15,학습,341.57,5.0,3000.0,15000.0,18000.0,0.6063760371777527,0.6158854538416734,29.220000000000255,2575.8,2521.58,37.378,440.571,9671.519,5328.481,5115.005,15000.0,99.00100000000003
2025-10-15 15:50:00,10/15,학습,341.57,5.0,3000.0,15000.0,18000.0,0.6063760371777527,0.6158854538416734,29.220000000000255,2575.8,2521.58,37.378,440.571,9671.519,5328.481,5115.005,15000.0,99.00100000000003
2025-10-15 15:51:00,10/15,학습,341.57,5.0,3000.0,15000.0,18000.0,0.6063760371777527,0.6158854538416734,29.220000000000255,2575.8,2521.58,37.378,440.571,9671.519,5328.481,5115.005,15000.0,99.00100000000003
2025-10-15 15:52:00,10/15,학습,341.57,5.0,3000.0,15000.0,18000.0,0.6063760371777527,0.6158854538416734,29.220000000000255,2575.8,2521.58,37.378,440.571,9671.519,5328.481,5115.005,15000.0,99.00100000000003
2025-10-15 15:53:00,10/15,학습,341.57,5.0,3000.0,15000.0,18000.0,0.6063760371777527,0.6158854538416734,29.220000000000255,2575.8,2521.58,37.378,440.571,9671.519,5328.481,5115.005,15000.0,99.00100000000003
2025-10-15 15:54:00,10/15,학습,341.57,5.0,3000.0,15000.0,18000.0,0.6063760371777527,0.6158854538416734,29.220000000000255,2575.8,2521.58,37.378,440.571,9671.519,5328.481,5115.005,15000.0,99.00100000000003
2025-10-15 15:55:00,10/15,학습,341.57,5.0,3000.0,15000.0,18000.0,0.6063760371777527,0.6158854538416734,29.220000000000255,2575.8,2521.58,37.378,440.571,9671.519,5328.481,5115.005,15000.0,99.00100000000003
2025-10-15 15:56:00,10/15,학습,341.57,5.0,3000.0,15000.0,18000.0,0.6063760371777527,0.6158854538416734,29.220000000000255,2575.8,2521.58,37.378,440.571,9671.519,5328.481,5115.005,15000.0,99.00100000000003
2025-10-15 15:57:00,10/15,학습,341.57,5.0,3000.0,15000.0,18000.0,0.6063760371777527,0.6158854538416734,29.220000000000255,2575.8,2521.58,37.378,440.571,9671.519,5328.481,5115.005,15000.0,99.00100000000003
2025-10-15 15:58:00,10/15,학습,341.57,5.0,3000.0,15000.0,18000.0,0.6063760371777527,0.6158854538416734,29.220000000000255,2575.8,2521.58,37.378,440.571,9671.519,5328.481,5115.005,15000.0,99.00100000000003
2025-10-15 15:59:00,10/15,학습,341.57,5.0,3000.0,15000.0,18000.0,0.6063760371777527,0.6158854538416734,29.220000000000255,2575.8,2521.58,37.378,440.571,9671.519,5328.481,5115.005,15000.0,99.00100000000003
2025-10-15 16:00:00,10/15,학습,341.583,5.004,2997.841,15002.256,18000.096999999998,0.6064039463010086,0.6159306499243371,29.213999999999942,2575.615,2521.401,37.375,440.567,9670.948,5328.511,5114.998,15002.256,98.98399999999998
2025-10-15 16:01:00,10/15,학습,341.629,5.016,2991.837,15005.631,17997.468,0.6063218969857043,0.6159314183610156,29.192999999999756,2574.823,2520.63,37.363,440.519,9665.671,5328.753,5113.802,15005.631,98.88999999999999
2025-10-15 16:02:00,10/15,학습,341.69,5.029,2984.109,15007.653,17991.762,0.6061397326876391,0.6158203637307658,29.161999999999807,2573.586,2519.424,37.348,440.391,9656.288,5329.356,5109.568,15007.653,98.70100000000002
2025-10-15 16:03:00,10/15,학습,341.755,5.044,2975.44,15008.589,17984.029,0.6060193945275761,0.6157811877304076,29.128999999999905,2572.076,2517.947,37.331,440.237,9646.36,5330.337,5102.307,15008.589,98.48200000000003
2025-10-15 16:04:00,10/15,학습,341.821,5.06,2966.195,15008.737,17974.932,0.6061376873515908,0.6159699826819443,29.090999999999894,2570.429,2516.338,37.313,440.107,9638.291,5331.628,5092.45,15008.737,98.286
2025-10-15 16:05:00,10/15,학습,341.883,5.076,2956.618,15008.482,17965.1,0.6063321470130791,0.6161984158022145,29.050000000000182,2568.737,2514.687,37.294,439.989,9634.804,5333.079,5081.221,15008.482,98.106
2025-10-15 16:06:00,10/15,학습,341.941,5.093,2946.892,15008.077,17954.968999999997,0.6064175849376934,0.6162962444061666,29.009000000000015,2567.045,2513.036,37.274,439.857,9637.713,5334.477,5070.019,15008.077,97.91600000000005
2025-10-15 16:07:00,10/15,학습,341.992,5.11,2937.125,15007.626,17944.751,0.6063943091778218,0.6162488416133776,28.966999999999643,2565.374,2511.407,37.254,439.703,9647.148,5335.588,5059.485,15007.626,97.71099999999996
2025-10-15 16:08:00,10/15,학습,342.037,5.126,2927.377,15007.185,17934.561999999998,0.6062745305778683,0.6160575435002011,28.923999999999978,2563.733,2509.809,37.235,439.519,9662.291,5336.205,5049.569,15007.185,97.48200000000003
2025-10-15 16:09:00,10/15,학습,342.077,5.143,2917.682,15006.784,17924.466,0.6059510873091432,0.6156614462559327,28.880999999999858,2562.123,2508.242,37.216,439.301,9681.947,5336.164,5039.89,15006.784,97.22399999999999
2025-10-15 16:10:00,10/15,학습,342.112,5.16,2908.06,15006.43,17914.49,0.6054104141253785,0.6150379038842193,28.838999999999942,2560.542,2506.703,37.197,439.048,9704.736,5335.356,5029.915,15006.43,96.93599999999998
2025-10-15 16:11:00,10/15,학습,342.143,5.177,2898.514,15006.12,17904.634000000002,0.6047390478417628,0.6142817931698765,28.79599999999982,2558.984,2505.188,37.179,438.763,9729.308,5333.722,5019.08,15006.12,96.62
2025-10-15 16:12:00,10/15,학습,342.17,5.194,2889.046,15005.846,17894.892,0.6038706336268912,0.6133337858586005,28.75400000000036,2557.445,2503.691,37.161,438.448,9754.517,5331.249,5006.913,15005.846,96.27799999999996
2025-10-15 16:13:00,10/15,학습,342.194,5.211,2879.654,15005.602,17885.256,0.6028337009171025,0.6122271890562698,28.710999999999785,2555.921,2502.21,37.143,438.109,9779.495,5327.962,4993.087,15005.602,95.91499999999996
2025-10-15 16:14:00,10/15,학습,342.215,5.228,2870.334,15005.382,17875.716,0.601722499212929,0.6110585615167599,28.66899999999987,2554.41,2500.741,37.126,437.749,9803.655,5323.909,4977.431,15005.382,95.53400000000005
2025-10-15 16:15:00,10/15,학습,342.234,5.245,2861.083,15005.181,17866.264,0.6004034251426811,0.6096964297392482,28.626999999999953,2552.91,2499.283,37.108,437.372,9826.67,5319.152,4959.914,15005.181,95.13800000000003
2025-10-15 16:16:00,10/15,학습,342.251,5.261,2851.898,15004.996,17856.894,0.5990550881762313,0.6083011127927085,28.585000000000036,2551.419,2497.834,37.091,436.982,9848.433,5313.759,4940.62,15004.996,94.73100000000005
2025-10-15 16:17:00,10/15,학습,342.267,5.278,2842.778,15004.823,17847.601,0.5976908726218846,0.6069190351897404,28.54399999999987,2549.937,2496.393,37.075,436.581,9868.995,5307.796,4919.71,15004.823,94.31400000000002
2025-10-15 16:18:00,10/15,학습,342.281,5.295,2833.721,15004.66,17838.381,0.5961718474004336,0.6053939358610863,28.501999999999953,2548.462,2494.96,37.058,436.172,9888.517,5301.323,4897.397,15004.66,93.89100000000002
2025-10-15 16:19:00,10/15,학습,342.293,5.312,2824.724,15004.507,17829.231,0.5946642759913108,0.6038887822274916,28.46100000000024,2546.994,2493.533,37.042,435.756,9907.223,5294.392,4873.914,15004.507,93.46299999999997
2025-10-15 16:20:00,10/15,학습,342.304,5.329,2815.787,15004.362,17820.148999999998,0.5930145655396296,0.6022500748636097,28.420000000000073,2545.534,2492.114,37.025,435.334,9925.358,5287.044,4849.494,15004.362,93.03000000000003
2025-10-15 16:21:00,10/15,학습,342.314,5.345,2806.909,15004.225,17811.134000000002,0.5913959824568947,0.6006321786615487,28.378999999999905,2544.08,2490.701,37.009,434.908,9943.164,5279.31,4824.358,15004.225,92.594
2025-10-15 16:22:00,10/15,학습,342.322,5.362,2798.089,15004.094,17802.182999999997,0.5897347848927427,0.5989923198901976,28.337999999999738,2542.633,2489.295,36.993,434.479,9960.858,5271.212,4798.701,15004.094,92.15699999999998
2025-10-15 16:23:00,10/15,학습,342.33,5.379,2789.327,15003.97,17793.297,0.5881131671084794,0.5973948955599877,28.29800000000023,2541.193,2487.895,36.978,434.047,9978.619,5262.764,4772.691,15003.97,91.71700000000004
2025-10-15 16:24:00,10/15,학습,342.336,5.396,2780.621,15003.851,17784.472,0.5863756704494841,0.595685788571898,28.258000000000266,2539.76,2486.502,36.962,433.613,9996.586,5253.973,4746.464,15003.851,91.27699999999999
2025-10-15 16:25:00,10/15,학습,342.342,5.413,2771.971,15003.738,17775.709,0.5846905088090716,0.5940305554127456,28.21900000000005,2538.334,2485.115,36.947,433.178,10014.856,5244.844,4720.129,15003.738,90.83600000000001
2025-10-15 16:26:00,10/15,학습,342.346,5.429,2763.376,15003.63,17767.006,0.5828948017474271,0.5922543578813737,28.179000000000087,2536.914,2483.735,36.931,432.742,10033.485,5235.377,4693.769,15003.63,90.39600000000002
2025-10-15 16:27:00,10/15,학습,342.35,5.446,2754.836,15003.527,17758.363,0.5811564856759603,0.5905510398844149,28.139000000000124,2535.501,2482.362,36.916,432.306,10052.496,5225.571,4667.445,15003.527,89.95599999999996
2025-10-15 16:28:00,10/15,학습,342.353,5.463,2746.35,15003.429,17749.779,0.5793896996904783,0.5888276406347983,28.09999999999991,2534.095,2480.995,36.901,431.87,10070.288,5215.435,4641.195,15003.429,89.517
2025-10-15 16:29:00,10/15,학습,342.355,5.48,2737.919,15003.335,17741.254,0.5775458849725004,0.5870840539611188,28.06100000000015,2532.695,2479.634,36.886,431.434,10073.272,5205.307,4615.061,15003.335,89.07900000000001
2025-10-15 16:30:00,10/15,학습,342.357,5.497,2729.541,15003.246,17732.787,0.5756877028287702,0.5853273182670109,28.02200000000039,2531.3,2478.278,36.871,430.999,10075.231,5195.452,4589.161,15003.246,88.642
2025-10-15 16:31:00,10/15,학습,342.358,5.513,2721.215,15003.159,17724.374,0.5739023662746424,0.5836263605575123,27.984999999999673,2529.912,2476.927,36.857,430.565,10077.401,5185.864,4563.429,15003.159,88.207
2025-10-15 16:32:00,10/15,학습,342.358,5.53,2712.941,15003.076,17716.017,0.5720278626876472,0.5818470759669876,27.945999999999913,2528.529,2475.583,36.842,430.133,10079.785,5176.526,4537.817,15003.076,87.77499999999998
2025-10-15 16:33:00,10/15,학습,342.358,5.547,2704.718,15002.996,17707.714,0.5702263092619237,0.5801366078139287,27.90899999999965,2527.153,2474.244,36.828,429.702,10082.386,5167.422,4512.318,15002.996,87.344
2025-10-15 16:34:00,10/15,학습,342.358,5.564,2696.546,15002.918,17699.464,0.5684121435288247,0.5784108137051316,27.870000000000346,2525.782,2472.912,36.814,429.272,10085.207,5158.536,4486.933,15002.918,86.91399999999999
2025-10-15 16:35:00,10/15,학습,342.357,5.581,2688.424,15002.844,17691.268,0.5665102120269784,0.5765956816887507,27.833999999999833,2524.419,2471.585,36.799,428.844,10088.248,5149.853,4461.661,15002.844,86.48699999999997
2025-10-15 16:36:00,10/15,학습,342.355,5.597,2680.352,15002.773,17683.125,0.5646847363279022,0.5748424110410855,27.796000000000276,2523.061,2470.265,36.785,428.418,10091.509,5141.358,4436.499,15002.773,86.06299999999999
2025-10-15 16:37:00,10/15,학습,342.353,5.614,2672.33,15002.705,17675.035,0.562939046080691,0.5731768737976739,27.76000000000022,2521.71,2468.95,36.772,427.994,10094.992,5133.037,4411.444,15002.705,85.64100000000002
2025-10-15 16:38:00,10/15,학습,342.351,5.631,2664.356,15002.64,17666.996,0.5611096729269258,0.571426504345462,27.722999999999956,2520.364,2467.641,36.758,427.573,10098.694,5124.877,4386.494,15002.64,85.22199999999998
2025-10-15 16:39:00,10/15,학습,342.348,5.648,2656.431,15002.578,17659.009,0.5592682324364413,0.5696621661145325,27.686999999999898,2519.025,2466.338,36.744,427.153,10102.615,5116.865,4361.648,15002.578,84.805
2025-10-15 16:40:00,10/15,학습,342.346,5.664,2648.554,15002.518,17651.072,0.5575117541194557,0.5679699865702621,27.649999999999636,2517.691,2465.041,36.731,426.736,10106.753,5108.988,4336.909,15002.518,84.38999999999999
2025-10-15 16:41:00,10/15,학습,342.343,5.681,2640.725,15002.46,17643.184999999998,0.5556732916678995,0.5662052436100073,27.61499999999978,2516.363,2463.748,36.717,426.322,10111.105,5101.235,4312.28,15002.46,83.97899999999998
2025-10-15 16:42:00,10/15,학습,342.339,5.698,2632.943,15002.404,17635.347,0.5539126838065034,0.5645158320069918,27.577999999999975,2515.04,2462.462,36.704,425.91,10115.671,5093.593,4287.766,15002.404,83.57100000000003
2025-10-15 16:43:00,10/15,학습,342.336,5.715,2625.208,15002.351,17627.559,0.5521613987392279,0.5628341931487895,27.54300000000012,2513.723,2461.18,36.691,425.502,10120.446,5086.052,4263.373,15002.351,83.166
2025-10-15 16:44:00,10/15,학습,342.332,5.731,2617.519,15002.299,17619.818,0.550404291854478,0.5611367039267521,27.50799999999981,2512.412,2459.904,36.678,425.096,10125.426,5078.601,4239.109,15002.299,82.76400000000001
2025-10-15 16:45:00,10/15,학습,342.328,5.748,2609.875,15002.25,17612.125,0.548648919001497,0.5594487644194153,27.47300000000041,2511.106,2458.633,36.665,424.693,10130.609,5071.231,4214.981,15002.25,82.36500000000001
2025-10-15 16:46:00,10/15,학습,342.324,5.765,2602.277,15002.202,17604.479,0.546896647800501,0.557762822512492,27.43899999999985,2509.805,2457.366,36.652,424.293,10135.989,5063.932,4190.998,15002.202,81.969
2025-10-15 16:47:00,10/15,학습,342.32,5.782,2594.724,15002.156,17596.88,0.5452314866651422,0.5561620657136519,27.4050000000002,2508.51,2456.105,36.64,423.896,10141.562,5056.694,4167.166,15002.156,81.57600000000002
2025-10-15 16:48:00,10/15,학습,342.316,5.799,2587.215,15002.111,17589.326,0.543481521612939,0.5544765768767916,27.36999999999989,2507.219,2454.849,36.627,423.502,10147.324,5049.51,4143.492,15002.111,81.18600000000004
2025-10-15 16:49:00,10/15,학습,342.312,5.815,2579.751,15002.068,17581.819,0.541820609514422,0.5528709693844518,27.33600000000024,2505.934,2453.598,36.615,423.111,10153.27,5042.371,4119.982,15002.068,80.79899999999998
2025-10-15 16:50:00,10/15,학습,342.307,5.832,2572.33,15002.027,17574.357,0.5400821505197886,0.551195706124384,27.302999999999884,2504.654,2452.351,36.602,422.724,10159.394,5035.269,4096.642,15002.027,80.41699999999997
2025-10-15 16:51:00,10/15,학습,342.302,5.849,2564.952,15001.987,17566.939,0.5384256080010749,0.5496008848385066,27.26800000000003,2503.378,2451.11,36.59,422.339,10165.692,5028.198,4073.475,15001.987,80.03699999999998
2025-10-15 16:52:00,10/15,학습,342.298,5.866,2557.618,15001.948,17559.566,0.5367728266250281,0.5480093078352033,27.235000000000127,2502.108,2449.873,36.578,421.957,10172.159,5021.15,4050.487,15001.948,79.65899999999999
2025-10-15 16:53:00,10/15,학습,342.293,5.882,2550.325,15001.91,17552.235,0.5351302974356488,0.5464209968195601,27.202000000000226,2500.842,2448.64,36.566,421.579,10178.79,5014.119,4027.679,15001.91,79.286
2025-10-15 16:54:00,10/15,학습,342.288,5.899,2543.075,15001.874,17544.949,0.5334838165895047,0.5448351339977764,27.170000000000073,2499.582,2447.412,36.554,421.203,10185.579,5007.099,4005.056,15001.874,78.91499999999996
2025-10-15 16:55:00,10/15,학습,342.284,5.916,2535.867,15001.839,17537.706,0.5318398280490552,0.5432514577710905,27.13700000000017,2498.326,2446.189,36.542,420.83,10192.523,5000.084,3982.618,15001.839,78.54599999999999
2025-10-15 16:56:00,10/15,학습,342.279,5.933,2528.699,15001.804,17530.503,0.530295548121988,0.5417661860444649,27.10400000000027,2497.074,2444.97,36.531,420.461,10199.616,4993.069,3960.367,15001.804,78.18200000000002
2025-10-15 16:57:00,10/15,학습,342.274,5.949,2521.573,15001.771,17523.344,0.5286584699977158,0.540183473520427,27.072000000000116,2495.828,2443.756,36.519,420.094,10206.854,4986.049,3938.304,15001.771,77.82
2025-10-15 16:58:00,10/15,학습,342.269,5.966,2514.488,15001.739,17516.227,0.5271218129871197,0.538705706981716,27.039999999999964,2494.586,2442.546,36.508,419.731,10214.233,4979.019,3916.431,15001.739,77.46199999999999
2025-10-15 16:59:00,10/15,학습,342.264,5.983,2507.442,15001.708,17509.15,0.525491931362463,0.5371356520944124,27.007000000000062,2493.348,2441.341,36.496,419.37,10221.749,4971.975,3894.747,15001.708,77.106
2025-10-15 17:00:00,10/15,학습,342.239,5.994,2502.464,15000.931,17503.395,0.5239412238844925,0.5356287932600992,26.983999999999924,2492.389,2440.405,36.489,419.016,10229.396,4964.903,3873.192,15000.931,76.77700000000004
2025-10-15 17:01:00,10/15,학습,342.172,5.998,2500.745,15000.157,17500.902,0.5225591937078565,0.5342774176995182,26.97499999999991,2492.139,2440.164,36.493,418.696,10237.134,4957.779,3852.744,15000.157,76.524
2025-10-15 17:02:00,10/15,학습,342.103,6.0,2500.121,14999.88,17500.001,0.5209378894362691,0.5326871702521456,26.971000000000004,2492.19,2440.219,36.496,418.421,10244.872,4950.615,3835.204,14999.88,76.31799999999998
2025-10-15 17:03:00,10/15,학습,342.042,6.0,2499.94,14999.87,17499.81,0.519178030273771,0.5309538439196786,26.965000000000146,2492.302,2440.337,36.5,418.126,10252.556,4943.427,3820.136,14999.87,76.084
2025-10-15 17:04:00,10/15,학습,341.991,6.0,2499.953,14999.975,17499.928,0.5172786846325093,0.5290838157803324,26.962999999999738,2492.354,2440.391,36.504,417.796,10260.192,4936.222,3806.425,14999.975,75.805
2025-10-15 17:05:00,10/15,학습,341.948,6.0,2500.015,15000.063,17500.078,0.5154430087007483,0.5272770392521315,26.96100000000024,2492.331,2440.37,36.507,417.473,10267.837,4929.001,3792.601,15000.063,75.52500000000003
2025-10-15 17:06:00,10/15,학습,341.913,6.0,2500.06,15000.104,17500.164,0.5139297494282907,0.5257890584820988,26.958999999999833,2492.267,2440.308,36.51,417.19,10275.588,4921.763,3777.71,15000.104,75.27699999999999
2025-10-15 17:07:00,10/15,학습,341.882,6.0,2500.08,15000.115,17500.195,0.5126424591818888,0.5245245161429062,26.95600000000013,2492.188,2440.232,36.512,416.952,10283.537,4914.502,3761.837,15000.115,75.07
2025-10-15 17:08:00,10/15,학습,341.856,6.0,2500.083,15000.109,17500.192,0.5115279993492239,0.5234309434341236,26.954999999999927,2492.111,2440.156,36.513,416.754,10291.748,4907.211,3745.65,15000.109,74.89800000000002
2025-10-15 17:09:00,10/15,학습,341.833,6.0,2500.077,15000.097,17500.174,0.5106323578922264,0.5225538663112643,26.953999999999724,2492.042,2440.088,36.514,416.591,10300.248,4899.884,3729.884,15000.097,74.75799999999998
2025-10-15 17:10:00,10/15,학습,341.812,6.0,2500.067,15000.084,17500.151,0.5098933484881193,0.521831822455634,26.95199999999977,2491.982,2440.03,36.515,416.454,10309.029,4892.514,3715.117,15000.084,74.642
2025-10-15 17:11:00,10/15,학습,341.793,6.0,2500.058,15000.074,17500.132,0.5091824166461517,0.5211377379229529,26.950999999999567,2491.932,2439.981,36.515,416.337,10318.063,4885.096,3701.71,15000.074,74.54399999999998
2025-10-15 17:12:00,10/15,학습,341.776,6.0,2500.051,15000.066,17500.117000000002,0.5086586362725097,0.5206288585289216,26.94900000000007,2491.887,2439.938,36.516,416.236,10327.307,4877.624,3689.821,15000.066,74.45999999999998
2025-10-15 17:13:00,10/15,학습,341.76,6.0,2500.045,15000.061,17500.106,0.5081160650487457,0.5201016007535961,26.947999999999865,2491.848,2439.9,36.516,416.147,10336.714,4870.095,3679.455,15000.061,74.387
2025-10-15 17:14:00,10/15,학습,341.745,6.0,2500.041,15000.057,17500.098,0.5077189171691868,0.5197182480514999,26.947000000000116,2491.812,2439.865,36.517,416.067,10346.238,4862.507,3670.517,15000.057,74.322
2025-10-15 17:15:00,10/15,학습,341.732,6.0,2500.038,15000.054,17500.092,0.5072861611884786,0.5192998738325041,26.945999999999913,2491.779,2439.833,36.517,415.996,10355.836,4854.859,3662.861,15000.054,74.26399999999995
2025-10-15 17:16:00,10/15,학습,341.719,6.0,2500.036,15000.052,17500.088,0.506889981818593,0.518917797927388,26.945000000000164,2491.748,2439.803,36.517,415.931,10365.473,4847.151,3656.316,15000.052,74.21199999999999
2025-10-15 17:17:00,10/15,학습,341.708,6.0,2500.034,15000.05,17500.084,0.5066291333109791,0.518669554134628,26.945000000000164,2491.719,2439.774,36.518,415.873,10375.118,4839.384,3650.71,15000.05,74.16499999999996
2025-10-15 17:18:00,10/15,학습,341.697,6.0,2500.032,15000.048,17500.08,0.5062996230458965,0.5183535927178033,26.942999999999756,2491.691,2439.748,36.518,415.819,10384.748,4831.559,3645.878,15000.048,74.12200000000001
2025-10-15 17:19:00,10/15,학습,341.687,6.0,2500.03,15000.046,17500.076,0.5060097668060461,0.5180769042509601,26.942999999999756,2491.665,2439.722,36.518,415.771,10394.345,4823.679,3641.674,15000.046,74.084
2025-10-15 17:20:00,10/15,학습,341.678,6.0,2500.029,15000.045,17500.074,0.5057433753047087,0.5178234785668596,26.942000000000007,2491.64,2439.698,36.518,415.727,10403.894,4815.746,3637.967,15000.045,74.04899999999998
2025-10-15 17:21:00,10/15,학습,341.669,6.0,2500.028,15000.044,17500.072,0.5054953146975234,0.5175882275390309,26.940999999999804,2491.616,2439.675,36.518,415.686,10413.387,4807.765,3634.649,15000.044,74.017
2025-10-15 17:22:00,10/15,학습,341.661,6.0,2500.027,15000.044,17500.071,0.5053629023156442,0.5174672314108886,26.940000000000055,2491.593,2439.653,36.519,415.649,10422.816,4799.738,3631.631,15000.044,73.988
2025-10-15 17:23:00,10/15,학습,341.654,6.0,2500.027,15000.043,17500.07,0.5051530509337181,0.5172698124731718,26.939000000000306,2491.57,2439.631,36.519,415.614,10432.176,4791.668,3628.841,15000.043,73.95999999999998
2025-10-15 17:24:00,10/15,학습,341.647,6.0,2500.026,15000.043,17500.069,0.504969708705425,0.5170986040831709,26.93899999999985,2491.548,2439.609,36.519,415.583,10441.463,4783.56,3626.227,15000.043,73.93600000000004
2025-10-15 17:25:00,10/15,학습,341.641,6.0,2500.026,15000.043,17500.069,0.5047996076165464,0.5169404960429034,26.93899999999985,2491.526,2439.587,36.519,415.554,10450.675,4775.417,3623.75,15000.043,73.91299999999995
2025-10-15 17:26:00,10/15,학습,341.635,6.0,2500.026,15000.043,17500.069,0.5047319679157984,0.5168835544474901,26.938000000000102,2491.504,2439.566,36.52,415.527,10459.809,4767.242,3621.383,15000.043,73.892
2025-10-15 17:27:00,10/15,학습,341.629,6.0,2500.026,15000.044,17500.07,0.504588394108571,0.5167516588678942,26.938000000000102,2491.482,2439.544,36.52,415.502,10468.864,4759.041,3619.109,15000.044,73.87299999999999
2025-10-15 17:28:00,10/15,학습,341.624,6.0,2500.026,15000.044,17500.07,0.504456617804171,0.5166314140774291,26.935999999999694,2491.459,2439.523,36.52,415.479,10477.838,4750.815,3616.92,15000.044,73.85499999999996
2025-10-15 17:29:00,10/15,학습,341.619,6.0,2500.027,15000.045,17500.072,0.5043410832986044,0.5165271986720792,26.936999999999898,2491.437,2439.5,36.52,415.458,10486.729,4742.569,3614.812,15000.045,73.839
2025-10-15 17:30:00,10/15,학습,341.615,6.0,2500.027,15000.046,17500.073,0.5043214203680404,0.5165176008046295,26.93600000000015,2491.414,2439.478,36.521,415.438,10495.535,4734.306,3612.784,15000.046,73.82299999999998
2025-10-15 17:31:00,10/15,학습,341.611,6.0,2500.028,15000.047,17500.075,0.5042191952596217,0.5164264951179707,26.934999999999945,2491.39,2439.455,36.521,415.419,10504.254,4726.031,3610.84,15000.047,73.80799999999999
2025-10-15 17:32:00,10/15,학습,341.607,6.0,2500.028,15000.048,17500.076,0.5041317572733081,0.516349965328494,26.934999999999945,2491.366,2439.431,36.521,415.402,10512.883,4717.745,3608.982,15000.048,73.79499999999996
2025-10-15 17:33:00,10/15,학습,341.604,6.0,2500.029,15000.049,17500.078,0.5040443413734379,0.516273431278254,26.93399999999974,2491.341,2439.407,36.521,415.385,10521.422,4709.454,3607.214,15000.049,73.781
2025-10-15 17:34:00,10/15,학습,341.6,6.0,2500.03,15000.05,17500.079999999998,0.5040624305555276,0.5163009968095225,26.93399999999974,2491.316,2439.382,36.522,415.37,10529.868,4701.159,3605.537,15000.05,73.76999999999998
2025-10-15 17:35:00,10/15,학습,341.597,6.0,2500.03,15000.051,17500.081,0.5039898482849836,0.5162390388856695,26.932999999999993,2491.29,2439.357,36.522,415.355,10538.219,4692.865,3603.953,15000.051,73.75800000000004
2025-10-15 17:36:00,10/15,학습,341.594,6.0,2500.031,15000.051,17500.082,0.5039269061250065,0.5161865579851412,26.932999999999993,2491.263,2439.33,36.522,415.341,10546.474,4684.574,3602.463,15000.051,73.74700000000001
2025-10-15 17:37:00,10/15,학습,341.592,6.0,2500.032,15000.052,17500.084,0.5039598759118273,0.5162286955917026,26.93199999999979,2491.236,2439.304,36.523,415.328,10554.631,4676.29,3601.066,15000.052,73.73599999999999
2025-10-15 17:38:00,10/15,학습,341.589,6.0,2500.033,15000.053,17500.086,0.5039051446402184,0.5161842320494778,26.932000000000244,2491.208,2439.276,36.523,415.315,10562.69,4668.016,3599.76,15000.053,73.726
2025-10-15 17:39:00,10/15,학습,341.587,6.0,2500.033,15000.054,17500.087,0.5038571101154042,0.516146329378504,26.93100000000004,2491.179,2439.248,36.523,415.303,10570.648,4659.755,3598.542,15000.054,73.71600000000001
2025-10-15 17:40:00,10/15,학습,341.585,6.0,2500.034,15000.055,17500.089,0.5038946459848435,0.5161928339839899,26.93100000000004,2491.15,2439.219,36.524,415.29,10578.506,4651.509,3597.409,15000.055,73.70500000000004
2025-10-15 17:41:00,10/15,학습,341.583,6.0,2500.035,15000.056,17500.091,0.5038548397816865,0.5161629503350558,26.929999999999836,2491.12,2439.19,36.524,415.279,10586.264,4643.282,3596.357,15000.056,73.69599999999997
2025-10-15 17:42:00,10/15,학습,341.581,6.0,2500.035,15000.057,17500.092,0.5039005991467104,0.5162174689741381,26.93000000000029,2491.09,2439.16,36.525,415.267,10593.921,4635.076,3595.381,15000.057,73.68599999999998
2025-10-15 17:43:00,10/15,학습,341.579,6.0,2500.036,15000.058,17500.094,0.5038623814669193,0.51618904196994,26.929000000000087,2491.059,2439.13,36.525,415.256,10601.478,4626.894,3594.477,15000.058,73.67699999999996
2025-10-15 17:44:00,10/15,학습,341.577,6.0,2500.036,15000.058,17500.094,0.5038257011925363,0.5161620728686156,26.927999999999884,2491.027,2439.099,36.525,415.245,10608.935,4618.738,3593.64,15000.058,73.668
2025-10-15 17:45:00,10/15,학습,341.576,6.0,2500.037,15000.059,17500.095999999998,0.5038797477316982,0.5162246050486208,26.92699999999968,2490.995,2439.068,36.526,415.234,10616.293,4610.611,3592.866,15000.059,73.65799999999996
2025-10-15 17:46:00,10/15,학습,341.574,6.0,2500.037,15000.06,17500.096999999998,0.5038513149055341,0.516205656529199,26.927000000000135,2490.963,2439.036,36.526,415.224,10623.552,4602.515,3592.149,15000.06,73.64999999999998
2025-10-15 17:47:00,10/15,학습,341.573,6.0,2500.038,15000.06,17500.097999999998,0.5039069493982075,0.5162696402468536,26.92599999999993,2490.93,2439.004,36.527,415.213,10630.714,4594.453,3591.487,15000.06,73.64000000000004
2025-10-15 17:48:00,10/15,학습,341.572,6.0,2500.038,15000.061,17500.099,0.5038801195040096,0.5162521490646488,26.925000000000182,2490.896,2438.971,36.527,415.203,10637.779,4586.425,3590.876,15000.061,73.63099999999997
2025-10-15 17:49:00,10/15,학습,341.57,6.0,2500.039,15000.061,17500.1,0.5039439913865542,0.5163241481506693,26.924999999999727,2490.863,2438.938,36.528,415.193,10644.749,4578.435,3590.312,15000.061,73.62299999999999
2025-10-15 17:50:00,10/15,학습,341.569,6.0,2500.039,15000.061,17500.1,0.5039121220618389,0.5163015505095474,26.925000000000182,2490.829,2438.904,36.528,415.182,10651.624,4570.484,3589.791,15000.061,73.613
2025-10-15 17:51:00,10/15,학습,341.568,6.0,2500.039,15000.062,17500.101,0.5039761093700288,0.51637354228774,26.922999999999774,2490.794,2438.871,36.529,415.172,10658.407,4562.575,3589.312,15000.062,73.60400000000004
2025-10-15 17:52:00,10/15,학습,341.567,6.0,2500.04,15000.062,17500.102,0.5039576659174335,0.5163640712001427,26.92300000000023,2490.76,2438.837,36.529,415.163,10665.098,4554.707,3588.871,15000.062,73.596
2025-10-15 17:53:00,10/15,학습,341.566,6.0,2500.04,15000.062,17500.102,0.504023245842189,0.5164375146929847,26.922000000000025,2490.725,2438.803,36.53,415.153,10671.699,4546.884,3588.466,15000.062,73.58700000000005
2025-10-15 17:54:00,10/15,학습,341.565,6.0,2500.04,15000.062,17500.102,0.5039997690026622,0.5164229371797278,26.922000000000025,2490.69,2438.768,36.53,415.143,10678.211,4539.107,3588.095,15000.062,73.57799999999997
2025-10-15 17:55:00,10/15,학습,341.565,6.0,2500.04,15000.063,17500.103,0.5040721120066227,0.5165029376455257,26.921000000000276,2490.655,2438.734,36.531,415.134,10684.635,4531.377,3587.757,15000.063,73.56900000000002
2025-10-15 17:56:00,10/15,학습,341.564,6.0,2500.04,15000.063,17500.103,0.5040487718211403,0.5164883588712363,26.920000000000073,2490.619,2438.699,36.531,415.124,10690.973,4523.695,3587.449,15000.063,73.56
2025-10-15 17:57:00,10/15,학습,341.563,6.0,2500.041,15000.063,17500.104,0.504122709406117,0.516569811149429,26.919999999999618,2490.584,2438.664,36.532,415.115,10697.227,4516.064,3587.169,15000.063,73.55200000000002
2025-10-15 17:58:00,10/15,학습,341.563,6.0,2500.041,15000.063,17500.104,0.5040995076712723,0.5165552311362023,26.91899999999987,2490.548,2438.629,36.532,415.105,10703.396,4508.482,3586.917,15000.063,73.54200000000003
2025-10-15 17:59:00,10/15,학습,341.562,6.0,2500.041,15000.063,17500.104,0.5041735625905818,0.5166366762255796,26.91899999999987,2490.513,2438.594,36.533,415.096,10709.484,4500.953,3586.69,15000.063,73.53399999999999
2025-10-15 18:00:00,10/15,학습,341.541,5.995,2502.069,14999.329,17501.398,0.5041450302268614,0.5166062831122205,26.92599999999993,2490.752,2438.826,36.537,415.09,10715.489,4493.468,3586.425,14999.329,73.54899999999998
2025-10-15 18:01:00,10/15,학습,341.479,5.982,2507.329,14998.566,17505.895,0.5042933458532679,0.5167338976449622,26.947999999999865,2491.7,2439.752,36.552,415.115,10721.391,4486.005,3586.989,14998.566,73.63600000000002
2025-10-15 18:02:00,10/15,학습,341.414,5.967,2513.684,14998.269,17511.953,0.5042563526749613,0.5166741044281242,26.97400000000016,2492.949,2440.975,36.567,415.178,10727.13,4478.582,3590.125,14998.269,73.76400000000001
2025-10-15 18:03:00,10/15,학습,341.358,5.95,2520.505,14998.225,17518.73,0.5039717649764264,0.5163652751340639,26.998999999999796,2494.263,2442.264,36.582,415.218,10732.668,4471.215,3595.459,14998.225,73.86000000000001
2025-10-15 18:04:00,10/15,학습,341.311,5.934,2527.554,14998.293,17525.847,0.5036155156455163,0.5159874107906806,27.027000000000044,2495.525,2443.498,36.598,415.221,10738.009,4463.913,3601.919,14998.293,73.91000000000003
2025-10-15 18:05:00,10/15,학습,341.271,5.917,2534.689,14998.344,17533.033,0.5033112829177753,0.5156587175268712,27.05699999999979,2496.725,2444.668,36.613,415.231,10743.189,4456.681,3608.141,14998.344,73.95999999999998
2025-10-15 18:06:00,10/15,학습,341.238,5.901,2541.849,14998.35,17540.199,0.5032057187640926,0.515528213273611,27.085000000000036,2497.893,2445.808,36.627,415.278,10748.269,4449.521,3613.271,14998.35,74.04000000000002
2025-10-15 18:07:00,10/15,학습,341.21,5.884,2549.024,14998.326,17547.35,0.5033774349249033,0.515669850020487,27.11499999999978,2499.057,2446.942,36.641,415.366,10753.312,4442.43,3617.406,14998.326,74.156
2025-10-15 18:08:00,10/15,학습,341.185,5.867,2556.223,14998.285,17554.508,0.5037076134858829,0.5159681420701985,27.143999999999778,2500.229,2448.085,36.654,415.494,10758.365,4435.407,3621.18,14998.285,74.30900000000003
2025-10-15 18:09:00,10/15,학습,341.163,5.851,2563.452,14998.236,17561.688000000002,0.5042305351231211,0.5164590946830907,27.174999999999727,2501.417,2449.242,36.667,415.655,10763.45,4428.45,3625.289,14998.236,74.49199999999996
2025-10-15 18:10:00,10/15,학습,341.143,5.834,2570.718,14998.185,17568.903,0.5048949435853342,0.5170879567767896,27.205999999999676,2502.622,2450.416,36.68,415.842,10768.565,4421.557,3630.29,14998.185,74.69900000000001
2025-10-15 18:11:00,10/15,학습,341.124,5.818,2578.026,14998.136,17576.162,0.5055746491308047,0.5177341932535575,27.235999999999876,2503.842,2451.606,36.692,416.049,10773.695,4414.727,3636.541,14998.136,74.92499999999995
2025-10-15 18:12:00,10/15,학습,341.107,5.801,2585.376,14998.087,17583.463,0.5064242478291521,0.5185462799067013,27.266999999999825,2505.075,2452.808,36.705,416.272,10778.811,4407.958,3644.211,14998.087,75.16499999999996
2025-10-15 18:13:00,10/15,학습,341.091,5.785,2592.77,14998.04,17590.81,0.507337230982167,0.5194235629745527,27.297999999999774,2506.319,2454.021,36.718,416.508,10783.882,4401.251,3653.324,14998.04,75.41699999999997
2025-10-15 18:14:00,10/15,학습,341.076,5.768,2600.207,14997.993,17598.2,0.5082069441305171,0.5202555703636362,27.32900000000018,2507.574,2455.245,36.73,416.754,10788.873,4394.606,3663.812,14997.993,75.678
2025-10-15 18:15:00,10/15,학습,341.062,5.751,2607.687,14997.946,17605.633,0.5092111515834209,0.5212206077051544,27.36100000000033,2508.838,2456.477,36.743,417.01,10793.753,4388.026,3675.554,14997.946,75.94799999999998
2025-10-15 18:16:00,10/15,학습,341.049,5.735,2615.211,14997.898,17613.109,0.5102544688942643,0.5222272753846773,27.39300000000003,2510.111,2457.718,36.756,417.275,10798.493,4381.512,3688.409,14997.898,76.226
2025-10-15 18:17:00,10/15,학습,341.036,5.718,2622.778,14997.849,17620.627,0.5113252008777001,0.5232582278839975,27.424999999999727,2511.392,2458.967,36.769,417.547,10803.068,4375.067,3702.229,14997.849,76.51100000000002
2025-10-15 18:18:00,10/15,학습,341.024,5.702,2630.388,14997.799,17628.187,0.5124307242478199,0.5243268992219761,27.458000000000084,2512.681,2460.223,36.782,417.827,10807.457,4368.695,3716.875,14997.799,76.803
2025-10-15 18:19:00,10/15,학습,341.013,5.685,2638.043,14997.748,17635.791,0.5134711354265364,0.5253279816044765,27.490999999999985,2513.978,2461.487,36.794,418.113,10811.641,4362.401,3732.221,14997.748,77.10000000000002
2025-10-15 18:20:00,10/15,학습,341.002,5.669,2645.742,14997.694,17643.436,0.5146251170637245,0.526445159142976,27.52500000000009,2515.283,2462.758,36.807,418.406,10815.608,4356.188,3748.159,14997.694,77.404
2025-10-15 18:21:00,10/15,학습,340.992,5.652,2653.485,14997.64,17651.125,0.5158776214868148,0.527656499030744,27.557000000000244,2516.594,2464.037,36.821,418.704,10819.346,4350.061,3764.596,14997.64,77.71199999999999
2025-10-15 18:22:00,10/15,학습,340.982,5.635,2661.273,14997.584,17658.857,0.517073414681297,0.5288117640563827,27.590999999999894,2517.913,2465.322,36.834,419.009,10822.844,4344.026,3781.461,14997.584,78.02699999999999
2025-10-15 18:23:00,10/15,학습,340.972,5.619,2669.106,14997.526,17666.632,0.5182773771701674,0.5299794178716017,27.625,2519.239,2466.614,36.847,419.318,10826.096,4338.087,3798.696,14997.526,78.346
2025-10-15 18:24:00,10/15,학습,340.963,5.602,2676.985,14997.466,17674.451,0.5195030683106244,0.5311647262924988,27.659000000000106,2520.571,2467.912,36.86,419.633,10829.094,4332.25,3816.26,14997.466,78.66999999999996
2025-10-15 18:25:00,10/15,학습,340.954,5.586,2684.911,14997.405,17682.316,0.5208265190317531,0.5324516482055381,27.692999999999756,2521.91,2469.217,36.874,419.953,10831.833,4326.521,3834.123,14997.405,78.99899999999997
2025-10-15 18:26:00,10/15,학습,340.946,5.569,2692.882,14997.341,17690.223,0.5220746928560113,0.5336597854154568,27.728000000000065,2523.256,2470.528,36.887,420.277,10834.307,4320.903,3852.268,14997.341,79.33099999999996
2025-10-15 18:27:00,10/15,학습,340.938,5.553,2700.9,14997.276,17698.176,0.5234209814266071,0.5349703833506709,27.76200000000017,2524.607,2471.845,36.901,420.606,10836.512,4315.403,3870.686,14997.276,79.668
2025-10-15 18:28:00,10/15,학습,340.93,5.536,2708.966,14997.207,17706.173,0.5246934645009317,0.5362032922360096,27.79800000000023,2525.965,2473.167,36.914,420.939,10838.441,4310.027,3889.374,14997.207,80.00900000000001
2025-10-15 18:29:00,10/15,학습,340.922,5.52,2717.079,14997.137,17714.216,0.5260616886180164,0.5375368205492765,27.833000000000084,2527.329,2474.496,36.928,421.277,10840.09,4304.779,3908.335,14997.137,80.35499999999996
2025-10-15 18:30:00,10/15,학습,340.914,5.503,2725.239,14997.064,17722.303,0.5274387191026033,0.538874206596812,27.869000000000142,2528.699,2475.83,36.942,421.619,10841.455,4299.664,3927.573,14997.064,80.70500000000004
2025-10-15 18:31:00,10/15,학습,340.907,5.486,2733.448,14996.988,17730.435999999998,0.5288169751997488,0.5402131676963982,27.903999999999996,2530.074,2477.17,36.956,421.964,10842.529,4294.688,3947.096,14996.988,81.05700000000002
2025-10-15 18:32:00,10/15,학습,340.9,5.47,2741.706,14996.909,17738.614999999998,0.5302096796286462,0.5415729257640756,27.94100000000026,2531.456,2478.515,36.97,422.314,10843.307,4289.857,3966.911,14996.909,81.41400000000004
2025-10-15 18:33:00,10/15,학습,340.893,5.453,2750.012,14996.827,17746.839,0.5316908871740563,0.5430150740230222,27.97699999999986,2532.843,2479.866,36.985,422.668,10843.785,4285.176,3987.026,14996.827,81.77500000000003
2025-10-15 18:34:00,10/15,학습,340.886,5.437,2758.368,14996.741,17755.109,0.5330908923114239,0.5443836372986952,28.01299999999992,2534.236,2481.223,36.999,423.025,10843.957,4280.649,4007.449,14996.741,82.13899999999995
2025-10-15 18:35:00,10/15,학습,340.879,5.42,2766.774,14996.652,17763.426,0.5344987351264872,0.5457541428879951,28.050000000000182,2535.635,2482.585,37.013,423.386,10843.817,4276.282,4028.185,14996.652,82.507
2025-10-15 18:36:00,10/15,학습,340.872,5.404,2775.229,14996.558,17771.787,0.5359949947679228,0.5472199721840845,28.08699999999999,2537.039,2483.952,37.028,423.751,10843.362,4272.081,4049.24,14996.558,82.87899999999996
2025-10-15 18:37:00,10/15,학습,340.865,5.387,2783.736,14996.461,17780.197,0.5374908960206545,0.5486792475970332,28.12400000000025,2538.449,2485.325,37.043,424.119,10842.587,4268.05,4070.617,14996.461,83.25400000000002
2025-10-15 18:38:00,10/15,학습,340.859,5.371,2792.293,14996.359,17788.652000000002,0.5389922083906024,0.5501520023351283,28.160999999999603,2539.865,2486.704,37.058,424.491,10841.486,4264.194,4092.32,14996.359,83.632
2025-10-15 18:39:00,10/15,학습,340.852,5.354,2800.901,14996.252,17797.153,0.5404201308572414,0.5515451519112393,28.198999999999614,2541.287,2488.088,37.072,424.867,10840.055,4260.519,4114.351,14996.252,84.01500000000004
2025-10-15 18:40:00,10/15,학습,340.846,5.338,2809.561,14996.141,17805.702,0.5420083206388773,0.5531063006439016,28.23700000000008,2542.714,2489.477,37.088,425.246,10838.291,4257.029,4136.711,14996.141,84.39999999999998
2025-10-15 18:41:00,10/15,학습,340.84,5.321,2818.274,14996.024,17814.298,0.543521458159711,0.5545857654118092,28.27500000000009,2544.147,2490.872,37.103,425.629,10836.189,4253.73,4159.402,14996.024,84.78900000000004
2025-10-15 18:42:00,10/15,학습,340.833,5.304,2827.038,14995.901,17822.939,0.5450334990017942,0.5560648297608202,28.312999999999647,2545.586,2492.273,37.118,426.015,10833.745,4250.627,4182.425,14995.901,85.18199999999996
2025-10-15 18:43:00,10/15,학습,340.827,5.288,2835.856,14995.771,17831.627,0.5465513214116643,0.5575591890586258,28.35199999999986,2547.031,2493.679,37.133,426.405,10830.957,4247.723,4205.779,14995.771,85.57799999999997
2025-10-15 18:44:00,10/15,학습,340.821,5.271,2844.727,14995.636,17840.363,0.548153189207088,0.5591294413343022,28.391000000000076,2548.481,2495.09,37.149,426.799,10827.822,4245.025,4229.467,14995.636,85.97799999999995
2025-10-15 18:45:00,10/15,학습,340.815,5.255,2853.652,14995.493,17849.145,0.5497585919721503,0.5607133916658098,28.43100000000004,2549.938,2496.507,37.165,427.197,10824.335,4242.536,4253.488,14995.493,86.382
2025-10-15 18:46:00,10/15,학습,340.809,5.238,2862.63,14995.342,17857.972,0.5512838295843099,0.562209248713506,28.470000000000255,2551.4,2497.93,37.18,427.598,10820.496,4240.261,4277.845,14995.342,86.78899999999999
2025-10-15 18:47:00,10/15,학습,340.803,5.222,2871.664,14995.183,17866.847,0.5528916698096307,0.5637981566791581,28.509999999999764,2552.868,2499.358,37.196,428.003,10816.301,4238.206,4302.538,14995.183,87.19999999999999
2025-10-15 18:48:00,10/15,학습,340.797,5.205,2880.752,14995.015,17875.767,0.5545025462953249,0.5653813755359907,28.550000000000182,2554.342,2500.792,37.212,428.412,10811.748,4236.373,4327.569,14995.015,87.61499999999995
2025-10-15 18:49:00,10/15,학습,340.791,5.189,2889.895,14994.838,17884.733,0.5561175177714288,0.5669800460898404,28.58999999999969,2555.821,2502.231,37.228,428.825,10806.835,4234.768,4352.94,14994.838,88.03399999999999
2025-10-15 18:50:00,10/15,학습,340.785,5.172,2899.094,14994.651,17893.745,0.5577351409810153,0.5685721419674163,28.630999999999858,2557.307,2503.676,37.244,429.242,10801.561,4233.394,4378.655,14994.651,88.457
2025-10-15 18:51:00,10/15,학습,340.779,5.156,2908.349,14994.453,17902.802,0.5594371900904691,0.5702604913941256,28.67099999999982,2558.798,2505.127,37.261,429.664,10795.924,4232.256,4404.714,14994.453,88.88499999999999
2025-10-15 18:52:00,10/15,학습,340.773,5.139,2917.661,14994.242,17911.903,0.5610617220719227,0.571861747379554,28.713000000000193,2560.295,2506.582,37.277,430.089,10789.923,4231.357,4431.122,14994.242,89.31599999999997
2025-10-15 18:53:00,10/15,학습,340.767,5.123,2927.03,14994.019,17921.049,0.5627684383785163,0.5735577208365452,28.753000000000156,2561.797,2508.044,37.294,430.519,10783.556,4230.702,4457.882,14994.019,89.75200000000001
2025-10-15 18:54:00,10/15,학습,340.762,5.106,2936.455,14993.782,17930.237,0.5644034414518297,0.5751717471057574,28.79599999999982,2563.306,2509.51,37.31,430.953,10776.823,4230.295,4484.997,14993.782,90.19099999999997
2025-10-15 18:55:00,10/15,학습,340.756,5.09,2945.938,14993.53,17939.468,0.5661208026133928,0.5768813734409834,28.83699999999999,2564.819,2510.982,37.327,431.392,10769.724,4230.138,4512.47,14993.53,90.63600000000002
2025-10-15 18:56:00,10/15,학습,340.75,5.073,2955.48,14993.261,17948.741,0.5678402448981714,0.5785822607546474,28.87900000000036,2566.338,2512.459,37.344,431.835,10762.257,4230.235,4540.306,14993.261,91.08499999999998
2025-10-15 18:57:00,10/15,학습,340.745,5.057,2965.079,14992.975,17958.054,0.5695682681490584,0.5803056885360318,28.922999999999774,2567.863,2513.94,37.361,432.283,10754.424,4230.589,4568.509,14992.975,91.53800000000001
2025-10-15 18:58:00,10/15,학습,340.739,5.04,2974.737,14992.669,17967.406,0.5713021826216954,0.5820235755376388,28.96499999999969,2569.392,2515.427,37.378,432.736,10746.223,4231.204,4597.082,14992.669,91.99700000000001
2025-10-15 18:59:00,10/15,학습,340.734,5.023,2984.453,14992.342,17976.795000000002,0.5730441648104153,0.5837506459089175,29.009000000000015,2570.927,2516.918,37.395,433.194,10737.656,4232.082,4626.029,14992.342,92.46000000000004
2025-10-15 19:00:00,10/15,학습,340.729,5.007,2994.229,14991.992,17986.221,0.5747873711902892,0.5854939410523063,29.05199999999968,2572.466,2518.414,37.412,433.656,10728.722,4233.226,4655.356,14991.992,92.92700000000002
2025-10-15 19:01:00,10/15,학습,340.724,4.99,3004.064,14991.616,17995.68,0.5766168917006268,0.5873113137038697,29.0949999999998,2574.009,2519.914,37.43,434.124,10719.424,4234.639,4685.066,14991.616,93.40000000000003
2025-10-15 19:02:00,10/15,학습,340.719,4.974,3013.959,14991.213,18005.172,0.578386518808264,0.5890843752088328,29.139999999999873,2575.557,2521.417,37.447,434.598,10709.763,4236.323,4715.164,14991.213,93.87900000000002
2025-10-15 19:03:00,10/15,학습,340.714,4.957,3023.913,14990.779,18014.692,0.5802359109140693,0.5909243598271885,29.184000000000196,2577.108,2522.924,37.465,435.077,10699.739,4238.28,4745.655,14990.779,94.363
2025-10-15 19:04:00,10/15,학습,340.709,4.941,3033.928,14990.312,18024.239999999998,0.582025387424284,0.5927206675689793,29.228999999999814,2578.663,2524.434,37.482,435.562,10689.355,4240.512,4776.542,14990.312,94.85300000000001
2025-10-15 19:05:00,10/15,학습,340.705,4.924,3044.002,14989.808,18033.81,0.5838946559559942,0.594583285627414,29.273999999999887,2580.221,2525.947,37.5,436.052,10678.614,4243.021,4807.832,14989.808,95.34700000000004
2025-10-15 19:06:00,10/15,학습,340.7,4.908,3054.136,14989.263,18043.399,0.5857051833139583,0.5964040271836575,29.31899999999996,2581.781,2527.462,37.517,436.548,10667.518,4245.807,4839.528,14989.263,95.84800000000001
2025-10-15 19:07:00,10/15,학습,340.696,4.891,3064.331,14988.673,18053.004,0.587605833062392,0.5983008504293352,29.364000000000033,2583.343,2528.979,37.535,437.051,10656.069,4248.873,4871.636,14988.673,96.35499999999996
2025-10-15 19:08:00,10/15,학습,340.692,4.875,3074.585,14988.033,18062.618,0.5895212014008231,0.6002302555927583,29.409999999999854,2584.906,2530.496,37.553,437.56,10644.272,4252.218,4904.161,14988.033,96.868
2025-10-15 19:09:00,10/15,학습,340.689,4.858,3084.899,14987.338,18072.237,0.5914560587011246,0.6021640887682196,29.45600000000013,2586.469,2532.013,37.571,438.076,10632.13,4255.844,4937.109,14987.338,97.387
2025-10-15 19:10:00,10/15,학습,340.685,4.842,3095.272,14986.582,18081.854,0.5934048784049534,0.6041304812576254,29.501999999999953,2588.032,2533.53,37.589,438.598,10619.648,4259.75,4970.484,14986.582,97.91300000000001
2025-10-15 19:11:00,10/15,학습,340.683,4.825,3105.705,14985.757,18091.462,0.5953093924835872,0.6060363401463593,29.547999999999774,2589.593,2535.045,37.606,439.128,10606.83,4263.936,5004.292,14985.757,98.445
2025-10-15 19:12:00,10/15,학습,340.68,4.809,3116.196,14984.857,18101.053,0.5973073066342759,0.6080553853387749,29.5949999999998,2591.151,2536.556,37.624,439.665,10593.682,4268.402,5038.54,14984.857,98.98500000000001
2025-10-15 19:13:00,10/15,학습,340.678,4.792,3126.746,14983.872,18110.618,0.5993313895990863,0.6100840105797449,29.64200000000028,2592.706,2538.064,37.642,440.21,10580.208,4273.146,5073.233,14983.872,99.53199999999998
2025-10-15 19:14:00,10/15,학습,340.677,4.776,3137.353,14982.794,18120.147,0.6013845170951676,0.6121618565599338,29.689000000000306,2594.255,2539.566,37.66,440.763,10566.417,4278.166,5108.379,14982.794,100.08599999999996
2025-10-15 19:15:00,10/15,학습,340.676,4.759,3148.016,14981.61,18129.626,0.6033992187930142,0.6141832581704048,29.735999999999876,2595.796,2541.06,37.677,441.324,10552.313,4283.461,5143.983,14981.61,100.64800000000002
2025-10-15 19:16:00,10/15,학습,340.676,4.743,3158.735,14980.309,18139.043999999998,0.6055145873340079,0.6163268279717864,29.784000000000106,2597.329,2542.545,37.695,441.893,10537.904,4289.028,5180.053,14980.309,101.21699999999998
2025-10-15 19:17:00,10/15,학습,340.676,4.726,3169.509,14978.874,18148.383,0.6073890836332437,0.6184948974926734,29.83100000000013,2598.85,2544.019,37.713,442.472,10471.067,4295.117,5216.575,14978.874,101.79599999999999
2025-10-15 19:18:00,10/15,학습,340.681,4.709,3180.415,14977.22,18157.635,0.6036397014928495,0.6206279471445102,29.876999999999953,2600.296,2545.419,37.729,443.059,9358.359,4343.021,5255.779,14977.22,102.37800000000004
2025-10-15 19:19:00,10/15,학습,340.685,4.693,3191.3,14975.391,18166.691,0.6058477561545331,0.6227948443240452,29.922999999999774,2601.736,2546.813,37.745,443.651,9333.381,4388.643,5300.087,14975.391,102.96600000000001
2025-10-15 19:20:00,10/15,학습,340.689,4.676,3202.208,14973.348,18175.556,0.608125246547103,0.6250698205828709,29.9699999999998,2603.163,2548.193,37.762,444.256,9299.348,4433.561,5338.001,14973.348,103.56699999999995
2025-10-15 19:21:00,10/15,학습,340.695,4.659,3213.143,14971.056,18184.199,0.6104003068267146,0.627336718001827,30.016000000000076,2604.574,2549.558,37.778,444.874,9265.91,4478.01,5375.857,14971.056,104.17900000000003
2025-10-15 19:22:00,10/15,학습,340.701,4.643,3224.116,14968.545,18192.661,0.612644770718856,0.6295891133547542,30.062000000000353,2605.965,2550.903,37.793,445.498,9232.923,4521.979,5395.547,14968.545,104.79699999999997
2025-10-15 19:23:00,10/15,학습,340.708,4.626,3235.131,14965.797,18200.928,0.6150000057245766,0.6319348092599206,30.108000000000175,2607.329,2552.221,37.809,446.13,9200.238,4565.464,5395.816,14965.797,105.42199999999997
2025-10-15 19:24:00,10/15,학습,340.717,4.609,3246.186,14962.773,18208.959,0.6173467164431862,0.6342699516691677,30.153999999999996,2608.661,2553.507,37.824,446.771,9167.562,4608.466,5396.021,14962.773,106.05400000000003
2025-10-15 19:25:00,10/15,학습,340.728,4.593,3257.275,14959.448,18216.723,0.6197055137038714,0.6366418938474339,30.197999999999865,2609.955,2554.757,37.838,447.425,9134.688,4650.995,5396.278,14959.448,106.697
2025-10-15 19:26:00,10/15,학습,340.741,4.576,3268.396,14955.799,18224.195,0.622144499545609,0.6390766968874599,30.242999999999938,2611.207,2555.964,37.852,448.092,9101.484,4693.066,5396.588,14955.799,107.351
2025-10-15 19:27:00,10/15,학습,340.756,4.559,3279.542,14951.801,18231.343,0.6246757626647651,0.6416112585968685,30.28899999999976,2612.412,2557.123,37.866,448.774,9067.837,4734.697,5396.949,14951.801,108.01800000000003
2025-10-15 19:28:00,10/15,학습,340.774,4.542,3290.71,14947.427,18238.137,0.627184267368821,0.6441232386207001,30.33199999999988,2613.564,2558.232,37.878,449.473,9033.677,4775.908,5397.361,14947.427,108.69900000000001
2025-10-15 19:29:00,10/15,학습,340.793,4.525,3301.893,14942.658,18244.551,0.6298664207293148,0.6468220663880548,30.37599999999975,2614.66,2559.284,37.891,450.19,8998.973,4816.717,5397.825,14942.658,109.39699999999999
2025-10-15 19:30:00,10/15,학습,340.816,4.509,3313.087,14937.478,18250.565,0.6325424528830623,0.6495427240239748,30.419000000000324,2615.695,2560.276,37.902,450.926,8963.721,4857.144,5398.341,14937.478,110.11000000000001
2025-10-15 19:31:00,10/15,학습,340.841,4.492,3324.288,14931.875,18256.163,0.6352753044015846,0.6522992120265276,30.460999999999785,2616.667,2561.206,37.912,451.681,8927.932,4897.207,5398.911,14931.875,110.83999999999997
2025-10-15 19:32:00,10/15,학습,340.868,4.475,3335.49,14925.84,18261.33,0.6381368911820595,0.6551937671172716,30.501999999999953,2617.573,2562.071,37.922,452.457,8891.634,4936.922,5399.534,14925.84,111.589
2025-10-15 19:33:00,10/15,학습,340.897,4.458,3346.691,14919.372,18266.063,0.6410567897736541,0.6581510383666522,30.54300000000012,2618.413,2562.87,37.931,453.252,8854.862,4976.304,5400.213,14919.372,112.35500000000002
2025-10-15 19:34:00,10/15,학습,340.929,4.441,3357.887,14912.475,18270.362,0.6440437258191621,0.661179809501387,30.582000000000335,2619.184,2563.602,37.939,454.068,8817.66,5015.364,5400.949,14912.475,113.13900000000001
2025-10-15 19:35:00,10/15,학습,340.962,4.424,3369.077,14905.156,18274.233,0.64708806235842,0.6642693436922471,30.6220000000003,2619.889,2564.267,37.946,454.903,8780.078,5054.114,5401.743,14905.156,113.94100000000003
2025-10-15 19:36:00,10/15,학습,340.998,4.407,3380.259,14897.429,18277.688000000002,0.650186996923047,0.6674161465450847,30.660999999999603,2620.528,2564.867,37.952,455.757,8742.166,5092.562,5402.598,14897.429,114.75900000000001
2025-10-15 19:37:00,10/15,학습,341.034,4.39,3391.433,14889.31,18280.743,0.653392571070905,0.6706748935948583,30.697999999999865,2621.103,2565.405,37.958,456.629,8703.979,5130.716,5403.515,14889.31,115.59500000000003
2025-10-15 19:38:00,10/15,학습,341.072,4.373,3402.601,14880.82,18283.421,0.656637323653281,0.6739735487459346,30.73400000000038,2621.617,2565.883,37.963,457.518,8665.568,5168.581,5404.495,14880.82,116.44599999999997
2025-10-15 19:39:00,10/15,학습,341.111,4.356,3413.763,14871.979,18285.742,0.6599050986922234,0.6772944976964785,30.769999999999982,2622.074,2566.304,37.967,458.421,8626.982,5206.161,5405.541,14871.979,117.31
2025-10-15 19:40:00,10/15,학습,341.15,4.34,3424.923,14862.811,18287.734,0.6632424831204048,0.6807202168152575,30.80600000000004,2622.478,2566.672,37.971,459.336,8588.266,5243.46,5406.653,14862.811,118.18600000000004
2025-10-15 19:41:00,10/15,학습,341.189,4.323,3436.085,14853.339,18289.424,0.6665854849646848,0.6841164843210024,30.840999999999894,2622.832,2566.991,37.974,460.263,8549.461,5280.48,5407.834,14853.339,119.07399999999996
2025-10-15 19:42:00,10/15,학습,341.228,4.306,3447.251,14843.586,18290.837,0.66991662184808,0.6874972221325182,30.875,2623.141,2567.266,37.976,461.199,8510.598,5317.224,5409.084,14843.586,119.971
2025-10-15 19:43:00,10/15,학습,341.267,4.289,3458.427,14833.573,18292.0,0.6732831826012409,0.6909124455185629,30.909000000000106,2623.409,2567.5,37.978,462.142,8471.702,5353.693,5410.405,14833.573,120.875
2025-10-15 19:44:00,10/15,학습,341.306,4.272,3469.617,14823.321,18292.938000000002,0.6766715353748828,0.6943476153804378,30.94300000000021,2623.641,2567.698,37.98,463.09,8432.793,5389.888,5411.799,14823.321,121.78399999999999
2025-10-15 19:45:00,10/15,학습,341.343,4.256,3480.827,14812.85,18293.677,0.6800118261952751,0.6977661785590297,30.976000000000113,2623.839,2567.863,37.981,464.041,8393.882,5425.812,5413.265,14812.85,122.69799999999998
2025-10-15 19:46:00,10/15,학습,341.38,4.239,3492.06,14802.178,18294.238,0.6833535470527745,0.7011468123858096,31.007000000000062,2624.007,2568.0,37.982,464.994,8354.978,5461.465,5414.805,14802.178,123.61400000000003
2025-10-15 19:47:00,10/15,학습,341.416,4.222,3503.323,14791.32,18294.643,0.6866294389555606,0.7044551403726085,31.039999999999964,2624.15,2568.11,37.982,465.947,8316.085,5496.851,5416.418,14791.32,124.531
2025-10-15 19:48:00,10/15,학습,341.45,4.205,3514.619,14780.291,18294.91,0.6899463631464666,0.7078041388610061,31.072000000000116,2624.27,2568.198,37.983,466.899,8277.206,5531.971,5418.106,14780.291,125.44900000000001
2025-10-15 19:49:00,10/15,학습,341.484,4.189,3525.953,14769.104,18295.057,0.6931830335659065,0.7111062110688504,31.103999999999814,2624.37,2568.266,37.983,467.849,8238.343,5566.829,5419.869,14769.104,126.36500000000001
2025-10-15 19:50:00,10/15,학습,341.516,4.172,3537.33,14757.77,18295.1,0.6963903582588693,0.7143355091419152,31.134000000000015,2624.451,2568.317,37.983,468.796,8199.498,5601.427,5421.706,14757.77,127.27999999999997
2025-10-15 19:51:00,10/15,학습,341.55,4.155,3548.787,14745.746,18294.533,0.6995386532571839,0.7175028633477352,31.164999999999964,2624.479,2568.314,37.982,469.739,8160.604,5635.761,5423.617,14745.746,128.18899999999996
2025-10-15 19:52:00,10/15,학습,341.582,4.138,3560.241,14733.923,18294.164,0.7026542530328829,0.7206330752500913,31.195000000000164,2624.485,2568.29,37.981,470.677,8121.594,5669.832,5425.602,14733.923,129.09500000000003
2025-10-15 19:53:00,10/15,학습,341.612,4.122,3571.731,14722.143,18293.874,0.7057419079038703,0.7237773437709087,31.226000000000113,2624.489,2568.263,37.98,471.616,8082.362,5703.661,5427.66,14722.143,130.00399999999996
2025-10-15 19:54:00,10/15,학습,341.639,4.105,3583.275,14710.221,18293.496,0.7088809102888187,0.7269344207467017,31.257000000000062,2624.489,2568.232,37.98,472.562,8042.883,5737.264,5429.791,14710.221,130.923
2025-10-15 19:55:00,10/15,학습,341.666,4.089,3594.873,14698.167,18293.04,0.7119159797978374,0.730022143488672,31.286999999999807,2624.486,2568.199,37.979,473.503,8003.652,5770.644,5431.994,14698.167,131.837
2025-10-15 19:56:00,10/15,학습,341.691,4.072,3606.535,14686.05,18292.585,0.7148813656143949,0.7329842550663863,31.31800000000021,2624.481,2568.163,37.978,474.432,7964.994,5803.788,5434.271,14686.05,132.74100000000004
2025-10-15 19:57:00,10/15,학습,341.714,4.055,3618.27,14673.866,18292.136,0.7177860947536662,0.7358769134691554,31.347999999999956,2624.473,2568.125,37.977,475.352,7926.736,5836.686,5436.621,14673.866,133.63799999999998
2025-10-15 19:58:00,10/15,학습,341.735,4.039,3630.077,14661.589,18291.666,0.720647579649308,0.7387678139340865,31.378000000000156,2624.463,2568.085,37.976,476.268,7888.688,5869.333,5439.044,14661.589,134.53299999999996
2025-10-15 19:59:00,10/15,학습,341.756,4.022,3641.958,14649.227,18291.185,0.7234546076282908,0.7415521792842945,31.4079999999999,2624.451,2568.043,37.975,477.177,7850.834,5901.727,5441.539,14649.227,135.42100000000005
2025-10-15 20:00:00,10/15,학습,341.771,4.01,3651.42,14642.631,18294.051,0.7263102438490474,0.7445030772544667,31.440000000000055,2624.435,2567.995,37.974,478.074,7812.916,5933.93,5444.105,14642.631,136.303
2025-10-15 20:01:00,10/15,학습,341.773,4.005,3656.137,14643.506,18299.643,0.7291177342230694,0.7475235832656051,31.463999999999942,2624.412,2567.948,37.973,478.908,7773.142,5966.288,5446.737,14643.506,137.135
2025-10-15 20:02:00,10/15,학습,341.772,4.003,3658.642,14644.392,18303.034,0.7313932924001397,0.7499936481849767,31.477000000000317,2624.385,2567.908,37.97,479.598,7735.09,5998.92,5449.435,14644.392,137.82600000000002
2025-10-15 20:03:00,10/15,학습,341.77,4.001,3659.936,14644.462,18304.398,0.732944805805096,0.7515213639447109,31.480999999999767,2624.357,2567.876,37.965,480.08,7705.781,6031.599,5452.206,14644.462,138.31
2025-10-15 20:04:00,10/15,학습,341.767,4.001,3660.562,14644.193,18304.754999999997,0.7338938823273898,0.7523396495858157,31.48199999999997,2624.328,2567.846,37.96,480.356,7687.154,6063.942,5455.051,14644.193,138.589
2025-10-15 20:05:00,10/15,학습,341.76,4.0,3660.827,14643.736,18304.563000000002,0.7345008601416508,0.7526356432917127,31.480999999999767,2624.299,2567.818,37.956,480.497,7676.059,6095.627,5457.956,14643.736,138.73700000000002
2025-10-15 20:06:00,10/15,학습,341.754,4.0,3660.882,14643.044,18303.926,0.7348745658557831,0.7526840023233863,31.47799999999961,2624.269,2567.791,37.952,480.562,7668.901,6126.476,5460.904,14643.044,138.808
2025-10-15 20:07:00,10/15,학습,341.747,4.0,3660.81,14642.214,18303.024,0.7350153433126069,0.7524670187618505,31.47400000000016,2624.239,2567.765,37.947,480.574,7663.797,6156.411,5463.876,14642.214,138.827
2025-10-15 20:08:00,10/15,학습,341.741,4.0,3660.667,14641.368,18302.035,0.7350672672028534,0.7521543274067422,31.470000000000255,2624.21,2567.74,37.943,480.547,7659.663,6185.408,5466.857,14641.368,138.80600000000004
2025-10-15 20:09:00,10/15,학습,341.734,4.0,3660.49,14640.525,18301.015,0.7350399641712175,0.751770372610471,31.465000000000146,2624.181,2567.716,37.939,480.502,7655.587,6213.483,5469.834,14640.525,138.76800000000003
2025-10-15 20:10:00,10/15,학습,341.728,4.0,3660.294,14639.671,18299.965,0.7349615193267708,0.7513559913899168,31.46199999999999,2624.153,2567.691,37.935,480.449,7650.733,6240.683,5472.801,14639.671,138.721
2025-10-15 20:11:00,10/15,학습,341.722,4.0,3660.089,14638.823,18298.912,0.7348895625633706,0.7509864418890402,31.458000000000084,2624.125,2567.667,37.932,480.393,7643.921,6267.08,5475.757,14638.823,138.671
2025-10-15 20:12:00,10/15,학습,341.717,4.0,3659.887,14638.018,18297.905,0.7336212788049219,0.7505571452009194,31.453999999999724,2624.095,2567.641,37.928,480.336,7547.742,6293.843,5478.305,14638.018,138.61900000000003
2025-10-15 20:13:00,10/15,학습,341.712,4.0,3659.703,14637.276,18296.979,0.7326818942442368,0.7501362015274373,31.449999999999818,2624.06,2567.61,37.924,480.28,7473.273,6323.667,5482.076,14637.276,138.56799999999998
2025-10-15 20:14:00,10/15,학습,341.707,4.0,3659.522,14636.406,18295.928,0.7329892268396002,0.749786961413577,31.445999999999913,2624.018,2567.572,37.921,480.226,7491.779,6352.855,5486.078,14636.406,138.519
2025-10-15 20:15:00,10/15,학습,341.703,4.0,3659.323,14635.561,18294.884,0.7333104284084244,0.7493917502398604,31.442000000000007,2623.976,2567.534,37.917,480.175,7516.941,6380.134,5489.252,14635.561,138.47200000000004
2025-10-15 20:16:00,10/15,학습,341.699,4.0,3659.116,14634.751,18293.867,0.7336258776221288,0.7490757213353665,31.43899999999985,2623.937,2567.498,37.914,480.13,7537.716,6405.609,5491.574,14634.751,138.43099999999998
2025-10-15 20:17:00,10/15,학습,341.695,4.0,3658.907,14633.957,18292.864,0.7338849508136499,0.7487812727758352,31.43600000000015,2623.9,2567.464,37.911,480.091,7554.207,6429.503,5493.224,14633.957,138.39600000000002
2025-10-15 20:18:00,10/15,학습,341.691,4.0,3658.701,14633.184,18291.885,0.7340984855746642,0.7485005915977923,31.432999999999993,2623.865,2567.432,37.908,480.056,7567.655,6452.0,5494.383,14633.184,138.365
2025-10-15 20:19:00,10/15,학습,341.687,4.0,3658.5,14632.445,18290.945,0.734282279645043,0.7482336838440702,31.43100000000004,2623.833,2567.402,37.905,480.025,7579.147,6473.237,5495.196,14632.445,138.33799999999997
2025-10-15 20:20:00,10/15,학습,341.684,4.0,3658.307,14631.744,18290.051,0.7344478284293084,0.7479814673968359,31.429000000000087,2623.802,2567.373,37.902,479.998,7589.408,6493.316,5495.766,14631.744,138.31399999999996
2025-10-15 20:21:00,10/15,학습,341.68,4.0,3658.123,14631.075,18289.198,0.7346050819450543,0.7477469482116026,31.42599999999993,2623.772,2567.346,37.899,479.976,7598.904,6512.313,5496.169,14631.075,138.296
2025-10-15 20:22:00,10/15,학습,341.677,4.0,3657.946,14630.439,18288.385000000002,0.7347523198311904,0.7475232177660647,31.423999999999978,2623.744,2567.32,37.896,479.957,7607.944,6530.291,5496.454,14630.439,138.27999999999997
2025-10-15 20:23:00,10/15,학습,341.675,4.0,3657.779,14629.837,18287.615999999998,0.7349515737591246,0.7473709958297068,31.422000000000025,2623.718,2567.296,37.894,479.942,7616.706,6547.299,5496.658,14629.837,138.267
2025-10-15 20:24:00,10/15,학습,341.672,4.0,3657.62,14629.269,18286.889,0.7351464942422942,0.7472304989868883,31.421000000000276,2623.693,2567.272,37.892,479.93,7625.266,6563.382,5496.805,14629.269,138.25799999999998
2025-10-15 20:25:00,10/15,학습,341.67,4.0,3657.469,14628.731,18286.2,0.7352759669929474,0.747038260730347,31.41899999999987,2623.669,2567.25,37.889,479.92,7633.646,6578.582,5496.911,14628.731,138.25
2025-10-15 20:26:00,10/15,학습,341.666,4.0,3657.188,14627.697,18284.885000000002,0.7502870839391168,0.7469438772564987,31.41899999999987,2623.692,2567.273,37.888,479.916,8844.284,6566.279,5527.216,14627.697,138.25
2025-10-15 20:27:00,10/15,학습,341.665,4.0,3656.949,14627.13,18284.078999999998,0.7429982444908148,0.7468408101329234,31.419000000000324,2623.717,2567.298,37.886,479.925,8291.166,6549.273,5584.223,14627.13,138.26
2025-10-15 20:28:00,10/15,학습,341.666,4.0,3656.886,14627.15,18284.036,0.7346332838110521,0.7467922526671837,31.419999999999618,2623.709,2567.289,37.884,479.94,7626.058,6553.505,5654.763,14627.15,138.274
2025-10-15 20:29:00,10/15,학습,341.668,4.0,3657.011,14627.674,18284.685,0.7193002505059969,0.7467462703086754,31.41800000000012,2623.648,2567.23,37.882,479.944,6373.299,6590.243,5725.25,14627.674,138.276
2025-10-15 20:30:00,10/15,학습,341.666,4.0,3657.085,14627.559,18284.644,0.7340977688916209,0.7467131519317447,31.416000000000167,2623.589,2567.173,37.881,479.937,7509.857,6629.238,5806.118,14627.559,138.27100000000002
2025-10-15 20:31:00,10/15,학습,341.663,4.0,3656.969,14626.891,18283.86,0.7358475879875159,0.7466579968017526,31.41500000000042,2623.568,2567.153,37.88,479.933,7637.63,6643.39,5873.701,14626.891,138.26999999999998
2025-10-15 20:32:00,10/15,학습,341.661,4.0,3656.831,14626.336,18283.167,0.7363849031517865,0.746548340905169,31.41300000000001,2623.551,2567.138,37.878,479.931,7676.365,6654.641,5923.552,14626.336,138.26999999999998
2025-10-15 20:33:00,10/15,학습,341.659,4.0,3656.699,14625.897,18282.596,0.7367203135992021,0.7464602950395969,31.412000000000262,2623.536,2567.124,37.877,479.92,7698.948,6664.454,5960.753,14625.897,138.26100000000002
2025-10-15 20:34:00,10/15,학습,341.656,4.0,3656.583,14625.551,18282.134,0.7368818225851895,0.7463135579004412,31.411000000000058,2623.522,2567.111,37.875,479.909,7713.442,6673.282,5988.852,14625.551,138.253
2025-10-15 20:35:00,10/15,학습,341.654,4.0,3656.481,14625.212,18281.693,0.7370515311701974,0.7462462500445544,31.409000000000106,2623.509,2567.1,37.874,479.904,7723.206,6681.378,6010.355,14625.212,138.25
2025-10-15 20:36:00,10/15,학습,341.652,4.0,3656.387,14624.88,18281.267,0.7371248778445978,0.7461250707681795,31.409000000000106,2623.498,2567.089,37.872,479.9,7730.199,6688.894,6027.057,14624.88,138.248
2025-10-15 20:37:00,10/15,학습,341.649,4.0,3656.299,14624.583,18280.882,0.7372281261302696,0.7460607546553075,31.4079999999999,2623.487,2567.079,37.871,479.896,7735.647,6695.925,6040.268,14624.583,138.247
2025-10-15 20:38:00,10/15,학습,341.647,4.0,3656.22,14624.318,18280.538,0.7373094510053334,0.7459925194874806,31.407000000000153,2623.476,2567.069,37.87,479.891,7740.153,6702.531,6050.942,14624.318,138.24400000000003
2025-10-15 20:39:00,10/15,학습,341.645,4.0,3656.147,14624.066,18280.213,0.7373807164535583,0.7459272830590526,31.407000000000153,2623.467,2567.06,37.869,479.887,7744.059,6708.754,6059.78,14624.066,138.24200000000002
2025-10-15 20:40:00,10/15,학습,341.643,4.0,3656.079,14623.829,18279.908,0.7374419706750304,0.745861129790947,31.40599999999995,2623.458,2567.052,37.868,479.883,7747.641,6714.624,6067.297,14623.829,138.24
2025-10-15 20:41:00,10/15,학습,341.641,4.0,3656.017,14623.611,18279.628,0.7374391838944692,0.7457371694934671,31.4050000000002,2623.449,2567.044,37.866,479.879,7751.072,6720.161,6073.875,14623.611,138.238
2025-10-15 20:42:00,10/15,학습,341.639,4.0,3655.958,14623.408,18279.365999999998,0.737541723610891,0.7457248964831384,31.404999999999745,2623.441,2567.036,37.866,479.874,7754.424,6725.381,6079.798,14623.408,138.235
2025-10-15 20:43:00,10/15,학습,341.637,4.0,3655.904,14623.217,18279.121,0.7375811124798448,0.7456539028165348,31.403999999999996,2623.433,2567.029,37.865,479.869,7757.733,6730.297,6085.277,14623.217,138.23200000000003
2025-10-15 20:44:00,10/15,학습,341.636,4.0,3655.853,14623.036,18278.889,0.737611430035367,0.7455780755819132,31.402999999999793,2623.426,2567.023,37.864,479.863,7761.027,6734.923,6090.47,14623.036,138.22699999999998
2025-10-15 20:45:00,10/15,학습,341.634,4.0,3655.805,14622.867,18278.672,0.7376377160295757,0.7455022441697059,31.402000000000044,2623.419,2567.017,37.863,479.857,7764.316,6739.268,6095.497,14622.867,138.223
2025-10-15 20:46:00,10/15,학습,341.632,4.0,3655.76,14622.709,18278.469,0.7376561271616582,0.7454224920471371,31.402000000000044,2623.413,2567.011,37.862,479.85,7767.593,6743.342,6100.452,14622.709,138.21800000000002
2025-10-15 20:47:00,10/15,학습,341.63,4.0,3655.717,14622.559,18278.275999999998,0.737665813450685,0.7453379052506173,31.401000000000295,2623.407,2567.006,37.861,479.842,7770.847,6747.156,6105.405,14622.559,138.212
2025-10-15 20:48:00,10/15,학습,341.628,4.0,3655.677,14622.417,18278.094,0.7377290548817304,0.7453111391040674,31.399999999999636,2623.401,2567.001,37.861,479.834,7774.067,6750.721,6110.413,14622.417,138.20600000000002
2025-10-15 20:49:00,10/15,학습,341.627,4.0,3655.639,14622.284,18277.923,0.7377269373650421,0.7452226295053079,31.40000000000009,2623.396,2566.996,37.86,479.825,7777.239,6754.046,6115.522,14622.284,138.19799999999998
2025-10-15 20:50:00,10/15,학습,341.625,4.0,3655.604,14622.158,18277.762,0.737719889676927,0.7451332011519394,31.398999999999887,2623.391,2566.992,37.859,479.816,7780.351,6757.142,6120.769,14622.158,138.19099999999997
2025-10-15 20:51:00,10/15,학습,341.623,4.0,3655.57,14622.04,18277.61,0.7377625995756554,0.7450976840383399,31.399000000000342,2623.387,2566.988,37.859,479.806,7783.39,6760.02,6126.184,14622.04,138.183
2025-10-15 20:52:00,10/15,학습,341.621,4.0,3655.539,14621.929,18277.468,0.7377428334799494,0.7450034178986316,31.397999999999683,2623.383,2566.985,37.858,479.796,7786.348,6762.69,6131.796,14621.929,138.175
2025-10-15 20:53:00,10/15,학습,341.62,4.0,3655.509,14621.824,18277.333,0.7377738418586856,0.7449639805872967,31.397999999999683,2623.379,2566.981,37.858,479.785,7789.218,6765.161,6137.628,14621.824,138.16500000000002
2025-10-15 20:54:00,10/15,학습,341.618,4.0,3655.481,14621.726,18277.207000000002,0.7377425060683831,0.7448657893006634,31.396999999999935,2623.375,2566.978,37.857,479.774,7791.993,6767.446,6143.702,14621.726,138.156
2025-10-15 20:55:00,10/15,학습,341.616,4.0,3655.455,14621.634,18277.089,0.7377603034196362,0.7448206034542755,31.39599999999973,2623.372,2566.976,37.857,479.762,7794.673,6769.553,6150.037,14621.634,138.14600000000002
2025-10-15 20:56:00,10/15,학습,341.615,4.0,3655.43,14621.548,18276.978,0.7377217290326835,0.7447224039638929,31.396000000000186,2623.369,2566.973,37.856,479.751,7797.257,6771.492,6156.653,14621.548,138.13599999999997
2025-10-15 20:57:00,10/15,학습,341.613,4.0,3655.407,14621.468,18276.875,0.7377325916147018,0.7446772143180982,31.394999999999982,2623.366,2566.971,37.856,479.739,7799.746,6773.273,6163.567,14621.468,138.12599999999998
2025-10-15 20:58:00,10/15,학습,341.612,4.0,3655.386,14621.393,18276.779,0.7377362916375988,0.744628104772076,31.394999999999982,2623.364,2566.969,37.856,479.726,7802.144,6774.904,6170.798,14621.393,138.11399999999998
2025-10-15 20:59:00,10/15,학습,341.61,4.0,3655.365,14621.323,18276.688000000002,0.7376832064239799,0.7445250623121122,31.393999999999778,2623.361,2566.967,37.855,479.714,7804.456,6776.394,6178.362,14621.323,138.10399999999998
2025-10-15 21:00:00,10/15,학습,341.605,4.004,3652.847,14627.105,18279.952,0.7377929363349235,0.7446562518178184,31.393999999999778,2623.357,2566.963,37.855,479.697,7806.425,6777.813,6186.277,14627.105,138.09199999999998
2025-10-15 21:01:00,10/15,학습,341.588,4.016,3645.523,14640.371,18285.894,0.7378321070212017,0.7448797481264202,31.38700000000017,2623.348,2566.961,37.854,479.62,7806.241,6779.516,6194.532,14640.371,138.03199999999998
2025-10-15 21:02:00,10/15,학습,341.568,4.03,3635.974,14653.624,18289.597999999998,0.7376041584236044,0.7445232931246322,31.369000000000142,2623.339,2566.97,37.851,479.404,7829.044,6781.502,6203.273,14653.624,137.836
2025-10-15 21:03:00,10/15,학습,341.549,4.046,3625.15,14665.647,18290.797000000002,0.7437164978230318,0.743377461987875,31.342999999999847,2623.361,2567.018,37.847,478.99,8449.431,6764.534,6225.798,14665.647,137.44100000000003
2025-10-15 21:04:00,10/15,학습,341.529,4.062,3613.78,14677.766,18291.546,0.7380873643060539,0.741527708007885,31.315000000000055,2623.376,2567.061,37.844,478.387,8175.275,6750.922,6254.846,14677.766,136.858
2025-10-15 21:05:00,10/15,학습,341.509,4.078,3602.213,14689.917,18292.13,0.732966436800932,0.739175381755627,31.284999999999854,2623.377,2567.092,37.841,477.661,7968.118,6746.384,6295.183,14689.917,136.152
2025-10-15 21:06:00,10/15,학습,341.488,4.095,3590.577,14701.915,18292.492000000002,0.7280709561980516,0.7366254869879396,31.25400000000036,2623.367,2567.113,37.839,476.864,7786.44,6749.178,6346.415,14701.915,135.37599999999998
2025-10-15 21:07:00,10/15,학습,341.467,4.111,3578.93,14713.759,18292.689,0.723366816101973,0.733881511700875,31.222000000000207,2623.347,2567.125,37.838,476.021,7621.227,6758.361,6406.608,14713.759,134.55400000000003
2025-10-15 21:08:00,10/15,학습,341.447,4.128,3567.312,14725.506,18292.818,0.7187428321154344,0.7309660359298857,31.190000000000055,2623.318,2567.128,37.836,475.145,7470.26,6773.168,6473.761,14725.506,133.69799999999998
2025-10-15 21:09:00,10/15,학습,341.425,4.145,3555.683,14736.903,18292.586,0.7221874755224313,0.7280055183714478,31.159000000000106,2623.3,2567.141,37.835,474.254,8024.418,6782.053,6544.182,14736.903,132.829
2025-10-15 21:10:00,10/15,학습,341.403,4.161,3544.001,14747.895,18291.896,0.7225885470287381,0.7250696624286752,31.128999999999905,2623.315,2567.186,37.836,473.366,8342.376,6770.216,6590.543,14747.895,131.96299999999997
2025-10-15 21:11:00,10/15,학습,341.384,4.178,3532.458,14759.331,18291.789,0.7158315872591215,0.7221448363862817,31.09999999999991,2623.319,2567.219,37.836,472.49,8027.641,6763.65,6616.741,14759.331,131.106
2025-10-15 21:12:00,10/15,학습,341.366,4.195,3521.08,14771.014,18292.093999999997,0.7102701685023992,0.7192277319565534,31.07199999999966,2623.307,2567.235,37.836,471.62,7799.719,6767.492,6646.804,14771.014,130.25400000000002
2025-10-15 21:13:00,10/15,학습,341.347,4.212,3509.757,14782.409,18292.166,0.7132833584670774,0.716373845461656,31.04399999999987,2623.306,2567.262,37.837,470.761,8353.643,6764.984,6682.142,14782.409,129.41400000000004
2025-10-15 21:14:00,10/15,학습,341.33,4.229,3498.491,14793.766,18292.256999999998,0.708141858705448,0.713628629829604,31.01800000000003,2623.316,2567.298,37.839,469.923,8160.433,6755.375,6699.963,14793.766,128.59300000000002
2025-10-15 21:15:00,10/15,학습,341.315,4.245,3487.381,14805.416,18292.797,0.7043918341507681,0.7109001506161217,30.991999999999734,2623.31,2567.318,37.841,469.102,8077.192,6755.309,6717.198,14805.416,127.78699999999998
2025-10-15 21:16:00,10/15,학습,341.299,4.262,3476.31,14816.771,18293.081000000002,0.704242977692223,0.7082150918738364,30.968000000000302,2623.32,2567.352,37.843,468.292,8345.982,6746.09,6732.662,14816.771,126.993
2025-10-15 21:17:00,10/15,학습,341.285,4.279,3465.374,14828.436,18293.809999999998,0.6981816664588838,0.7056510469772863,30.944000000000415,2623.318,2567.374,37.846,467.5,8028.4,6743.058,6740.181,14828.436,126.21499999999997
2025-10-15 21:18:00,10/15,학습,341.271,4.296,3454.508,14839.891,18294.398999999998,0.7002871090492834,0.703116164763232,30.920000000000073,2623.323,2567.403,37.849,466.723,8507.382,6736.863,6752.49,14839.891,125.452
2025-10-15 21:19:00,10/15,학습,341.258,4.313,3443.705,14851.342,18295.047,0.695114934541558,0.700617643219239,30.89800000000014,2623.335,2567.437,37.852,465.962,8273.136,6725.656,6751.401,14851.342,124.70400000000001
2025-10-15 21:20:00,10/15,학습,341.246,4.329,3433.044,14863.035,18296.078999999998,0.6928069012288114,0.698196913165493,30.876000000000204,2623.333,2567.457,37.856,465.216,8301.025,6723.296,6753.607,14863.035,123.97000000000003
2025-10-15 21:21:00,10/15,학습,341.234,4.346,3422.405,14874.377,18296.782,0.692304160710796,0.695822939532295,30.855000000000018,2623.349,2567.494,37.86,464.482,8525.365,6710.117,6752.698,14874.377,123.24800000000005
2025-10-15 21:22:00,10/15,학습,341.224,4.363,3411.9,14886.056,18297.956000000002,0.6864108751605257,0.6935717935026686,30.835000000000036,2623.351,2567.516,37.865,463.764,8172.374,6704.763,6745.497,14886.056,122.54000000000002
2025-10-15 21:23:00,10/15,학습,341.213,4.38,3401.462,14897.536,18298.998,0.688315010623551,0.691276244431491,30.815000000000055,2623.358,2567.543,37.869,463.057,8639.322,6697.441,6745.992,14897.536,121.844
2025-10-15 21:24:00,10/15,학습,341.203,4.397,3391.061,14908.9,18299.961,0.6844596812407205,0.6890718603358204,30.796000000000276,2623.376,2567.58,37.874,462.364,8500.768,6682.168,6734.034,14908.9,121.161
2025-10-15 21:25:00,10/15,학습,341.195,4.413,3380.808,14920.592,18301.4,0.6806322880356623,0.6868860004396624,30.777000000000044,2623.376,2567.599,37.879,461.684,8343.046,6678.127,6724.085,14920.592,120.48900000000003
2025-10-15 21:26:00,10/15,학습,341.186,4.43,3370.575,14931.904,18302.479,0.6823380471168465,0.6847999826826714,30.759000000000015,2623.393,2567.634,37.885,461.013,8791.108,6664.754,6717.497,14931.904,119.827
2025-10-15 21:27:00,10/15,학습,341.178,4.447,3360.432,14943.393,18303.825,0.6766111180009862,0.6826955635212404,30.740999999999985,2623.405,2567.664,37.89,460.356,8423.74,6652.944,6700.0,14943.393,119.178
2025-10-15 21:28:00,10/15,학습,341.171,4.464,3350.386,14954.892,18305.278,0.6769440272014601,0.6806850277873511,30.723999999999705,2623.412,2567.688,37.896,459.709,8714.094,6645.144,6690.128,14954.892,118.53800000000001
2025-10-15 21:29:00,10/15,학습,341.163,4.48,3340.362,14966.155,18306.517,0.6745362597442004,0.67865108621273,30.707000000000335,2623.434,2567.727,37.902,459.072,8707.683,6627.91,6672.63,14966.155,117.90899999999999
2025-10-15 21:30:00,10/15,학습,341.157,4.497,3330.471,14977.737,18308.208,0.6706996164656445,0.6766987983997916,30.69100000000026,2623.438,2567.747,37.908,458.446,8518.169,6621.061,6655.373,14977.737,117.28900000000004
2025-10-15 21:31:00,10/15,학습,341.151,4.514,3320.602,14988.968,18309.57,0.6724258691156129,0.6747426599256676,30.674999999999727,2623.457,2567.782,37.914,457.827,8984.222,6605.968,6642.373,14988.968,116.67599999999999
2025-10-15 21:32:00,10/15,학습,341.145,4.531,3310.802,15000.283,18311.085,0.6675713710304264,0.6728861400667034,30.65899999999965,2623.477,2567.818,37.921,457.22,8670.167,6589.588,6617.565,15000.283,116.07500000000005
2025-10-15 21:33:00,10/15,학습,341.14,4.547,3301.132,15011.815,18312.947,0.6651913666247147,0.6709711037068813,30.643999999999778,2623.479,2567.835,37.927,456.621,8636.065,6584.316,6600.898,15011.815,115.481
2025-10-15 21:34:00,10/15,학습,341.134,4.564,3291.461,15022.934,18314.395,0.6667235912787928,0.6691321209878556,30.628999999999905,2623.5,2567.871,37.934,456.026,9083.287,6567.774,6586.266,15022.934,114.892
2025-10-15 21:35:00,10/15,학습,341.129,4.581,3281.859,15034.156,18316.015,0.6619261179568247,0.6673325549900861,30.613999999999578,2623.519,2567.905,37.941,455.443,8756.721,6550.759,6559.06,15034.156,114.31399999999996
2025-10-15 21:36:00,10/15,학습,341.125,4.598,3272.372,15045.535,18317.907,0.6606467219943488,0.6655622622903787,30.59999999999991,2623.525,2567.925,37.948,454.867,8846.816,6542.569,6539.648,15045.535,113.74200000000002
2025-10-15 21:37:00,10/15,학습,341.12,4.614,3262.885,15056.556,18319.441,0.6612230671736087,0.6638056339294529,30.58600000000024,2623.55,2567.964,37.956,454.294,9180.265,6522.775,6518.559,15056.556,113.17399999999998
2025-10-15 21:38:00,10/15,학습,341.116,4.631,3253.493,15067.786,18321.279,0.6559782680998496,0.6620566078172634,30.572999999999865,2623.566,2567.993,37.963,453.732,8774.435,6507.539,6488.356,15067.786,112.61600000000004
2025-10-15 21:39:00,10/15,학습,341.113,4.648,3244.192,15079.043,18323.235,0.6557525889317144,0.6603270902928726,30.55899999999974,2623.573,2568.014,37.97,453.176,8999.126,6497.988,6468.582,15079.043,112.06299999999999
2025-10-15 21:40:00,10/15,학습,341.108,4.665,3234.901,15090.027,18324.928,0.6543278552229485,0.6586467275634871,30.54599999999982,2623.595,2568.049,37.978,452.623,9075.308,6479.036,6444.427,15090.027,111.51499999999999
2025-10-15 21:41:00,10/15,학습,341.105,4.682,3225.712,15101.22,18326.932,0.6516781342405703,0.6570030069222481,30.53399999999965,2623.604,2568.07,37.986,452.078,8976.672,6467.567,6419.071,15101.22,110.97299999999996
2025-10-15 21:42:00,10/15,학습,341.101,4.698,3216.547,15112.158,18328.704999999998,0.6511641134582444,0.6552545785157013,30.519999999999982,2623.623,2568.103,37.993,451.537,9180.276,6449.526,6394.812,15112.158,110.43599999999998
2025-10-15 21:43:00,10/15,학습,341.098,4.715,3207.475,15123.286,18330.761,0.647637800678241,0.6536215640398819,30.508000000000266,2623.632,2568.124,38.001,451.001,8958.467,6437.71,6367.836,15123.286,109.90299999999996
2025-10-15 21:44:00,10/15,학습,341.095,4.732,3198.428,15134.161,18332.589,0.6495243073903576,0.6519809023324223,30.49599999999964,2623.651,2568.155,38.009,450.469,9485.697,6419.806,6352.7,15134.161,109.37399999999997
2025-10-15 21:45:00,10/15,학습,341.092,4.748,3189.375,15144.656,18334.031000000003,0.6441755398243483,0.6503905286171552,30.485000000000127,2623.685,2568.2,38.018,449.945,9014.134,6391.463,6316.419,15144.656,108.85300000000001
2025-10-15 21:46:00,10/15,학습,341.092,4.765,3180.505,15155.909,18336.414,0.6432659365180746,0.6487952572944578,30.471999999999753,2623.682,2568.21,38.026,449.424,9137.973,6385.63,6299.434,15155.909,108.332
2025-10-15 21:47:00,10/15,학습,341.09,4.782,3171.655,15166.872,18338.527,0.641933867647494,0.6471798836651879,30.460999999999785,2623.694,2568.233,38.034,448.905,9216.682,6370.989,6287.783,15166.872,107.815
2025-10-15 21:48:00,10/15,학습,341.088,4.799,3162.864,15177.804,18340.668,0.640411766222727,0.6456674417989499,30.450000000000273,2623.706,2568.256,38.043,448.396,9254.774,6355.508,6278.951,15177.804,107.30799999999999
2025-10-15 21:49:00,10/15,학습,341.086,4.815,3154.126,15188.662,18342.788,0.6388760625349266,0.6441506711140716,30.43899999999985,2623.718,2568.279,38.052,447.894,9288.432,6339.724,6271.892,15188.662,106.80799999999999
2025-10-15 21:50:00,10/15,학습,341.084,4.832,3145.439,15199.482,18344.921,0.6372600902688982,0.6425957890793776,30.427999999999884,2623.729,2568.301,38.06,447.396,9320.051,6323.749,6265.936,15199.482,106.31200000000001
2025-10-15 21:51:00,10/15,학습,341.082,4.849,3136.805,15210.259,18347.064,0.6356955844574416,0.6411005057165384,30.416999999999916,2623.74,2568.323,38.069,446.899,9350.458,6307.638,6260.659,15210.259,105.81700000000001
2025-10-15 21:52:00,10/15,학습,341.079,4.866,3128.221,15220.983,18349.204,0.6340596307807845,0.6395423141431769,30.407000000000153,2623.751,2568.344,38.077,446.406,9379.937,6291.429,6255.788,15220.983,105.327
2025-10-15 21:53:00,10/15,학습,341.076,4.882,3119.686,15231.662,18351.348,0.6324865204697797,0.6380274948185103,30.396000000000186,2623.76,2568.364,38.086,445.915,9408.694,6275.15,6251.152,15231.662,104.839
2025-10-15 21:54:00,10/15,학습,341.073,4.899,3111.202,15242.301,18353.503,0.6309074383787036,0.6365341666772006,30.385999999999967,2623.768,2568.382,38.095,445.426,9436.867,6258.824,6246.645,15242.301,104.35300000000001
2025-10-15 21:55:00,10/15,학습,341.071,4.916,3102.768,15252.898,18355.665999999997,0.6293209819351431,0.6350368158012989,30.37599999999975,2623.776,2568.4,38.104,444.939,9464.536,6242.468,6242.203,15252.898,103.868
2025-10-15 21:56:00,10/15,학습,341.068,4.933,3094.384,15263.454,18357.838,0.6277354484871412,0.6335429536586576,30.365999999999985,2623.782,2568.416,38.113,444.455,9491.763,6226.097,6237.788,15263.454,103.387
2025-10-15 21:57:00,10/15,학습,341.066,4.949,3086.049,15273.968,18360.017,0.6261515700298953,0.6320309891038529,30.356000000000222,2623.786,2568.43,38.122,443.974,9518.601,6209.725,6233.381,15273.968,102.90800000000002
2025-10-15 21:58:00,10/15,학습,341.063,4.966,3077.762,15284.44,18362.202,0.6245741033926496,0.6305490187898097,30.346000000000004,2623.789,2568.443,38.131,443.497,9545.09,6193.362,6228.974,15284.44,102.43400000000003
2025-10-15 21:59:00,10/15,학습,341.061,4.983,3069.524,15294.868,18364.392,0.6230005688970052,0.6290722630329333,30.33600000000024,2623.789,2568.453,38.14,443.023,9571.262,6177.017,6224.564,15294.868,101.96200000000005
2025-10-15 22:00:00,10/15,학습,341.063,4.994,3063.545,15300.246,18363.790999999997,0.621446261505392,0.6275582606192618,30.326000000000022,2623.79,2568.464,38.15,442.555,9597.395,6160.644,6220.157,15300.246,101.49200000000002
2025-10-15 22:01:00,10/15,학습,341.075,4.998,3061.324,15299.75,18361.074,0.6198494812809198,0.6259663858033804,30.320999999999913,2623.793,2568.472,38.158,442.128,9625.42,6143.956,6215.782,15299.75,101.053
2025-10-15 22:02:00,10/15,학습,341.093,4.999,3060.431,15299.439,18359.87,0.6187114494981629,0.6248101148938074,30.320999999999913,2623.794,2568.473,38.166,441.795,9652.579,6126.854,6211.452,15299.439,100.702
2025-10-15 22:03:00,10/15,학습,341.114,5.0,3060.109,15299.624,18359.733,0.6182591239864685,0.6243782456804661,30.32400000000007,2623.792,2568.468,38.174,441.599,9673.164,6109.513,6207.104,15299.624,100.48500000000001
2025-10-15 22:04:00,10/15,학습,341.138,5.0,3060.03,15299.95,18359.98,0.6182494200705076,0.6244092562788446,30.32900000000018,2623.788,2568.459,38.179,441.535,9685.636,6092.226,6202.661,15299.95,100.39700000000005
2025-10-15 22:05:00,10/15,학습,341.165,5.0,3060.051,15300.33,18360.381,0.6186308009261043,0.6248565300787507,30.335000000000036,2623.781,2568.446,38.183,441.563,9691.994,6075.247,6198.097,15300.33,100.39799999999997
2025-10-15 22:06:00,10/15,학습,341.193,5.0,3060.115,15300.729,18360.843999999997,0.6192524395787891,0.6255571921867573,30.33999999999969,2623.769,2568.429,38.186,441.652,9694.744,6058.735,6193.442,15300.729,100.459
2025-10-15 22:07:00,10/15,학습,341.22,5.0,3060.192,15301.079,18361.271,0.6200907328120749,0.6264773365535454,30.34400000000005,2623.752,2568.408,38.189,441.782,9695.722,6042.765,6188.754,15301.079,100.56199999999995
2025-10-15 22:08:00,10/15,학습,341.247,5.0,3060.266,15301.356,18361.622,0.6209856011850917,0.6274533276520724,30.34900000000016,2623.73,2568.381,38.191,441.935,9696.199,6027.355,6184.095,15301.356,100.68799999999999
2025-10-15 22:09:00,10/15,학습,341.273,5.0,3060.332,15301.564,18361.896,0.6218704755776899,0.6284157649129256,30.35199999999986,2623.701,2568.349,38.192,442.098,9696.935,6012.485,6179.522,15301.564,100.82499999999999
2025-10-15 22:10:00,10/15,학습,341.297,5.0,3060.387,15301.698,18362.085,0.6227803652172558,0.6293973710203864,30.355000000000018,2623.664,2568.309,38.193,442.263,9698.195,5998.119,6175.08,15301.698,100.96599999999995
2025-10-15 22:11:00,10/15,학습,341.323,5.0,3060.45,15301.308,18361.758,0.6237206580963551,0.6304047008348088,30.35699999999997,2623.594,2568.237,38.194,442.426,9699.892,5984.215,6170.794,15301.308,101.10300000000001
2025-10-15 22:12:00,10/15,학습,341.352,4.999,3060.471,15300.549,18361.02,0.6245571593131224,0.6312861011552084,30.357000000000426,2623.452,2568.095,38.193,442.581,9701.565,5970.727,6166.673,15300.549,101.22900000000004
2025-10-15 22:13:00,10/15,학습,341.381,4.999,3060.434,15299.641,18360.075,0.6254154831138777,0.6322092211918748,30.35699999999997,2623.269,2567.912,38.192,442.731,9702.814,5957.643,6162.711,15299.641,101.35000000000002
2025-10-15 22:14:00,10/15,학습,341.412,4.999,3060.351,15298.303,18358.654,0.62628352938451,0.6331447044187073,30.356000000000222,2623.03,2567.674,38.19,442.885,9703.069,5944.964,6158.892,15298.303,101.47300000000001
2025-10-15 22:15:00,10/15,학습,341.446,4.998,3060.209,15296.339,18356.548,0.6271210008268993,0.6340316844809921,30.353000000000065,2622.715,2567.362,38.186,443.045,9702.163,5932.696,6155.194,15296.339,101.59899999999999
2025-10-15 22:16:00,10/15,학습,341.485,4.998,3059.997,15293.569,18353.566,0.6279996180260925,0.6349839057166495,30.346999999999753,2622.292,2566.945,38.181,443.204,9700.107,5920.84,6151.599,15293.569,101.719
2025-10-15 22:17:00,10/15,학습,341.533,4.997,3059.695,15289.625,18349.32,0.6289266542627964,0.6359661402253014,30.338999999999942,2621.715,2566.376,38.174,443.367,9696.559,5909.391,6148.087,15289.625,101.834
2025-10-15 22:18:00,10/15,학습,341.593,4.996,3059.271,15283.907,18343.178,0.6298884219485994,0.6369896943567257,30.326000000000022,2620.907,2565.581,38.163,443.543,9690.923,5898.35,6144.633,15283.907,101.94999999999999
2025-10-15 22:19:00,10/15,학습,341.674,4.994,3058.669,15275.48,18334.148999999998,0.630980965924363,0.63812993005346,30.30600000000004,2619.75,2564.444,38.147,443.739,9682.403,5887.711,6141.204,15275.48,102.065
2025-10-15 22:20:00,10/15,학습,341.788,4.991,3057.803,15262.868,18320.671000000002,0.6322687254356251,0.6394553980686783,30.27599999999984,2618.053,2562.777,38.123,443.968,9669.743,5877.467,6137.762,15262.868,102.18
2025-10-15 22:21:00,10/15,학습,341.953,4.987,3056.525,15243.898,18300.423,0.6339052223285843,0.6411257991760724,30.230999999999767,2615.526,2560.295,38.087,444.253,9650.897,5867.605,6134.249,15243.898,102.30000000000001
2025-10-15 22:22:00,10/15,학습,342.192,4.981,3054.566,15216.07,18270.636,0.636140092425261,0.6433755803590195,30.164000000000215,2611.782,2556.618,38.034,444.629,9622.771,5858.119,6130.587,15216.07,102.43700000000001
2025-10-15 22:23:00,10/15,학습,342.521,4.974,3051.469,15178.396,18229.865,0.6392109205125984,0.6464739848129701,30.072000000000116,2606.487,2551.415,37.958,445.154,9581.409,5849.065,6126.669,15178.396,102.63299999999998
2025-10-15 22:24:00,10/15,학습,342.919,4.968,3046.654,15134.591,18181.245,0.6438702911219572,0.6512175792018879,29.960999999999785,2599.736,2544.775,37.865,445.912,9523.594,5840.666,6122.369,15134.591,102.993
2025-10-15 22:25:00,10/15,학습,343.317,4.965,3039.883,15092.895,18132.778,0.6504504148662172,0.6579814634733037,29.850999999999658,2592.352,2537.501,37.765,447.009,9450.337,5833.398,6117.59,15092.895,103.69200000000001
2025-10-15 22:26:00,10/15,학습,343.635,4.967,3031.757,15059.853,18091.61,0.6588579103593871,0.666706502374991,29.75500000000011,2585.52,2530.765,37.672,448.493,9370.372,5827.826,6112.355,15059.853,104.858
2025-10-15 22:27:00,10/15,학습,343.835,4.973,3023.451,15036.552,18060.003,0.6681366827865592,0.6763508645006908,29.677999999999884,2580.103,2525.425,37.594,450.247,9300.696,5824.159,6106.893,15036.552,106.41200000000003
2025-10-15 22:28:00,10/15,학습,343.92,4.98,3016.018,15021.056,18037.074,0.6766125259327891,0.685024226278838,29.61299999999983,2576.364,2521.751,37.531,451.976,9261.822,5821.893,6101.669,15021.056,108.05599999999998
2025-10-15 22:29:00,10/15,학습,343.913,4.987,3010.053,15011.133,18021.186,0.6830017369763112,0.6912783348376701,29.559999999999945,2574.119,2519.559,37.483,453.355,9268.325,5819.824,6097.274,15011.133,109.44200000000001
2025-10-15 22:30:00,10/15,학습,343.839,4.992,3005.686,15005.015,18010.701,0.6867704499067864,0.6944966277963422,29.514999999999873,2572.988,2518.473,37.449,454.199,9321.234,5816.448,6094.205,15005.015,110.36000000000001
2025-10-15 22:31:00,10/15,학습,343.723,4.996,3002.734,15001.41,18004.144,0.6878493978746193,0.6947687944336245,29.477000000000317,2572.588,2518.111,37.425,454.487,9408.442,5810.479,6092.669,15001.41,110.76400000000001
2025-10-15 22:32:00,10/15,학습,343.585,4.998,3000.884,14999.424,18000.308,0.6866660836098104,0.6926916002641657,29.447000000000116,2572.621,2518.174,37.409,454.304,9511.218,5801.202,6092.522,14999.424,110.719
2025-10-15 22:33:00,10/15,학습,343.438,5.0,2999.819,14998.458,17998.277000000002,0.6837504071216524,0.6890421029824085,29.421000000000276,2572.876,2518.455,37.399,453.774,9611.011,5788.576,6093.358,14998.458,110.33600000000001
2025-10-15 22:34:00,10/15,학습,343.292,5.001,2999.277,14998.106,17997.383,0.6795984597953855,0.6843986073551409,29.399000000000342,2573.222,2518.823,37.393,453.018,9693.645,5773.119,6094.632,14998.106,109.726
2025-10-15 22:35:00,10/15,학습,343.152,5.001,2999.06,14998.101,17997.161,0.6747165428229668,0.6793022463102916,29.380999999999858,2573.584,2519.203,37.39,452.141,9750.942,5755.71,6095.801,14998.101,108.98900000000003
2025-10-15 22:36:00,10/15,학습,343.022,5.001,2999.032,14998.272,17997.304,0.6694813757623441,0.6741341588875662,29.36499999999978,2573.921,2519.556,37.389,451.218,9780.447,5737.373,6096.403,14998.272,108.19600000000003
2025-10-15 22:37:00,10/15,학습,342.902,5.001,2999.104,14998.517,17997.621,0.6641009915049645,0.6690433942552814,29.351000000000113,2574.216,2519.865,37.388,450.303,9784.109,5719.096,6096.11,14998.517,107.40100000000001
2025-10-15 22:38:00,10/15,학습,342.793,5.001,2999.221,14998.778,17997.999,0.6588103990947891,0.6641908811664661,29.338000000000193,2574.462,2520.124,37.387,449.426,9766.648,5701.707,6094.729,14998.778,106.63299999999998
2025-10-15 22:39:00,10/15,학습,342.694,5.001,2999.351,14999.024,17998.375,0.6538569211956324,0.6597511904111797,29.32699999999977,2574.662,2520.335,37.387,448.607,9734.089,5685.814,6092.185,14999.024,105.91300000000001
2025-10-15 22:40:00,10/15,학습,342.603,5.001,2999.476,14999.238,17998.714,0.6492510986582962,0.6556782764755105,29.317000000000007,2574.821,2520.504,37.387,447.852,9692.637,5671.786,6088.483,14999.238,105.24899999999997
2025-10-15 22:41:00,10/15,학습,342.521,5.0,2999.586,14999.416,17999.002,0.6450379047519736,0.6519477878478095,29.30699999999979,2574.944,2520.637,37.387,447.162,9647.93,5659.769,6083.668,14999.416,104.64099999999996
2025-10-15 22:42:00,10/15,학습,342.447,5.0,2999.679,14999.557,17999.236,0.6412374622615055,0.6486003507212932,29.299000000000433,2575.039,2520.74,37.387,446.536,9604.606,5649.724,6077.793,14999.557,104.089
2025-10-15 22:43:00,10/15,학습,342.378,5.0,2999.753,14999.664,17999.417,0.6378286010012597,0.6455720308476278,29.289999999999964,2575.111,2520.821,37.387,445.968,9566.119,5641.469,6070.878,14999.664,103.59000000000003
2025-10-15 22:44:00,10/15,학습,342.315,5.0,2999.81,14999.741,17999.551,0.6347159407443965,0.6427610914489885,29.2829999999999,2575.167,2520.884,37.386,445.453,9534.73,5634.731,6062.885,14999.741,103.13799999999998
2025-10-15 22:45:00,10/15,학습,342.257,5.0,2999.852,14999.794,17999.646,0.6320088834143065,0.6402763591522251,29.27599999999984,2575.211,2520.935,37.386,444.985,9511.606,5629.181,6053.689,14999.794,102.72800000000001
2025-10-15 22:46:00,10/15,학습,342.202,5.0,2999.88,14999.826,17999.706,0.6295244792908754,0.6379426052019481,29.269999999999982,2575.248,2520.978,37.385,444.559,9496.989,5624.482,6043.06,14999.826,102.35700000000003
2025-10-15 22:47:00,10/15,학습,342.152,5.0,2999.898,14999.844,17999.742,0.627376066414414,0.6358821789531919,29.264000000000124,2575.28,2521.016,37.385,444.171,9490.403,5620.311,6030.647,14999.844,102.019
2025-10-15 22:48:00,10/15,학습,342.105,5.0,2999.908,14999.85,17999.758,0.6253760372271046,0.633920421723918,29.25799999999981,2575.31,2521.052,37.384,443.816,9490.86,5616.382,6015.973,14999.85,101.71099999999996
2025-10-15 22:49:00,10/15,학습,342.062,5.0,2999.911,14999.85,17999.761,0.623643825974594,0.6321882008042166,29.25400000000036,2575.34,2521.086,37.384,443.491,9497.07,5612.459,5998.464,14999.85,101.42899999999997
2025-10-15 22:50:00,10/15,학습,342.021,5.0,2999.911,14999.844,17999.754999999997,0.6220848652783019,0.6306031466532183,29.24900000000025,2575.371,2521.122,37.384,443.195,9507.623,5608.366,5977.519,14999.844,101.17399999999998
2025-10-15 22:51:00,10/15,학습,341.983,5.0,2999.908,14999.837,17999.745,0.6205972720500296,0.6290740701242017,29.24499999999989,2575.403,2521.158,37.383,442.924,9521.164,5603.979,5952.671,14999.837,100.94099999999997
2025-10-15 22:52:00,10/15,학습,341.948,5.0,2999.904,14999.829,17999.733,0.6193139521477669,0.627741018239758,29.241999999999734,2575.437,2521.195,37.383,442.677,9536.52,5599.224,5923.796,14999.829,100.72900000000004
2025-10-15 22:53:00,10/15,학습,341.916,5.0,2999.899,14999.822,17999.721,0.6181546458284711,0.6265300649909915,29.239000000000033,2575.473,2521.234,37.383,442.454,9552.76,5594.068,5891.295,14999.822,100.53800000000001
2025-10-15 22:54:00,10/15,학습,341.886,5.0,2999.895,14999.816,17999.711,0.6170229185427204,0.6253497566799393,29.23700000000008,2575.51,2521.273,37.382,442.251,9569.167,5588.506,5856.065,14999.816,100.36499999999995
2025-10-15 22:55:00,10/15,학습,341.859,5.0,2999.892,14999.812,17999.703999999998,0.6160664512801498,0.6243494372075085,29.233999999999924,2575.548,2521.314,37.382,442.069,9585.171,5582.558,5819.248,14999.812,100.21000000000004
2025-10-15 22:56:00,10/15,학습,341.834,5.0,2999.889,14999.81,17999.699,0.6152078569913314,0.6234544593082629,29.233000000000175,2575.587,2521.354,37.382,441.907,9600.3,5576.261,5781.912,14999.81,100.07299999999998
2025-10-15 22:57:00,10/15,학습,341.812,5.0,2999.888,14999.81,17999.698,0.6143589775574115,0.6225789711423912,29.23199999999997,2575.627,2521.395,37.381,441.763,9614.195,5569.667,5744.866,14999.81,99.95099999999996
2025-10-15 22:58:00,10/15,학습,341.791,5.0,2999.888,14999.813,17999.701,0.6136590030537652,0.6218613327864133,29.231000000000222,2575.666,2521.435,37.381,441.635,9626.625,5562.835,5708.65,14999.813,99.844
2025-10-15 22:59:00,10/15,학습,341.773,5.0,2999.889,14999.817,17999.706,0.6130383851935036,0.6212325413355397,29.230000000000018,2575.705,2521.475,37.381,441.524,9637.489,5555.828,5673.594,14999.817,99.75099999999998
2025-10-15 23:00:00,10/15,학습,341.767,5.0,2999.889,14999.818,17999.707,0.6128456507296213,0.6210390178750351,29.230000000000018,2575.718,2521.488,37.381,441.49,9640.776,5553.465,5662.19,14999.818,99.72300000000001
2025-10-16 15:00:00,10/16,학습,341.321,5.0,3000.054,14999.86,17999.914,0.6062445889421284,0.6157550652215484,29.213000000000193,2575.766,2521.553,37.375,440.582,9671.627,5328.468,5114.955,14999.86,99.26099999999997
2025-10-16 15:01:00,10/16,학습,341.201,5.0,2999.536,14998.122,17997.658,0.6051132831713438,0.614588597986145,29.190000000000055,2575.987,2521.797,37.36,440.624,9675.67,5328.375,5115.242,14998.122,99.423
2025-10-16 15:02:00,10/16,학습,341.118,5.001,2998.992,14997.451,17996.443,0.6016497918732414,0.6110404483122143,29.162000000000262,2576.407,2522.245,37.346,440.242,9693.914,5327.857,5117.615,14997.451,99.12400000000002
2025-10-16 15:03:00,10/16,학습,341.014,5.001,2999.107,14998.692,17997.799,0.5970325317961841,0.606291029733623,29.152999999999793,2576.689,2522.536,37.349,439.365,9725.032,5326.437,5121.986,14998.692,98.351
2025-10-16 15:04:00,10/16,학습,340.917,5.001,2999.433,14999.311,17998.744,0.5932137326424763,0.6024038936457843,29.148999999999887,2576.817,2522.668,37.354,438.59,9746.963,5324.124,5118.973,14999.311,97.673
2025-10-16 15:05:00,10/16,학습,340.837,5.0,2999.577,14999.337,17998.914,0.5897937793501665,0.598965838503142,29.140000000000327,2576.927,2522.787,37.354,437.971,9754.567,5321.4,5103.366,14999.337,97.13400000000001
2025-10-16 15:06:00,10/16,학습,340.766,5.0,2999.672,14999.522,17999.194,0.586474190061123,0.5956731798104755,29.13299999999981,2577.019,2522.886,37.354,437.373,9755.462,5318.633,5079.747,14999.522,96.60699999999997
2025-10-16 15:07:00,10/16,학습,340.699,5.0,2999.778,14999.728,17999.505999999998,0.5834785612126154,0.5927168273460137,29.126999999999953,2577.074,2522.947,37.355,436.817,9752.651,5315.996,5052.293,14999.728,96.118
2025-10-16 15:08:00,10/16,학습,340.64,5.0,2999.852,14999.81,17999.662,0.5808004719383618,0.5900838338680812,29.121000000000095,2577.109,2522.988,37.355,436.332,9747.076,5313.599,5022.816,14999.81,95.69200000000001
2025-10-16 15:09:00,10/16,학습,340.587,5.0,2999.894,14999.853,17999.747,0.5784932792357098,0.5878186256616487,29.115999999999985,2577.137,2523.021,37.356,435.901,9740.85,5311.492,4993.039,14999.853,95.31400000000002
2025-10-16 15:10:00,10/16,학습,340.538,5.0,2999.923,14999.893,17999.816,0.5763512892462901,0.5857104775734592,29.11100000000033,2577.157,2523.046,37.356,435.512,9735.749,5309.653,4964.512,14999.893,94.97399999999999
2025-10-16 15:11:00,10/16,학습,340.494,5.0,2999.942,14999.915,17999.857,0.5744423388703167,0.5838251645286325,29.10699999999997,2577.173,2523.066,37.356,435.164,9732.606,5308.019,4938.106,14999.915,94.66999999999996
2025-10-16 15:12:00,10/16,학습,340.453,5.0,2999.953,14999.924,17999.877,0.5727434271024457,0.5821396075848146,29.103000000000065,2577.186,2523.083,37.356,434.853,9731.831,5306.506,4914.236,14999.924,94.40000000000003
2025-10-16 15:13:00,10/16,학습,340.415,5.0,2999.958,14999.927,17999.885,0.5712144058941854,0.5806144797804005,29.09999999999991,2577.199,2523.099,37.356,434.572,9733.567,5305.024,4893.074,14999.927,94.15699999999998
2025-10-16 15:14:00,10/16,학습,340.381,5.0,2999.961,14999.928,17999.889,0.5698475277985641,0.5792436524638642,29.096000000000004,2577.211,2523.115,37.356,434.32,9737.659,5303.486,4874.588,14999.928,93.93900000000002
2025-10-16 15:15:00,10/16,학습,340.35,5.0,2999.961,14999.926,17999.887,0.5686143409071893,0.5780006419475541,29.093000000000302,2577.224,2523.131,37.356,434.092,9743.752,5301.818,4858.592,14999.926,93.74199999999996
2025-10-16 15:16:00,10/16,학습,340.321,5.0,2999.96,14999.923,17999.883,0.5674280708360078,0.5768008933562694,29.090999999999894,2577.238,2523.147,37.355,433.886,9751.403,5299.962,4844.823,14999.923,93.565
2025-10-16 15:17:00,10/16,학습,340.294,5.0,2999.958,14999.92,17999.878,0.5664303242870963,0.5757874077185217,29.088999999999942,2577.252,2523.163,37.355,433.701,9760.134,5297.88,4832.986,14999.92,93.40700000000004
2025-10-16 15:18:00,10/16,학습,340.27,5.0,2999.956,14999.917,17999.873,0.5655280942708631,0.5748689900466135,29.08699999999999,2577.267,2523.18,37.355,433.534,9769.477,5295.549,4822.78,14999.917,93.26400000000001
2025-10-16 15:19:00,10/16,학습,340.247,5.0,2999.954,14999.915,17999.869000000002,0.5647095112441811,0.5740350272131767,29.085000000000036,2577.283,2523.198,37.355,433.383,9779.013,5292.966,4813.923,14999.915,93.13599999999997
2025-10-16 15:20:00,10/16,학습,340.227,5.0,2999.952,14999.913,17999.865,0.5639749774204593,0.5732868305901953,29.084000000000287,2577.3,2523.216,37.355,433.248,9788.385,5290.14,4806.162,14999.913,93.02100000000002
2025-10-16 15:21:00,10/16,학습,340.208,5.0,2999.951,14999.912,17999.863,0.5633131754400492,0.5726137367821991,29.083000000000084,2577.317,2523.234,37.355,433.127,9797.317,5287.09,4799.281,14999.912,92.91899999999998
2025-10-16 15:22:00,10/16,학습,340.191,5.0,2999.95,14999.913,17999.863,0.5626427293845155,0.5719350824988405,29.080999999999676,2577.334,2523.253,37.354,433.019,9805.608,5283.844,4793.102,14999.913,92.82800000000003
2025-10-16 15:23:00,10/16,학습,340.175,5.0,2999.95,14999.914,17999.864,0.5621042157642273,0.5713908718481615,29.080999999999676,2577.352,2523.271,37.354,432.922,9813.128,5280.436,4787.487,14999.914,92.74700000000001
2025-10-16 15:24:00,10/16,학습,340.161,5.0,2999.95,14999.916,17999.865999999998,0.5616220676824983,0.5709058092941495,29.079999999999927,2577.369,2523.289,37.354,432.836,9819.813,5276.899,4782.326,14999.916,92.67500000000001
2025-10-16 15:25:00,10/16,학습,340.148,5.0,2999.951,14999.919,17999.87,0.5611911085642408,0.5704745503921449,29.07900000000018,2577.386,2523.307,37.354,432.76,9825.65,5273.27,4777.544,14999.919,92.61199999999997
2025-10-16 15:26:00,10/16,학습,340.136,5.0,2999.952,14999.923,17999.875,0.5608020186749758,0.570087535660647,29.078999999999724,2577.403,2523.324,37.354,432.692,9830.665,5269.58,4773.083,14999.923,92.55599999999998
2025-10-16 15:27:00,10/16,학습,340.126,5.0,2999.954,14999.927,17999.881,0.5603859439409316,0.5696759741349335,29.078999999999724,2577.419,2523.34,37.353,432.633,9834.913,5265.862,4768.906,14999.927,92.507
2025-10-16 15:28:00,10/16,학습,340.116,5.0,2999.956,14999.932,17999.888,0.5600804993454871,0.5693763354777059,29.077999999999975,2577.434,2523.356,37.353,432.581,9838.47,5262.142,4764.988,14999.932,92.46500000000003
2025-10-16 15:29:00,10/16,학습,340.107,5.0,2999.958,14999.937,17999.895,0.5598071894618067,0.5691102227490985,29.077999999999975,2577.449,2523.371,37.353,432.535,9841.418,5258.443,4761.314,14999.937,92.428
2025-10-16 15:30:00,10/16,학습,340.099,5.0,2999.961,14999.943,17999.904,0.55956211620167,0.5688734430854216,29.077999999999975,2577.462,2523.384,37.353,432.494,9843.843,5254.786,4757.872,14999.943,92.39500000000004
2025-10-16 15:31:00,10/16,학습,340.092,5.0,2999.964,14999.949,17999.913,0.5593486390554947,0.568669025257702,29.077999999999975,2577.475,2523.397,37.353,432.459,9845.829,5251.187,4754.654,14999.949,92.36700000000002
2025-10-16 15:32:00,10/16,학습,340.085,5.0,2999.967,14999.955,17999.922,0.5590772895456957,0.5684077324345065,29.077999999999975,2577.487,2523.409,37.352,432.427,9847.45,5247.657,4751.654,14999.955,92.34200000000004
2025-10-16 15:33:00,10/16,학습,340.079,5.0,2999.97,14999.961,17999.931,0.5589084346564536,0.5682488482106034,29.077999999999975,2577.498,2523.42,37.352,432.4,9848.775,5244.206,4748.862,14999.961,92.32099999999997
2025-10-16 15:34:00,10/16,학습,340.073,5.0,2999.973,14999.967,17999.940000000002,0.5587513277031477,0.568101941764108,29.077000000000226,2577.507,2523.43,37.352,432.375,9849.861,5240.84,4746.272,14999.967,92.30200000000002
2025-10-16 15:35:00,10/16,학습,340.068,5.0,2999.976,14999.973,17999.949,0.5586115420284206,0.5679724164719562,29.077000000000226,2577.516,2523.439,37.352,432.353,9850.754,5237.565,4743.872,14999.973,92.28500000000003
2025-10-16 15:36:00,10/16,학습,340.063,5.0,2999.979,14999.979,17999.958,0.5584849609823906,0.5678560657746303,29.077999999999975,2577.524,2523.446,37.352,432.333,9851.493,5234.384,4741.651,14999.979,92.27000000000004
2025-10-16 15:37:00,10/16,학습,340.058,5.0,2999.983,14999.986,17999.969,0.558294643581039,0.5676762531648953,29.077000000000226,2577.53,2523.453,37.351,432.315,9852.106,5231.297,4739.597,14999.986,92.257
2025-10-16 15:38:00,10/16,학습,340.054,5.0,2999.986,14999.992,17999.978,0.5581910959027827,0.567582684109651,29.077000000000226,2577.536,2523.459,37.351,432.299,9852.615,5228.305,4737.696,14999.992,92.245
2025-10-16 15:39:00,10/16,학습,340.05,5.0,2999.989,14999.998,17999.987,0.5580954997813589,0.5674968940806417,29.07699999999977,2577.54,2523.463,37.351,432.284,9853.035,5225.409,4735.935,14999.998,92.23399999999998
2025-10-16 15:40:00,10/16,학습,340.047,5.0,2999.992,15000.004,17999.996,0.5580000579898299,0.567411100034211,29.076000000000022,2577.543,2523.467,37.351,432.269,9853.377,5222.607,4734.301,15000.004,92.22199999999998
2025-10-16 15:41:00,10/16,학습,340.043,5.0,2999.996,15000.01,18000.006,0.5579168207136366,0.567337297717269,29.076000000000022,2577.546,2523.47,37.351,432.256,9853.649,5219.899,4732.782,15000.01,92.21299999999997
2025-10-16 15:42:00,10/16,학습,340.04,5.0,2999.999,15000.016,18000.015,0.5578361681223546,0.5672658743350429,29.076000000000022,2577.547,2523.471,37.351,432.243,9853.856,5217.283,4731.364,15000.016,92.20299999999997
2025-10-16 15:43:00,10/16,학습,340.037,5.0,3000.002,15000.022,18000.024,0.5577556973897682,0.5671944480485771,29.075999999999567,2577.548,2523.472,37.351,432.23,9854.001,5214.758,4730.038,15000.022,92.19300000000004
2025-10-16 15:44:00,10/16,학습,340.034,5.0,3000.005,15000.027,18000.032,0.5576832232713836,0.5671308039176504,29.076000000000022,2577.547,2523.471,37.351,432.218,9854.086,5212.323,4728.794,15000.027,92.18400000000003
2025-10-16 15:45:00,10/16,학습,340.032,5.0,3000.008,15000.033,18000.040999999997,0.5576109346753229,0.5670671573937485,29.076000000000022,2577.546,2523.47,37.351,432.206,9854.114,5209.977,4727.622,15000.033,92.17400000000004
2025-10-16 15:46:00,10/16,학습,340.029,5.0,3000.01,15000.038,18000.048000000003,0.5575454573431495,0.567010102949528,29.075000000000273,2577.543,2523.468,37.351,432.195,9854.087,5207.717,4726.515,15000.038,92.166
2025-10-16 15:47:00,10/16,학습,340.027,5.0,3000.013,15000.043,18000.056,0.5574759221784961,0.5669488340058668,29.074999999999818,2577.54,2523.465,37.351,432.183,9854.007,5205.543,4725.468,15000.043,92.156
2025-10-16 15:48:00,10/16,학습,340.025,5.0,3000.016,15000.048,18000.064000000002,0.5574077645307727,0.5668887538473757,29.075000000000273,2577.536,2523.461,37.351,432.171,9853.875,5203.454,4724.474,15000.048,92.14600000000002
2025-10-16 15:49:00,10/16,학습,340.023,5.0,3000.018,15000.052,18000.07,0.5573464173988412,0.5668352665288825,29.074999999999818,2577.531,2523.456,37.351,432.16,9853.696,5201.446,4723.53,15000.052,92.137
2025-10-16 15:50:00,10/16,학습,340.021,5.0,3000.021,15000.057,18000.078,0.5572798210994728,0.5667763731902398,29.07400000000007,2577.525,2523.451,37.351,432.148,9853.471,5199.52,4722.632,15000.057,92.12700000000001
2025-10-16 15:51:00,10/16,학습,340.019,5.0,3000.023,15000.061,18000.084,0.5572200416041284,0.566724073144375,29.073999999999614,2577.519,2523.445,37.351,432.137,9853.205,5197.673,4721.776,15000.061,92.118
2025-10-16 15:52:00,10/16,학습,340.017,5.0,3000.025,15000.064,18000.089,0.5571616421920431,0.5666729624586917,29.07400000000007,2577.512,2523.438,37.351,432.126,9852.899,5195.904,4720.962,15000.064,92.10899999999998
2025-10-16 15:53:00,10/16,학습,340.016,5.0,3000.027,15000.068,18000.095,0.5570992130883468,0.5666176364853437,29.07400000000007,2577.504,2523.43,37.351,432.114,9852.558,5194.212,4720.186,15000.068,92.09799999999996
2025-10-16 15:54:00,10/16,학습,340.014,5.0,3000.029,15000.071,18000.1,0.5570423877361168,0.5665677133112448,29.072999999999865,2577.495,2523.422,37.351,432.103,9852.184,5192.593,4719.447,15000.071,92.089
2025-10-16 15:55:00,10/16,학습,340.013,5.0,3000.031,15000.074,18000.105,0.5569803405703404,0.5665123833348131,29.07199999999966,2577.486,2523.414,37.351,432.091,9851.78,5191.048,4718.744,15000.074,92.07800000000003
2025-10-16 15:56:00,10/16,학습,340.012,5.0,3000.033,15000.077,18000.11,0.5569262907843582,0.5664648390278628,29.072999999999865,2577.477,2523.404,37.351,432.08,9851.35,5189.573,4718.076,15000.077,92.06799999999998
2025-10-16 15:57:00,10/16,학습,340.01,5.0,3000.034,15000.079,18000.113,0.5568712515610144,0.5664161017892526,29.072000000000116,2577.467,2523.395,37.351,432.069,9850.895,5188.167,4717.441,15000.079,92.05900000000003
2025-10-16 15:58:00,10/16,학습,340.009,5.0,3000.035,15000.081,18000.116,0.5568121858717372,0.5663631485569869,29.070999999999913,2577.456,2523.385,37.351,432.057,9850.419,5186.829,4716.839,15000.081,92.048
2025-10-16 15:59:00,10/16,학습,340.008,5.0,3000.037,15000.083,18000.12,0.5568343401089393,0.5663910701717316,29.071000000000367,2577.445,2523.374,37.352,432.046,9849.924,5185.557,4716.268,15000.083,92.03800000000001
2025-10-16 16:00:00,10/16,학습,340.02,5.0,3000.031,15000.061,18000.092,0.5567787729185499,0.5663411371636426,29.070999999999913,2577.437,2523.366,37.352,432.035,9849.41,5184.347,4715.729,15000.061,92.01500000000004
2025-10-16 16:01:00,10/16,학습,340.055,5.0,3000.056,15000.19,18000.246,0.5567907056241537,0.5663593423591113,29.07300000000032,2577.418,2523.345,37.353,432.02,9848.68,5183.203,4715.217,15000.19,91.96499999999997
2025-10-16 16:02:00,10/16,학습,340.1,5.0,3000.142,15000.447,18000.589,0.557103789011515,0.5666818374400777,29.077999999999975,2577.362,2523.284,37.356,432.025,9846.765,5182.151,4714.634,15000.447,91.92499999999995
2025-10-16 16:03:00,10/16,학습,340.156,5.0,3000.239,15000.621,18000.86,0.5578697379348228,0.5674632873004573,29.084000000000287,2577.271,2523.187,37.359,432.107,9842.195,5181.26,4713.813,15000.621,91.95100000000002
2025-10-16 16:04:00,10/16,학습,340.222,5.0,3000.302,15000.686,18000.988,0.5591390716014457,0.568753843981056,29.09100000000035,2577.166,2523.075,37.362,432.28,9835.01,5180.618,4713.115,15000.686,92.05799999999999
2025-10-16 16:05:00,10/16,학습,340.298,5.0,3000.34,15000.731,18001.071,0.5607241538650017,0.5703633469000606,29.097999999999956,2577.052,2522.954,37.364,432.524,9826.513,5180.285,4713.622,15000.731,92.226
2025-10-16 16:06:00,10/16,학습,340.381,5.0,3000.367,15000.768,18001.135000000002,0.5627470765472046,0.5724122260623785,29.10699999999997,2576.931,2522.824,37.367,432.834,9817.585,5180.277,4716.284,15000.768,92.45300000000003
2025-10-16 16:07:00,10/16,학습,340.471,5.0,3000.385,15000.786,18001.171000000002,0.5650208176303567,0.5747128131030412,29.11499999999978,2576.805,2522.69,37.369,433.204,9808.634,5180.593,4721.598,15000.786,92.733
2025-10-16 16:08:00,10/16,학습,340.568,5.0,3000.397,15000.797,18001.194,0.5675919750222336,0.5773111920352079,29.125,2576.677,2522.552,37.371,433.629,9799.95,5181.215,4729.816,15000.797,93.06100000000004
2025-10-16 16:09:00,10/16,학습,340.67,5.0,3000.406,15000.809,18001.215,0.5704165963132357,0.580163171420681,29.135999999999967,2576.546,2522.41,37.373,434.101,9791.668,5182.123,4741.031,15000.809,93.43099999999998
2025-10-16 16:10:00,10/16,학습,340.777,5.0,3000.414,15000.824,18001.238,0.5734652634474537,0.5832395941590474,29.146000000000186,2576.411,2522.265,37.375,434.615,9783.733,5183.293,4755.174,15000.824,93.83800000000002
2025-10-16 16:11:00,10/16,학습,340.888,5.0,3000.424,15000.842,18001.266,0.5767843657406849,0.5865876004597677,29.1579999999999,2576.274,2522.116,37.378,435.166,9775.992,5184.707,4772.072,15000.842,94.27800000000002
2025-10-16 16:12:00,10/16,학습,341.004,5.0,3000.435,15000.864,18001.299,0.5802098358479307,0.5900435518732339,29.170000000000073,2576.132,2521.962,37.38,435.751,9768.247,5186.355,4791.497,15000.864,94.74699999999996
2025-10-16 16:13:00,10/16,학습,341.123,5.0,3000.448,15000.89,18001.338,0.5838656564288665,0.593732690265409,29.182000000000244,2575.985,2521.803,37.383,436.366,9760.284,5188.233,4813.199,15000.89,95.243
2025-10-16 16:14:00,10/16,학습,341.245,5.0,3000.463,15000.92,18001.383,0.5875827744184068,0.597486514456063,29.19399999999996,2575.832,2521.638,37.385,437.007,9751.899,5190.344,4836.923,15000.92,95.762
2025-10-16 16:15:00,10/16,학습,341.371,5.0,3000.481,15000.953,18001.434,0.5915008692762014,0.6014461580588146,29.205999999999676,2575.673,2521.467,37.388,437.673,9742.918,5192.699,4862.427,15000.953,96.30200000000002
2025-10-16 16:16:00,10/16,학습,341.499,4.999,3000.5,15000.988,18001.487999999998,0.5955259827741666,0.6055010341585183,29.2199999999998,2575.508,2521.288,37.391,438.36,9733.209,5195.313,4889.488,15000.988,96.86099999999999
2025-10-16 16:17:00,10/16,학습,341.63,4.999,3000.52,15001.026,18001.546,0.5995782681995011,0.609605478461944,29.233999999999924,2575.335,2521.101,37.393,439.067,9722.682,5198.205,4917.913,15001.026,97.43700000000001
2025-10-16 16:18:00,10/16,학습,341.763,4.999,3000.542,15001.066,18001.608,0.603780388636162,0.6138667855452153,29.246999999999844,2575.154,2520.907,37.396,439.79,9711.288,5201.394,4947.532,15001.066,98.02700000000004
2025-10-16 16:19:00,10/16,학습,341.898,4.999,3000.564,15001.106,18001.67,0.6081385713386926,0.6182917106973087,29.260999999999967,2574.965,2520.704,37.4,440.53,9699.017,5204.901,4978.201,15001.106,98.63199999999995
2025-10-16 16:20:00,10/16,학습,342.035,4.999,3000.588,15001.148,18001.736,0.6124800339468703,0.6227069253284039,29.27599999999984,2574.768,2520.492,37.403,441.282,9685.891,5208.746,5009.801,15001.148,99.24699999999996
2025-10-16 16:21:00,10/16,학습,342.174,4.999,3000.612,15001.189,18001.801,0.6168812284093276,0.6271892984626701,29.289999999999964,2574.562,2520.272,37.406,442.047,9671.955,5212.945,5042.231,15001.189,99.87300000000005
2025-10-16 16:22:00,10/16,학습,342.315,4.999,3000.636,15001.23,18001.865999999998,0.6214009118597097,0.6317979357066099,29.30500000000029,2574.347,2520.042,37.41,442.822,9657.272,5217.514,5075.408,15001.23,100.507
2025-10-16 16:23:00,10/16,학습,342.457,4.999,3000.661,15001.27,18001.931,0.6258915635195872,0.6363841731252342,29.31999999999971,2574.124,2519.804,37.413,443.607,9641.918,5222.464,5109.262,15001.27,101.15000000000003
2025-10-16 16:24:00,10/16,학습,342.6,4.999,3000.685,15001.31,18001.995,0.6304835679359929,0.6410789547877507,29.335000000000036,2573.892,2519.557,37.417,444.399,9625.973,5227.804,5143.735,15001.31,101.79899999999998
2025-10-16 16:25:00,10/16,학습,342.744,4.999,3000.709,15001.348,18002.057,0.6350994518508426,0.6458039058359744,29.34999999999991,2573.651,2519.301,37.421,445.197,9609.518,5233.539,5178.775,15001.348,102.45299999999997
2025-10-16 16:26:00,10/16,학습,342.889,4.999,3000.732,15001.385,18002.117,0.6397394501613518,0.6505587844954375,29.36499999999978,2573.401,2519.036,37.425,446.001,9592.632,5239.67,5214.336,15001.385,103.11199999999997
2025-10-16 16:27:00,10/16,학습,343.035,4.999,3000.755,15001.42,18002.175,0.644397531104749,0.6553370370778804,29.38000000000011,2573.143,2518.763,37.429,446.81,9575.39,5246.198,5250.377,15001.42,103.77499999999998
2025-10-16 16:28:00,10/16,학습,343.183,4.999,3000.778,15001.453,18002.231,0.6490649660940012,0.6601293581864034,29.39599999999973,2572.877,2518.481,37.433,447.622,9557.859,5253.119,5286.861,15001.453,104.43900000000002
2025-10-16 16:29:00,10/16,학습,343.33,4.999,3000.799,15001.483,18002.282,0.6538074609864354,0.6650015827081439,29.411000000000058,2572.602,2518.191,37.438,448.436,9540.102,5260.427,5323.75,15001.483,105.106
2025-10-16 16:30:00,10/16,학습,343.479,4.999,3000.819,15001.512,18002.331000000002,0.658481235335761,0.6698079072903649,29.426000000000386,2572.32,2517.894,37.442,449.252,9522.172,5268.115,5361.008,15001.512,105.77300000000002
2025-10-16 16:31:00,10/16,학습,343.628,4.999,3000.839,15001.538,18002.377,0.6632266562902942,0.674689850796482,29.442000000000007,2572.03,2517.588,37.447,450.069,9504.116,5276.175,5394.506,15001.538,106.44100000000003
2025-10-16 16:32:00,10/16,학습,343.778,4.999,3000.857,15001.562,18002.419,0.6678987555405812,0.6794997425119402,29.457000000000335,2571.733,2517.276,37.451,450.887,9486.022,5284.595,5396.621,15001.562,107.10899999999998
2025-10-16 16:33:00,10/16,학습,343.928,4.999,3000.875,15001.583,18002.458,0.6726312192396868,0.6843725434598953,29.472000000000207,2571.429,2516.957,37.456,451.704,9467.928,5293.362,5396.8,15001.583,107.77600000000001
2025-10-16 16:34:00,10/16,학습,344.079,4.999,3000.891,15001.602,18002.493000000002,0.6773533018897432,0.6892362725802377,29.48700000000008,2571.118,2516.631,37.461,452.52,9449.845,5302.463,5397.028,15001.602,108.44099999999997
2025-10-16 16:35:00,10/16,학습,344.23,4.999,3000.906,15001.619,18002.525,0.6820653425241745,0.6940909823969159,29.50400000000036,2570.802,2516.298,37.466,453.335,9431.792,5311.884,5397.308,15001.619,109.10499999999996
2025-10-16 16:36:00,10/16,학습,344.381,4.999,3000.92,15001.633,18002.553,0.6867654669630437,0.6989344264293655,29.518999999999778,2570.479,2515.96,37.471,454.149,9413.786,5321.613,5397.638,15001.633,109.76800000000003
2025-10-16 16:37:00,10/16,학습,344.533,4.999,3000.932,15001.645,18002.577,0.691444207066983,0.703756639698147,29.53399999999965,2570.151,2515.617,37.476,454.96,9395.842,5331.635,5398.018,15001.645,110.42699999999996
2025-10-16 16:38:00,10/16,학습,344.685,4.999,3000.943,15001.654,18002.597,0.6961069102544013,0.7085627620566592,29.550000000000182,2569.819,2515.269,37.481,455.769,9377.975,5341.938,5398.447,15001.654,111.084
2025-10-16 16:39:00,10/16,학습,344.838,4.999,3000.953,15001.661,18002.614,0.7008142385394595,0.7134141323412908,29.565000000000055,2569.481,2514.916,37.487,456.574,9360.2,5352.507,5398.926,15001.661,111.73599999999999
2025-10-16 16:40:00,10/16,학습,344.99,4.999,3000.962,15001.666,18002.628,0.705436148866269,0.7181783481969504,29.58100000000013,2569.139,2514.558,37.492,457.377,9342.529,5363.328,5399.454,15001.666,112.387
2025-10-16 16:41:00,10/16,학습,345.143,4.999,3000.97,15001.668,18002.638,0.7100361619703925,0.7229195772052082,29.596999999999753,2568.794,2514.197,37.497,458.177,9324.978,5374.389,5400.03,15001.668,113.03400000000005
2025-10-16 16:42:00,10/16,학습,345.296,4.999,3000.976,15001.669,18002.645,0.7146747076111248,0.727698973874815,29.61200000000008,2568.445,2513.833,37.503,458.972,9307.557,5385.676,5400.657,15001.669,113.67599999999999
2025-10-16 16:43:00,10/16,학습,345.45,4.999,3000.982,15001.667,18002.648999999998,0.7192234951401283,0.7323858559511698,29.626999999999953,2568.092,2513.465,37.508,459.764,9290.282,5397.174,5401.332,15001.667,114.31400000000002
2025-10-16 16:44:00,10/16,학습,345.603,4.999,3000.986,15001.663,18002.649,0.7238152920278456,0.7371148700773746,29.64300000000003,2567.738,2513.095,37.514,460.552,9273.165,5408.872,5402.057,15001.663,114.94900000000001
2025-10-16 16:45:00,10/16,학습,345.757,4.999,3000.989,15001.657,18002.646,0.7283114724456927,0.7417446971731922,29.6579999999999,2567.381,2512.723,37.519,461.336,9256.22,5420.755,5402.832,15001.657,115.57900000000001
2025-10-16 16:46:00,10/16,학습,345.911,4.999,3000.99,15001.65,18002.64,0.7328524743784501,0.7464179517039611,29.673999999999978,2567.022,2512.348,37.525,462.116,9239.46,5432.81,5403.656,15001.65,116.20499999999998
2025-10-16 16:47:00,10/16,학습,346.065,4.999,3000.991,15001.64,18002.631,0.7372871704149068,0.7509805438685837,29.68899999999985,2566.662,2511.973,37.53,462.89,9222.899,5445.024,5404.531,15001.64,116.82499999999999
2025-10-16 16:48:00,10/16,학습,346.219,4.999,3000.991,15001.629,18002.620000000003,0.7417662727997285,0.7555856366281852,29.70400000000018,2566.3,2511.596,37.536,463.66,9206.551,5457.383,5405.455,15001.629,117.44100000000003
2025-10-16 16:49:00,10/16,학습,346.373,4.999,3000.989,15001.617,18002.606,0.7461499932380957,0.760090447902696,29.7199999999998,2565.939,2511.219,37.541,464.426,9190.429,5469.874,5406.43,15001.617,118.053
2025-10-16 16:50:00,10/16,학습,346.528,4.999,3000.987,15001.602,18002.589,0.7505670440624552,0.7646259618250435,29.733999999999924,2565.576,2510.842,37.547,465.186,9174.548,5482.484,5407.455,15001.602,118.65799999999996
2025-10-16 16:51:00,10/16,학습,346.682,4.999,3000.983,15001.587,18002.57,0.7548851568886138,0.7690569651596093,29.75,2565.215,2510.465,37.552,465.941,9158.919,5495.2,5408.529,15001.587,119.25899999999996
2025-10-16 16:52:00,10/16,학습,346.837,4.999,3000.978,15001.57,18002.548,0.7592421921700139,0.7735237750743384,29.764999999999873,2564.853,2510.088,37.558,466.691,9143.557,5508.008,5409.655,15001.57,119.85399999999998
2025-10-16 16:53:00,10/16,학습,346.991,4.999,3000.973,15001.551,18002.523999999998,0.763568686080271,0.7779553761456768,29.7800000000002,2564.492,2509.712,37.564,467.436,9128.475,5520.895,5410.83,15001.551,120.445
2025-10-16 16:54:00,10/16,학습,347.146,4.999,3000.966,15001.532,18002.498,0.7677910892973796,0.782276346594541,29.794999999999618,2564.133,2509.338,37.569,468.175,9113.684,5533.849,5412.056,15001.532,121.029
2025-10-16 16:55:00,10/16,학습,347.301,4.999,3000.959,15001.511,18002.47,0.7720523439329803,0.786632365529502,29.809999999999945,2563.775,2508.965,37.575,468.909,9099.198,5546.855,5413.331,15001.511,121.608
2025-10-16 16:56:00,10/16,학습,347.456,4.999,3000.951,15001.489,18002.44,0.7762059162528806,0.7908736345400307,29.826000000000022,2563.42,2508.594,37.58,469.636,9085.028,5559.902,5414.657,15001.489,122.18
2025-10-16 16:57:00,10/16,학습,347.611,4.999,3000.942,15001.466,18002.408,0.7803288587112742,0.7950785521586363,29.83999999999969,2563.066,2508.226,37.585,470.358,9071.185,5572.975,5416.032,15001.466,122.74700000000001
2025-10-16 16:58:00,10/16,학습,347.766,4.999,3000.932,15001.443,18002.375,0.7844860436897496,0.7993130293057131,29.855000000000018,2562.715,2507.86,37.591,471.074,9057.681,5586.063,5417.456,15001.443,123.30799999999999
2025-10-16 16:59:00,10/16,학습,347.921,4.999,3000.922,15001.418,18002.34,0.7885395771628707,0.8034362972834337,29.86999999999989,2562.368,2507.498,37.596,471.784,9044.525,5599.153,5418.93,15001.418,123.863
2025-10-16 17:00:00,10/16,학습,348.066,4.999,3000.915,15001.406,18002.321,0.7925666611257633,0.8075272219821512,29.88500000000022,2562.021,2507.136,37.601,472.489,9031.724,5612.232,5420.453,15001.406,124.423
2025-10-16 17:01:00,10/16,학습,348.192,4.999,3000.885,15001.302,18002.186999999998,0.7965786161671773,0.8115928874334877,29.896999999999935,2561.686,2506.789,37.606,473.194,9019.419,5625.286,5422.024,15001.302,125.00200000000001
2025-10-16 17:02:00,10/16,학습,348.312,4.999,3000.796,15001.085,18001.880999999998,0.8004008124456421,0.8154337336226387,29.9079999999999,2561.395,2506.487,37.609,473.893,9008.724,5638.277,5423.645,15001.085,125.58099999999996
2025-10-16 17:03:00,10/16,학습,348.423,4.999,3000.681,15000.896,18001.577,0.8038369777345786,0.8188099284452628,29.917999999999665,2561.153,2506.235,37.61,474.536,9002.185,5651.102,5425.323,15000.896,126.113
2025-10-16 17:04:00,10/16,학습,348.526,4.999,3000.59,15000.785,18001.375,0.8071138750411092,0.8219475655506256,29.92599999999993,2560.942,2506.016,37.613,475.108,9000.401,5663.602,5427.06,15000.785,126.582
2025-10-16 17:05:00,10/16,학습,348.621,4.999,3000.518,15000.688,18001.206,0.8100846234857583,0.824732547879176,29.93399999999974,2560.754,2505.82,37.615,475.626,9001.315,5675.659,5428.854,15000.688,127.005
2025-10-16 17:06:00,10/16,학습,348.71,4.999,3000.452,15000.593,18001.045000000002,0.8128254716245994,0.827271431146662,29.940999999999804,2560.589,2505.648,37.617,476.098,9003.232,5687.227,5430.701,15000.593,127.38800000000003
2025-10-16 17:07:00,10/16,학습,348.792,5.0,3000.394,15000.514,18000.908,0.8152626958360866,0.8295580713173145,29.947999999999865,2560.446,2505.498,37.618,476.525,9005.38,5698.302,5432.594,15000.514,127.733
2025-10-16 17:08:00,10/16,학습,348.869,5.0,3000.345,15000.448,18000.793,0.817552803956883,0.8316543116993154,29.952999999999975,2560.319,2505.366,37.62,476.913,9007.118,5708.905,5434.529,15000.448,128.04399999999998
2025-10-16 17:09:00,10/16,학습,348.941,5.0,3000.302,15000.388,18000.690000000002,0.8195690633166338,0.8334950437295667,29.959000000000287,2560.208,2505.249,37.621,477.265,9007.899,5719.077,5436.498,15000.388,128.324
2025-10-16 17:10:00,10/16,학습,349.009,5.0,3000.264,15000.334,18000.598,0.8214660179429284,0.8352414657946767,29.963999999999942,2560.111,2505.147,37.623,477.586,9007.467,5728.873,5438.496,15000.334,128.577
2025-10-16 17:11:00,10/16,학습,349.072,5.0,3000.23,15000.286,18000.516,0.8231256703260197,0.8367740745112338,29.96900000000005,2560.026,2505.057,37.624,477.879,9005.783,5738.349,5440.518,15000.286,128.80700000000002
2025-10-16 17:12:00,10/16,학습,349.131,5.0,3000.199,15000.244,18000.443,0.8246268629948227,0.8381711848253537,29.97300000000041,2559.952,2504.979,37.625,478.146,9002.915,5747.559,5442.56,15000.244,129.01500000000004
2025-10-16 17:13:00,10/16,학습,349.187,5.0,3000.172,15000.205,18000.377,0.8259935733677262,0.8394539142742223,29.97699999999986,2559.888,2504.911,37.626,478.391,8999.021,5756.552,5444.619,15000.205,129.204
2025-10-16 17:14:00,10/16,학습,349.239,5.0,3000.147,15000.17,18000.317,0.82716861359028,0.8405597595201342,29.980000000000018,2559.832,2504.852,37.626,478.615,8994.321,5765.368,5446.69,15000.17,129.37600000000003
2025-10-16 17:15:00,10/16,학습,349.288,5.0,3000.125,15000.138,18000.263,0.8283012963584139,0.8416352356268806,29.98299999999972,2559.785,2504.802,37.627,478.82,8989.068,5774.038,5448.773,15000.138,129.53199999999998
2025-10-16 17:16:00,10/16,학습,349.333,5.0,3000.104,15000.108,18000.212,0.8293450283271073,0.8426281228375128,29.98700000000008,2559.746,2504.759,37.628,479.009,8983.516,5782.581,5450.864,15000.108,129.676
2025-10-16 17:17:00,10/16,학습,349.376,5.0,3000.085,15000.081,18000.166,0.8302413865753874,0.8434747535628442,29.990000000000236,2559.713,2504.723,37.628,479.183,8977.911,5791.008,5452.962,15000.081,129.80700000000002
2025-10-16 17:18:00,10/16,학습,349.417,5.0,3000.068,15000.056,18000.124,0.8311342266244985,0.8443167799193041,29.992999999999938,2559.687,2504.694,37.629,479.343,8972.476,5799.322,5455.066,15000.056,129.92600000000004
2025-10-16 17:19:00,10/16,학습,349.454,5.0,3000.052,15000.033,18000.085,0.8318964694728049,0.845022065259815,29.99499999999989,2559.667,2504.672,37.629,479.49,8967.4,5807.518,5457.175,15000.033,130.036
2025-10-16 17:20:00,10/16,학습,349.49,5.0,3000.037,15000.011,18000.048,0.8326108103788221,0.8456717059384293,29.998000000000047,2559.652,2504.654,37.629,479.626,8962.84,5815.585,5459.287,15000.011,130.13599999999997
2025-10-16 17:21:00,10/16,학습,349.523,5.0,3000.023,14999.991,18000.014,0.8332804767241097,0.8462670828450325,29.998999999999796,2559.642,2504.643,37.629,479.752,8958.915,5823.507,5461.403,14999.991,130.22899999999998
2025-10-16 17:22:00,10/16,학습,349.554,5.0,3000.01,14999.972,17999.982,0.8339099342167619,0.8468115627771862,30.001999999999953,2559.638,2504.636,37.629,479.868,8955.707,5831.265,5463.522,14999.972,130.31400000000002
2025-10-16 17:23:00,10/16,학습,349.583,5.0,2999.998,14999.955,17999.953,0.8345078413166026,0.8473133417943488,30.003999999999905,2559.638,2504.634,37.629,479.976,8953.265,5838.841,5465.642,14999.955,130.39299999999997
2025-10-16 17:24:00,10/16,학습,349.61,5.0,2999.987,14999.938,17999.925,0.835075260286666,0.8477735609134629,30.005999999999858,2559.642,2504.636,37.629,480.076,8951.609,5846.212,5467.765,14999.938,130.466
2025-10-16 17:25:00,10/16,학습,349.636,5.0,2999.976,14999.923,17999.899,0.8356155231288143,0.8481968767517556,30.008000000000266,2559.65,2504.642,37.629,480.169,8950.683,5853.36,5469.888,14999.923,130.53299999999996
2025-10-16 17:26:00,10/16,학습,349.659,5.0,2999.966,14999.91,17999.876,0.8361281276383034,0.8485879384509056,30.009999999999764,2559.662,2504.652,37.629,480.256,8950.227,5860.272,5472.014,14999.91,130.59699999999998
2025-10-16 17:27:00,10/16,학습,349.682,5.0,2999.957,14999.897,17999.854,0.8366152253112551,0.8489513886257001,30.010999999999967,2559.677,2504.666,37.629,480.338,8950.115,5866.942,5474.148,14999.897,130.656
2025-10-16 17:28:00,10/16,학습,349.703,5.0,2999.949,14999.886,17999.835,0.8370223828998373,0.8492848316319348,30.013000000000375,2559.695,2504.682,37.629,480.414,8947.477,5873.4,5476.287,14999.886,130.711
2025-10-16 17:29:00,10/16,학습,349.722,5.0,2999.945,14999.88,17999.825,0.8361138136581452,0.8495929043854731,30.014000000000124,2559.714,2504.7,37.629,480.485,8873.596,5880.735,5478.171,14999.88,130.76300000000003
2025-10-16 17:30:00,10/16,학습,349.741,5.0,2999.947,14999.88,17999.826999999997,0.8356541572236031,0.8498185240658629,30.016000000000076,2559.73,2504.714,37.628,480.552,8826.151,5890.517,5481.231,14999.88,130.81100000000004
2025-10-16 17:31:00,10/16,학습,349.759,5.0,2999.945,14999.871,17999.816,0.8363442092846709,0.850091750280277,30.016999999999825,2559.747,2504.73,37.628,480.615,8838.774,5900.277,5484.655,14999.871,130.856
2025-10-16 17:32:00,10/16,학습,349.774,5.0,2999.936,14999.855,17999.791,0.8371070503957693,0.8502737277848278,30.018999999999778,2559.769,2504.75,37.627,480.674,8861.261,5909.011,5487.529,14999.855,130.89999999999998
2025-10-16 17:33:00,10/16,학습,349.789,5.0,2999.924,14999.836,17999.76,0.837876272035813,0.850511659914543,30.019999999999982,2559.797,2504.777,37.627,480.732,8882.176,5916.664,5489.714,14999.836,130.94300000000004
2025-10-16 17:34:00,10/16,학습,349.802,5.0,2999.911,14999.819,17999.73,0.8385424233570565,0.8507255824188853,30.02099999999973,2559.83,2504.809,37.627,480.786,8899.736,5923.37,5491.307,14999.819,130.98399999999998
2025-10-16 17:35:00,10/16,학습,349.815,5.0,2999.899,14999.807,17999.706000000002,0.8390559795608018,0.8508575152794282,30.02300000000014,2559.868,2504.845,37.626,480.838,8914.242,5929.276,5492.452,14999.807,131.02300000000002
2025-10-16 17:36:00,10/16,학습,349.826,5.0,2999.891,14999.8,17999.691,0.8395566693367705,0.8510348780660484,30.023999999999887,2559.909,2504.885,37.626,480.886,8926.32,5934.505,5493.271,14999.8,131.06
2025-10-16 17:37:00,10/16,학습,349.837,5.0,2999.885,14999.796,17999.681,0.8399338895145995,0.8511335700804252,30.026000000000295,2559.952,2504.926,37.625,480.932,8936.54,5939.156,5493.86,14999.796,131.09500000000003
2025-10-16 17:38:00,10/16,학습,349.847,5.0,2999.882,14999.796,17999.678,0.8403328058821199,0.8512902333184709,30.028000000000247,2559.996,2504.968,37.625,480.976,8945.347,5943.305,5494.287,14999.796,131.12900000000002
2025-10-16 17:39:00,10/16,학습,349.857,5.0,2999.881,14999.798,17999.679,0.840694197977503,0.8514376526155463,30.028999999999996,2560.039,2505.01,37.625,481.018,8953.079,5947.015,5494.601,14999.798,131.16099999999994
2025-10-16 17:40:00,10/16,학습,349.866,5.0,2999.882,14999.802,17999.684,0.8409601846666268,0.8515121266222858,30.03099999999995,2560.083,2505.052,37.624,481.059,8959.987,5950.334,5494.834,14999.802,131.19300000000004
2025-10-16 17:41:00,10/16,학습,349.875,5.0,2999.884,14999.807,17999.691,0.8412722339169267,0.8516513919647744,30.032000000000153,2560.125,2505.093,37.624,481.099,8966.267,5953.301,5495.011,14999.807,131.224
2025-10-16 17:42:00,10/16,학습,349.884,5.0,2999.886,14999.812,17999.698,0.8414979394019262,0.8517188164941758,30.034000000000106,2560.167,2505.133,37.623,481.138,8972.074,5955.95,5495.146,14999.812,131.25399999999996
2025-10-16 17:43:00,10/16,학습,349.892,5.0,2999.889,14999.819,17999.708,0.8417806123722276,0.8518556447831316,30.034999999999854,2560.207,2505.172,37.623,481.177,8977.531,5958.306,5495.253,14999.819,131.28500000000003
2025-10-16 17:44:00,10/16,학습,349.9,5.0,2999.893,14999.825,17999.718,0.8420464222740746,0.851985441608015,30.037000000000262,2560.246,2505.209,37.623,481.214,8982.739,5960.391,5495.338,14999.825,131.31400000000002
2025-10-16 17:45:00,10/16,학습,349.907,5.0,2999.896,14999.831,17999.727,0.8422360828514727,0.8520469101733379,30.03800000000001,2560.284,2505.246,37.622,481.251,8987.772,5962.221,5495.406,14999.831,131.344
2025-10-16 17:46:00,10/16,학습,349.914,5.0,2999.9,14999.837,17999.737,0.8424800427525674,0.8521696661337479,30.039999999999964,2560.321,2505.281,37.622,481.286,8992.69,5963.811,5495.463,14999.837,131.372
2025-10-16 17:47:00,10/16,학습,349.92,5.0,2999.892,14999.829,17999.720999999998,0.8508170783493452,0.8522185865599277,30.041000000000167,2560.362,2505.321,37.621,481.321,9442.778,5961.873,5503.328,14999.829,131.401
2025-10-16 17:48:00,10/16,학습,349.924,5.0,2999.831,14999.758,17999.589,0.8545878203208525,0.8523624657467521,30.044000000000324,2560.447,2505.403,37.622,481.357,9660.792,5940.495,5550.761,14999.758,131.43300000000005
2025-10-16 17:49:00,10/16,학습,349.931,5.0,2999.856,14999.834,17999.690000000002,0.8409887536293398,0.8524815858955745,30.04599999999982,2560.504,2505.458,37.622,481.396,8927.698,5932.859,5617.751,14999.834,131.46500000000003
2025-10-16 17:50:00,10/16,학습,349.942,5.0,2999.962,14999.975,17999.937,0.8278423868137652,0.8524999076858801,30.045000000000073,2560.492,2505.447,37.62,481.427,8198.051,5950.978,5696.213,14999.975,131.485
2025-10-16 17:51:00,10/16,학습,349.949,5.0,2999.995,14999.977,17999.972,0.8427871010193239,0.8526017641698613,30.04599999999982,2560.48,2505.434,37.62,481.446,8989.438,5961.002,5782.572,14999.977,131.497
2025-10-16 17:52:00,10/16,학습,349.954,5.0,2999.984,14999.953,17999.936999999998,0.8436773623425968,0.8527149344139175,30.047000000000025,2560.487,2505.44,37.62,481.472,9030.514,5961.795,5848.802,14999.953,131.51799999999997
2025-10-16 17:53:00,10/16,학습,349.959,5.0,2999.961,14999.907,17999.868,0.8440598341270406,0.8528029446841354,30.04800000000023,2560.505,2505.457,37.619,481.51,9046.409,5961.683,5900.04,14999.907,131.551
2025-10-16 17:54:00,10/16,학습,349.963,5.0,2999.94,14999.883,17999.823,0.8443510164298759,0.8529355215627723,30.048999999999978,2560.532,2505.483,37.619,481.545,9055.409,5961.157,5940.641,14999.883,131.582
2025-10-16 17:55:00,10/16,학습,349.966,5.0,2999.93,14999.883,17999.813,0.844542398964057,0.8530244324402063,30.048999999999978,2560.56,2505.511,37.619,481.571,9061.69,5960.388,5973.279,14999.883,131.60500000000002
2025-10-16 17:56:00,10/16,학습,349.969,5.0,2999.928,14999.886,17999.814,0.8446265847960869,0.8530369161080449,30.050000000000182,2560.588,2505.538,37.618,481.595,9066.532,5959.452,5999.758,14999.886,131.62600000000003
2025-10-16 17:57:00,10/16,학습,349.972,5.0,2999.928,14999.889,17999.817,0.844751928631673,0.8531095972932243,30.052000000000135,2560.616,2505.564,37.618,481.617,9070.478,5958.396,6021.387,14999.889,131.64500000000004
2025-10-16 17:58:00,10/16,학습,349.974,5.0,2999.931,14999.897,17999.828,0.844851966810563,0.8531684590638884,30.05199999999968,2560.642,2505.59,37.618,481.636,9073.916,5957.249,6039.169,14999.897,131.66200000000003
2025-10-16 17:59:00,10/16,학습,349.977,5.0,2999.935,14999.905,17999.84,0.844870047998223,0.8531530991674332,30.05300000000034,2560.666,2505.613,37.617,481.653,9077.028,5956.027,6053.889,14999.905,131.67600000000004
2025-10-16 18:00:00,10/16,학습,349.97,5.0,2999.944,14999.926,17999.87,0.8449546837344055,0.853210454919213,30.054000000000087,2560.686,2505.632,37.617,481.67,9079.89,5954.744,6066.168,14999.926,131.7
2025-10-16 18:01:00,10/16,학습,349.945,5.0,2999.933,14999.864,17999.797,0.844993455233153,0.8532229137537559,30.052999999999884,2560.712,2505.659,37.616,481.694,9082.658,5953.408,6076.503,14999.864,131.74900000000002
2025-10-16 18:02:00,10/16,학습,349.913,5.0,2999.869,14999.696,17999.565,0.8449630631273628,0.8531458150311642,30.049999999999727,2560.772,2505.722,37.614,481.722,9086.335,5952.005,6085.301,14999.696,131.80899999999997
2025-10-16 18:03:00,10/16,학습,349.872,5.0,2999.78,14999.551,17999.331,0.8446962477704933,0.8527710263913959,30.04599999999982,2560.872,2505.826,37.611,481.71,9093.378,5950.46,6092.92,14999.551,131.83799999999997
2025-10-16 18:04:00,10/16,학습,349.823,5.0,2999.712,14999.475,17999.187,0.8442025524631819,0.8520990937983217,30.041999999999916,2560.995,2505.953,37.608,481.639,9104.682,5948.634,6099.666,14999.475,131.81600000000003
2025-10-16 18:05:00,10/16,학습,349.766,5.0,2999.661,14999.407,17999.068,0.8435188430047492,0.8512019873436163,30.036999999999807,2561.133,2506.096,37.605,481.523,9118.471,5946.42,6105.76,14999.407,131.757
2025-10-16 18:06:00,10/16,학습,349.701,5.0,2999.613,14999.337,17998.95,0.8426411177817305,0.8501083908728555,30.0300000000002,2561.288,2506.258,37.602,481.369,9132.972,5943.777,6111.339,14999.337,131.668
2025-10-16 18:07:00,10/16,학습,349.631,5.0,2999.571,14999.277,17998.847999999998,0.8415374934496059,0.8488039480854876,30.023999999999887,2561.459,2506.435,37.599,481.173,9147.262,5940.714,6116.496,14999.277,131.54200000000003
2025-10-16 18:08:00,10/16,학습,349.553,5.001,2999.535,14999.225,17998.760000000002,0.8401518567904348,0.8473026622287798,30.016999999999825,2561.642,2506.625,37.595,480.94,9160.648,5937.264,6121.294,14999.225,131.387
2025-10-16 18:09:00,10/16,학습,349.47,5.001,2999.502,14999.175,17998.677,0.8386278652801508,0.8456405105879004,30.00899999999956,2561.836,2506.827,37.592,480.673,9172.578,5933.483,6125.78,14999.175,131.20299999999997
2025-10-16 18:10:00,10/16,학습,349.382,5.001,2999.472,14999.128,17998.600000000002,0.836834747092778,0.843748232599389,30.001000000000204,2562.041,2507.04,37.588,480.374,9182.803,5929.439,6129.986,14999.128,130.99200000000002
2025-10-16 18:11:00,10/16,학습,349.288,5.001,2999.444,14999.083,17998.527000000002,0.8349164219408451,0.8417671238469902,29.991999999999734,2562.256,2507.264,37.585,480.044,9191.32,5925.2,6133.943,14999.083,130.75599999999997
2025-10-16 18:12:00,10/16,학습,349.19,5.001,2999.417,14999.039,17998.456000000002,0.8327549096184899,0.8395755904372799,29.983000000000175,2562.48,2507.497,37.581,479.686,9198.272,5920.831,6137.676,14999.039,130.49599999999998
2025-10-16 18:13:00,10/16,학습,349.086,5.001,2999.392,14998.997,17998.389,0.8304244829426295,0.8372417315016754,29.97400000000016,2562.713,2507.739,37.577,479.3,9203.901,5916.386,6141.21,14998.997,130.214
2025-10-16 18:14:00,10/16,학습,348.979,5.001,2999.368,14998.955,17998.323,0.8279446456453241,0.8347778680540077,29.963000000000193,2562.954,2507.991,37.573,478.889,9208.531,5911.909,6144.57,14998.955,129.91000000000003
2025-10-16 18:15:00,10/16,학습,348.867,5.001,2999.344,14998.913,17998.257,0.8253253131445419,0.8321868229185634,29.952999999999975,2563.203,2508.25,37.569,478.453,9212.509,5907.429,6147.778,14998.913,129.58599999999996
2025-10-16 18:16:00,10/16,학습,348.751,5.001,2999.321,14998.872,17998.193,0.8225795905202271,0.829475183525747,29.940999999999804,2563.459,2508.518,37.565,477.994,9216.181,5902.963,6150.857,14998.872,129.24300000000005
2025-10-16 18:17:00,10/16,학습,348.632,5.001,2999.299,14998.831,17998.13,0.8196491925354982,0.8265792339896931,29.93000000000029,2563.724,2508.794,37.56,477.513,9219.877,5898.515,6153.826,14998.831,128.88099999999997
2025-10-16 18:18:00,10/16,학습,348.509,5.001,2999.277,14998.79,17998.067000000003,0.816678400131538,0.8236374724079254,29.917999999999665,2563.995,2509.077,37.556,477.01,9223.887,5894.078,6156.703,14998.79,128.50099999999998
2025-10-16 18:19:00,10/16,학습,348.382,5.001,2999.254,14998.748,17998.002,0.8135349955358252,0.820514899365447,29.90599999999995,2564.274,2509.368,37.551,476.486,9228.453,5889.635,6159.503,14998.748,128.10399999999998
2025-10-16 18:20:00,10/16,학습,348.252,5.001,2999.233,14998.707,17997.940000000002,0.8102995370429444,0.817289346633697,29.89300000000003,2564.56,2509.667,37.546,475.943,9233.765,5885.164,6162.237,14998.707,127.69099999999997
2025-10-16 18:21:00,10/16,학습,348.119,5.001,2999.211,14998.665,17997.876,0.8070439165541603,0.8140306855120933,29.88000000000011,2564.853,2509.973,37.542,475.381,9239.957,5880.636,6164.914,14998.665,127.26199999999994
2025-10-16 18:22:00,10/16,학습,347.983,5.001,2999.189,14998.624,17997.813,0.8036284610403054,0.8105999244704969,29.866999999999734,2565.153,2510.286,37.537,474.8,9247.113,5876.02,6167.539,14998.624,126.81700000000001
2025-10-16 18:23:00,10/16,학습,347.845,5.001,2999.168,14998.583,17997.751,0.8001300834629722,0.8070740396840548,29.853000000000065,2565.46,2510.607,37.532,474.202,9255.27,5871.284,6170.115,14998.583,126.35699999999997
2025-10-16 18:24:00,10/16,학습,347.703,5.001,2999.147,14998.542,17997.689,0.7965494448649144,0.803454751921741,29.83999999999969,2565.774,2510.934,37.527,473.587,9264.423,5866.398,6172.641,14998.542,125.88400000000001
2025-10-16 18:25:00,10/16,학습,347.56,5.001,2999.127,14998.502,17997.629,0.7928891257787268,0.7997462807098448,29.826000000000022,2566.093,2511.267,37.522,472.956,9274.539,5861.332,6175.114,14998.502,125.39600000000002
2025-10-16 18:26:00,10/16,학습,347.413,5.001,2999.107,14998.462,17997.569,0.7890754264319569,0.7958773239508796,29.811999999999898,2566.419,2511.607,37.516,472.309,9285.56,5856.058,6177.528,14998.462,124.89600000000002
2025-10-16 18:27:00,10/16,학습,347.265,5.001,2999.088,14998.424,17997.512000000002,0.785252000050981,0.7919925025757693,29.797000000000025,2566.75,2511.953,37.511,471.647,9297.41,5850.555,6179.877,14998.424,124.382
2025-10-16 18:28:00,10/16,학습,347.115,5.001,2999.07,14998.387,17997.457000000002,0.7813569336272489,0.7880323859155625,29.7829999999999,2567.087,2512.304,37.506,470.972,9310.008,5844.801,6182.152,14998.387,123.85699999999997
2025-10-16 18:29:00,10/16,학습,346.963,5.001,2999.052,14998.35,17997.402000000002,0.7773076894141634,0.7839170157481785,29.76800000000003,2567.428,2512.66,37.5,470.282,9323.266,5838.782,6184.344,14998.35,123.31899999999996
2025-10-16 18:30:00,10/16,학습,346.809,5.001,2999.036,14998.315,17997.351000000002,0.7732573700491081,0.7798000403062377,29.7529999999997,2567.774,2513.021,37.495,469.58,9337.102,5832.484,6186.442,14998.315,122.77099999999996
2025-10-16 18:31:00,10/16,학습,346.653,5.001,2999.02,14998.282,17997.302,0.7690639605442727,0.7755421646081009,29.73799999999983,2568.124,2513.386,37.489,468.866,9351.435,5825.899,6188.436,14998.282,122.21299999999997
2025-10-16 18:32:00,10/16,학습,346.495,5.001,2999.006,14998.25,17997.256,0.7648622218104127,0.7712782897768058,29.722999999999956,2568.478,2513.755,37.484,468.139,9366.195,5819.021,6190.316,14998.25,121.644
2025-10-16 18:33:00,10/16,학습,346.337,5.001,2998.993,14998.22,17997.213,0.760519729025578,0.7668783554706577,29.708000000000084,2568.835,2514.127,37.478,467.401,9381.318,5811.847,6192.07,14998.22,121.06400000000002
2025-10-16 18:34:00,10/16,학습,346.177,5.001,2998.981,14998.192,17997.173,0.7561772420011063,0.7624824793451852,29.692000000000007,2569.194,2514.502,37.473,466.652,9396.752,5804.376,6193.69,14998.192,120.47499999999997
2025-10-16 18:35:00,10/16,학습,346.015,5.001,2998.97,14998.165,17997.135000000002,0.751696210059201,0.7579543397505648,29.67599999999993,2569.556,2514.88,37.467,465.893,9412.451,5796.607,6195.165,14998.165,119.87799999999999
2025-10-16 18:36:00,10/16,학습,345.853,5.001,2998.96,14998.141,17997.101,0.7472206212931694,0.7534367283095109,29.661000000000058,2569.92,2515.259,37.462,465.124,9428.379,5788.545,6196.488,14998.141,119.27100000000002
2025-10-16 18:37:00,10/16,학습,345.689,5.001,2998.952,14998.118,17997.07,0.7426056317065773,0.7487869727162542,29.644999999999982,2570.285,2515.64,37.456,464.345,9444.506,5780.191,6197.649,14998.118,118.656
2025-10-16 18:38:00,10/16,학습,345.524,5.001,2998.944,14998.097,17997.041,0.7379281742763525,0.7440811934709388,29.628999999999905,2570.651,2516.022,37.45,463.557,9460.809,5771.55,6198.643,14998.097,118.03300000000002
2025-10-16 18:39:00,10/16,학습,345.358,5.001,2998.938,14998.078,17997.016,0.733260626630462,0.7393910680447859,29.614000000000033,2571.018,2516.404,37.445,462.76,9477.269,5762.628,6199.462,14998.078,117.40199999999999
2025-10-16 18:40:00,10/16,학습,345.192,5.001,2998.933,14998.061,17996.994,0.7284589206364253,0.7345744673662375,29.597999999999956,2571.384,2516.786,37.439,461.954,9493.87,5753.428,6200.102,14998.061,116.762
2025-10-16 18:41:00,10/16,학습,345.024,5.001,2998.93,14998.047,17996.977,0.7235993341997801,0.7297067476367134,29.58199999999988,2571.75,2517.168,37.433,461.14,9510.6,5743.957,6200.559,14998.047,116.11599999999999
2025-10-16 18:42:00,10/16,학습,344.856,5.001,2998.927,14998.034,17996.961,0.7187538860008381,0.7248587918304106,29.5649999999996,2572.115,2517.55,37.428,460.318,9527.446,5734.22,6200.828,14998.034,115.46199999999999
2025-10-16 18:43:00,10/16,학습,344.687,5.001,2998.926,14998.024,17996.95,0.7137800193716,0.7198901475663038,29.548999999999978,2572.479,2517.93,37.422,459.488,9544.399,5724.224,6200.909,14998.024,114.80099999999999
2025-10-16 18:44:00,10/16,학습,344.517,5.001,2998.926,14998.017,17996.943,0.7088272192660604,0.7149480122975094,29.534000000000106,2572.842,2518.308,37.417,458.651,9561.449,5713.975,6200.798,14998.017,114.13400000000001
2025-10-16 18:45:00,10/16,학습,344.346,5.001,2998.927,14998.011,17996.938000000002,0.7037440099545033,0.7098831342572405,29.51700000000028,2573.202,2518.685,37.411,457.806,9578.588,5703.478,6200.496,14998.011,113.45999999999998
2025-10-16 18:46:00,10/16,학습,344.175,5.001,2998.93,14998.009,17996.939,0.6986826963038323,0.7048454475611516,29.50099999999975,2573.56,2519.059,37.406,456.954,9595.807,5692.741,6200.002,14998.009,112.779
2025-10-16 18:47:00,10/16,학습,344.004,5.001,2998.934,14998.008,17996.942,0.6935026383740704,0.6996964009106263,29.48400000000038,2573.914,2519.43,37.4,456.096,9613.098,5681.769,6199.319,14998.008,112.09199999999998
2025-10-16 18:48:00,10/16,학습,343.831,5.001,2998.939,14998.011,17996.95,0.6882930019895576,0.694575284252239,29.46900000000005,2574.266,2519.797,37.395,455.231,9624.991,5670.624,6198.447,14998.011,111.39999999999998
2025-10-16 18:49:00,10/16,학습,343.659,5.001,2998.947,14998.018,17996.965,0.6829559143941556,0.6894100951719297,29.452000000000226,2574.612,2520.16,37.39,454.359,9627.974,5659.666,6197.394,14998.018,110.69999999999999
2025-10-16 18:50:00,10/16,학습,343.486,5.001,2998.957,14998.028,17996.985,0.6775151561988053,0.6841345943735742,29.43600000000015,2574.954,2520.518,37.384,453.481,9631.074,5648.983,6196.165,14998.028,109.995
2025-10-16 18:51:00,10/16,학습,343.312,5.001,2998.968,14998.039,17997.007,0.6721173568917399,0.6788926049523154,29.41899999999987,2575.29,2520.871,37.379,452.597,9634.391,5638.562,6194.764,14998.039,109.28499999999997
2025-10-16 18:52:00,10/16,학습,343.138,5.001,2998.98,14998.051,17997.031,0.6666897065164501,0.6736129879996398,29.403000000000247,2575.621,2521.218,37.374,451.707,9637.927,5628.385,6193.193,14998.051,108.56900000000002
2025-10-16 18:53:00,10/16,학습,342.964,5.001,2998.992,14998.066,17997.058,0.6612354636995382,0.6682993901781602,29.385999999999967,2575.946,2521.56,37.369,450.812,9641.685,5618.436,6191.457,14998.066,107.84800000000001
2025-10-16 18:54:00,10/16,학습,342.789,5.001,2999.005,14998.083,17997.088,0.6557498283725198,0.6629476030158696,29.368999999999687,2576.265,2521.896,37.364,449.911,9645.665,5608.701,6189.562,14998.083,107.12200000000001
2025-10-16 18:55:00,10/16,학습,342.614,5.001,2999.02,14998.103,17997.123,0.650237184246411,0.6575624549458732,29.35199999999986,2576.578,2522.226,37.359,449.005,9649.869,5599.164,6187.513,14998.103,106.39100000000002
2025-10-16 18:56:00,10/16,학습,342.438,5.001,2999.035,14998.126,17997.161,0.6447666368987196,0.6522124924369355,29.33600000000024,2576.885,2522.549,37.355,448.093,9654.297,5589.811,6185.316,14998.126,105.65500000000003
2025-10-16 18:57:00,10/16,학습,342.263,5.001,2999.052,14998.152,17997.204,0.6392003418496105,0.6467622786397311,29.320000000000164,2577.185,2522.865,37.35,447.177,9658.948,5580.628,6182.979,14998.152,104.91400000000004
2025-10-16 18:58:00,10/16,학습,342.087,5.001,2999.07,14998.182,17997.252,0.633678922491217,0.6413509377400495,29.30199999999968,2577.477,2523.175,37.346,446.256,9663.822,5571.602,6180.506,14998.182,104.16899999999998
2025-10-16 18:59:00,10/16,학습,341.91,5.001,2999.09,14998.215,17997.305,0.6281366882943129,0.6359141175908227,29.286000000000058,2577.762,2523.476,37.342,445.331,9668.917,5562.721,6177.905,14998.215,103.42099999999999
2025-10-16 19:00:00,10/16,학습,341.734,5.001,2999.111,14998.251,17997.362,0.6224965296926429,0.6303760443747002,29.269999999999982,2578.04,2523.77,37.337,444.402,9674.234,5553.971,6175.18,14998.251,102.668
2025-10-16 19:01:00,10/16,학습,341.557,5.001,2999.133,14998.291,17997.424,0.6169084338354605,0.6248851900821284,29.253000000000156,2578.308,2524.055,37.333,443.469,9679.771,5545.34,6172.336,14998.291,101.91199999999998
2025-10-16 19:02:00,10/16,학습,341.38,5.001,2999.157,14998.335,17997.492,0.6113018552410635,0.6193722912676156,29.23700000000008,2578.569,2524.332,37.329,442.533,9685.528,5536.819,6169.377,14998.335,101.15300000000002
2025-10-16 19:03:00,10/16,학습,341.203,5.001,2999.182,14998.382,17997.564,0.6057572396370247,0.6139171703814474,29.220000000000255,2578.82,2524.6,37.326,441.595,9691.502,5528.394,6166.305,14998.382,100.39200000000005
2025-10-16 19:04:00,10/16,학습,341.026,5.001,2999.208,14998.432,17997.64,0.600121171458032,0.6083686064098619,29.203999999999724,2579.062,2524.858,37.322,440.654,9697.694,5520.056,6163.12,14998.432,99.62799999999999
2025-10-16 19:05:00,10/16,학습,340.849,5.001,2999.236,14998.486,17997.722,0.5945463145828941,0.6028777772437326,29.188000000000102,2579.295,2525.107,37.319,439.711,9704.101,5511.795,6159.82,14998.486,98.86200000000002
2025-10-16 19:06:00,10/16,학습,340.672,5.001,2999.265,14998.543,17997.808,0.5889589849705087,0.5973721832263275,29.172000000000025,2579.518,2525.346,37.316,438.766,9710.722,5503.6,6156.397,14998.543,98.094
2025-10-16 19:07:00,10/16,학습,340.494,5.001,2999.295,14998.603,17997.898,0.5832838934650078,0.5917777128413246,29.156000000000404,2579.731,2525.575,37.312,437.819,9717.555,5495.463,6152.841,14998.603,97.32499999999999
2025-10-16 19:08:00,10/16,학습,340.317,5.001,2999.326,14998.666,17997.992,0.577756061668722,0.586326911892658,29.139000000000124,2579.933,2525.794,37.31,436.872,9724.6,5487.374,6149.134,14998.666,96.555
2025-10-16 19:09:00,10/16,학습,340.139,5.001,2999.359,14998.732,17998.091,0.5721463199019872,0.580793606048569,29.123000000000047,2580.125,2526.002,37.307,435.924,9731.854,5479.323,6145.247,14998.732,95.78499999999997
2025-10-16 19:10:00,10/16,학습,339.962,5.001,2999.392,14998.8,17998.192,0.5665280680706642,0.5752505435591908,29.10699999999997,2580.307,2526.2,37.304,434.975,9739.315,5471.304,6141.14,14998.8,95.01300000000003
2025-10-16 19:11:00,10/16,학습,339.784,5.001,2999.426,14998.872,17998.298,0.5609841170933247,0.5697798445677713,29.090999999999894,2580.477,2526.386,37.302,434.026,9746.983,5463.308,6136.753,14998.872,94.24200000000002
2025-10-16 19:12:00,10/16,학습,339.607,5.001,2999.462,14998.946,17998.408,0.5554379124791669,0.5643060966463047,29.074999999999818,2580.636,2526.561,37.3,433.077,9754.855,5455.327,6132.002,14998.946,93.46999999999997
2025-10-16 19:13:00,10/16,학습,339.429,5.001,2999.498,14999.022,17998.52,0.5498892514972966,0.5588292868335261,29.059000000000196,2580.784,2526.725,37.298,432.128,9762.93,5447.354,6126.762,14999.022,92.69900000000001
2025-10-16 19:14:00,10/16,학습,339.252,5.0,2999.535,14999.101,17998.636,0.5443500911621675,0.5533529593415814,29.04399999999987,2580.921,2526.877,37.296,431.181,9771.206,5439.381,6120.848,14999.101,91.92899999999997
2025-10-16 19:15:00,10/16,학습,339.074,5.0,2999.572,14999.181,17998.753,0.5388081035277572,0.5478830311627154,29.027999999999793,2581.046,2527.018,37.294,430.234,9779.683,5431.402,6113.983,14999.181,91.15999999999997
2025-10-16 19:16:00,10/16,학습,338.897,5.0,2999.611,14999.264,17998.875,0.5333511493646345,0.5424971237134977,29.01299999999992,2581.16,2527.147,37.293,429.289,9788.359,5423.41,6105.739,14999.264,90.392
2025-10-16 19:17:00,10/16,학습,338.719,5.0,2999.65,14999.348,17998.998,0.5278220956845779,0.5370401043346844,28.996999999999844,2581.261,2527.264,37.291,428.345,9797.235,5415.399,6095.432,14999.348,89.62600000000003
2025-10-16 19:18:00,10/16,학습,338.542,5.0,2999.69,14999.434,17999.124,0.5223781014705212,0.5316674569009565,28.98199999999997,2581.351,2527.369,37.29,427.403,9806.311,5407.363,6081.927,14999.434,88.86100000000005
2025-10-16 19:19:00,10/16,학습,338.364,5.0,2999.73,14999.521,17999.251,0.5169432896366044,0.5263043506858045,28.9670000000001,2581.429,2527.462,37.289,426.463,9815.59,5399.295,6063.279,14999.521,88.09900000000005
2025-10-16 19:20:00,10/16,학습,338.187,5.0,2999.77,14999.609,17999.379,0.5115938207018225,0.5210261901108455,28.95199999999977,2581.495,2527.543,37.289,425.525,9825.078,5391.19,6036.112,14999.609,87.33799999999997
2025-10-16 19:21:00,10/16,학습,338.01,5.0,2999.811,14999.698,17999.509000000002,0.5061829004859099,0.5156880883298502,28.935999999999694,2581.548,2527.612,37.288,424.59,9834.786,5383.042,5994.994,14999.698,86.57999999999998
2025-10-16 19:22:00,10/16,학습,337.833,5.0,2999.852,14999.788,17999.64,0.5008642817163241,0.5104421118482994,28.922000000000025,2581.59,2527.668,37.288,423.658,9844.728,5374.844,5933.875,14999.788,85.82499999999999
2025-10-16 19:23:00,10/16,학습,337.656,5.0,2999.893,14999.878,17999.771,0.4955605018564019,0.5052118856126744,28.907000000000153,2581.619,2527.712,37.288,422.729,9854.91,5366.59,5852.525,14999.878,85.07299999999998
2025-10-16 19:24:00,10/16,학습,337.479,5.0,2999.935,14999.969,17999.904,0.4902715725224003,0.4999975520597449,28.891999999999825,2581.636,2527.744,37.288,421.803,9865.315,5358.275,5759.329,14999.969,84.32400000000001
2025-10-16 19:25:00,10/16,학습,337.302,5.0,2999.976,15000.058,18000.034,0.4849975388494368,0.4947992540088606,28.876999999999953,2581.641,2527.764,37.288,420.88,9875.914,5349.894,5662.512,15000.058,83.57799999999997
2025-10-16 19:26:00,10/16,학습,337.125,5.0,3000.017,15000.147,18000.164,0.4797498858665794,0.4896283954856723,28.863000000000284,2581.635,2527.772,37.288,419.962,9886.686,5341.441,5565.751,15000.147,82.83699999999999
2025-10-16 19:27:00,10/16,학습,336.948,5.0,3000.056,15000.224,18000.28,0.4745997150510011,0.4845498699882365,28.847999999999956,2581.616,2527.768,37.289,419.047,9894.864,5332.929,5489.738,15000.224,82.09900000000005
2025-10-16 19:28:00,10/16,학습,336.771,5.0,3000.068,15000.182,18000.25,0.4694155101760093,0.4794042782863791,28.834000000000287,2581.597,2527.763,37.289,418.136,9887.981,5324.667,5481.457,15000.182,81.36500000000001
2025-10-16 19:29:00,10/16,학습,336.595,5.0,3000.086,15000.275,18000.361,0.4643519960424541,0.4744178259860291,28.820000000000164,2581.574,2527.754,37.291,417.228,9900.252,5316.54,5475.326,15000.275,80.63299999999998
2025-10-16 19:30:00,10/16,학습,336.421,5.0,3000.159,15000.54,18000.699,0.4592037055361472,0.469382907575862,28.80600000000004,2581.521,2527.715,37.292,416.321,9924.805,5308.109,5478.352,15000.54,79.90000000000003
2025-10-16 19:31:00,10/16,학습,336.248,5.0,3000.261,15000.772,18001.033,0.4541905543577523,0.4644682787947895,28.79200000000037,2581.434,2527.642,37.294,415.417,9942.636,5299.31,5487.627,15000.772,79.16899999999998
2025-10-16 19:32:00,10/16,학습,336.073,5.0,3000.323,15000.806,18001.129,0.4492067192969821,0.459538546085366,28.777999999999793,2581.332,2527.554,37.295,414.523,9945.702,5290.479,5488.53,15000.806,78.45000000000005
2025-10-16 19:33:00,10/16,학습,335.897,5.0,3000.339,15000.788,18001.127,0.4443396752867729,0.4547477221787193,28.764000000000124,2581.233,2527.469,37.297,413.643,9955.976,5281.723,5484.705,15000.788,77.74599999999998
2025-10-16 19:34:00,10/16,학습,335.721,5.0,3000.36,15000.854,18001.214,0.4394081970834447,0.4499143623429004,28.75,2581.128,2527.378,37.298,412.77,9971.67,5272.783,5488.31,15000.854,77.04899999999998
2025-10-16 19:35:00,10/16,학습,335.545,5.0,3000.382,15000.896,18001.278000000002,0.4345879952032223,0.4451698294213957,28.735999999999876,2581.016,2527.28,37.3,411.9,9981.488,5263.767,5486.294,15000.896,76.35499999999996
2025-10-16 19:36:00,10/16,학습,335.368,5.0,3000.409,15000.967,18001.376,0.4296913051289843,0.4403648541459958,28.721999999999753,2580.894,2527.172,37.301,411.033,9994.759,5254.642,5486.933,15000.967,75.66500000000002
2025-10-16 19:37:00,10/16,학습,335.192,5.0,3000.442,15001.04,18001.482,0.4248834119899745,0.4356469987030787,28.708000000000084,2580.762,2527.054,37.303,410.168,10007.595,5245.403,5486.71,15001.04,74.976
2025-10-16 19:38:00,10/16,학습,335.015,5.0,3000.477,15001.116,18001.593,0.4201781457579035,0.4310306843473136,28.695000000000164,2580.619,2526.924,37.306,409.307,10020.24,5236.049,5487.102,15001.116,74.29200000000003
2025-10-16 19:39:00,10/16,학습,334.839,5.0,3000.512,15001.191,18001.703,0.4154071677889924,0.4263542627985811,28.68100000000004,2580.465,2526.784,37.308,408.449,10033.569,5226.594,5486.434,15001.191,73.61000000000001
2025-10-16 19:40:00,10/16,학습,334.663,5.0,3000.549,15001.268,18001.817,0.4107462054085346,0.4217869569069649,28.66800000000012,2580.299,2526.631,37.311,407.596,10046.778,5217.021,5485.47,15001.268,72.93299999999999
2025-10-16 19:41:00,10/16,학습,334.487,4.999,3000.588,15001.347,18001.935,0.4061089535547114,0.4172593476567459,28.6550000000002,2580.121,2526.466,37.314,406.747,10060.169,5207.315,5485.879,15001.347,72.25999999999999
2025-10-16 19:42:00,10/16,학습,334.311,4.999,3000.625,15001.415,18002.04,0.4014244520343183,0.4126714680361229,28.641000000000076,2579.931,2526.29,37.316,405.903,10073.31,5197.497,5485.368,15001.415,71.59200000000004
2025-10-16 19:43:00,10/16,학습,334.135,4.999,3000.659,15001.48,18002.139,0.3969307849845853,0.4082741086304001,28.628000000000156,2579.731,2526.103,37.32,405.065,10086.693,5187.562,5484.978,15001.48,70.93
2025-10-16 19:44:00,10/16,학습,333.959,4.999,3000.691,15001.539,18002.23,0.3923958645379851,0.4038363773881407,28.615999999999985,2579.521,2525.905,37.323,404.233,10099.952,5177.517,5483.931,15001.539,70.274
2025-10-16 19:45:00,10/16,학습,333.784,4.999,3000.723,15001.597,18002.32,0.3878884195629103,0.3994271861345201,28.602000000000317,2579.3,2525.698,37.326,403.406,10113.305,5167.362,5481.67,15001.597,69.62200000000001
2025-10-16 19:46:00,10/16,학습,333.608,4.999,3000.754,15001.653,18002.407,0.3834960405310516,0.3951324997135891,28.588999999999942,2579.069,2525.48,37.33,402.585,10126.71,5157.099,5476.648,15001.653,68.97699999999998
2025-10-16 19:47:00,10/16,학습,333.433,4.999,3000.784,15001.711,18002.495,0.3791371098968957,0.3908741587640082,28.576000000000022,2578.828,2525.252,37.334,401.77,10140.492,5146.723,5471.645,15001.711,68.33699999999999
2025-10-16 19:48:00,10/16,학습,333.258,4.999,3000.816,15001.768,18002.584,0.3747350765937943,0.3865762639373829,28.564000000000306,2578.577,2525.013,37.337,400.961,10154.571,5136.228,5467.11,15001.768,67.70300000000003
2025-10-16 19:49:00,10/16,학습,333.084,4.999,3000.847,15001.823,18002.670000000002,0.370452707446787,0.3823986050631479,28.549999999999727,2578.314,2524.764,37.341,400.159,10168.867,5125.612,5462.933,15001.823,67.07499999999999
2025-10-16 19:50:00,10/16,학습,332.91,4.999,3000.877,15001.873,18002.75,0.3662798521681404,0.3783308982991332,28.53800000000001,2578.042,2524.504,37.346,399.362,10183.346,5114.87,5459.024,15001.873,66.452
2025-10-16 19:51:00,10/16,학습,332.735,4.999,3000.905,15001.919,18002.824,0.3620689752380516,0.3742279045407932,28.52500000000009,2577.76,2524.235,37.35,398.572,10197.991,5104.001,5455.31,15001.919,65.83699999999999
2025-10-16 19:52:00,10/16,학습,332.561,4.999,3000.931,15001.959,18002.89,0.3578943174072875,0.3701626197947773,28.511999999999716,2577.468,2523.956,37.354,397.788,10212.795,5093.004,5451.735,15001.959,65.22700000000003
2025-10-16 19:53:00,10/16,학습,332.387,4.999,3000.955,15001.995,18002.95,0.3538339370076283,0.3662117288032524,28.5,2577.168,2523.668,37.359,397.01,10227.752,5081.877,5448.256,15001.995,64.62299999999999
2025-10-16 19:54:00,10/16,학습,332.213,4.999,3000.978,15002.027,18003.005,0.3497338301985015,0.3622237334038531,28.48700000000008,2576.86,2523.373,37.363,396.239,10242.86,5070.619,5444.84,15002.027,64.02599999999995
2025-10-16 19:55:00,10/16,학습,332.039,4.999,3000.999,15002.056,18003.055,0.3457487362857406,0.3583507662517976,28.47499999999991,2576.544,2523.069,37.368,395.474,10258.118,5059.228,5441.463,15002.056,63.435
2025-10-16 19:56:00,10/16,학습,331.865,4.999,3001.019,15002.082,18003.101,0.3417911832142963,0.3545067901949713,28.46199999999999,2576.22,2522.758,37.373,394.714,10273.527,5047.704,5438.106,15002.082,62.84899999999999
2025-10-16 19:57:00,10/16,학습,331.69,4.999,3001.038,15002.106,18003.144,0.3377958569358725,0.3506276213449433,28.450000000000273,2575.889,2522.439,37.377,393.961,10289.086,5036.046,5434.756,15002.106,62.271000000000015
2025-10-16 19:58:00,10/16,학습,331.516,4.999,3001.056,15002.128,18003.184,0.3339077630019938,0.3468557264811026,28.438000000000102,2575.551,2522.113,37.382,393.213,10304.798,5024.252,5431.403,15002.128,61.697
2025-10-16 19:59:00,10/16,학습,331.342,4.999,3001.073,15002.148,18003.220999999998,0.3300541620399704,0.3431196237201117,28.424999999999727,2575.205,2521.78,37.387,392.471,10320.662,5012.323,5428.041,15002.148,61.12900000000002
2025-10-16 20:00:00,10/16,학습,331.185,4.999,3001.08,15002.132,18003.212,0.3263028664061259,0.3394863322186809,28.41300000000001,2574.857,2521.444,37.393,391.734,10336.682,5000.256,5424.664,15002.132,60.54899999999998
2025-10-16 20:01:00,10/16,학습,331.056,4.999,3001.115,15002.256,18003.371,0.3226085357398406,0.3359094575312546,28.402999999999793,2574.493,2521.09,37.399,391.004,10352.86,4988.052,5421.27,15002.256,59.948000000000036
2025-10-16 20:02:00,10/16,학습,330.941,4.999,3001.185,15002.399,18003.584,0.3193039456071572,0.3327151865145938,28.396000000000186,2574.097,2520.701,37.407,390.305,10369.201,4975.714,5417.856,15002.399,59.36400000000003
2025-10-16 20:03:00,10/16,학습,330.84,4.999,3001.221,15002.37,18003.591,0.31632150860769,0.3298406161827713,28.389999999999873,2573.691,2520.301,37.413,389.682,10385.725,4963.237,5414.421,15002.37,58.84200000000004
2025-10-16 20:04:00,10/16,학습,330.751,4.999,3001.194,15002.22,18003.414,0.3137496748747843,0.3273741240429247,28.384999999999764,2573.303,2519.918,37.418,389.142,10402.456,4950.615,5410.966,15002.22,58.39100000000002
2025-10-16 20:05:00,10/16,학습,330.673,4.999,3001.128,15002.042,18003.17,0.3114842024692141,0.3252122736038118,28.378999999999905,2572.941,2519.562,37.422,388.67,10419.416,4937.843,5407.498,15002.042,57.997000000000014
2025-10-16 20:06:00,10/16,학습,330.604,4.999,3001.043,15001.852,18002.895,0.3095530287360304,0.3233813093266853,28.37400000000025,2572.61,2519.236,37.426,388.258,10436.613,4924.917,5404.022,15001.852,57.653999999999996
2025-10-16 20:07:00,10/16,학습,330.541,4.999,3000.949,15001.663,18002.612,0.3078188062866437,0.3217458686961833,28.369000000000142,2572.311,2518.942,37.429,387.897,10454.047,4911.837,5400.547,15001.663,57.355999999999995
2025-10-16 20:08:00,10/16,학습,330.486,4.999,3000.855,15001.49,18002.345,0.3063134380950861,0.3203364789733776,28.364000000000033,2572.043,2518.679,37.432,387.579,10471.71,4898.599,5397.082,15001.49,57.09300000000002
2025-10-16 20:09:00,10/16,학습,330.436,4.999,3000.767,15001.337,18002.104,0.3049255395700891,0.319043397491621,28.359999999999673,2571.803,2518.443,37.434,387.298,10489.59,4885.203,5393.635,15001.337,56.86200000000002
2025-10-16 20:10:00,10/16,학습,330.391,4.999,3000.689,15001.205,18001.894,0.3037801266329066,0.3179885904641832,28.356000000000222,2571.588,2518.232,37.437,387.048,10507.672,4871.649,5155.024,15001.205,56.65699999999998
2025-10-16 20:11:00,10/16,학습,330.35,4.999,3000.621,15001.093,18001.714,0.3026994995449546,0.3169975524309026,28.35299999999961,2571.394,2518.041,37.439,386.825,10525.928,4857.936,2854.705,15001.093,56.474999999999966
2025-10-16 20:12:00,10/16,학습,330.314,4.999,3000.561,15000.997,18001.558,0.3016676413419057,0.3160543900660161,28.34999999999991,2571.218,2517.868,37.44,386.626,10544.333,4844.065,2814.466,15000.997,56.311999999999955
2025-10-16 20:13:00,10/16,학습,330.281,4.999,3000.511,15000.915,18001.426,0.3008218007964324,0.3152932588000309,28.34800000000041,2571.059,2517.711,37.442,386.447,10562.885,4830.038,2801.497,15000.915,56.166
2025-10-16 20:14:00,10/16,학습,330.252,5.0,3000.467,15000.846,18001.313,0.300078569247576,0.3146010541873091,28.343999999999596,2570.912,2517.568,37.444,386.287,10581.57,4815.855,2789.861,15000.846,56.03499999999997
2025-10-16 20:15:00,10/16,학습,330.225,5.0,3000.43,15000.786,18001.216,0.2993431777145903,0.3139475388044382,28.341999999999643,2570.778,2517.436,37.445,386.143,10600.375,4801.518,2779.334,15000.786,55.91799999999995
2025-10-16 20:16:00,10/16,학습,330.201,5.0,3000.397,15000.735,18001.132,0.2987654438963644,0.3134479648823413,28.340999999999894,2570.654,2517.313,37.447,386.013,10619.287,4787.029,2769.742,15000.735,55.811999999999955
2025-10-16 20:17:00,10/16,학습,330.18,5.0,3000.369,15000.691,18001.06,0.2981845243297473,0.3129447440256714,28.338000000000193,2570.538,2517.2,37.448,385.897,10638.292,4772.39,2760.948,15000.691,55.716999999999985
2025-10-16 20:18:00,10/16,학습,330.161,5.0,3000.345,15000.653,18000.998,0.2976652978852207,0.3125012127171788,28.335999999999785,2570.43,2517.094,37.449,385.792,10657.374,4757.605,2752.84,15000.653,55.63099999999997
2025-10-16 20:19:00,10/16,학습,330.144,5.0,3000.324,15000.62,18000.944,0.2972092518874529,0.3121187058366773,28.335000000000036,2570.329,2516.994,37.45,385.698,10676.521,4742.675,2745.333,15000.62,55.553999999999974
2025-10-16 20:20:00,10/16,학습,330.129,5.0,3000.306,15000.592,18000.898,0.2967960687879948,0.3117772151061059,28.333000000000084,2570.234,2516.901,37.451,385.612,10695.719,4727.605,2738.353,15000.592,55.483000000000004
2025-10-16 20:21:00,10/16,학습,330.115,5.0,3000.291,15000.569,18000.86,0.2964362909557227,0.3114868666086499,28.33100000000013,2570.143,2516.812,37.452,385.535,10714.954,4712.397,2731.844,15000.569,55.420000000000016
2025-10-16 20:22:00,10/16,학습,330.102,5.0,3000.278,15000.548,18000.826,0.2961171956800773,0.3112351671649799,28.329999999999927,2570.057,2516.727,37.453,385.465,10734.214,4697.056,2725.757,15000.548,55.363
2025-10-16 20:23:00,10/16,학습,330.091,5.0,3000.267,15000.532,18000.799,0.2958402546508724,0.3110234174519783,28.32900000000018,2569.974,2516.645,37.454,385.402,10753.486,4681.586,2720.051,15000.532,55.31099999999998
2025-10-16 20:24:00,10/16,학습,330.081,5.0,3000.257,15000.518,18000.775,0.295584984383417,0.3108315641357919,28.32699999999977,2569.894,2516.567,37.455,385.343,10772.759,4665.991,2714.691,15000.518,55.262
2025-10-16 20:25:00,10/16,학습,330.072,5.0,3000.25,15000.507,18000.756999999998,0.2953683704230557,0.3106759826207274,28.326000000000022,2569.816,2516.49,37.456,385.29,10792.022,4650.276,2709.646,15000.507,55.21800000000002
2025-10-16 20:26:00,10/16,학습,330.064,5.0,3000.244,15000.498,18000.742,0.2951749711034039,0.3105415988331875,28.323999999999614,2569.74,2516.416,37.457,385.241,10811.264,4634.444,2704.889,15000.498,55.176999999999964
2025-10-16 20:27:00,10/16,학습,330.056,5.0,3000.239,15000.492,18000.731,0.295001011275276,0.3104247075065963,28.32300000000032,2569.666,2516.343,37.458,385.195,10830.478,4618.502,2700.395,15000.492,55.13900000000001
2025-10-16 20:28:00,10/16,학습,330.049,5.0,3000.235,15000.487,18000.721999999998,0.2948530100209809,0.3103315838432087,28.32199999999966,2569.593,2516.271,37.459,385.153,10849.654,4602.454,2696.142,15000.487,55.10400000000004
2025-10-16 20:29:00,10/16,학습,330.043,5.0,3000.233,15000.484,18000.717,0.294724625845773,0.3102559658133238,28.321000000000367,2569.521,2516.2,37.46,385.114,10868.787,4586.305,2692.111,15000.484,55.07099999999997
2025-10-16 20:30:00,10/16,학습,330.037,5.0,3000.231,15000.482,18000.713,0.2946093796397516,0.3101915884186864,28.31899999999996,2569.449,2516.13,37.461,385.077,10887.868,4570.06,2688.282,15000.482,55.04000000000002
2025-10-16 20:31:00,10/16,학습,330.032,5.0,3000.23,15000.481,18000.711,0.2945099416984106,0.3101410093584358,28.317999999999756,2569.377,2516.059,37.462,385.042,10906.894,4553.724,2684.64,15000.481,55.00999999999999
2025-10-16 20:32:00,10/16,학습,330.028,5.0,3000.23,15000.482,18000.712,0.294418584432451,0.3100966833524209,28.317000000000007,2569.305,2515.988,37.463,385.008,10925.861,4537.301,2681.169,15000.482,54.97999999999996
2025-10-16 20:33:00,10/16,학습,330.023,5.0,3000.23,15000.483,18000.713,0.2943468057041293,0.3100698772538756,28.315000000000055,2569.233,2515.918,37.464,384.977,10944.763,4520.798,2677.856,15000.483,54.95399999999995
2025-10-16 20:34:00,10/16,학습,330.019,5.0,3000.231,15000.485,18000.716,0.2942792834763743,0.3100456115345094,28.31399999999985,2569.16,2515.846,37.465,384.946,10963.599,4504.218,2674.688,15000.485,54.92700000000002
2025-10-16 20:35:00,10/16,학습,330.016,5.0,3000.232,15000.487,18000.718999999997,0.2941446577218231,0.3099544204691864,28.311999999999898,2569.087,2515.775,37.465,384.917,10982.367,4487.566,2671.655,15000.487,54.900999999999954
2025-10-16 20:36:00,10/16,학습,330.012,5.0,3000.234,15000.491,18000.725,0.2941008789816393,0.3099502261782309,28.310999999999694,2569.013,2515.702,37.466,384.889,11001.065,4470.847,2668.746,15000.491,54.87700000000001
2025-10-16 20:37:00,10/16,학습,330.009,5.0,3000.236,15000.494,18000.73,0.2941388258917408,0.3100241893110385,28.309999999999945,2568.939,2515.629,37.468,384.861,11019.691,4454.065,2665.953,15000.494,54.851999999999975
2025-10-16 20:38:00,10/16,학습,330.006,5.0,3000.238,15000.498,18000.736,0.2941057351462216,0.3100275173357497,28.307999999999993,2568.863,2515.555,37.469,384.834,11038.247,4437.225,2663.267,15000.498,54.82800000000003
2025-10-16 20:39:00,10/16,학습,330.004,5.0,3000.24,15000.501,18000.741,0.2940818180352185,0.3100383849701129,28.30699999999979,2568.787,2515.48,37.47,384.808,11056.73,4420.331,2660.682,15000.501,54.803999999999974
2025-10-16 20:40:00,10/16,학습,330.001,5.0,3000.243,15000.505,18000.748,0.2940606190012527,0.3100505194235755,28.30600000000004,2568.71,2515.404,37.471,384.782,11075.142,4403.388,2658.192,15000.505,54.781000000000006
2025-10-16 20:41:00,10/16,학습,329.999,5.0,3000.245,15000.51,18000.755,0.2940484280605704,0.3100701947556926,28.303999999999633,2568.631,2515.327,37.472,384.757,11093.484,4386.398,2655.791,15000.51,54.75799999999998
2025-10-16 20:42:00,10/16,학습,329.997,5.0,3000.248,15000.514,18000.762,0.2940388817697772,0.3100911375646694,28.30300000000034,2568.552,2515.249,37.473,384.732,11111.755,4369.366,2653.474,15000.514,54.735000000000014
2025-10-16 20:43:00,10/16,학습,329.995,5.0,3000.251,15000.518,18000.769,0.2940318655152689,0.3101133478989614,28.30099999999993,2568.471,2515.17,37.474,384.707,11129.957,4352.295,2651.237,15000.518,54.71199999999999
2025-10-16 20:44:00,10/16,학습,329.993,5.0,3000.254,15000.522,18000.776,0.2940337450862154,0.3101431005764135,28.299999999999727,2568.39,2515.09,37.475,384.683,11148.092,4335.19,2649.076,15000.522,54.69
2025-10-16 20:45:00,10/16,학습,329.991,5.0,3000.256,15000.526,18000.782,0.294038020601331,0.3101741213705146,28.297999999999774,2568.307,2515.009,37.476,384.659,11166.159,4318.052,2646.987,15000.526,54.668000000000006
2025-10-16 20:46:00,10/16,학습,329.99,5.0,3000.259,15000.53,18000.789,0.2941249406323014,0.3102845326948255,28.29599999999982,2568.223,2514.927,37.478,384.635,11184.161,4300.886,2644.968,15000.53,54.64499999999998
2025-10-16 20:47:00,10/16,학습,329.988,5.0,3000.262,15000.533,18000.795,0.2941339726289728,0.3103180848412984,28.295000000000073,2568.139,2514.844,37.479,384.611,11202.098,4283.695,2643.015,15000.533,54.62299999999999
2025-10-16 20:48:00,10/16,학습,329.987,5.0,3000.264,15000.537,18000.801,0.294146534063085,0.3103541828135747,28.29399999999987,2568.053,2514.759,37.48,384.587,11219.973,4266.481,2641.126,15000.537,54.599999999999966
2025-10-16 20:49:00,10/16,학습,329.986,5.0,3000.267,15000.54,18000.807,0.2941600979995872,0.3103902714355488,28.291999999999916,2567.966,2514.674,37.481,384.563,11237.785,4249.247,2639.3,15000.54,54.577
2025-10-16 20:50:00,10/16,학습,329.985,5.0,3000.269,15000.543,18000.811999999998,0.294255994643455,0.310505725818902,28.289999999999964,2567.878,2514.588,37.483,384.539,11255.538,4231.995,2637.534,15000.543,54.553999999999974
2025-10-16 20:51:00,10/16,학습,329.983,5.0,3000.272,15000.546,18000.818,0.2942738977800513,0.3105443459258089,28.28800000000001,2567.789,2514.501,37.484,384.515,11273.231,4214.729,2635.827,15000.546,54.53199999999998
2025-10-16 20:52:00,10/16,학습,329.982,5.0,3000.274,15000.549,18000.823,0.2943002974702963,0.3105905107502344,28.286999999999807,2567.7,2514.413,37.485,384.492,11290.867,4197.45,2634.179,15000.549,54.50999999999999
2025-10-16 20:53:00,10/16,학습,329.981,5.0,3000.276,15000.552,18000.828,0.2944025055561986,0.3107097450020996,28.284999999999854,2567.609,2514.324,37.487,384.468,11308.446,4180.162,2632.587,15000.552,54.48700000000002
2025-10-16 20:54:00,10/16,학습,329.981,5.0,3000.278,15000.554,18000.832,0.2944265749547634,0.310752165239652,28.284000000000106,2567.518,2514.234,37.488,384.444,11325.969,4162.865,2631.053,15000.554,54.46300000000002
2025-10-16 20:55:00,10/16,학습,329.98,5.0,3000.28,15000.557,18000.837,0.2944591010258975,0.3108021308149945,28.282000000000153,2567.425,2514.143,37.489,384.421,11343.437,4145.562,2629.577,15000.557,54.440999999999974
2025-10-16 20:56:00,10/16,학습,329.979,5.0,3000.282,15000.559,18000.841,0.2945660144394977,0.3109238671685631,28.279999999999745,2567.332,2514.052,37.491,384.397,11360.85,4128.256,2628.16,15000.559,54.418000000000006
2025-10-16 20:57:00,10/16,학습,329.978,5.0,3000.284,15000.561,18000.845,0.2946011425823944,0.3109750872570639,28.277999999999793,2567.238,2513.96,37.492,384.374,11378.211,4110.947,2626.805,15000.561,54.396000000000015
2025-10-16 20:58:00,10/16,학습,329.978,5.0,3000.286,15000.563,18000.849000000002,0.29463176765619,0.3110212988494128,28.27599999999984,2567.143,2513.867,37.493,384.35,11395.517,4093.638,2625.518,15000.563,54.372000000000014
2025-10-16 20:59:00,10/16,학습,329.977,5.0,3000.288,15000.564,18000.852,0.2947444385647484,0.3111468148377743,28.274999999999636,2567.048,2513.773,37.495,384.326,11412.771,4076.33,2624.305,15000.564,54.349000000000046
2025-10-16 21:00:00,10/16,학습,329.993,5.0,3000.28,15000.535,18000.815,0.2947781656867712,0.3111954476420228,28.27300000000014,2566.956,2513.683,37.496,384.303,11429.97,4059.025,2623.18,15000.535,54.31
2025-10-16 21:01:00,10/16,학습,330.039,5.0,3000.299,15000.625,18000.924,0.2949913384294366,0.3114167166614134,28.27500000000009,2566.855,2513.58,37.499,384.28,11447.116,4041.726,2622.184,15000.625,54.240999999999985
2025-10-16 21:02:00,10/16,학습,330.098,5.0,3000.349,15000.72,18001.069,0.2954095561505612,0.3118293615089378,28.278000000000247,2566.728,2513.45,37.502,384.282,11463.675,4024.44,2621.363,15000.72,54.18399999999997
2025-10-16 21:03:00,10/16,학습,330.171,5.0,3000.362,15000.667,18001.029,0.2964082755770535,0.3126699602385037,28.28099999999995,2566.6,2513.319,37.505,384.352,11467.622,4007.401,2620.862,15000.667,54.18099999999998
2025-10-16 21:04:00,10/16,학습,330.256,5.0,3000.317,15000.523,18000.84,0.2976207248858638,0.3137074155451749,28.286000000000058,2566.5,2513.214,37.505,384.496,11469.672,3990.875,2621.255,15000.523,54.24000000000001
2025-10-16 21:05:00,10/16,학습,330.35,5.0,3000.239,15000.364,18000.603,0.2992436324030744,0.3151536851026071,28.29000000000042,2566.434,2513.144,37.506,384.7,11471.69,3974.855,2623.329,15000.364,54.349999999999966
2025-10-16 21:06:00,10/16,학습,330.452,5.0,3000.15,15000.204,18000.354,0.3010003806392741,0.3167379454155649,28.294999999999618,2566.403,2513.108,37.505,384.958,11473.671,3959.325,2627.5,15000.204,54.50600000000003
2025-10-16 21:07:00,10/16,학습,330.56,5.0,3000.057,15000.051,18000.108,0.3029924614544215,0.3185589634234477,28.299999999999727,2566.406,2513.106,37.504,385.261,11475.612,3944.269,2633.794,15000.051,54.70100000000002
2025-10-16 21:08:00,10/16,학습,330.675,5.0,2999.969,14999.914,17999.883,0.3051849350320765,0.3205822864653857,28.305999999999585,2566.441,2513.135,37.503,385.603,11477.513,3929.672,2642.106,14999.914,54.928
2025-10-16 21:09:00,10/16,학습,330.794,5.0,2999.891,14999.796,17999.687,0.3074645483211552,0.3226969981396655,28.312000000000353,2566.503,2513.191,37.501,385.978,11479.378,3915.519,2652.291,14999.796,55.184000000000026
2025-10-16 21:10:00,10/16,학습,330.918,5.0,2999.822,14999.695,17999.517,0.3098898187642732,0.3249604423586075,28.31800000000021,2566.588,2513.27,37.499,386.382,11481.213,3901.797,2664.18,14999.695,55.464
2025-10-16 21:11:00,10/16,학습,331.045,5.0,2999.763,14999.609,17999.372,0.3124398618983874,0.3273521655746617,28.325000000000273,2566.693,2513.368,37.497,386.811,11483.023,3888.491,2677.59,14999.609,55.76599999999996
2025-10-16 21:12:00,10/16,학습,331.177,5.0,2999.713,14999.536,17999.249,0.3151051903365907,0.3298629626024153,28.33199999999988,2566.814,2513.482,37.495,387.263,11484.814,3875.588,2692.345,14999.536,56.085999999999956
2025-10-16 21:13:00,10/16,학습,331.311,5.0,2999.67,14999.473,17999.143,0.3178763031308562,0.3324836623846125,28.340000000000146,2566.949,2513.609,37.493,387.736,11486.595,3863.075,2708.294,14999.473,56.42500000000001
2025-10-16 21:14:00,10/16,학습,331.449,5.0,2999.634,14999.418,17999.052,0.3206672163921167,0.3351298753312337,28.347000000000207,2567.096,2513.749,37.49,388.229,11488.373,3850.939,2725.283,14999.418,56.77999999999997
2025-10-16 21:15:00,10/16,학습,331.589,5.0,2999.603,14999.372,17998.975,0.3236294872792231,0.3379503671850084,28.356000000000222,2567.253,2513.897,37.488,388.74,11490.155,3839.167,2743.159,14999.372,57.15100000000001
2025-10-16 21:16:00,10/16,학습,331.731,5.0,2999.577,14999.332,17998.909,0.3265905842427429,0.3407757534029364,28.364000000000033,2567.418,2514.054,37.485,389.267,11491.951,3827.747,2761.815,14999.332,57.536
2025-10-16 21:17:00,10/16,학습,331.875,5.001,2999.556,14999.298,17998.854,0.3296318373057261,0.3436592010012909,28.3720000000003,2567.59,2514.218,37.482,389.81,11493.766,3816.666,2781.165,14999.298,57.935
2025-10-16 21:18:00,10/16,학습,332.021,5.001,2999.537,14999.27,17998.807,0.3328290920337669,0.3467290110203912,28.380999999999858,2567.767,2514.386,37.48,390.368,11495.608,3805.912,2801.137,14999.27,58.34699999999998
2025-10-16 21:19:00,10/16,학습,332.169,5.001,2999.523,14999.247,17998.77,0.336010673946919,0.3497890640638148,28.389999999999873,2567.949,2514.559,37.477,390.939,11497.481,3795.473,2821.675,14999.247,58.77000000000004
2025-10-16 21:20:00,10/16,학습,332.318,5.001,2999.512,14999.23,17998.742,0.3392526942206033,0.3529141687550199,28.40000000000009,2568.134,2514.734,37.474,391.522,11499.391,3785.338,2842.733,14999.23,59.20400000000001
2025-10-16 21:21:00,10/16,학습,332.469,5.001,2999.504,14999.218,17998.722,0.3426322279899571,0.3561800658921798,28.408000000000357,2568.32,2514.912,37.472,392.117,11501.339,3775.495,2864.274,14999.218,59.648000000000025
2025-10-16 21:22:00,10/16,학습,332.621,5.001,2999.499,14999.21,17998.709,0.3459894370186696,0.3594292336689714,28.417999999999665,2568.508,2515.09,37.469,392.723,11503.329,3765.933,2886.269,14999.21,60.10200000000003
2025-10-16 21:23:00,10/16,학습,332.773,5.001,2999.497,14999.207,17998.704,0.3493978536135671,0.3627338964017485,28.42800000000034,2568.695,2515.267,37.466,393.339,11505.362,3756.642,2908.694,14999.207,60.565999999999974
2025-10-16 21:24:00,10/16,학습,332.927,5.001,2999.497,14999.208,17998.705,0.3529343508507498,0.3661697076456196,28.436999999999898,2568.881,2515.444,37.464,393.965,11507.437,3747.611,2931.53,14999.208,61.037999999999954
2025-10-16 21:25:00,10/16,학습,333.081,5.001,2999.5,14999.214,17998.714,0.3564335494784986,0.3695734106625418,28.447999999999865,2569.066,2515.618,37.461,394.599,11509.555,3738.829,2954.761,14999.214,61.51799999999997
2025-10-16 21:26:00,10/16,학습,333.236,5.001,2999.506,14999.223,17998.729,0.3599786373084529,0.3730268255939132,28.45699999999988,2569.247,2515.79,37.458,395.242,11511.713,3730.289,2978.374,14999.223,62.00600000000003
2025-10-16 21:27:00,10/16,학습,333.391,5.001,2999.513,14999.236,17998.749,0.3636378079520654,0.3765971597085727,28.4670000000001,2569.425,2515.958,37.456,395.892,11513.912,3721.978,3002.356,14999.236,62.500999999999976
2025-10-16 21:28:00,10/16,학습,333.547,5.001,2999.523,14999.253,17998.776,0.3673401847080907,0.3802142460321232,28.478000000000065,2569.599,2516.121,37.454,396.55,11516.148,3713.89,3026.699,14999.253,63.002999999999986
2025-10-16 21:29:00,10/16,학습,333.703,5.001,2999.535,14999.273,17998.807999999997,0.3710002769114155,0.3837935095758221,28.48799999999983,2569.768,2516.28,37.451,397.215,11518.42,3706.015,3051.392,14999.273,63.512
2025-10-16 21:30:00,10/16,학습,333.86,5.001,2999.548,14999.296,17998.844,0.3747704318967134,0.3874852472250787,28.498000000000047,2569.931,2516.433,37.449,397.886,11520.725,3698.344,3076.427,14999.296,64.02600000000001
2025-10-16 21:31:00,10/16,학습,334.017,5.001,2999.563,14999.321,17998.884,0.37857131889711,0.3912109263352209,28.507000000000062,2570.088,2516.581,37.447,398.563,11523.061,3690.87,3101.797,14999.321,64.54599999999999
2025-10-16 21:32:00,10/16,학습,334.174,5.0,2999.58,14999.35,17998.93,0.3824006382743257,0.3949860697545956,28.51800000000003,2570.239,2516.721,37.445,399.245,11525.424,3683.584,3127.495,14999.35,65.07100000000003
2025-10-16 21:33:00,10/16,학습,334.332,5.0,2999.598,14999.381,17998.979,0.386267847903983,0.3987833282257996,28.528999999999996,2570.384,2516.855,37.443,399.934,11527.814,3676.48,3153.514,14999.381,65.60200000000003
2025-10-16 21:34:00,10/16,학습,334.489,5.0,2999.617,14999.414,17999.031000000003,0.3901560392161782,0.4026044180786538,28.53800000000001,2570.52,2516.982,37.441,400.627,11530.226,3669.55,3179.848,14999.414,66.13800000000003
2025-10-16 21:35:00,10/16,학습,334.647,5.0,2999.638,14999.449,17999.087,0.3941512617759081,0.406534276677485,28.550000000000182,2570.65,2517.1,37.44,401.325,11532.659,3662.787,3206.491,14999.449,66.678
2025-10-16 21:36:00,10/16,학습,334.805,5.0,2999.659,14999.486,17999.145,0.3980957930880254,0.4104168413251696,28.5600000000004,2570.771,2517.211,37.438,402.028,11535.111,3656.185,3233.437,14999.486,67.22300000000001
2025-10-16 21:37:00,10/16,학습,334.963,5.0,2999.682,14999.525,17999.207,0.4021470734978016,0.4144076526359211,28.56999999999971,2570.883,2517.313,37.437,402.736,11537.578,3649.738,3260.682,14999.525,67.77299999999997
2025-10-16 21:38:00,10/16,학습,335.123,5.0,2999.737,14999.463,17999.2,0.4157507441546796,0.4183701230010602,28.580000000000382,2570.963,2517.383,37.435,403.447,9834.911,3662.609,3288.226,14999.463,68.32400000000001
2025-10-16 21:39:00,10/16,학습,335.284,5.0,2999.779,14999.509,17999.288,0.4161491233266013,0.422456732881162,28.590000000000146,2571.016,2517.426,37.434,404.162,10420.804,3697.88,3315.971,14999.509,68.87799999999999
2025-10-16 21:40:00,10/16,학습,335.443,5.0,2999.792,14999.514,17999.306,0.4199239808509441,0.4264725587509689,28.59999999999991,2571.071,2517.471,37.432,404.88,10403.465,3729.628,3343.764,14999.514,69.43700000000001
2025-10-16 21:41:00,10/16,학습,335.601,5.0,2999.796,14999.513,17999.309,0.4238127034332436,0.4306008289931671,28.610000000000127,2571.127,2517.517,37.431,405.606,10386.428,3760.874,3371.679,14999.513,70.005
2025-10-16 21:42:00,10/16,학습,335.759,5.0,2999.8,14999.526,17999.326,0.4277048008134588,0.4347263694752245,28.61999999999989,2571.182,2517.562,37.43,406.333,10369.902,3791.622,3399.79,14999.526,70.57400000000001
2025-10-16 21:43:00,10/16,학습,335.916,5.0,2999.811,14999.558,17999.369000000002,0.431593967978661,0.4388424373861355,28.63000000000011,2571.232,2517.602,37.429,407.059,10353.892,3821.87,3428.137,14999.558,71.14300000000003
2025-10-16 21:44:00,10/16,학습,336.074,5.0,2999.828,14999.598,17999.426,0.4355613913030287,0.4430334569873106,28.639999999999873,2571.275,2517.635,37.429,407.785,10338.258,3851.621,3456.698,14999.598,71.71100000000001
2025-10-16 21:45:00,10/16,학습,336.231,5.0,2999.851,14999.645,17999.496,0.4395360303683427,0.4472244484355797,28.65000000000009,2571.31,2517.66,37.429,408.511,10322.856,3880.878,3485.426,14999.645,72.28000000000003
2025-10-16 21:46:00,10/16,학습,336.388,5.0,2999.876,14999.695,17999.571,0.443530290180086,0.4514282330252707,28.659999999999854,2571.336,2517.676,37.429,409.239,10307.569,3909.653,3514.286,14999.695,72.851
2025-10-16 21:47:00,10/16,학습,336.546,5.0,2999.903,14999.747,17999.649999999998,0.44753976888137,0.4556401743062727,28.670000000000073,2571.352,2517.682,37.429,409.968,10292.312,3937.959,3543.258,14999.747,73.42200000000003
2025-10-16 21:48:00,10/16,학습,336.703,5.0,2999.931,14999.798,17999.729,0.4515697842572395,0.4598659919096454,28.68100000000004,2571.359,2517.678,37.429,410.699,10277.029,3965.811,3572.334,14999.798,73.99600000000004
2025-10-16 21:49:00,10/16,학습,336.861,5.0,2999.959,14999.849,17999.808,0.4556974717075251,0.4641858422838697,28.69100000000026,2571.356,2517.665,37.43,411.433,10261.513,3993.228,3601.516,14999.849,74.572
2025-10-16 21:50:00,10/16,학습,337.019,5.0,2999.986,14999.9,17999.886,0.4597796026858669,0.4684493165942953,28.702000000000226,2571.344,2517.642,37.43,412.17,10245.258,4020.243,3630.818,14999.9,75.15100000000001
2025-10-16 21:51:00,10/16,학습,337.176,5.0,3000.014,14999.949,17999.963,0.4639536261217244,0.4728006931636747,28.712999999999738,2571.323,2517.61,37.431,412.909,10228.304,4046.895,3660.256,14999.949,75.733
2025-10-16 21:52:00,10/16,학습,337.334,5.0,3000.041,14999.998,18000.039,0.4681569683626607,0.4771755933897025,28.722999999999956,2571.292,2517.569,37.432,413.652,10210.664,4073.219,3689.845,14999.998,76.31799999999998
2025-10-16 21:53:00,10/16,학습,337.492,5.0,3000.067,15000.045,18000.112,0.4723832259998591,0.4815681510128681,28.73400000000038,2571.253,2517.519,37.433,414.398,10192.348,4099.252,3719.6,15000.045,76.906
2025-10-16 21:54:00,10/16,학습,337.651,5.0,3000.094,15000.092,18000.186,0.4766315604542394,0.4859782396690359,28.744000000000142,2571.204,2517.46,37.434,415.147,10173.366,4125.026,3749.532,15000.092,77.49599999999998
2025-10-16 21:55:00,10/16,학습,337.809,5.0,3000.119,15000.138,18000.257,0.4809023055681902,0.4904069509847812,28.755999999999858,2571.147,2517.391,37.435,415.899,10153.723,4150.573,3779.651,15000.138,78.08999999999997
2025-10-16 21:56:00,10/16,학습,337.967,5.0,3000.145,15000.183,18000.328,0.4852580478629494,0.4949200161113915,28.766000000000076,2571.081,2517.315,37.437,416.653,10133.426,4175.924,3809.963,15000.183,78.68600000000004
2025-10-16 21:57:00,10/16,학습,338.125,5.0,3000.17,15000.227,18000.397,0.4895677722428891,0.4993818742892728,28.777000000000044,2571.006,2517.229,37.438,417.411,10112.478,4201.108,3840.471,15000.227,79.286
2025-10-16 21:58:00,10/16,학습,338.283,5.0,3000.194,15000.27,18000.464,0.4939620869525168,0.5039289186957656,28.787999999999556,2570.923,2517.135,37.44,418.171,10090.88,4226.153,3871.174,15000.27,79.88799999999998
2025-10-16 21:59:00,10/16,학습,338.442,5.0,3000.218,15000.311,18000.529,0.4983788374604646,0.5084971299195362,28.798999999999978,2570.832,2517.033,37.442,418.935,10068.634,4251.087,3902.072,15000.311,80.493
2025-10-16 22:00:00,10/16,학습,338.586,5.0,3000.248,15000.372,18000.62,0.5028100291882535,0.5130787747687482,28.80899999999974,2570.729,2516.92,37.444,419.701,10045.745,4275.935,3933.158,15000.372,81.11500000000001
2025-10-16 22:01:00,10/16,학습,338.707,5.0,3000.247,15000.3,18000.547,0.5071805764397652,0.5175964282280978,28.81899999999996,2570.631,2516.812,37.445,420.472,10022.43,4300.72,3964.434,15000.3,81.76499999999999
2025-10-16 22:02:00,10/16,학습,338.818,5.0,3000.191,15000.14,18000.331,0.5112573174789842,0.5218079626662642,28.824999999999818,2570.562,2516.737,37.444,421.224,9999.615,4325.438,3996.003,15000.14,82.406
2025-10-16 22:03:00,10/16,학습,338.919,5.0,3000.134,15000.071,18000.205,0.5149867750613614,0.5256571595159834,28.829999999999927,2570.514,2516.684,37.444,421.904,9978.508,4350.049,4028.021,15000.071,82.98500000000001
2025-10-16 22:04:00,10/16,학습,339.008,5.0,3000.115,15000.089,18000.203999999998,0.5182558287932622,0.5290239640942249,28.834000000000287,2570.467,2516.633,37.444,422.499,9963.087,4374.473,4059.749,15000.089,83.49100000000004
2025-10-16 22:05:00,10/16,학습,339.089,5.0,3000.117,15000.118,18000.235,0.5212627029951441,0.5320937645764279,28.838999999999942,2570.416,2516.577,37.445,423.027,9981.333,4397.873,4100.905,15000.118,83.93799999999999
2025-10-16 22:06:00,10/16,학습,339.162,5.0,3000.128,15000.15,18000.278,0.5239404274931883,0.5348301722723281,28.8420000000001,2570.36,2516.518,37.446,423.495,9976.489,4420.216,4139.754,15000.15,84.33300000000003
2025-10-16 22:07:00,10/16,학습,339.229,5.0,3000.145,15000.19,18000.335,0.5263160014493563,0.5372560896463328,28.8449999999998,2570.297,2516.452,37.447,423.906,9965.136,4442.085,4171.324,15000.19,84.67700000000002
2025-10-16 22:08:00,10/16,학습,339.29,5.0,3000.165,15000.227,18000.392,0.5285189116781848,0.5395023115022755,28.847000000000207,2570.226,2516.379,37.449,424.27,9952.957,4463.588,4199.949,15000.227,84.97999999999996
2025-10-16 22:09:00,10/16,학습,339.346,5.0,3000.184,15000.259,18000.443,0.5304258653717178,0.5414418552942402,28.848999999999705,2570.149,2516.3,37.45,424.591,9940.193,4484.76,4226.193,15000.259,85.245
2025-10-16 22:10:00,10/16,학습,339.398,5.0,3000.2,15000.283,18000.483,0.532215944178976,0.5432602906925081,28.851000000000113,2570.068,2516.217,37.452,424.876,9926.829,4505.633,4250.144,15000.283,85.47799999999995
2025-10-16 22:11:00,10/16,학습,339.445,5.0,3000.212,15000.3,18000.512,0.5337615065151261,0.5448260911857243,28.85199999999986,2569.982,2516.13,37.453,425.128,9912.978,4526.236,4271.927,15000.3,85.68299999999999
2025-10-16 22:12:00,10/16,학습,339.488,5.0,3000.221,15000.311,18000.532,0.5352311143564202,0.546313332721758,28.85299999999961,2569.894,2516.041,37.455,425.352,9898.822,4546.591,4291.724,15000.311,85.86399999999998
2025-10-16 22:13:00,10/16,학습,339.528,5.0,3000.226,15000.315,18000.541,0.5364907885005584,0.5475836921094226,28.853999999999814,2569.805,2515.951,37.456,425.55,9884.569,4566.713,4309.747,15000.315,86.02199999999999
2025-10-16 22:14:00,10/16,학습,339.564,5.0,3000.228,15000.314,18000.542,0.5377049549314158,0.5488066289380291,28.85400000000027,2569.715,2515.861,37.458,425.726,9870.424,4586.611,4326.212,15000.314,86.16199999999998
2025-10-16 22:15:00,10/16,학습,339.598,5.0,3000.227,15000.309,18000.536,0.5387384407982241,0.5498425934950024,28.853999999999814,2569.627,2515.773,37.459,425.882,9856.572,4606.283,4341.328,15000.309,86.28399999999999
2025-10-16 22:16:00,10/16,학습,339.629,5.0,3000.223,15000.3,18000.523,0.5397472577444765,0.550852236643447,28.853999999999814,2569.54,2515.686,37.461,426.02,9843.165,4625.726,4355.287,15000.3,86.39099999999996
2025-10-16 22:17:00,10/16,학습,339.657,5.0,3000.217,15000.287,18000.504,0.5405960920215936,0.5516960205549974,28.85400000000027,2569.456,2515.602,37.462,426.142,9830.322,4644.928,4368.259,15000.287,86.48500000000001
2025-10-16 22:18:00,10/16,학습,339.683,5.0,3000.209,15000.271,18000.48,0.5414396518589593,0.5525332340323561,28.853999999999814,2569.375,2515.521,37.464,426.25,9818.127,4663.876,4380.391,15000.271,86.56700000000001
2025-10-16 22:19:00,10/16,학습,339.707,5.0,3000.2,15000.253,18000.453,0.5421382957707677,0.5532200810930636,28.853000000000065,2569.297,2515.444,37.465,426.345,9806.631,4682.557,4391.804,15000.253,86.63800000000003
2025-10-16 22:20:00,10/16,학습,339.729,5.0,3000.188,15000.232,18000.42,0.5427799740141384,0.5538471610238769,28.853000000000065,2569.224,2515.371,37.466,426.43,9795.854,4700.953,4402.601,15000.232,86.70100000000002
2025-10-16 22:21:00,10/16,학습,339.749,5.0,3000.176,15000.209,18000.385000000002,0.5433623073981393,0.554412132200901,28.85199999999986,2569.156,2515.304,37.467,426.505,9785.796,4719.05,4412.863,15000.209,86.75599999999997
2025-10-16 22:22:00,10/16,학습,339.768,5.0,3000.162,15000.184,18000.345999999998,0.5439035412474305,0.5549338593423845,28.85199999999986,2569.093,2515.241,37.468,426.573,9776.435,4736.834,4422.655,15000.184,86.805
2025-10-16 22:23:00,10/16,학습,339.785,5.0,3000.147,15000.158,18000.305,0.5443958991003196,0.5554045065184201,28.850999999999658,2569.035,2515.184,37.469,426.633,9767.735,4754.291,4432.031,15000.158,86.84799999999996
2025-10-16 22:24:00,10/16,학습,339.801,5.0,3000.131,15000.13,18000.261,0.5448563975141808,0.5558417175421009,28.85199999999986,2568.984,2515.132,37.47,426.688,9759.654,4771.41,4441.029,15000.13,86.887
2025-10-16 22:25:00,10/16,학습,339.816,5.0,3000.114,15000.101,18000.215,0.5452825674259342,0.5562431177656546,28.85199999999986,2568.939,2515.087,37.471,426.738,9752.14,4788.184,4449.681,15000.101,86.92200000000003
2025-10-16 22:26:00,10/16,학습,339.83,5.0,3000.096,15000.071,18000.167,0.5456086225386123,0.5565414161675313,28.852000000000317,2568.9,2515.048,37.471,426.784,9745.143,4804.605,4458.014,15000.071,86.95400000000001
2025-10-16 22:27:00,10/16,학습,339.843,5.0,3000.079,15000.041,18000.12,0.5459828009740956,0.5568888587366176,28.851000000000113,2568.867,2515.016,37.472,426.827,9738.609,4820.668,4466.046,15000.041,86.98399999999998
2025-10-16 22:28:00,10/16,학습,339.854,5.0,3000.06,15000.01,18000.07,0.5463394072907468,0.557218134873879,28.851000000000113,2568.841,2514.99,37.473,426.868,9732.491,4836.371,4473.795,15000.01,87.01400000000001
2025-10-16 22:29:00,10/16,학습,339.865,5.0,3000.042,14999.979,18000.021,0.5466048908972938,0.5574541024095465,28.851000000000113,2568.822,2514.971,37.473,426.907,9726.743,4851.714,4481.275,14999.979,87.04199999999997
2025-10-16 22:30:00,10/16,학습,339.876,5.0,3000.023,14999.948,17999.971,0.5468578412586447,0.5576773960398624,28.85199999999986,2568.81,2514.958,37.473,426.945,9721.323,4866.698,4488.5,14999.948,87.06900000000002
2025-10-16 22:31:00,10/16,학습,339.885,5.0,3000.005,14999.917,17999.922,0.5471023238412459,0.5578922885233948,28.85199999999986,2568.804,2514.952,37.473,426.983,9716.198,4881.324,4495.481,14999.917,87.09800000000001
2025-10-16 22:32:00,10/16,학습,339.894,5.0,2999.986,14999.886,17999.872,0.5473329422760623,0.5580933161154724,28.85199999999986,2568.805,2514.953,37.473,427.02,9711.335,4895.595,4502.232,14999.886,87.12599999999998
2025-10-16 22:33:00,10/16,학습,339.902,5.0,2999.968,14999.856,17999.824,0.5475614821256588,0.5582926074798187,28.853000000000065,2568.813,2514.96,37.473,427.058,9706.709,4909.517,4508.762,14999.856,87.156
2025-10-16 22:34:00,10/16,학습,339.91,5.0,2999.95,14999.827,17999.777,0.547782563960122,0.558484698011956,28.85400000000027,2568.827,2514.973,37.473,427.096,9702.298,4923.094,4515.083,14999.827,87.18599999999998
2025-10-16 22:35:00,10/16,학습,339.918,5.0,2999.932,14999.798,17999.73,0.5479961559994452,0.5586695889448821,28.855000000000018,2568.847,2514.992,37.473,427.134,9698.085,4936.332,4521.206,14999.798,87.21600000000001
2025-10-16 22:36:00,10/16,학습,339.925,5.0,2999.915,14999.77,17999.685,0.5482129254097576,0.5588582068498726,28.856000000000222,2568.873,2515.017,37.473,427.174,9694.056,4949.236,4527.141,14999.77,87.24899999999997
2025-10-16 22:37:00,10/16,학습,339.931,5.0,2999.899,14999.743,17999.642,0.5484275082804763,0.5590450871637016,28.858000000000175,2568.906,2515.048,37.473,427.215,9690.198,4961.813,4532.899,14999.743,87.28399999999999
2025-10-16 22:38:00,10/16,학습,339.937,5.0,2999.883,14999.717,17999.6,0.5485619992026809,0.5591508397443206,28.858999999999924,2568.944,2515.085,37.472,427.256,9686.502,4974.068,4538.489,14999.717,87.31899999999996
2025-10-16 22:39:00,10/16,학습,339.943,5.0,2999.867,14999.691,17999.558,0.5487733511992784,0.5593354421103822,28.860000000000127,2568.987,2515.127,37.472,427.299,9682.961,4986.009,4543.919,14999.691,87.356
2025-10-16 22:40:00,10/16,학습,339.949,5.0,2999.852,14999.667,17999.519,0.5489164245212178,0.5594510334406171,28.860999999999876,2569.035,2515.174,37.471,427.344,9679.568,4997.642,4549.198,14999.667,87.39499999999998
2025-10-16 22:41:00,10/16,학습,339.954,5.0,2999.838,14999.644,17999.482,0.5490530449660234,0.5595606198694711,28.86299999999983,2569.089,2515.226,37.47,427.389,9676.318,5008.972,4554.334,14999.644,87.435
2025-10-16 22:42:00,10/16,학습,339.959,5.0,2999.825,14999.622,17999.447,0.5491951208380573,0.5596763158036042,28.86499999999978,2569.147,2515.282,37.469,427.436,9673.205,5020.007,4559.333,14999.622,87.47699999999998
2025-10-16 22:43:00,10/16,학습,339.963,5.0,2999.812,14999.602,17999.414,0.5494088547844524,0.5598653969037959,28.865999999999985,2569.209,2515.343,37.469,427.484,9670.226,5030.753,4564.2,14999.602,87.52099999999996
2025-10-16 22:44:00,10/16,학습,339.968,5.0,2999.8,14999.582,17999.382,0.5495500061735157,0.5599811941674251,28.867999999999938,2569.276,2515.408,37.468,427.533,9667.376,5041.215,4568.942,14999.582,87.565
2025-10-16 22:45:00,10/16,학습,339.972,5.0,2999.788,14999.564,17999.352,0.5496924591629218,0.5600988326692002,28.871000000000095,2569.347,2515.476,37.467,427.583,9664.651,5051.4,4573.563,14999.564,87.61100000000005
2025-10-16 22:46:00,10/16,학습,339.976,5.0,2999.778,14999.546,17999.324,0.5498392150708241,0.5602213765008854,28.871999999999844,2569.421,2515.549,37.466,427.635,9662.047,5061.314,4578.066,14999.546,87.65899999999999
2025-10-16 22:47:00,10/16,학습,339.98,5.0,2999.768,14999.53,17999.298000000003,0.5499819154915494,0.5603403019645352,28.873999999999796,2569.499,2515.625,37.465,427.687,9659.561,5070.962,4582.455,14999.53,87.707
2025-10-16 22:48:00,10/16,학습,339.983,5.0,2999.758,14999.515,17999.273,0.5501271181505968,0.5604622598880391,28.876999999999953,2569.58,2515.703,37.464,427.74,9657.188,5080.351,4586.733,14999.515,87.757
2025-10-16 22:49:00,10/16,학습,339.987,5.0,2999.75,14999.501,17999.251,0.5502049216008971,0.5605163682507612,28.87900000000036,2569.664,2515.785,37.462,427.795,9654.927,5089.486,4590.903,14999.501,87.80799999999999
2025-10-16 22:50:00,10/16,학습,339.99,5.0,2999.741,14999.487,17999.228,0.5503473786899253,0.5606365395832098,28.882000000000062,2569.751,2515.869,37.461,427.849,9652.772,5098.372,4594.965,14999.487,87.85899999999998
2025-10-16 22:51:00,10/16,학습,339.993,5.0,2999.734,14999.475,17999.209,0.5504965404859659,0.5607639978818919,28.884000000000015,2569.84,2515.956,37.46,427.905,9650.721,5107.016,4598.923,14999.475,87.91199999999998
2025-10-16 22:52:00,10/16,학습,339.996,5.0,2999.727,14999.464,17999.191,0.5506428580387559,0.5608890300484661,28.885999999999967,2569.931,2516.045,37.459,427.961,9648.771,5115.422,4602.778,14999.464,87.96500000000003
2025-10-16 22:53:00,10/16,학습,339.998,5.0,2999.721,14999.454,17999.175,0.5507186793615624,0.5609431314310833,28.88799999999992,2570.024,2516.136,37.457,428.018,9646.919,5123.596,4606.53,14999.454,88.01999999999998
2025-10-16 22:54:00,10/16,학습,340.001,5.0,2999.716,14999.445,17999.161,0.5508646559559921,0.5610687606308769,28.891000000000076,2570.12,2516.229,37.456,428.075,9645.162,5131.542,4610.182,14999.445,88.07400000000001
2025-10-16 22:55:00,10/16,학습,340.004,5.0,2999.71,14999.437,17999.147,0.5510143887824657,0.5611986085313123,28.894000000000233,2570.217,2516.323,37.455,428.133,9643.497,5139.267,4613.733,14999.437,88.12899999999996
2025-10-16 22:56:00,10/16,학습,340.006,5.0,2999.706,14999.43,17999.136,0.5510881660575464,0.5612520617874412,28.896000000000186,2570.315,2516.419,37.453,428.191,9641.923,5146.774,4617.186,14999.43,88.185
2025-10-16 22:57:00,10/16,학습,340.008,5.0,2999.702,14999.423,17999.125,0.5512334044152162,0.5613782477036775,28.89800000000014,2570.414,2516.516,37.452,428.249,9640.437,5154.069,4620.541,14999.423,88.24100000000004
2025-10-16 22:58:00,10/16,학습,340.01,5.0,2999.698,14999.418,17999.115999999998,0.5513038519039417,0.5614292257332898,28.90099999999984,2570.515,2516.614,37.45,428.307,9639.037,5161.156,4623.798,14999.418,88.29700000000003
2025-10-16 22:59:00,10/16,학습,340.012,5.0,2999.695,14999.413,17999.108,0.551445820069129,0.5615529453727948,28.903999999999996,2570.617,2516.713,37.449,428.365,9637.722,5168.04,4626.959,14999.413,88.35300000000001
2025-10-16 23:00:00,10/16,학습,340.013,5.0,2999.695,14999.411,17999.106,0.5515198505102341,0.561621273846876,28.903999999999996,2570.651,2516.747,37.449,428.385,9637.301,5170.292,4627.993,14999.411,88.37200000000001
2025-10-17 15:00:00,10/17-18,검증,341.57,5.0,3000.0,15000.0,18000.0,0.6063760175128937,0.6158854538416734,29.220000000000255,2575.8,2521.58,37.378,440.571,9671.539,5328.461,5114.984,15000.0,99.00100000000003
2025-10-17 15:01:00,10/17-18,검증,341.57,5.0,3000.0,15000.0,18000.0,0.6063760175128937,0.6158854538416734,29.220000000000255,2575.8,2521.58,37.378,440.571,9671.539,5328.461,5114.984,15000.0,99.00100000000003
2025-10-17 15:02:00,10/17-18,검증,341.57,5.0,3000.0,15000.0,18000.0,0.6063760175128937,0.6158854538416734,29.220000000000255,2575.8,2521.58,37.378,440.571,9671.539,5328.461,5114.984,15000.0,99.00100000000003
2025-10-17 15:03:00,10/17-18,검증,341.57,5.0,3000.0,15000.0,18000.0,0.6063760175128937,0.6158854538416734,29.220000000000255,2575.8,2521.58,37.378,440.571,9671.539,5328.461,5114.984,15000.0,99.00100000000003
2025-10-17 15:04:00,10/17-18,검증,341.57,5.0,3000.0,15000.0,18000.0,0.6063760175128937,0.6158854538416734,29.220000000000255,2575.8,2521.58,37.378,440.571,9671.539,5328.461,5114.984,15000.0,99.00100000000003
2025-10-17 15:05:00,10/17-18,검증,341.57,5.0,3000.0,15000.0,18000.0,0.6063760175128937,0.6158854538416734,29.220000000000255,2575.8,2521.58,37.378,440.571,9671.539,5328.461,5114.984,15000.0,99.00100000000003
2025-10-17 15:06:00,10/17-18,검증,341.57,5.0,3000.0,15000.0,18000.0,0.6063760175128937,0.6158854538416734,29.220000000000255,2575.8,2521.58,37.378,440.571,9671.539,5328.461,5114.984,15000.0,99.00100000000003
2025-10-17 15:07:00,10/17-18,검증,341.57,5.0,3000.0,15000.0,18000.0,0.6063760175128937,0.6158854538416734,29.220000000000255,2575.8,2521.58,37.378,440.571,9671.539,5328.461,5114.984,15000.0,99.00100000000003
2025-10-17 15:08:00,10/17-18,검증,341.57,5.0,3000.0,15000.0,18000.0,0.6063760175128937,0.6158854538416734,29.220000000000255,2575.8,2521.58,37.378,440.571,9671.539,5328.461,5114.984,15000.0,99.00100000000003
2025-10-17 15:09:00,10/17-18,검증,341.57,5.0,3000.0,15000.0,18000.0,0.6063760175128937,0.6158854538416734,29.220000000000255,2575.8,2521.58,37.378,440.571,9671.539,5328.461,5114.984,15000.0,99.00100000000003
2025-10-17 15:10:00,10/17-18,검증,341.57,5.0,3000.0,15000.0,18000.0,0.6063760175128937,0.6158854538416734,29.220000000000255,2575.8,2521.58,37.378,440.571,9671.539,5328.461,5114.984,15000.0,99.00100000000003
2025-10-17 15:11:00,10/17-18,검증,341.57,5.0,3000.0,15000.0,18000.0,0.6063760175128937,0.6158854538416734,29.220000000000255,2575.8,2521.58,37.378,440.571,9671.539,5328.461,5114.984,15000.0,99.00100000000003
2025-10-17 15:12:00,10/17-18,검증,341.57,5.0,3000.0,15000.0,18000.0,0.6063760175128937,0.6158854538416734,29.220000000000255,2575.8,2521.58,37.378,440.571,9671.539,5328.461,5114.984,15000.0,99.00100000000003
2025-10-17 15:13:00,10/17-18,검증,341.57,5.0,3000.0,15000.0,18000.0,0.6063760175128937,0.6158854538416734,29.220000000000255,2575.8,2521.58,37.378,440.571,9671.539,5328.461,5114.984,15000.0,99.00100000000003
2025-10-17 15:14:00,10/17-18,검증,341.57,5.0,3000.0,15000.0,18000.0,0.6063760175128937,0.6158854538416734,29.220000000000255,2575.8,2521.58,37.378,440.571,9671.539,5328.461,5114.984,15000.0,99.00100000000003
2025-10-17 15:15:00,10/17-18,검증,341.57,5.0,3000.0,15000.0,18000.0,0.6063760175128937,0.6158854538416734,29.220000000000255,2575.8,2521.58,37.378,440.571,9671.539,5328.461,5114.984,15000.0,99.00100000000003
2025-10-17 15:16:00,10/17-18,검증,341.57,5.0,3000.0,15000.0,18000.0,0.6063760175128937,0.6158854538416734,29.220000000000255,2575.8,2521.58,37.378,440.571,9671.539,5328.461,5114.984,15000.0,99.00100000000003
2025-10-17 15:17:00,10/17-18,검증,341.57,5.0,3000.0,15000.0,18000.0,0.6063760175128937,0.6158854538416734,29.220000000000255,2575.8,2521.58,37.378,440.571,9671.539,5328.461,5114.984,15000.0,99.00100000000003
2025-10-17 15:18:00,10/17-18,검증,341.57,5.0,3000.0,15000.0,18000.0,0.6063760175128937,0.6158854538416734,29.220000000000255,2575.8,2521.58,37.378,440.571,9671.539,5328.461,5114.984,15000.0,99.00100000000003
2025-10-17 15:19:00,10/17-18,검증,341.57,5.0,3000.0,15000.0,18000.0,0.6063760175128937,0.6158854538416734,29.220000000000255,2575.8,2521.58,37.378,440.571,9671.539,5328.461,5114.984,15000.0,99.00100000000003
2025-10-17 15:20:00,10/17-18,검증,341.57,5.0,3000.0,15000.0,18000.0,0.6063760175128937,0.6158854538416734,29.220000000000255,2575.8,2521.58,37.378,440.571,9671.539,5328.461,5114.984,15000.0,99.00100000000003
2025-10-17 15:21:00,10/17-18,검증,341.57,5.0,3000.0,15000.0,18000.0,0.6063760175128937,0.6158854538416734,29.220000000000255,2575.8,2521.58,37.378,440.571,9671.539,5328.461,5114.984,15000.0,99.00100000000003
2025-10-17 15:22:00,10/17-18,검증,341.57,5.0,3000.0,15000.0,18000.0,0.6063760175128937,0.6158854538416734,29.220000000000255,2575.8,2521.58,37.378,440.571,9671.539,5328.461,5114.984,15000.0,99.00100000000003
2025-10-17 15:23:00,10/17-18,검증,341.57,5.0,3000.0,15000.0,18000.0,0.6063760175128937,0.6158854538416734,29.220000000000255,2575.8,2521.58,37.378,440.571,9671.539,5328.461,5114.984,15000.0,99.00100000000003
2025-10-17 15:24:00,10/17-18,검증,341.57,5.0,3000.0,15000.0,18000.0,0.6063760175128937,0.6158854538416734,29.220000000000255,2575.8,2521.58,37.378,440.571,9671.539,5328.461,5114.984,15000.0,99.00100000000003
2025-10-17 15:25:00,10/17-18,검증,341.57,5.0,3000.0,15000.0,18000.0,0.6063760175128937,0.6158854538416734,29.220000000000255,2575.8,2521.58,37.378,440.571,9671.539,5328.461,5114.984,15000.0,99.00100000000003
2025-10-17 15:26:00,10/17-18,검증,341.57,5.0,3000.0,15000.0,18000.0,0.6063760175128937,0.6158854538416734,29.220000000000255,2575.8,2521.58,37.378,440.571,9671.539,5328.461,5114.984,15000.0,99.00100000000003
2025-10-17 15:27:00,10/17-18,검증,341.57,5.0,3000.0,15000.0,18000.0,0.6063760175128937,0.6158854538416734,29.220000000000255,2575.8,2521.58,37.378,440.571,9671.539,5328.461,5114.984,15000.0,99.00100000000003
2025-10-17 15:28:00,10/17-18,검증,341.57,5.0,3000.0,15000.0,18000.0,0.6063760175128937,0.6158854538416734,29.220000000000255,2575.8,2521.58,37.378,440.571,9671.539,5328.461,5114.984,15000.0,99.00100000000003
2025-10-17 15:29:00,10/17-18,검증,341.57,5.0,3000.0,15000.0,18000.0,0.6063760175128937,0.6158854538416734,29.220000000000255,2575.8,2521.58,37.378,440.571,9671.539,5328.461,5114.984,15000.0,99.00100000000003
2025-10-17 15:30:00,10/17-18,검증,341.57,5.0,3000.0,15000.0,18000.0,0.6063760175128937,0.6158854538416734,29.220000000000255,2575.8,2521.58,37.378,440.571,9671.539,5328.461,5114.984,15000.0,99.00100000000003
2025-10-17 15:31:00,10/17-18,검증,341.57,5.0,3000.0,15000.0,18000.0,0.6063760175128937,0.6158854538416734,29.220000000000255,2575.8,2521.58,37.378,440.571,9671.539,5328.461,5114.984,15000.0,99.00100000000003
2025-10-17 15:32:00,10/17-18,검증,341.57,5.0,3000.0,15000.0,18000.0,0.6063760175128937,0.6158854538416734,29.220000000000255,2575.8,2521.58,37.378,440.571,9671.539,5328.461,5114.984,15000.0,99.00100000000003
2025-10-17 15:33:00,10/17-18,검증,341.57,5.0,3000.0,15000.0,18000.0,0.6063760175128937,0.6158854538416734,29.220000000000255,2575.8,2521.58,37.378,440.571,9671.539,5328.461,5114.984,15000.0,99.00100000000003
2025-10-17 15:34:00,10/17-18,검증,341.57,5.0,3000.0,15000.0,18000.0,0.6063760175128937,0.6158854538416734,29.220000000000255,2575.8,2521.58,37.378,440.571,9671.539,5328.461,5114.984,15000.0,99.00100000000003
2025-10-17 15:35:00,10/17-18,검증,341.57,5.0,3000.0,15000.0,18000.0,0.6063760175128937,0.6158854538416734,29.220000000000255,2575.8,2521.58,37.378,440.571,9671.539,5328.461,5114.984,15000.0,99.00100000000003
2025-10-17 15:36:00,10/17-18,검증,341.57,5.0,3000.0,15000.0,18000.0,0.6063760175128937,0.6158854538416734,29.220000000000255,2575.8,2521.58,37.378,440.571,9671.539,5328.461,5114.984,15000.0,99.00100000000003
2025-10-17 15:37:00,10/17-18,검증,341.57,5.0,3000.0,15000.0,18000.0,0.6063760175128937,0.6158854538416734,29.220000000000255,2575.8,2521.58,37.378,440.571,9671.539,5328.461,5114.984,15000.0,99.00100000000003
2025-10-17 15:38:00,10/17-18,검증,341.57,5.0,3000.0,15000.0,18000.0,0.6063760175128937,0.6158854538416734,29.220000000000255,2575.8,2521.58,37.378,440.571,9671.539,5328.461,5114.984,15000.0,99.00100000000003
2025-10-17 15:39:00,10/17-18,검증,341.57,5.0,3000.0,15000.0,18000.0,0.6063760175128937,0.6158854538416734,29.220000000000255,2575.8,2521.58,37.378,440.571,9671.539,5328.461,5114.984,15000.0,99.00100000000003
2025-10-17 15:40:00,10/17-18,검증,341.57,5.0,3000.0,15000.0,18000.0,0.6063760175128937,0.6158854538416734,29.220000000000255,2575.8,2521.58,37.378,440.571,9671.539,5328.461,5114.984,15000.0,99.00100000000003
2025-10-17 15:41:00,10/17-18,검증,341.57,5.0,3000.0,15000.0,18000.0,0.6063760175128937,0.6158854538416734,29.220000000000255,2575.8,2521.58,37.378,440.571,9671.539,5328.461,5114.984,15000.0,99.00100000000003
2025-10-17 15:42:00,10/17-18,검증,341.57,5.0,3000.0,15000.0,18000.0,0.6063760175128937,0.6158854538416734,29.220000000000255,2575.8,2521.58,37.378,440.571,9671.539,5328.461,5114.984,15000.0,99.00100000000003
2025-10-17 15:43:00,10/17-18,검증,341.57,5.0,3000.0,15000.0,18000.0,0.6063760175128937,0.6158854538416734,29.220000000000255,2575.8,2521.58,37.378,440.571,9671.539,5328.461,5114.984,15000.0,99.00100000000003
2025-10-17 15:44:00,10/17-18,검증,341.57,5.0,3000.0,15000.0,18000.0,0.6063760175128937,0.6158854538416734,29.220000000000255,2575.8,2521.58,37.378,440.571,9671.539,5328.461,5114.984,15000.0,99.00100000000003
2025-10-17 15:45:00,10/17-18,검증,341.57,5.0,3000.0,15000.0,18000.0,0.6063760175128937,0.6158854538416734,29.220000000000255,2575.8,2521.58,37.378,440.571,9671.539,5328.461,5114.984,15000.0,99.00100000000003
2025-10-17 15:46:00,10/17-18,검증,341.57,5.0,3000.0,15000.0,18000.0,0.6063760175128937,0.6158854538416734,29.220000000000255,2575.8,2521.58,37.378,440.571,9671.539,5328.461,5114.984,15000.0,99.00100000000003
2025-10-17 15:47:00,10/17-18,검증,341.57,5.0,3000.0,15000.0,18000.0,0.6063760175128937,0.6158854538416734,29.220000000000255,2575.8,2521.58,37.378,440.571,9671.539,5328.461,5114.984,15000.0,99.00100000000003
2025-10-17 15:48:00,10/17-18,검증,341.57,5.0,3000.0,15000.0,18000.0,0.6063760175128937,0.6158854538416734,29.220000000000255,2575.8,2521.58,37.378,440.571,9671.539,5328.461,5114.984,15000.0,99.00100000000003
2025-10-17 15:49:00,10/17-18,검증,341.57,5.0,3000.0,15000.0,18000.0,0.6063760175128937,0.6158854538416734,29.220000000000255,2575.8,2521.58,37.378,440.571,9671.539,5328.461,5114.984,15000.0,99.00100000000003
2025-10-17 15:50:00,10/17-18,검증,341.57,5.0,3000.0,15000.0,18000.0,0.6063760175128937,0.6158854538416734,29.220000000000255,2575.8,2521.58,37.378,440.571,9671.539,5328.461,5114.984,15000.0,99.00100000000003
2025-10-17 15:51:00,10/17-18,검증,341.57,5.0,3000.0,15000.0,18000.0,0.6063760175128937,0.6158854538416734,29.220000000000255,2575.8,2521.58,37.378,440.571,9671.539,5328.461,5114.984,15000.0,99.00100000000003
2025-10-17 15:52:00,10/17-18,검증,341.57,5.0,3000.0,15000.0,18000.0,0.6063760175128937,0.6158854538416734,29.220000000000255,2575.8,2521.58,37.378,440.571,9671.539,5328.461,5114.984,15000.0,99.00100000000003
2025-10-17 15:53:00,10/17-18,검증,341.57,5.0,3000.0,15000.0,18000.0,0.6063760175128937,0.6158854538416734,29.220000000000255,2575.8,2521.58,37.378,440.571,9671.539,5328.461,5114.984,15000.0,99.00100000000003
2025-10-17 15:54:00,10/17-18,검증,341.57,5.0,3000.0,15000.0,18000.0,0.6063760175128937,0.6158854538416734,29.220000000000255,2575.8,2521.58,37.378,440.571,9671.539,5328.461,5114.984,15000.0,99.00100000000003
2025-10-17 15:55:00,10/17-18,검증,341.57,5.0,3000.0,15000.0,18000.0,0.6063760175128937,0.6158854538416734,29.220000000000255,2575.8,2521.58,37.378,440.571,9671.539,5328.461,5114.984,15000.0,99.00100000000003
2025-10-17 15:56:00,10/17-18,검증,341.57,5.0,3000.0,15000.0,18000.0,0.6063760175128937,0.6158854538416734,29.220000000000255,2575.8,2521.58,37.378,440.571,9671.539,5328.461,5114.984,15000.0,99.00100000000003
2025-10-17 15:57:00,10/17-18,검증,341.57,5.0,3000.0,15000.0,18000.0,0.6063760175128937,0.6158854538416734,29.220000000000255,2575.8,2521.58,37.378,440.571,9671.539,5328.461,5114.984,15000.0,99.00100000000003
2025-10-17 15:58:00,10/17-18,검증,341.57,5.0,3000.0,15000.0,18000.0,0.6063760175128937,0.6158854538416734,29.220000000000255,2575.8,2521.58,37.378,440.571,9671.539,5328.461,5114.984,15000.0,99.00100000000003
2025-10-17 15:59:00,10/17-18,검증,341.57,5.0,3000.0,15000.0,18000.0,0.6063760175128937,0.6158854538416734,29.220000000000255,2575.8,2521.58,37.378,440.571,9671.539,5328.461,5114.984,15000.0,99.00100000000003
2025-10-17 16:00:00,10/17-18,검증,341.709,4.994,2999.893,14981.699,17981.592,0.6061362534883741,0.6155622424164715,29.17699999999968,2574.028,2519.851,37.349,440.549,9665.795,5328.1,5113.928,14981.699,98.83999999999997
2025-10-17 16:01:00,10/17-18,검증,341.925,4.985,2999.553,14953.665,17953.218,0.6059145177820622,0.6152202537282765,29.110999999999876,2571.198,2517.087,37.304,440.526,9655.386,5327.529,5111.838,14953.665,98.601
2025-10-17 16:02:00,10/17-18,검증,342.274,4.978,2996.355,14916.293,17912.648,0.6076012193251253,0.6168965464582596,29.019999999999982,2565.619,2511.599,37.231,440.662,9616.304,5326.489,5101.641,14916.293,98.38799999999998
2025-10-17 16:03:00,10/17-18,검증,342.65,4.972,2991.904,14876.416,17868.32,0.6108892835175348,0.620244516579475,28.922000000000025,2559.316,2505.394,37.147,441.108,9560.877,5325.911,5087.131,14876.416,98.45800000000003
2025-10-17 16:04:00,10/17-18,검증,343.063,4.969,2985.304,14832.694,17817.998,0.6172021977788862,0.62678827477298,28.807999999999993,2551.907,2498.099,37.046,442.152,9476.346,5326.313,5065.005,14832.694,99.089
2025-10-17 16:05:00,10/17-18,검증,343.464,4.967,2977.34,14788.21,17765.55,0.6252130290841785,0.6350584617955435,28.684999999999945,2544.217,2490.532,36.936,443.597,9387.86,5328.538,5048.676,14788.21,100.13299999999998
2025-10-17 16:06:00,10/17-18,검증,343.855,4.966,2968.653,14743.374,17712.027,0.6340291109095376,0.6441723708064557,28.557999999999993,2536.396,2482.838,36.821,445.253,9298.869,5331.776,5036.683,14743.374,101.39799999999997
2025-10-17 16:07:00,10/17-18,검증,344.197,4.967,2959.309,14699.011,17658.32,0.6434293252253,0.6537491329996796,28.42300000000023,2528.717,2475.294,36.704,447.064,9233.436,5336.646,5047.708,14699.011,102.86700000000002
2025-10-17 16:08:00,10/17-18,검증,344.515,4.968,2949.91,14654.937,17604.847,0.6524317377075157,0.6628268375337127,28.286999999999807,2521.154,2467.867,36.586,448.83,9181.99,5341.558,5069.262,14654.937,104.315
2025-10-17 16:09:00,10/17-18,검증,344.792,4.969,2940.483,14611.381,17551.864,0.6607923471387284,0.6710426548155624,28.14800000000014,2513.804,2460.656,36.468,450.487,9155.572,5346.348,5108.997,14611.381,105.69500000000005
2025-10-17 16:10:00,10/17-18,검증,345.034,4.97,2931.191,14568.212,17499.403,0.6681412204352698,0.6780459493833777,28.006000000000313,2506.628,2453.622,36.352,451.925,9150.477,5349.662,5161.201,14568.212,106.89100000000002
2025-10-17 16:11:00,10/17-18,검증,345.256,4.971,2921.976,14525.258,17447.234,0.6747473023032752,0.6841722970997224,27.863000000000284,2499.55,2446.687,36.235,453.234,9157.048,5352.042,5219.977,14525.258,107.97800000000001
2025-10-17 16:12:00,10/17-18,검증,345.438,4.972,2912.938,14482.63,17395.568,0.6798855265343815,0.6886797834604115,27.715999999999894,2492.629,2439.913,36.12,454.234,9179.711,5351.283,5284.157,14482.63,108.79599999999999
2025-10-17 16:13:00,10/17-18,검증,345.607,4.973,2903.958,14440.097,17344.055,0.6843722120839182,0.6924971864158156,27.56800000000021,2485.757,2433.189,36.005,455.112,9204.879,5349.009,5340.946,14440.097,109.505
2025-10-17 16:14:00,10/17-18,검증,345.752,4.973,2895.071,14397.716,17292.787,0.6877412968947983,0.6951469564160324,27.41700000000037,2478.963,2426.546,35.89,455.785,9233.046,5344.096,5382.276,14397.716,110.03300000000002
2025-10-17 16:15:00,10/17-18,검증,345.876,4.974,2886.245,14355.433,17241.678,0.690136218942133,0.6969066137367164,27.266000000000076,2472.226,2419.96,35.775,456.289,9258.077,5336.716,5396.288,14355.433,110.41300000000001
2025-10-17 16:16:00,10/17-18,검증,345.99,4.974,2877.452,14313.205,17190.657,0.6919642140952126,0.6980988814480922,27.113000000000284,2465.521,2413.408,35.66,456.696,9281.031,5327.933,5396.641,14313.205,110.70600000000002
2025-10-17 16:17:00,10/17-18,검증,346.08,4.975,2868.712,14271.07,17139.782,0.6926523811300239,0.698312606736122,26.958000000000084,2458.875,2406.917,35.545,456.916,9295.839,5316.422,5396.986,14271.07,110.83600000000001
2025-10-17 16:18:00,10/17-18,검증,346.161,4.975,2859.991,14228.967,17088.958,0.6929002360243214,0.6981094676288822,26.802000000000135,2452.25,2400.448,35.43,457.066,9306.823,5303.966,5397.327,14228.967,110.90499999999997
2025-10-17 16:19:00,10/17-18,검증,346.227,4.976,2851.3,14186.917,17038.217,0.6924056590437849,0.697299763986533,26.644999999999982,2445.661,2394.016,35.315,457.098,9311.177,5289.957,5397.661,14186.917,110.87100000000004
2025-10-17 16:20:00,10/17-18,검증,346.28,4.976,2842.633,14144.906,16987.539,0.691201109375722,0.6958381009260886,26.48700000000008,2439.101,2387.614,35.199,457.03,9309.804,5274.848,5397.963,14144.906,110.75
2025-10-17 16:21:00,10/17-18,검증,346.325,4.976,2833.979,14102.919,16936.898,0.6896984135199348,0.6941290649545464,26.327999999999975,2432.557,2381.229,35.084,456.903,9305.214,5259.125,5398.245,14102.919,110.57800000000003
2025-10-17 16:22:00,10/17-18,검증,346.355,4.977,2825.352,14060.975,16886.327,0.6873988369560095,0.6917490676995892,26.165999999999713,2426.042,2374.876,34.968,456.66,9294.992,5242.405,5398.463,14060.975,110.305
2025-10-17 16:23:00,10/17-18,검증,346.378,4.977,2816.734,14019.045,16835.779,0.6848937232119862,0.6891610673377313,26.006000000000313,2419.539,2368.533,34.853,456.371,9283.103,5225.368,5398.647,14019.045,109.993
2025-10-17 16:24:00,10/17-18,검증,346.39,4.977,2808.133,13977.142,16785.275,0.6818452673160498,0.6860809936284717,25.84400000000005,2413.053,2362.209,34.737,456.006,9268.585,5207.824,5398.772,13977.142,109.61599999999999
2025-10-17 16:25:00,10/17-18,검증,346.394,4.978,2799.546,13935.259,16734.805,0.6784000263337797,0.6826661309312689,25.68000000000029,2406.579,2355.899,34.621,455.574,9252.85,5189.913,5398.832,13935.259,109.18
2025-10-17 16:26:00,10/17-18,검증,346.392,4.978,2790.967,13893.388,16684.355,0.6748087070704999,0.6790905009945871,25.516999999999825,2400.113,2349.596,34.506,455.105,9236.498,5171.792,5398.854,13893.388,108.71300000000002
2025-10-17 16:27:00,10/17-18,검증,346.379,4.978,2782.403,13851.539,16633.942,0.6706910869261692,0.6750142844355773,25.353999999999814,2393.66,2343.306,34.39,454.558,9220.008,5153.26,5398.784,13851.539,108.17899999999997
2025-10-17 16:28:00,10/17-18,검증,346.363,4.979,2773.846,13809.699,16583.545000000002,0.6663918623748926,0.6707935560364378,25.18899999999985,2387.209,2337.02,34.274,453.981,9203.852,5134.548,5398.673,13809.699,107.618
2025-10-17 16:29:00,10/17-18,검증,346.339,4.979,2765.299,13767.873,16533.172,0.6618104228374205,0.6662718893449424,25.02500000000009,2380.765,2330.74,34.158,453.355,9188.384,5115.527,5398.49,13767.873,107.01600000000002
2025-10-17 16:30:00,10/17-18,검증,346.309,4.979,2756.761,13726.059,16482.82,0.6570653524291169,0.6615901348130651,24.860000000000127,2374.324,2324.464,34.043,452.686,9174.1,5096.16,5398.234,13726.059,106.37699999999995
2025-10-17 16:31:00,10/17-18,검증,346.277,4.979,2748.228,13684.252,16432.48,0.6520931131016183,0.6566901261515508,24.695000000000164,2367.884,2318.189,33.927,451.994,9160.53,5076.586,5397.936,13684.252,105.71700000000004
2025-10-17 16:32:00,10/17-18,검증,346.237,4.98,2739.705,13642.458,16382.163,0.6469472802224254,0.6516434049222004,24.529999999999745,2361.444,2311.914,33.812,451.256,9148.89,5056.475,5397.539,13642.458,105.01899999999995
2025-10-17 16:33:00,10/17-18,검증,346.196,4.98,2731.187,13600.669,16331.856,0.6416021338442737,0.6463805351400091,24.36499999999978,2355.004,2305.639,33.696,450.501,9138.139,5036.097,5397.099,13600.669,104.30499999999995
2025-10-17 16:34:00,10/17-18,검증,346.15,4.98,2722.676,13558.889,16281.564999999999,0.6361785082426593,0.6410423969122903,24.19900000000007,2348.561,2299.362,33.581,449.719,9128.921,5015.251,5396.585,13558.889,103.56900000000002
2025-10-17 16:35:00,10/17-18,검증,346.102,4.98,2714.171,13517.116,16231.287,0.6306243531959143,0.6355805983710252,24.034000000000106,2342.114,2293.08,33.466,448.916,9121.206,4993.878,5395.997,13517.116,102.81400000000002
2025-10-17 16:36:00,10/17-18,검증,346.052,4.98,2705.669,13475.347,16181.016,0.6249785793844017,0.6300361370642427,23.869000000000142,2335.665,2286.796,33.351,448.101,9114.396,4972.191,5379.331,13475.347,102.04899999999998
2025-10-17 16:37:00,10/17-18,검증,345.999,4.981,2697.175,13433.587,16130.761999999999,0.6192170802007878,0.6244012672735031,23.70400000000018,2329.208,2280.504,33.236,447.267,9110.045,4949.714,5106.019,13433.587,101.26799999999997
2025-10-17 16:38:00,10/17-18,검증,345.945,4.981,2688.684,13391.83,16080.514,0.6133890527274164,0.6186901180772995,23.541000000000167,2322.748,2274.207,33.121,446.426,9106.419,4926.862,4895.057,13391.83,100.481
2025-10-17 16:39:00,10/17-18,검증,345.889,4.981,2680.198,13350.078,16030.276,0.6075795902422634,0.6130063006810613,23.377000000000407,2316.28,2267.903,33.007,445.577,9103.934,4903.362,4840.873,13350.078,99.68799999999999
2025-10-17 16:40:00,10/17-18,검증,345.833,4.981,2671.716,13308.331,15980.047,0.60162306131086,0.6071918783378598,23.21199999999999,2309.803,2261.591,32.892,444.722,9102.517,4879.188,4786.594,13308.331,98.88899999999995
2025-10-17 16:41:00,10/17-18,검증,345.776,4.981,2663.237,13266.587,15929.824,0.5957137473592273,0.6014345661952591,23.048999999999978,2303.322,2255.273,32.778,443.865,9101.711,4854.62,4732.274,13266.587,98.089
2025-10-17 16:42:00,10/17-18,검증,345.718,4.982,2654.763,13224.848,15879.611,0.5897762289327654,0.5956785860668607,22.885999999999967,2296.829,2248.943,32.664,443.007,9102.11,4829.132,4678.058,13224.848,97.28899999999999
2025-10-17 16:43:00,10/17-18,검증,345.66,4.982,2646.291,13183.112,15829.402999999998,0.5838173413523486,0.5898983912478684,22.722999999999956,2290.33,2242.607,32.55,442.151,9102.952,4803.238,4623.96,13183.112,96.49099999999999
2025-10-17 16:44:00,10/17-18,검증,345.603,4.982,2637.823,13141.379,15779.202000000001,0.5778475953893728,0.5841215238966742,22.559999999999945,2283.821,2236.261,32.436,441.298,9104.529,4776.647,4570.09,13141.379,95.695
2025-10-17 16:45:00,10/17-18,검증,345.545,4.982,2629.358,13099.649,15729.007,0.5719705761031874,0.5784475515027958,22.39800000000014,2277.302,2229.904,32.323,440.45,9106.67,4749.363,4516.569,13099.649,94.90499999999997
2025-10-17 16:46:00,10/17-18,검증,345.488,4.982,2620.895,13057.922,15678.817000000001,0.5659857013957631,0.5726844592190417,22.235999999999876,2270.777,2223.541,32.209,439.605,9109.127,4721.676,4463.261,13057.922,94.11700000000002
2025-10-17 16:47:00,10/17-18,검증,345.432,4.982,2612.436,13016.198,15628.634,0.5601259496645512,0.5670558109484223,22.074999999999818,2264.239,2217.164,32.096,438.77,9112.118,4693.083,4410.555,13016.198,93.33799999999997
2025-10-17 16:48:00,10/17-18,검증,345.376,4.983,2603.979,12974.476,15578.455,0.5542690674097537,0.5614540121133844,21.91399999999976,2257.694,2210.78,31.983,437.941,9115.256,4664.105,4358.147,12974.476,92.565
2025-10-17 16:49:00,10/17-18,검증,345.321,4.983,2595.525,12932.756,15528.280999999999,0.548431524471737,0.5558737074323004,21.7529999999997,2251.138,2204.385,31.87,437.12,9118.621,4634.469,4306.262,12932.756,91.79899999999998
2025-10-17 16:50:00,10/17-18,검증,345.267,4.983,2587.073,12891.039,15478.112000000001,0.5426305697394164,0.5503423059456187,21.593000000000302,2244.572,2197.979,31.757,436.31,9122.052,4604.208,4254.949,12891.039,91.043
2025-10-17 16:51:00,10/17-18,검증,345.214,4.983,2578.623,12849.323,15427.946,0.5369283507492346,0.5449174543165782,21.432999999999993,2238.0,2191.567,31.645,435.506,9125.512,4573.585,4203.973,12849.323,90.29199999999997
2025-10-17 16:52:00,10/17-18,검증,345.162,4.983,2570.176,12807.61,15377.786,0.5311900565455379,0.5394721078446298,21.271999999999935,2231.413,2185.141,31.532,434.716,9128.905,4542.178,4153.818,12807.61,89.55400000000003
2025-10-17 16:53:00,10/17-18,검증,345.11,4.983,2561.73,12765.898,15327.627999999999,0.5255604972358744,0.5341416198114115,21.11299999999983,2224.821,2178.708,31.42,433.933,9132.205,4510.448,4104.034,12765.898,88.82299999999998
2025-10-17 16:54:00,10/17-18,검증,345.06,4.983,2553.287,12724.189,15277.476,0.5199670302332345,0.5288571657431707,20.953999999999724,2218.218,2172.264,31.308,433.16,9135.33,4478.173,4054.886,12724.189,88.10000000000002
2025-10-17 16:55:00,10/17-18,검증,345.01,4.984,2544.846,12682.48,15227.326,0.514420675681035,0.5236324450917529,20.795000000000073,2211.605,2165.81,31.196,432.399,9138.163,4445.398,4006.378,12682.48,87.38900000000001
2025-10-17 16:56:00,10/17-18,검증,344.962,4.984,2536.407,12640.773,15177.18,0.5088844103285995,0.5184224797637778,20.636999999999716,2204.986,2159.349,31.084,431.644,9140.819,4412.336,3958.244,12640.773,86.68200000000002
2025-10-17 16:57:00,10/17-18,검증,344.914,4.984,2527.97,12599.069,15127.038999999999,0.5034205946213419,0.5132907453968614,20.47900000000027,2198.353,2152.874,30.972,430.904,9142.965,4378.676,3910.961,12599.069,85.99000000000001
2025-10-17 16:58:00,10/17-18,검증,344.868,4.984,2519.534,12557.365,15076.899,0.4979674697407192,0.5081778527282592,20.320999999999913,2191.714,2146.393,30.86,430.17,9144.852,4344.78,3864.046,12557.365,85.30200000000002
2025-10-17 16:59:00,10/17-18,검증,344.823,4.984,2511.101,12515.662,15026.763,0.4925606119629704,0.5031167068591325,20.16300000000001,2185.065,2139.902,30.748,429.447,9146.285,4310.487,3817.764,12515.662,84.62400000000002
2025-10-17 17:00:00,10/17-18,검증,344.538,4.99,2505.461,12501.068,15006.528999999999,0.4878713247360897,0.4987390828706729,20.083999999999833,2181.689,2136.605,30.689,428.784,9158.219,4276.396,3773.571,12501.068,84.24599999999998
2025-10-17 17:01:00,10/17-18,검증,344.133,4.997,2501.405,12500.08,15001.485,0.4832643468321574,0.4944356134476368,20.045000000000073,2180.083,2135.038,30.656,428.148,9177.25,4242.402,3731.04,12500.08,84.01500000000004
2025-10-17 17:02:00,10/17-18,검증,343.725,4.999,2500.335,12499.917,15000.252,0.4767484492044103,0.4883653942037676,20.011999999999716,2180.6,2135.588,30.641,427.444,9225.842,4208.343,3698.385,12499.917,83.719
2025-10-17 17:03:00,10/17-18,검증,343.349,5.0,2499.751,12499.864,14999.615,0.4686809209355864,0.4808732673727566,19.981000000000222,2181.224,2136.243,30.631,426.423,9286.966,4173.584,3669.488,12499.864,83.07400000000001
2025-10-17 17:04:00,10/17-18,검증,343.035,5.0,2499.768,12499.928,14999.696,0.4577795389979988,0.4708039676564356,19.954999999999927,2181.796,2136.841,30.629,424.781,9369.464,4137.43,3646.872,12499.928,81.74599999999998
2025-10-17 17:05:00,10/17-18,검증,342.778,5.0,2499.878,12499.98,14999.858,0.4471630087003809,0.4610096858214937,19.937999999999647,2181.95,2137.012,30.633,422.979,9439.391,4099.623,3618.271,12499.98,80.20099999999996
2025-10-17 17:06:00,10/17-18,검증,342.552,5.0,2500.029,12500.023,15000.052,0.4366970711139219,0.451354778957046,19.92599999999993,2181.883,2136.957,30.639,421.117,9500.413,4060.984,3585.493,12500.023,78.565
2025-10-17 17:07:00,10/17-18,검증,342.384,5.0,2500.085,12500.031,15000.116000000002,0.4284557301586762,0.443610643870246,19.91899999999987,2181.649,2136.73,30.644,419.579,9519.493,4022.239,3533.766,12500.031,77.195
2025-10-17 17:08:00,10/17-18,검증,342.236,5.0,2500.118,12500.034,15000.152,0.4212196390562264,0.4367244663353107,19.91399999999976,2181.41,2136.496,30.649,418.199,9525.148,3984.259,3476.969,12500.034,75.96300000000002
2025-10-17 17:09:00,10/17-18,검증,342.119,5.0,2500.114,12500.028,15000.142,0.415643357728138,0.431259892398098,19.911000000000058,2181.179,2136.268,30.653,417.096,9509.193,3947.822,3412.401,12500.028,74.97699999999998
2025-10-17 17:10:00,10/17-18,검증,342.024,5.0,2500.099,12500.022,15000.121000000001,0.4112998862688838,0.4268932374181758,19.909000000000106,2180.993,2136.084,30.656,416.22,9486.3,3913.674,3348.751,12500.022,74.19600000000003
2025-10-17 17:11:00,10/17-18,검증,341.942,5.0,2500.079,12500.014,15000.092999999999,0.407609988280601,0.4231015660349946,19.9079999999999,2180.834,2135.926,30.658,415.472,9460.232,3880.857,3286.088,12500.014,73.52999999999997
2025-10-17 17:12:00,10/17-18,검증,341.88,5.0,2500.059,12500.008,15000.067,0.4050171970714923,0.420367965561213,19.9079999999999,2180.734,2135.826,30.659,414.945,9438.855,3851.031,3231.882,12500.008,73.065
2025-10-17 17:13:00,10/17-18,검증,341.825,5.0,2500.041,12500.002,15000.043000000001,0.402805741402685,0.4180136063180285,19.9079999999999,2180.654,2135.746,30.66,414.491,9421.954,3822.268,3182.39,12500.002,72.666
2025-10-17 17:14:00,10/17-18,검증,341.781,5.0,2500.025,12499.998,15000.023,0.4010728469568685,0.4161657952600195,19.909000000000106,2180.609,2135.7,30.66,414.153,9413.418,3795.258,3141.27,12499.998,72.37200000000001
2025-10-17 17:15:00,10/17-18,검증,341.745,5.0,2500.013,12499.995,15000.008000000002,0.3997271857251165,0.4147442252263748,19.909999999999854,2180.589,2135.679,30.66,413.897,9413.763,3769.388,3108.308,12499.995,72.15199999999999
2025-10-17 17:16:00,10/17-18,검증,341.714,5.0,2500.002,12499.992,14999.994,0.3985995410266059,0.4135634105823977,19.911000000000058,2180.582,2135.671,30.66,413.687,9419.122,3744.14,3079.994,12499.992,71.97300000000001
2025-10-17 17:17:00,10/17-18,검증,341.69,5.0,2499.994,12499.99,14999.984,0.3977128721493709,0.4126762802110453,19.91300000000001,2180.599,2135.686,30.659,413.552,9433.652,3719.705,3060.767,12499.99,71.86200000000002
2025-10-17 17:18:00,10/17-18,검증,341.669,5.0,2499.987,12499.988,14999.974999999999,0.3969441058648073,0.4119189507161684,19.914000000000215,2180.623,2135.709,30.658,413.442,9450.695,3695.45,3044.654,12499.988,71.77300000000002
2025-10-17 17:19:00,10/17-18,검증,341.652,5.0,2499.982,12499.987,14999.969,0.3963610585600584,0.4113667157772548,19.914999999999964,2180.658,2135.743,30.657,413.371,9471.622,3671.456,3033.634,12499.987,71.719
2025-10-17 17:20:00,10/17-18,검증,341.637,5.0,2499.978,12499.987,14999.965,0.3959141354790128,0.4109517808040644,19.916999999999916,2180.701,2135.784,30.656,413.326,9493.493,3647.567,3026.045,12499.987,71.68900000000002
2025-10-17 17:21:00,10/17-18,검증,341.625,5.0,2499.975,12499.986,14999.961000000001,0.3955545944084189,0.410623321509592,19.91899999999987,2180.747,2135.828,30.655,413.297,9515.724,3623.741,3020.344,12499.986,71.67200000000003
2025-10-17 17:22:00,10/17-18,검증,341.615,5.0,2499.974,12499.987,14999.961,0.3953416171688101,0.4104238970268572,19.92099999999982,2180.798,2135.877,30.654,413.292,9536.155,3600.069,3017.381,12499.987,71.67699999999996
2025-10-17 17:23:00,10/17-18,검증,341.607,5.0,2499.973,12499.987,14999.96,0.3951802228705895,0.4102642913683361,19.92300000000023,2180.849,2135.926,30.653,413.294,9555.079,3576.522,3015.108,12499.987,71.68699999999995
2025-10-17 17:24:00,10/17-18,검증,341.6,5.0,2499.973,12499.987,14999.96,0.3951145299447915,0.4101786515941123,19.925000000000182,2180.9,2135.975,30.652,413.309,9571.212,3553.21,3013.873,12499.987,71.709
2025-10-17 17:25:00,10/17-18,검증,341.594,5.0,2499.974,12499.988,14999.962,0.3951139761469426,0.4101343346080611,19.92599999999993,2180.949,2136.023,30.651,413.331,9583.924,3530.303,3013.01,12499.988,71.73700000000002
2025-10-17 17:26:00,10/17-18,검증,341.59,5.0,2499.975,12499.989,14999.964,0.3951589229981897,0.4101214563477542,19.927000000000135,2180.996,2136.069,30.65,413.358,9594.641,3507.648,3012.333,12499.989,71.76800000000003
2025-10-17 17:27:00,10/17-18,검증,341.586,5.0,2499.977,12499.99,14999.967,0.3952750825733314,0.4101502001579128,19.927999999999884,2181.038,2136.11,30.649,413.391,9600.796,3485.774,3011.653,12499.99,71.805
2025-10-17 17:28:00,10/17-18,검증,341.583,5.0,2499.979,12499.991,14999.97,0.3954120488564893,0.4101891147591298,19.929999999999836,2181.078,2136.148,30.648,413.425,9605.154,3464.321,3010.888,12499.991,71.84199999999998
2025-10-17 17:29:00,10/17-18,검증,341.581,5.0,2499.981,12499.992,14999.973,0.395591482467925,0.4102525745372702,19.93100000000004,2181.112,2136.181,30.647,413.462,9606.491,3443.612,3009.956,12499.992,71.88099999999997
2025-10-17 17:30:00,10/17-18,검증,341.579,5.0,2499.984,12499.993,14999.977,0.3957907126313796,0.4103235100326411,19.932000000000244,2181.141,2136.209,30.646,413.499,9605.399,3423.764,3008.826,12499.993,71.92000000000002
2025-10-17 17:31:00,10/17-18,검증,341.578,5.0,2499.987,12499.994,14999.981,0.3961034857057692,0.410497988121816,19.932999999999993,2181.166,2136.233,30.646,413.536,9602.941,3404.425,3007.584,12499.994,71.95800000000003
2025-10-17 17:32:00,10/17-18,검증,341.576,5.0,2499.99,12499.996,14999.985999999999,0.3963313779609454,0.4105811873297821,19.934000000000196,2181.183,2136.249,30.645,413.572,9598.053,3386.337,3006.133,12499.996,71.99599999999998
2025-10-17 17:33:00,10/17-18,검증,341.575,5.0,2499.993,12499.997,14999.99,0.3965558291429891,0.4106589889543929,19.934000000000196,2181.195,2136.261,30.644,413.606,9592.359,3368.814,3004.62,12499.997,72.031
2025-10-17 17:34:00,10/17-18,검증,341.575,5.0,2499.996,12499.998,14999.993999999999,0.396883009770225,0.4108334608962152,19.934999999999945,2181.201,2136.266,30.644,413.638,9585.36,3352.268,3003.012,12499.998,72.06299999999999
2025-10-17 17:35:00,10/17-18,검증,341.574,5.0,2499.999,12500.0,14999.999,0.3971018576380984,0.410902286163881,19.934999999999945,2181.2,2136.265,30.643,413.667,9577.431,3336.707,3001.363,12500.0,72.09299999999996
2025-10-17 17:36:00,10/17-18,검증,341.573,5.0,2500.003,12500.001,15000.004,0.3974154458325326,0.4110632895161835,19.934999999999945,2181.195,2136.26,30.643,413.694,9568.976,3321.719,2999.695,12500.001,72.12100000000004
2025-10-17 17:37:00,10/17-18,검증,341.573,5.0,2500.006,12500.003,15000.009,0.3976123189736763,0.4111117791975261,19.934999999999945,2181.181,2136.246,30.642,413.716,9559.565,3308.034,2998.022,12500.003,72.14300000000003
2025-10-17 17:38:00,10/17-18,검증,341.572,5.0,2500.009,12500.004,15000.013,0.3978969970922824,0.411246768120732,19.934999999999945,2181.163,2136.228,30.642,413.735,9549.762,3294.91,2996.352,12500.004,72.16300000000001
2025-10-17 17:39:00,10/17-18,검증,341.572,5.0,2500.013,12500.006,15000.019,0.3981736290285991,0.4113751872933982,19.934000000000196,2181.137,2136.203,30.642,413.751,9539.296,3282.746,2994.688,12500.006,72.17899999999997
2025-10-17 17:40:00,10/17-18,검증,341.571,5.0,2500.016,12500.007,15000.023,0.3984254876125674,0.4114799871465368,19.934000000000196,2181.105,2136.171,30.642,413.761,9528.08,3271.528,2993.017,12500.007,72.19
2025-10-17 17:41:00,10/17-18,검증,341.571,5.0,2500.019,12500.008,15000.027,0.3986773024212643,0.4115850946842717,19.932999999999993,2181.068,2136.135,30.642,413.77,9516.411,3260.862,2991.338,12500.008,72.19899999999996
2025-10-17 17:42:00,10/17-18,검증,341.57,5.0,2500.023,12500.01,15000.033,0.3988979462251454,0.4116582186917457,19.93199999999979,2181.022,2136.09,30.642,413.771,9503.466,3251.451,2989.599,12500.01,72.20100000000002
2025-10-17 17:43:00,10/17-18,검증,341.57,5.0,2500.026,12500.011,15000.037,0.3991219831797437,0.4117331523125783,19.932000000000244,2180.972,2136.04,30.642,413.771,9489.803,3242.594,2987.804,12500.011,72.20100000000002
2025-10-17 17:44:00,10/17-18,검증,341.569,5.0,2500.03,12500.013,15000.043000000001,0.3993237542434779,0.4117829772939282,19.93000000000029,2180.914,2135.984,30.642,413.765,9474.865,3234.691,2985.906,12500.013,72.19599999999997
2025-10-17 17:45:00,10/17-18,검증,341.569,5.0,2500.033,12500.015,15000.047999999999,0.3996194438402848,0.4119196019806849,19.927999999999884,2180.848,2135.92,30.643,413.755,9458.222,3227.772,2983.826,12500.015,72.18599999999998
2025-10-17 17:46:00,10/17-18,검증,341.568,5.0,2500.037,12500.016,15000.053,0.3998103818027742,0.4119491256979532,19.927999999999884,2180.779,2135.851,30.643,413.742,9440.54,3221.433,2981.63,12500.016,72.17400000000004
2025-10-17 17:47:00,10/17-18,검증,341.568,5.0,2500.04,12500.018,15000.058,0.4000859891652074,0.4120498869561183,19.92599999999993,2180.699,2135.773,30.644,413.722,9419.858,3216.488,2979.051,12500.018,72.154
2025-10-17 17:48:00,10/17-18,검증,341.567,5.0,2500.044,12500.019,15000.063,0.4002668032568218,0.4120492397517422,19.923999999999978,2180.614,2135.69,30.644,413.7,9397.536,3212.198,2976.238,12500.019,72.13299999999998
2025-10-17 17:49:00,10/17-18,검증,341.567,5.0,2500.048,12500.021,15000.069,0.400541383827089,0.4121281877829394,19.921000000000276,2180.521,2135.6,30.645,413.673,9372.308,3209.046,2973.003,12500.021,72.106
2025-10-17 17:50:00,10/17-18,검증,341.566,5.0,2500.052,12500.023,15000.074999999999,0.4008188122911023,0.4121921932987863,19.91899999999987,2180.42,2135.501,30.646,413.641,9343.437,3207.158,2969.183,12500.023,72.07500000000005
2025-10-17 17:51:00,10/17-18,검증,341.566,5.0,2500.056,12500.025,15000.081,0.4011029895463583,0.4122523115458054,19.916999999999916,2180.314,2135.397,30.647,413.607,9312.382,3206.022,2965.006,12500.025,72.04100000000005
2025-10-17 17:52:00,10/17-18,검증,341.566,5.0,2500.06,12500.026,15000.086,0.4013916393139688,0.4122876122681002,19.914000000000215,2180.197,2135.283,30.648,413.566,9275.521,3206.791,2959.806,12500.026,72.0
2025-10-17 17:53:00,10/17-18,검증,341.565,5.0,2500.064,12500.028,15000.092,0.4016861460869086,0.4123148343746104,19.911000000000058,2180.074,2135.163,30.649,413.522,9235.875,3208.488,2954.079,12500.028,71.957
2025-10-17 17:54:00,10/17-18,검증,341.565,5.0,2500.068,12500.03,15000.098000000002,0.4019886082074959,0.4123256020587105,19.908000000000357,2179.943,2135.035,30.65,413.473,9191.387,3211.803,2947.424,12500.03,71.90800000000002
2025-10-17 17:55:00,10/17-18,검증,341.565,5.0,2500.073,12500.032,15000.105,0.402299444790979,0.4123214088866312,19.904999999999745,2179.803,2134.898,30.651,413.419,9142.07,3216.931,2939.768,12500.032,71.85399999999998
2025-10-17 17:56:00,10/17-18,검증,341.564,5.0,2500.077,12500.034,15000.111,0.4026138318142013,0.4123076257895576,19.901000000000295,2179.657,2134.756,30.652,413.362,9090.0,3223.129,2931.533,12500.034,71.798
2025-10-17 17:57:00,10/17-18,검증,341.564,5.0,2500.081,12500.035,15000.116,0.4029293298227829,0.4122719938904454,19.89800000000014,2179.5,2134.602,30.653,413.298,9032.525,3231.954,2922.076,12500.035,71.73399999999998
2025-10-17 17:58:00,10/17-18,검증,341.564,5.0,2500.085,12500.037,15000.122,0.4033352443314053,0.4123242141270739,19.893999999999778,2179.337,2134.443,30.655,413.231,8973.493,3241.967,2912.231,12500.037,71.66699999999997
2025-10-17 17:59:00,10/17-18,검증,341.563,5.0,2500.089,12500.039,15000.128,0.4036345458722167,0.4122624873490438,19.890000000000327,2179.166,2134.276,30.656,413.159,8912.025,3254.027,2901.761,12500.039,71.596
2025-10-17 18:00:00,10/17-18,검증,339.463,4.708,2653.925,12492.927,15146.851999999999,0.4105128876044304,0.4188086174201945,20.644999999999982,2208.186,2162.541,31.1,413.437,8916.185,3266.737,2890.439,12492.927,73.97399999999999
2025-10-17 18:01:00,10/17-18,검증,338.903,4.576,2731.007,12497.239,15228.246,0.4100082751196703,0.4188788223950191,20.959000000000287,2229.376,2183.417,31.309,414.983,9043.179,3276.362,2926.986,12497.239,76.07999999999998
2025-10-17 18:02:00,10/17-18,검증,339.419,4.528,2760.516,12499.285,15259.801,0.401250296134493,0.4099856511976894,20.95600000000013,2235.617,2189.661,31.254,415.684,9049.7,3283.25,2977.74,12499.285,76.26500000000004
2025-10-17 18:03:00,10/17-18,검증,339.995,4.508,2773.229,12500.568,15273.796999999999,0.3898118083309847,0.397605330753073,20.963000000000193,2234.735,2188.772,31.231,413.419,8945.673,3291.867,3004.091,12500.568,73.42399999999998
2025-10-17 18:04:00,10/17-18,검증,340.445,4.499,2778.702,12500.899,15279.600999999999,0.3880516855849236,0.3944285826681665,21.019999999999982,2230.505,2184.485,31.239,411.551,8764.873,3305.331,2999.834,12500.899,71.106
2025-10-17 18:05:00,10/17-18,검증,340.792,4.497,2779.75,12500.545,15280.295,0.3962168525918561,0.4012675880177755,21.052000000000135,2227.17,2181.118,31.22,412.297,8544.642,3325.572,2966.783,12500.545,71.50500000000005
2025-10-17 18:06:00,10/17-18,검증,341.038,4.498,2779.079,12500.201,15279.279999999999,0.4077559919910432,0.4120501058491709,21.057000000000244,2225.722,2179.665,31.189,414.505,8344.153,3352.669,2928.552,12500.201,73.46699999999998
2025-10-17 18:07:00,10/17-18,검증,341.196,4.499,2778.33,12500.037,15278.367,0.4183918693830838,0.4225216788798777,21.054999999999836,2225.374,2179.319,31.164,416.853,8199.196,3384.955,2909.776,12500.037,75.65699999999998
2025-10-17 18:08:00,10/17-18,검증,341.293,4.5,2777.883,12499.974,15277.857,0.4268737475047151,0.4312047085318652,21.052000000000135,2225.474,2179.422,31.147,418.85,8113.052,3420.175,2919.314,12499.974,77.55700000000002
2025-10-17 18:09:00,10/17-18,검증,341.355,4.5,2777.678,12499.958,15277.636,0.433122585898686,0.4378232368401923,21.047999999999774,2225.72,2179.672,31.136,420.389,8073.627,3456.35,2953.61,12499.958,79.03399999999999
2025-10-17 18:10:00,10/17-18,검증,341.395,4.5,2777.626,12499.968,15277.594000000001,0.4374388433862722,0.4425374114456699,21.04300000000012,2225.955,2179.912,31.13,421.474,8066.002,3492.063,3004.448,12499.968,80.07900000000001
2025-10-17 18:11:00,10/17-18,검증,341.423,4.5,2777.658,12499.988,15277.645999999999,0.440214045741969,0.4456765191196087,21.03800000000001,2226.105,2180.067,31.127,422.18,8076.734,3526.448,3063.298,12499.988,80.757
2025-10-17 18:12:00,10/17-18,검증,341.444,4.5,2777.719,12500.007,15277.725999999999,0.441927317671057,0.4477006889849143,21.0329999999999,2226.158,2180.125,31.126,422.609,8095.172,3559.096,3123.057,12500.007,81.16499999999996
2025-10-17 18:13:00,10/17-18,검증,341.459,4.5,2777.778,12500.022,15277.800000000001,0.4429503272873919,0.4489775092985828,21.028999999999996,2226.133,2180.104,31.126,422.854,8113.939,3589.926,3178.725,12500.022,81.39499999999998
2025-10-17 18:14:00,10/17-18,검증,341.472,4.5,2777.825,12500.032,15277.857,0.4435799950739468,0.4498080374425599,21.02500000000009,2226.053,2180.028,31.127,422.98,8128.659,3619.069,3227.438,12500.032,81.50800000000004
2025-10-17 18:15:00,10/17-18,검증,341.482,4.5,2777.857,12500.038,15277.895,0.4439974868079511,0.4503788388854755,21.019999999999982,2225.938,2179.918,31.129,423.029,8137.244,3646.761,3268.046,12500.038,81.54699999999997
2025-10-17 18:16:00,10/17-18,검증,341.49,4.5,2777.878,12500.042,15277.92,0.444240475891991,0.4507307163273861,21.01700000000028,2225.802,2179.785,31.131,423.029,8139.166,3673.275,3300.568,12500.042,81.53899999999999
2025-10-17 18:17:00,10/17-18,검증,341.496,4.5,2777.892,12500.044,15277.936,0.4443684944613633,0.4509305369442129,21.01200000000017,2225.652,2179.64,31.133,422.996,8134.865,3698.876,3325.705,12500.044,81.5
2025-10-17 18:18:00,10/17-18,검증,341.502,4.5,2777.899,12500.045,15277.944,0.4445078418215692,0.4511162395917276,21.00799999999981,2225.495,2179.487,31.136,422.941,8125.312,3723.796,3344.491,12500.045,81.43899999999996
2025-10-17 18:19:00,10/17-18,검증,341.506,4.5,2777.904,12500.046,15277.95,0.4445108836658669,0.4511398189140496,21.0029999999997,2225.332,2179.329,31.138,422.87,8111.702,3748.218,3358.064,12500.046,81.36400000000003
2025-10-17 18:20:00,10/17-18,검증,341.51,4.5,2777.908,12500.046,15277.954,0.4445510517874712,0.4511883731442409,20.998000000000047,2225.166,2179.168,31.141,422.786,8095.252,3772.281,3367.526,12500.046,81.27600000000001
2025-10-17 18:21:00,10/17-18,검증,341.514,4.5,2777.91,12500.046,15277.956,0.4444803953267163,0.4511128586883889,20.994000000000142,2224.998,2179.004,31.143,422.694,8077.075,3796.074,3373.867,12500.046,81.18
2025-10-17 18:22:00,10/17-18,검증,341.517,4.5,2777.911,12500.046,15277.957,0.4444655858531281,0.4510914763824604,20.98999999999978,2224.828,2178.838,31.146,422.595,8058.122,3819.651,3377.937,12500.046,81.07800000000003
2025-10-17 18:23:00,10/17-18,검증,341.519,4.5,2777.912,12500.046,15277.958,0.4444282125933192,0.4510458287298096,20.985000000000127,2224.656,2178.671,31.149,422.491,8039.144,3843.031,3380.435,12500.046,80.97199999999998
2025-10-17 18:24:00,10/17-18,검증,341.522,4.5,2777.913,12500.046,15277.959,0.4443694780046117,0.4509796645607889,20.980000000000018,2224.484,2178.504,31.152,422.383,8020.702,3866.213,3381.913,12500.046,80.86099999999999
2025-10-17 18:25:00,10/17-18,검증,341.524,4.5,2777.913,12500.045,15277.958,0.4442151399028268,0.4508173258983063,20.976000000000113,2224.312,2178.336,31.154,422.273,8003.173,3889.177,3382.796,12500.045,80.74900000000002
2025-10-17 18:26:00,10/17-18,검증,341.526,4.5,2777.913,12500.045,15277.958,0.4441353674492431,0.4507369327234162,20.971999999999753,2224.14,2178.168,31.157,422.162,7986.779,3911.895,3383.392,12500.045,80.63599999999997
2025-10-17 18:27:00,10/17-18,검증,341.528,4.5,2777.912,12500.044,15277.956,0.4440386547595202,0.4506435277093588,20.9670000000001,2223.969,2178.002,31.16,422.049,7971.615,3934.334,3383.917,12500.044,80.52099999999996
2025-10-17 18:28:00,10/17-18,검증,341.529,4.5,2777.911,12500.043,15277.954,0.4439410896127739,0.4505537404465905,20.96199999999999,2223.799,2177.837,31.163,421.937,7957.678,3956.461,3384.507,12500.043,80.40800000000002
2025-10-17 18:29:00,10/17-18,검증,341.531,4.5,2777.909,12500.043,15277.952,0.4437480973024481,0.4503689062685301,20.958000000000084,2223.632,2177.674,31.165,421.824,7944.897,3978.245,3385.243,12500.043,80.293
2025-10-17 18:30:00,10/17-18,검증,341.533,4.5,2777.907,12500.042,15277.949,0.4436413617840743,0.4502772690677826,20.953999999999724,2223.468,2177.514,31.168,421.713,7933.156,3999.659,3386.161,12500.042,80.18
2025-10-17 18:31:00,10/17-18,검증,341.534,4.5,2777.904,12500.04,15277.944000000001,0.443531511948007,0.4501852541929533,20.949999999999818,2223.308,2177.358,31.171,421.603,7922.317,4020.683,3387.264,12500.04,80.06900000000002
2025-10-17 18:32:00,10/17-18,검증,341.535,4.5,2777.901,12500.039,15277.94,0.4433414535294971,0.450012205450261,20.945999999999913,2223.151,2177.205,31.173,421.495,7912.233,4041.301,3388.538,12500.039,79.95999999999998
2025-10-17 18:33:00,10/17-18,검증,341.537,4.5,2777.898,12500.038,15277.936000000002,0.4432371987185218,0.4499296690117184,20.942000000000007,2222.999,2177.057,31.176,421.389,7902.763,4061.505,3389.957,12500.038,79.85200000000003
2025-10-17 18:34:00,10/17-18,검증,341.538,4.5,2777.894,12500.037,15277.931,0.4430574812355929,0.4497699025693791,20.938000000000102,2222.851,2176.913,31.178,421.286,7893.779,4081.29,3391.49,12500.037,79.74799999999999
2025-10-17 18:35:00,10/17-18,검증,341.539,4.5,2777.89,12500.035,15277.925,0.4429683966124749,0.4497044162793765,20.93399999999974,2222.709,2176.775,31.181,421.186,7885.17,4100.656,3393.105,12500.035,79.64699999999999
2025-10-17 18:36:00,10/17-18,검증,341.54,4.5,2777.886,12500.034,15277.92,0.4428033788255204,0.4495604013482315,20.93100000000004,2222.573,2176.642,31.183,421.089,7876.847,4119.607,3394.773,12500.034,79.54899999999998
2025-10-17 18:37:00,10/17-18,검증,341.541,4.5,2777.881,12500.032,15277.912999999999,0.4426468289399931,0.4494249445195736,20.927999999999884,2222.442,2176.514,31.185,420.995,7868.738,4138.15,3396.468,12500.032,79.45400000000001
2025-10-17 18:38:00,10/17-18,검증,341.543,4.5,2777.876,12500.031,15277.907000000001,0.4425013540904868,0.4493004961906187,20.925000000000182,2222.318,2176.393,31.187,420.905,7860.793,4156.292,3398.17,12500.031,79.36199999999997
2025-10-17 18:39:00,10/17-18,검증,341.544,4.5,2777.872,12500.029,15277.901,0.4423684218599584,0.4491884007631556,20.922000000000025,2222.2,2176.278,31.189,420.819,7852.977,4174.043,3399.864,12500.029,79.27500000000003
2025-10-17 18:40:00,10/17-18,검증,341.545,4.5,2777.867,12500.028,15277.895,0.4422530427292063,0.4490937815123452,20.919000000000324,2222.088,2176.169,31.191,420.738,7845.27,4191.415,3401.537,12500.028,79.19299999999998
2025-10-17 18:41:00,10/17-18,검증,341.546,4.5,2777.861,12500.026,15277.886999999999,0.4421440732959371,0.4490050858601463,20.916000000000167,2221.983,2176.067,31.193,420.66,7837.66,4208.416,3403.183,12500.026,79.11400000000003
2025-10-17 18:42:00,10/17-18,검증,341.547,4.5,2777.856,12500.024,15277.88,0.4420527574283004,0.4489338853501569,20.914000000000215,2221.885,2175.971,31.195,420.587,7830.147,4225.058,3404.798,12500.024,79.03999999999996
2025-10-17 18:43:00,10/17-18,검증,341.548,4.5,2777.851,12500.023,15277.874,0.4418895651119954,0.4487880617893165,20.912000000000262,2221.793,2175.881,31.196,420.518,7822.735,4241.35,3406.378,12500.023,78.96999999999997
2025-10-17 18:44:00,10/17-18,검증,341.55,4.5,2777.846,12500.021,15277.867,0.4418271723039551,0.4487454374493461,20.91000000000031,2221.708,2175.798,31.198,420.454,7815.433,4257.302,3407.924,12500.021,78.904
2025-10-17 18:45:00,10/17-18,검증,341.551,4.5,2777.841,12500.02,15277.861,0.4417723978022704,0.4487101007829716,20.9079999999999,2221.629,2175.721,31.2,420.393,7808.25,4272.922,3409.436,12500.02,78.84199999999998
2025-10-17 18:46:00,10/17-18,검증,341.552,4.5,2777.836,12500.018,15277.854,0.4416491725866671,0.4486039645885921,20.90599999999995,2221.557,2175.651,31.201,420.337,7801.197,4288.22,3410.914,12500.018,78.78499999999997
2025-10-17 18:47:00,10/17-18,검증,341.553,4.5,2777.831,12500.017,15277.848,0.4415396775519078,0.448511592834583,20.9050000000002,2221.491,2175.586,31.202,420.285,7794.283,4303.201,3412.359,12500.017,78.73200000000003
2025-10-17 18:48:00,10/17-18,검증,341.554,4.5,2777.826,12500.015,15277.841,0.4414412717759923,0.4484303211617173,20.903000000000247,2221.431,2175.528,31.203,420.237,7787.518,4317.873,3413.772,12500.015,78.68300000000005
2025-10-17 18:49:00,10/17-18,검증,341.556,4.5,2777.822,12500.014,15277.836,0.4413565419768946,0.4483628255822356,20.902000000000044,2221.377,2175.475,31.204,420.193,7780.91,4332.243,3415.152,12500.014,78.637
2025-10-17 18:50:00,10/17-18,검증,341.557,4.5,2777.817,12500.012,15277.829000000002,0.4412841479543453,0.4483077759169497,20.901000000000295,2221.329,2175.428,31.205,420.153,7774.463,4346.315,3416.501,12500.012,78.596
2025-10-17 18:51:00,10/17-18,검증,341.558,4.5,2777.813,12500.011,15277.824,0.4412240995809048,0.4482651767227123,20.898999999999887,2221.286,2175.387,31.206,420.117,7768.183,4360.096,3417.816,12500.011,78.55900000000003
2025-10-17 18:52:00,10/17-18,검증,341.559,4.5,2777.808,12500.01,15277.818,0.4411726636796064,0.44823124666773,20.897999999999683,2221.249,2175.351,31.207,420.084,7762.073,4373.59,3419.097,12500.01,78.52499999999998
2025-10-17 18:53:00,10/17-18,검증,341.56,4.5,2777.804,12500.008,15277.812,0.4411298759352408,0.4482059885127492,20.896999999999935,2221.217,2175.32,31.208,420.054,7756.132,4386.803,3420.342,12500.008,78.49399999999997
2025-10-17 18:54:00,10/17-18,검증,341.561,4.5,2777.8,12500.007,15277.807,0.4411007188183834,0.4481945261480892,20.896000000000186,2221.19,2175.294,31.209,420.028,7750.362,4399.738,3421.55,12500.007,78.46700000000004
2025-10-17 18:55:00,10/17-18,검증,341.562,4.5,2777.796,12500.006,15277.802,0.4409964733729329,0.4481061107009491,20.896000000000186,2221.168,2175.272,31.209,420.005,7744.762,4412.401,3422.719,12500.006,78.44299999999998
2025-10-17 18:56:00,10/17-18,검증,341.563,4.5,2777.793,12500.005,15277.797999999999,0.4409808720803768,0.4481082224856486,20.89599999999973,2221.151,2175.255,31.21,419.984,7739.33,4424.795,3423.847,12500.005,78.42099999999999
2025-10-17 18:57:00,10/17-18,검증,341.564,4.5,2777.789,12500.004,15277.793000000001,0.4408938057504464,0.44803717410285,20.894999999999982,2221.138,2175.243,31.21,419.967,7734.065,4436.925,3424.932,12500.004,78.40299999999996
2025-10-17 18:58:00,10/17-18,검증,341.566,4.5,2777.786,12500.003,15277.789,0.4408980967465882,0.4480593239823589,20.894999999999982,2221.129,2175.234,31.211,419.952,7728.962,4448.794,3425.973,12500.003,78.38600000000002
2025-10-17 18:59:00,10/17-18,검증,341.566,4.5,2777.783,12500.002,15277.785,0.4408271842687832,0.4480045334188479,20.894999999999982,2221.124,2175.229,31.211,419.94,7724.021,4460.408,3426.968,12500.002,78.37400000000002
2025-10-17 19:00:00,10/17-18,검증,344.197,4.5,2777.653,12500.18,15277.833,0.4424500246328613,0.4496814529760472,20.94499999999971,2221.602,2175.657,31.24,419.887,7719.531,4471.753,3428.111,12500.18,75.69
2025-10-17 19:01:00,10/17-18,검증,345.344,4.498,2779.443,12500.731,15280.173999999999,0.451009893776517,0.4583342433992535,21.05899999999974,2218.613,2172.554,31.305,419.667,7692.915,4483.178,3427.348,12500.731,74.32299999999998
2025-10-17 19:02:00,10/17-18,검증,346.062,4.496,2780.592,12500.802,15281.394,0.4742517434782918,0.4819230867829977,21.235000000000127,2214.196,2167.961,31.385,421.756,7616.983,4495.964,3419.99,12500.802,75.69399999999996
2025-10-17 19:03:00,10/17-18,검증,346.702,4.497,2779.605,12500.202,15279.806999999999,0.5092812039611427,0.5178701900006177,21.333999999999833,2211.999,2165.665,31.384,428.355,7486.758,4512.026,3410.255,12500.202,81.65300000000002
2025-10-17 19:04:00,10/17-18,검증,347.247,4.499,2778.122,12499.884,15278.006,0.5424843231700438,0.5524337365576386,21.369000000000142,2212.297,2165.928,31.353,436.019,7365.987,4532.123,3424.048,12499.884,88.77199999999999
2025-10-17 19:05:00,10/17-18,검증,347.677,4.5,2777.649,12499.938,15277.587,0.5688522584923792,0.580027373378663,21.404999999999745,2212.798,2166.393,31.343,442.07,7306.471,4554.707,3491.641,12499.938,94.39299999999997
2025-10-17 19:06:00,10/17-18,검증,348.024,4.5,2777.744,12500.016,15277.76,0.5905927450907205,0.6026079210299451,21.447000000000116,2212.824,2166.377,31.346,446.798,7298.405,4577.622,3613.112,12500.016,98.774
2025-10-17 19:07:00,10/17-18,검증,348.318,4.5,2777.859,12500.037,15277.896,0.6090904169409408,0.6215842833098655,21.482000000000426,2212.655,2166.173,31.349,450.764,7316.683,4599.528,3768.432,12500.037,102.44600000000003
2025-10-17 19:08:00,10/17-18,검증,348.568,4.5,2777.916,12500.045,15277.961,0.6246199203906312,0.6372718531776771,21.510999999999967,2212.442,2165.931,31.351,454.068,7349.641,4619.775,3940.286,12500.045,105.5
2025-10-17 19:09:00,10/17-18,검증,348.781,4.5,2777.957,12500.055,15278.012,0.6377126246037145,0.650268893115163,21.536000000000058,2212.184,2165.648,31.355,456.766,7391.598,4638.003,4117.96,12500.055,107.98500000000001
2025-10-17 19:10:00,10/17-18,검증,348.961,4.5,2777.983,12500.059,15278.042,0.6486762514891472,0.6609675877948056,21.55899999999974,2211.897,2165.338,31.358,458.988,7436.399,4654.069,4293.331,12500.059,110.02699999999999
2025-10-17 19:11:00,10/17-18,검증,349.115,4.5,2777.987,12500.057,15278.044000000002,0.6580789411436407,0.670028845181992,21.577000000000226,2211.614,2165.037,31.362,460.845,7478.827,4668.041,4460.023,12500.057,111.73000000000002
2025-10-17 19:12:00,10/17-18,검증,349.246,4.5,2777.974,12500.051,15278.025,0.6659976433209901,0.6775883696938374,21.593000000000302,2211.358,2164.765,31.365,462.403,7515.848,4680.125,4614.008,12500.051,113.15700000000004
2025-10-17 19:13:00,10/17-18,검증,349.357,4.5,2777.953,12500.045,15277.998,0.672691833664691,0.6839502420473047,21.60699999999997,2211.134,2164.527,31.368,463.709,7545.919,4690.601,4753.253,12500.045,114.35199999999998
2025-10-17 19:14:00,10/17-18,검증,349.453,4.5,2777.93,12500.039,15277.969000000001,0.6782432675763677,0.6892237172910087,21.617999999999938,2210.942,2164.324,31.37,464.803,7568.243,4699.776,4876.958,12500.039,115.35000000000002
2025-10-17 19:15:00,10/17-18,검증,349.534,4.5,2777.907,12500.033,15277.939999999999,0.682962514997185,0.6937388152042891,21.627000000000407,2210.78,2164.153,31.373,465.72,7582.588,4707.968,4985.108,12500.033,116.18600000000004
2025-10-17 19:16:00,10/17-18,검증,349.604,4.5,2777.886,12500.027,15277.913,0.6868082969779711,0.6974580641138621,21.634999999999764,2210.647,2164.012,31.375,466.486,7589.225,4715.482,5078.275,12500.027,116.882
2025-10-17 19:17:00,10/17-18,검증,349.663,4.5,2777.866,12500.022,15277.888,0.6898967538369172,0.7004959895646894,21.641000000000076,2210.539,2163.898,31.376,467.125,7588.786,4722.599,5157.444,12500.022,117.46199999999999
2025-10-17 19:18:00,10/17-18,검증,349.715,4.5,2777.849,12500.018,15277.867,0.6924927698242467,0.7031124499535251,21.64800000000014,2210.453,2163.805,31.378,467.657,7582.123,4729.563,5223.854,12500.018,117.94200000000001
2025-10-17 19:19:00,10/17-18,검증,349.759,4.5,2777.835,12500.014,15277.848999999998,0.6945130153168383,0.7052115334377156,21.65099999999984,2210.383,2163.732,31.379,468.096,7570.196,4736.579,5278.873,12500.014,118.33699999999999
2025-10-17 19:20:00,10/17-18,검증,349.797,4.5,2777.823,12500.011,15277.834,0.6961328443406561,0.7069574163279104,21.6550000000002,2210.328,2163.673,31.38,468.459,7554.018,4743.813,5323.917,12500.011,118.66199999999998
2025-10-17 19:21:00,10/17-18,검증,349.829,4.5,2777.814,12500.008,15277.822,0.6974159084881567,0.7084006632341608,21.6579999999999,2210.285,2163.627,31.381,468.757,7534.614,4751.387,5360.397,12500.008,118.928
2025-10-17 19:22:00,10/17-18,검증,349.858,4.5,2777.805,12500.006,15277.811,0.6983432016719179,0.7095080323199001,21.659999999999854,2210.252,2163.592,31.381,469.0,7512.969,4759.386,5388.929,12500.006,119.142
2025-10-17 19:23:00,10/17-18,검증,349.882,4.5,2777.799,12500.004,15277.803,0.6991230146446763,0.7104781603831161,21.662000000000262,2210.228,2163.566,31.382,469.196,7490.007,4767.858,5392.884,12500.004,119.31400000000002
2025-10-17 19:24:00,10/17-18,검증,349.903,4.5,2777.793,12500.002,15277.795,0.6996400948702838,0.7111827028704985,21.662000000000262,2210.21,2163.548,31.382,469.352,7466.535,4776.817,5393.065,12500.002,119.44899999999996
2025-10-17 19:25:00,10/17-18,검증,349.921,4.5,2777.788,12500.0,15277.788,0.7000983386051647,0.7118198805557536,21.66300000000001,2210.199,2163.536,31.383,469.476,7443.221,4786.255,5393.239,12500.0,119.555
2025-10-17 19:26:00,10/17-18,검증,349.936,4.5,2777.783,12499.999,15277.782,0.7003603018992418,0.7122424759396941,21.66399999999976,2210.194,2163.53,31.383,469.571,7420.622,4796.14,5393.411,12499.999,119.63500000000005
2025-10-17 19:27:00,10/17-18,검증,349.949,4.5,2777.779,12499.997,15277.776,0.7005361318092166,0.7125570620912625,21.66399999999976,2210.194,2163.53,31.383,469.643,7399.182,4806.423,5393.58,12499.997,119.69399999999996
2025-10-17 19:28:00,10/17-18,검증,349.961,4.5,2777.775,12499.996,15277.770999999999,0.7007267370803894,0.712862623510846,21.664000000000215,2210.199,2163.535,31.384,469.696,7379.236,4817.044,5393.748,12499.996,119.73500000000001
2025-10-17 19:29:00,10/17-18,검증,349.97,4.5,2777.771,12499.994,15277.765000000001,0.700790032119533,0.7130118781671544,21.66399999999976,2210.209,2163.545,31.384,469.733,7361.018,4827.936,5393.915,12499.994,119.76299999999998
2025-10-17 19:30:00,10/17-18,검증,349.978,4.5,2777.767,12499.993,15277.76,0.7008185713980695,0.7130981664854228,21.664999999999964,2210.225,2163.56,31.384,469.757,7344.673,4839.026,5394.082,12499.993,119.779
2025-10-17 19:31:00,10/17-18,검증,349.985,4.5,2777.763,12499.992,15277.755000000001,0.7008294372827087,0.7131389686643643,21.664999999999964,2210.245,2163.58,31.384,469.772,7330.271,4850.24,5394.251,12499.992,119.78699999999998
2025-10-17 19:32:00,10/17-18,검증,349.991,4.5,2777.759,12499.99,15277.749,0.7008303234315331,0.7131430235041842,21.664999999999964,2210.27,2163.605,31.384,469.78,7317.82,4861.506,5394.421,12499.99,119.78899999999999
2025-10-17 19:33:00,10/17-18,검증,349.996,4.5,2777.756,12499.989,15277.744999999999,0.7008281817537415,0.7131190666491964,21.66399999999976,2210.299,2163.635,31.384,469.783,7307.276,4872.754,5394.594,12499.989,119.78700000000003
2025-10-17 19:34:00,10/17-18,검증,350.001,4.5,2777.752,12499.988,15277.74,0.7007524075493454,0.712996860019659,21.664999999999964,2210.334,2163.669,31.383,469.783,7298.559,4883.921,5394.77,12499.988,119.78200000000004
2025-10-17 19:35:00,10/17-18,검증,350.005,4.5,2777.748,12499.986,15277.734,0.7007651168796613,0.7129443157033437,21.665999999999713,2210.374,2163.708,31.383,469.782,7291.562,4894.947,5394.95,12499.986,119.77699999999999
2025-10-17 19:36:00,10/17-18,검증,350.008,4.5,2777.745,12499.985,15277.73,0.700789621246864,0.7128855946807955,21.666000000000167,2210.418,2163.752,31.383,469.781,7286.161,4905.779,5395.133,12499.985,119.77300000000002
2025-10-17 19:37:00,10/17-18,검증,350.011,4.5,2777.741,12499.984,15277.725,0.7008377044987939,0.7128350347058974,21.666999999999916,2210.467,2163.8,31.383,469.783,7282.223,4916.371,5395.319,12499.984,119.77199999999999
2025-10-17 19:38:00,10/17-18,검증,350.014,4.5,2777.738,12499.983,15277.721,0.7008239976687622,0.7127080487930568,21.666999999999916,2210.519,2163.852,31.382,469.787,7279.614,4926.684,5395.508,12499.983,119.77299999999997
2025-10-17 19:39:00,10/17-18,검증,350.016,4.5,2777.735,12499.982,15277.717,0.7009122623444953,0.7126738108983577,21.66800000000012,2210.576,2163.908,31.382,469.795,7278.201,4936.684,5395.7,12499.982,119.779
2025-10-17 19:40:00,10/17-18,검증,350.018,4.5,2777.732,12499.981,15277.713,0.7010273754879779,0.7126577056355397,21.670000000000073,2210.637,2163.967,31.382,469.808,7277.859,4946.344,5395.894,12499.981,119.79000000000002
2025-10-17 19:41:00,10/17-18,검증,350.02,4.5,2777.729,12499.98,15277.708999999999,0.7010843982663867,0.7125751358620265,21.672000000000025,2210.701,2164.029,31.381,469.825,7278.472,4955.64,5396.09,12499.98,119.805
2025-10-17 19:42:00,10/17-18,검증,350.022,4.5,2777.727,12499.979,15277.705999999998,0.7011678447823454,0.712513822441891,21.67300000000023,2210.768,2164.095,31.38,469.848,7279.936,4964.557,5396.287,12499.979,119.82600000000002
2025-10-17 19:43:00,10/17-18,검증,350.024,4.5,2777.724,12499.978,15277.702,0.7013547201234908,0.7125533428794026,21.676000000000386,2210.838,2164.162,31.38,469.876,7282.155,4973.079,5396.485,12499.978,119.85199999999998
2025-10-17 19:44:00,10/17-18,검증,350.025,4.5,2777.723,12499.978,15277.701,0.7014865265219039,0.7125338805987844,21.67699999999968,2210.91,2164.233,31.379,469.91,7285.048,4981.199,5396.683,12499.978,119.88500000000005
2025-10-17 19:45:00,10/17-18,검증,350.027,4.5,2777.721,12499.977,15277.698,0.7016449951737531,0.7125393725279263,21.679000000000087,2210.984,2164.305,31.378,469.95,7288.543,4988.909,5396.881,12499.977,119.923
2025-10-17 19:46:00,10/17-18,검증,350.029,4.5,2777.719,12499.977,15277.696,0.7018997461448934,0.7126413293798215,21.68199999999979,2211.06,2164.378,31.378,469.994,7292.574,4996.205,5397.078,12499.977,119.96500000000003
2025-10-17 19:47:00,10/17-18,검증,350.03,4.5,2777.718,12499.976,15277.694,0.7020992326703769,0.7126867506095453,21.684999999999945,2211.138,2164.453,31.377,470.044,7297.088,5003.087,5397.274,12499.976,120.01400000000001
2025-10-17 19:48:00,10/17-18,검증,350.032,4.5,2777.717,12499.976,15277.693000000001,0.7023145954080454,0.7127483777574861,21.686999999999898,2211.216,2164.529,31.376,470.098,7302.036,5009.554,5397.469,12499.976,120.06600000000003
2025-10-17 19:49:00,10/17-18,검증,350.033,4.5,2777.717,12499.976,15277.693000000001,0.7025507870500801,0.7128318053358609,21.690000000000055,2211.295,2164.605,31.375,470.157,7307.373,5015.608,5397.662,12499.976,120.12399999999997
2025-10-17 19:50:00,10/17-18,검증,350.035,4.5,2777.716,12499.976,15277.692000000001,0.7027976762009077,0.7129270619865746,21.69300000000021,2211.375,2164.682,31.374,470.219,7313.061,5021.253,5397.852,12499.976,120.18399999999997
2025-10-17 19:51:00,10/17-18,검증,350.036,4.5,2777.716,12499.976,15277.692000000001,0.703060283333378,0.7130397414340319,21.695000000000164,2211.454,2164.759,31.373,470.285,7319.063,5026.493,5398.041,12499.976,120.24900000000002
2025-10-17 19:52:00,10/17-18,검증,350.037,4.5,2777.716,12499.976,15277.692000000001,0.7033352289389884,0.713166708080579,21.69900000000007,2211.534,2164.835,31.372,470.354,7325.344,5031.334,5398.227,12499.976,120.31700000000001
2025-10-17 19:53:00,10/17-18,검증,350.038,4.5,2777.716,12499.976,15277.692000000001,0.7036154182501664,0.7133011241114855,21.701000000000022,2211.613,2164.912,31.371,470.425,7331.872,5035.781,5398.411,12499.976,120.387
2025-10-17 19:54:00,10/17-18,검증,350.039,4.5,2777.717,12499.976,15277.693000000001,0.7039029616689646,0.7134454549394702,21.70400000000018,2211.692,2164.988,31.37,470.498,7338.614,5039.844,5398.592,12499.976,120.459
2025-10-17 19:55:00,10/17-18,검증,350.04,4.5,2777.717,12499.977,15277.694000000001,0.7041976711520002,0.7135996961156277,21.70699999999988,2211.77,2165.063,31.369,470.573,7345.54,5043.528,5398.77,12499.977,120.53299999999996
2025-10-17 19:56:00,10/17-18,검증,350.041,4.5,2777.718,12499.977,15277.695,0.7044904993529635,0.7137551226089789,21.710000000000036,2211.847,2165.137,31.368,470.648,7352.618,5046.843,5398.945,12499.977,120.60700000000003
2025-10-17 19:57:00,10/17-18,검증,350.042,4.5,2777.719,12499.977,15277.696,0.7047855975578717,0.7139160936489994,21.712999999999738,2211.923,2165.21,31.367,470.724,7359.82,5049.798,5399.117,12499.977,120.68200000000002
2025-10-17 19:58:00,10/17-18,검증,350.042,4.5,2777.719,12499.978,15277.697,0.705077202110302,0.7140770137858645,21.715000000000146,2211.998,2165.283,31.366,470.8,7367.114,5052.404,5399.286,12499.978,120.75800000000004
2025-10-17 19:59:00,10/17-18,검증,350.043,4.5,2777.72,12499.978,15277.697999999999,0.7052887502432008,0.7141613124528616,21.71900000000005,2212.072,2165.353,31.364,470.876,7374.474,5054.67,5399.452,12499.978,120.83299999999997
2025-10-17 20:00:00,10/17-18,검증,350.043,4.5,2777.723,12499.98,15277.703,0.7048596804877851,0.7143239427090782,21.722000000000207,2212.143,2165.421,31.363,470.951,7326.339,5057.267,5399.524,12499.98,120.90800000000002
2025-10-17 20:01:00,10/17-18,검증,350.044,4.5,2777.728,12499.981,15277.708999999999,0.7044340073936681,0.7144876815824395,21.722999999999956,2212.204,2165.481,31.362,471.024,7276.055,5062.091,5399.511,12499.981,120.98000000000002
2025-10-17 20:02:00,10/17-18,검증,350.044,4.5,2777.731,12499.982,15277.713,0.7046678125969762,0.7146519515675902,21.725000000000364,2212.262,2165.537,31.361,471.096,7275.685,5067.494,5399.524,12499.982,121.05200000000002
2025-10-17 20:03:00,10/17-18,검증,350.044,4.5,2777.732,12499.982,15277.714,0.7051801416468569,0.7148031080426338,21.728000000000065,2212.321,2165.593,31.36,471.165,7298.267,5072.289,5399.567,12499.982,121.12100000000004
2025-10-17 20:04:00,10/17-18,검증,350.043,4.5,2777.729,12499.981,15277.71,0.7058589174750618,0.7149436973919432,21.731000000000222,2212.385,2165.654,31.359,471.233,7335.666,5075.842,5399.647,12499.981,121.19
2025-10-17 20:05:00,10/17-18,검증,350.042,4.5,2777.726,12499.98,15277.706,0.7065392145930002,0.7149922041258754,21.733000000000175,2212.454,2165.721,31.357,471.3,7381.889,5077.781,5399.766,12499.98,121.25800000000004
2025-10-17 20:06:00,10/17-18,검증,350.04,4.5,2777.722,12499.979,15277.701,0.7073944795008503,0.7151863666486036,21.735999999999876,2212.529,2165.793,31.357,471.365,7432.249,5077.933,5399.923,12499.979,121.32499999999999
2025-10-17 20:07:00,10/17-18,검증,350.038,4.5,2777.718,12499.979,15277.697,0.7081375617183855,0.7152853348601704,21.738000000000284,2212.608,2165.87,31.356,471.428,7483.195,5076.28,5400.111,12499.979,121.38999999999999
2025-10-17 20:08:00,10/17-18,검증,350.036,4.5,2777.716,12499.978,15277.694,0.7088146333080814,0.7153687464269451,21.73999999999978,2212.689,2165.949,31.355,471.488,7532.117,5072.909,5400.324,12499.978,121.452
2025-10-17 20:09:00,10/17-18,검증,350.035,4.5,2777.715,12499.978,15277.693,0.7094197260557242,0.7154521284735531,21.743000000000393,2212.771,2166.028,31.354,471.548,7577.196,5067.985,5400.556,12499.978,121.51299999999998
2025-10-17 20:10:00,10/17-18,검증,350.033,4.5,2777.715,12499.978,15277.693,0.7099408090570756,0.7155354810067605,21.746000000000095,2212.853,2166.107,31.353,471.608,7617.291,5061.721,5400.799,12499.978,121.57499999999999
2025-10-17 20:11:00,10/17-18,검증,350.032,4.5,2777.717,12499.979,15277.696,0.7104597152681956,0.7157040323201844,21.74900000000025,2212.931,2166.182,31.353,471.668,7651.815,5054.351,5401.046,12499.979,121.63600000000002
2025-10-17 20:12:00,10/17-18,검증,350.031,4.5,2777.719,12499.979,15277.698,0.7108274162828957,0.7158090107662123,21.751999999999953,2213.006,2166.254,31.352,471.731,7680.628,5046.117,5401.292,12499.979,121.69999999999999
2025-10-17 20:13:00,10/17-18,검증,350.031,4.5,2777.723,12499.98,15277.703,0.7111232741970325,0.715923237382194,21.753999999999905,2213.076,2166.322,31.351,471.795,7703.931,5037.249,5401.534,12499.98,121.76400000000001
2025-10-17 20:14:00,10/17-18,검증,350.031,4.5,2777.726,12499.981,15277.707,0.7114447628499034,0.7161338197107183,21.757000000000062,2213.141,2166.384,31.351,471.861,7722.168,5027.96,5401.767,12499.981,121.82999999999998
2025-10-17 20:15:00,10/17-18,검증,350.031,4.5,2777.73,12499.982,15277.712,0.7116422000674503,0.716283278142984,21.76000000000022,2213.201,2166.441,31.35,471.93,7735.944,5018.435,5401.99,12499.982,121.899
2025-10-17 20:16:00,10/17-18,검증,350.031,4.5,2777.734,12499.983,15277.717,0.7117951467120311,0.7164388574658425,21.76200000000017,2213.255,2166.493,31.349,471.999,7745.949,5008.831,5402.201,12499.983,121.96800000000002
2025-10-17 20:17:00,10/17-18,검증,350.032,4.5,2777.738,12499.984,15277.722,0.7120007409070148,0.7166851953347921,21.764999999999873,2213.305,2166.54,31.349,472.069,7752.899,4999.273,5402.402,12499.984,122.03700000000003
2025-10-17 20:18:00,10/17-18,검증,350.032,4.5,2777.741,12499.985,15277.726,0.7121062041560855,0.7168617041686511,21.76800000000003,2213.35,2166.582,31.348,472.14,7757.487,4989.858,5402.592,12499.985,122.108
2025-10-17 20:19:00,10/17-18,검증,350.032,4.5,2777.745,12499.986,15277.731,0.7121910225837579,0.7170375171529659,21.769999999999982,2213.391,2166.621,31.347,472.21,7760.35,4980.655,5402.772,12499.986,122.178
2025-10-17 20:20:00,10/17-18,검증,350.032,4.5,2777.747,12499.987,15277.733999999999,0.7123461486083403,0.7172941556617518,21.771999999999935,2213.428,2166.656,31.347,472.279,7762.049,4971.708,5402.943,12499.987,122.24700000000001
2025-10-17 20:21:00,10/17-18,검증,350.032,4.5,2777.75,12499.988,15277.738,0.7124092508107815,0.7174654703342074,21.773999999999887,2213.462,2166.688,31.346,472.346,7763.056,4963.043,5403.108,12499.988,122.31400000000002
2025-10-17 20:22:00,10/17-18,검증,350.032,4.5,2777.752,12499.989,15277.741,0.7124671558523917,0.7176317519183715,21.77599999999984,2213.493,2166.717,31.345,472.411,7763.751,4954.668,5403.268,12499.989,122.37900000000002
2025-10-17 20:23:00,10/17-18,검증,350.032,4.5,2777.754,12499.989,15277.742999999999,0.7125166463105033,0.7177861971676529,21.778000000000247,2213.523,2166.745,31.344,472.473,7764.42,4946.579,5403.423,12499.989,122.44100000000003
2025-10-17 20:24:00,10/17-18,검증,350.031,4.5,2777.755,12499.99,15277.744999999999,0.7126441498605504,0.718011559816004,21.7800000000002,2213.55,2166.77,31.344,472.532,7765.265,4938.762,5403.576,12499.99,122.50099999999998
2025-10-17 20:25:00,10/17-18,검증,350.03,4.5,2777.757,12499.99,15277.747,0.7126801410767775,0.7181392409077785,21.78099999999995,2213.576,2166.795,31.343,472.587,7766.413,4931.201,5403.727,12499.99,122.55700000000002
2025-10-17 20:26:00,10/17-18,검증,350.029,4.5,2777.758,12499.991,15277.749,0.7127180136705888,0.7182606750409064,21.7829999999999,2213.601,2166.818,31.342,472.64,7767.929,4923.874,5403.879,12499.991,122.61099999999999
2025-10-17 20:27:00,10/17-18,검증,350.028,4.5,2777.758,12499.991,15277.749,0.712823238356214,0.7184406638674785,21.784000000000106,2213.625,2166.841,31.342,472.688,7769.828,4916.757,5404.03,12499.991,122.65999999999997
2025-10-17 20:28:00,10/17-18,검증,350.027,4.5,2777.759,12499.991,15277.75,0.7128482554080475,0.7185341338227318,21.786000000000058,2213.648,2166.862,31.341,472.734,7772.085,4909.832,5404.183,12499.991,122.707
2025-10-17 20:29:00,10/17-18,검증,350.025,4.5,2777.76,12499.992,15277.752,0.7128609614931568,0.7186089944612988,21.786999999999807,2213.671,2166.884,31.34,472.776,7774.653,4903.076,5404.337,12499.992,122.75100000000003
2025-10-17 20:30:00,10/17-18,검증,350.024,4.5,2777.76,12499.992,15277.752,0.7129497187242457,0.7187535684300836,21.78800000000001,2213.692,2166.904,31.34,472.815,7777.467,4896.476,5404.493,12499.992,122.791
2025-10-17 20:31:00,10/17-18,검증,350.022,4.5,2777.761,12499.992,15277.753,0.7129526957045824,0.718809168944279,21.789000000000215,2213.713,2166.924,31.339,472.852,7780.455,4890.015,5404.651,12499.992,122.82999999999998
2025-10-17 20:32:00,10/17-18,검증,350.02,4.5,2777.761,12499.993,15277.754,0.7130269761612436,0.7189320249936704,21.789999999999964,2213.734,2166.944,31.339,472.886,7783.547,4883.685,5404.811,12499.993,122.86600000000004
2025-10-17 20:33:00,10/17-18,검증,350.019,4.5,2777.762,12499.993,15277.755000000001,0.7130159298633728,0.7189683759722962,21.791999999999916,2213.754,2166.962,31.338,472.918,7786.675,4877.476,5404.973,12499.993,122.899
2025-10-17 20:34:00,10/17-18,검증,350.017,4.5,2777.762,12499.993,15277.755000000001,0.713077449093767,0.719075093795932,21.791999999999916,2213.773,2166.981,31.338,472.948,7789.781,4871.385,5405.137,12499.993,122.93099999999998
2025-10-17 20:35:00,10/17-18,검증,350.016,4.5,2777.763,12499.993,15277.756000000001,0.7131332734134531,0.7191755918035159,21.79399999999987,2213.792,2166.998,31.338,472.976,7792.818,4865.406,5405.304,12499.993,122.95999999999998
2025-10-17 20:36:00,10/17-18,검증,350.014,4.5,2777.763,12499.994,15277.757000000001,0.7131038350317742,0.7191914643132107,21.795000000000073,2213.81,2167.015,31.337,473.003,7795.748,4859.54,5405.471,12499.994,122.98899999999998
2025-10-17 20:37:00,10/17-18,검증,350.013,4.5,2777.764,12499.994,15277.758000000002,0.7131508768902003,0.7192832755409357,21.795000000000073,2213.827,2167.032,31.337,473.029,7798.547,4853.785,5405.641,12499.994,123.01600000000002
2025-10-17 20:38:00,10/17-18,검증,350.011,4.5,2777.764,12499.994,15277.758000000002,0.7131146445414492,0.7192929242526154,21.797000000000025,2213.844,2167.047,31.336,473.054,7801.199,4848.143,5405.812,12499.994,123.04299999999995
2025-10-17 20:39:00,10/17-18,검증,350.01,4.5,2777.765,12499.994,15277.759,0.7131533585827777,0.719377283351424,21.797000000000025,2213.86,2167.063,31.336,473.078,7803.699,4842.613,5405.985,12499.994,123.06799999999998
2025-10-17 20:40:00,10/17-18,검증,350.009,4.5,2777.765,12499.994,15277.759,0.7131941954748584,0.7194640994827424,21.797999999999774,2213.875,2167.077,31.336,473.102,7806.047,4837.197,5406.159,12499.994,123.09299999999996
2025-10-17 20:41:00,10/17-18,검증,350.008,4.5,2777.766,12499.995,15277.761,0.713149266985916,0.7194662913067917,21.798999999999978,2213.89,2167.091,31.335,473.125,7808.251,4831.896,5406.335,12499.995,123.11700000000002
2025-10-17 20:42:00,10/17-18,검증,350.006,4.5,2777.766,12499.995,15277.761,0.7131865125221738,0.7195499935828606,21.800000000000182,2213.904,2167.104,31.335,473.148,7810.321,4826.71,5406.513,12499.995,123.14200000000005
2025-10-17 20:43:00,10/17-18,검증,350.005,4.5,2777.767,12499.995,15277.762,0.7132193652671024,0.7196293553259832,21.80099999999993,2213.918,2167.117,31.335,473.17,7812.273,4821.639,5406.691,12499.995,123.16500000000002
2025-10-17 20:44:00,10/17-18,검증,350.004,4.5,2777.767,12499.995,15277.762,0.7132537550655146,0.7197099433222538,21.802000000000135,2213.931,2167.129,31.335,473.192,7814.121,4816.683,5406.872,12499.995,123.18799999999999
2025-10-17 20:45:00,10/17-18,검증,350.004,4.5,2777.768,12499.995,15277.763,0.7132075454923906,0.7197102444064629,21.802999999999884,2213.944,2167.141,31.334,473.214,7815.88,4811.841,5407.054,12499.995,123.20999999999998
2025-10-17 20:46:00,10/17-18,검증,350.003,4.5,2777.768,12499.995,15277.763,0.7132442036555834,0.7197920550155816,21.804000000000087,2213.956,2167.152,31.334,473.236,7817.565,4807.111,5407.237,12499.995,123.233
2025-10-17 20:47:00,10/17-18,검증,350.002,4.5,2777.768,12499.995,15277.763,0.7132815988851201,0.7198738603501029,21.804999999999836,2213.968,2167.163,31.334,473.258,7819.188,4802.492,5407.422,12499.995,123.25599999999997
2025-10-17 20:48:00,10/17-18,검증,350.001,4.5,2777.769,12499.995,15277.764000000001,0.7133210542976932,0.7199568916783567,21.80600000000004,2213.979,2167.173,31.334,473.28,7820.763,4797.981,5407.609,12499.995,123.279
2025-10-17 20:49:00,10/17-18,검증,350.001,4.5,2777.769,12499.996,15277.765,0.7133615477620598,0.7200399176576395,21.80699999999979,2213.99,2167.183,31.334,473.302,7822.298,4793.577,5407.798,12499.996,123.30100000000004
2025-10-17 20:50:00,10/17-18,검증,350.0,4.5,2777.769,12499.996,15277.765,0.7133265570493892,0.720046992986995,21.807999999999993,2214.001,2167.193,31.333,473.325,7823.801,4789.276,5407.988,12499.996,123.32499999999999
2025-10-17 20:51:00,10/17-18,검증,350.0,4.5,2777.769,12499.996,15277.765,0.7133691553418903,0.7201300097591525,21.807999999999993,2214.011,2167.203,31.333,473.347,7825.278,4785.075,5408.181,12499.996,123.34699999999998
2025-10-17 20:52:00,10/17-18,검증,349.999,4.5,2777.77,12499.996,15277.766,0.7134140347707743,0.7202142523393911,21.809000000000196,2214.021,2167.212,31.333,473.369,7826.733,4780.973,5408.375,12499.996,123.37
2025-10-17 20:53:00,10/17-18,검증,349.999,4.5,2777.77,12499.996,15277.766,0.7134600630184321,0.7202984894972573,21.809999999999945,2214.031,2167.221,31.333,473.391,7828.17,4776.965,5408.572,12499.996,123.392
2025-10-17 20:54:00,10/17-18,검증,349.998,4.5,2777.77,12499.996,15277.766,0.7135115253274312,0.7203870534427572,21.81100000000015,2214.041,2167.23,31.333,473.414,7829.589,4773.05,5408.77,12499.996,123.416
2025-10-17 20:55:00,10/17-18,검증,349.998,4.5,2777.77,12499.996,15277.766,0.7134788641158799,0.7203910045042048,21.81100000000015,2214.05,2167.239,31.332,473.436,7830.992,4769.224,5408.97,12499.996,123.43799999999999
2025-10-17 20:56:00,10/17-18,검증,349.998,4.5,2777.77,12499.996,15277.766,0.7135323679361861,0.7204795586966679,21.811999999999898,2214.06,2167.248,31.332,473.459,7832.378,4765.484,5409.173,12499.996,123.46100000000001
2025-10-17 20:57:00,10/17-18,검증,349.997,4.5,2777.77,12499.996,15277.766,0.713583737023763,0.7205650064399227,21.813000000000102,2214.069,2167.256,31.332,473.481,7833.748,4761.829,5409.377,12499.996,123.48399999999998
2025-10-17 20:58:00,10/17-18,검증,349.997,4.5,2777.77,12499.996,15277.766,0.7136391424405859,0.7206535489548525,21.814000000000306,2214.079,2167.265,31.332,473.504,7835.1,4758.256,5409.584,12499.996,123.507
2025-10-17 20:59:00,10/17-18,검증,349.997,4.5,2777.77,12499.996,15277.766,0.7136966729294624,0.7207433164396313,21.815000000000055,2214.088,2167.273,31.332,473.527,7836.435,4754.762,5409.792,12499.996,123.52999999999997
2025-10-17 21:00:00,10/17-18,검증,349.922,4.503,2778.24,12510.552,15288.792,0.7138509937375754,0.7210563552381659,21.8420000000001,2214.967,2168.125,31.346,473.554,7839.317,4751.456,5410.005,12510.552,123.63199999999995
2025-10-17 21:01:00,10/17-18,검증,349.756,4.506,2780.281,12527.027,15307.308,0.7143458811279981,0.7217116212780068,21.894999999999982,2217.252,2170.357,31.383,473.626,7848.85,4748.569,5410.234,12527.027,123.87
2025-10-17 21:02:00,10/17-18,검증,349.592,4.507,2783.165,12543.586,15326.751,0.7144035982833041,0.7218130566555159,21.947000000000116,2220.118,2173.171,31.42,473.754,7864.9,4745.912,5410.486,12543.586,124.16200000000003
2025-10-17 21:03:00,10/17-18,검증,349.446,4.508,2786.425,12560.193,15346.617999999999,0.7131936496019657,0.7205037727456716,21.99499999999989,2223.337,2176.342,31.456,473.676,7893.965,4743.143,5410.78,12560.193,124.22999999999996
2025-10-17 21:04:00,10/17-18,검증,349.317,4.508,2789.966,12576.86,15366.826000000001,0.7107150202902086,0.7177138035636577,22.04399999999987,2226.593,2179.549,31.495,473.221,7938.874,4739.718,5411.134,12576.86,123.904
2025-10-17 21:05:00,10/17-18,검증,349.205,4.508,2793.674,12593.547,15387.221000000001,0.7077609613362169,0.7144382531854945,22.096999999999753,2229.711,2182.614,31.537,472.56,7987.528,4735.289,5411.535,12593.547,123.35500000000002
2025-10-17 21:06:00,10/17-18,검증,349.11,4.508,2797.425,12610.227,15407.652000000002,0.7048963712133757,0.711421670768934,22.153000000000247,2232.702,2185.549,31.58,471.905,8024.73,4730.05,5411.948,12610.227,122.79499999999996
2025-10-17 21:07:00,10/17-18,검증,349.029,4.508,2801.167,12626.899,15428.065999999999,0.7023616286992532,0.7089616934598675,22.210999999999785,2235.611,2188.4,31.624,471.337,8044.124,4724.574,5412.335,12626.899,122.30799999999999
2025-10-17 21:08:00,10/17-18,검증,348.961,4.508,2804.896,12643.568,15448.464,0.7002409453164836,0.7071074641901238,22.269999999999982,2238.459,2191.189,31.669,470.873,8047.058,4719.488,5412.671,12643.568,121.91199999999998
2025-10-17 21:09:00,10/17-18,검증,348.903,4.508,2808.615,12660.236,15468.851,0.6984237818271922,0.7056865235058585,22.33100000000013,2241.259,2193.928,31.713,470.513,8037.763,4715.291,5412.947,12660.236,121.60999999999996
2025-10-17 21:10:00,10/17-18,검증,348.853,4.508,2812.326,12676.9,15489.225999999999,0.6971020385015507,0.7048274443767542,22.39300000000003,2244.022,2196.629,31.758,470.253,8020.957,4712.3,5413.162,12676.9,121.39999999999998
2025-10-17 21:11:00,10/17-18,검증,348.81,4.508,2816.028,12693.564,15509.592,0.6962655593424762,0.7044671585043258,22.45600000000013,2246.757,2199.301,31.804,470.081,8001.037,4710.664,5413.326,12693.564,121.27100000000002
2025-10-17 21:12:00,10/17-18,검증,348.773,4.508,2819.726,12710.226,15529.952000000001,0.6957320014514738,0.7043828083461934,22.519999999999982,2249.47,2201.95,31.849,469.984,7981.622,4710.381,5413.451,12710.226,121.21099999999996
2025-10-17 21:13:00,10/17-18,검증,348.74,4.508,2823.419,12726.888,15550.307,0.6955515714562336,0.7045965796409621,22.584000000000287,2252.164,2204.58,31.894,469.95,7965.31,4711.34,5413.55,12726.888,121.20999999999998
2025-10-17 21:14:00,10/17-18,검증,348.712,4.508,2827.109,12743.549,15570.658000000001,0.695759345469205,0.7051287252933292,22.648999999999887,2254.845,2207.196,31.94,469.967,7953.691,4713.357,5413.64,12743.549,121.255
2025-10-17 21:15:00,10/17-18,검증,348.686,4.508,2830.797,12760.209,15591.006000000001,0.6961641974818525,0.7057822270611498,22.713999999999942,2257.515,2209.801,31.985,470.027,7947.492,4716.218,5413.732,12760.209,121.34100000000001
2025-10-17 21:16:00,10/17-18,검증,348.663,4.508,2834.482,12776.868,15611.35,0.6968820060184724,0.7066760566164496,22.777999999999793,2260.176,2212.398,32.031,470.122,7946.769,4719.697,5413.837,12776.868,121.459
2025-10-17 21:17:00,10/17-18,검증,348.642,4.508,2838.165,12793.527,15631.692,0.6977954273656949,0.7077003192379974,22.84400000000005,2262.831,2214.987,32.077,470.245,7951.069,4723.587,5413.965,12793.527,121.60300000000001
2025-10-17 21:18:00,10/17-18,검증,348.623,4.508,2841.847,12810.186,15652.033,0.6988685026203365,0.7088304970383972,22.909999999999854,2265.48,2217.57,32.123,470.391,7959.602,4727.708,5414.12,12810.186,121.76800000000003
2025-10-17 21:19:00,10/17-18,검증,348.605,4.508,2845.527,12826.844,15672.371,0.7000638528018457,0.7100421018288621,22.976000000000113,2268.125,2220.149,32.169,470.555,7971.407,4731.92,5414.309,12826.844,121.94999999999999
2025-10-17 21:20:00,10/17-18,검증,348.589,4.508,2849.207,12843.502,15692.709,0.7013592162313474,0.7113262402007998,23.042999999999665,2270.767,2222.724,32.215,470.735,7985.48,4736.119,5414.532,12843.502,122.14600000000002
2025-10-17 21:21:00,10/17-18,검증,348.574,4.508,2852.886,12860.16,15713.046,0.7027267124978845,0.7126672458326857,23.108000000000175,2273.405,2225.297,32.261,470.928,8000.863,4740.243,5414.792,12860.16,122.35399999999998
2025-10-17 21:22:00,10/17-18,검증,348.56,4.508,2856.565,12876.818,15733.383,0.7041403210675213,0.7140499099800284,23.175000000000182,2276.041,2227.866,32.307,471.13,8016.704,4744.262,5415.087,12876.818,122.57
2025-10-17 21:23:00,10/17-18,검증,348.547,4.508,2860.243,12893.475,15753.718,0.7055943306562474,0.7154773244653259,23.24200000000019,2278.674,2230.432,32.353,471.342,8032.297,4748.177,5415.418,12893.475,122.79499999999996
2025-10-17 21:24:00,10/17-18,검증,348.534,4.508,2863.921,12910.132,15774.053,0.7071414220022244,0.7170093460275448,23.309000000000196,2281.304,2232.995,32.4,471.56,8047.098,4752.009,5415.782,12910.132,123.02600000000001
2025-10-17 21:25:00,10/17-18,검증,348.523,4.508,2867.599,12926.789,15794.388,0.7086187412729105,0.7184865232799371,23.376000000000204,2283.931,2235.555,32.446,471.783,8060.726,4755.798,5416.179,12926.789,123.25999999999999
2025-10-17 21:26:00,10/17-18,검증,348.512,4.508,2871.277,12943.446,15814.723,0.7101803421393469,0.7200666752536566,23.442000000000007,2286.555,2238.113,32.493,472.012,8072.948,4759.589,5416.608,12943.446,123.5
2025-10-17 21:27:00,10/17-18,검증,348.501,4.508,2874.954,12960.103,15835.056999999999,0.7116614362505096,0.7215846704243905,23.51000000000022,2289.177,2240.667,32.539,472.244,8083.665,4763.436,5417.065,12960.103,123.74300000000005
2025-10-17 21:28:00,10/17-18,검증,348.492,4.508,2878.632,12976.759,15855.391,0.7131366790394323,0.7231153600085221,23.576000000000022,2291.795,2243.219,32.585,472.479,8092.882,4767.39,5417.551,12976.759,123.98699999999997
2025-10-17 21:29:00,10/17-18,검증,348.482,4.508,2882.309,12993.416,15875.724999999999,0.7146805267949836,0.7247321567176122,23.64300000000003,2294.411,2245.768,32.632,472.716,8100.684,4771.5,5418.065,12993.416,124.23399999999998
2025-10-17 21:30:00,10/17-18,검증,348.473,4.508,2885.986,13010.072,15896.058,0.7161384924883372,0.7262772944213103,23.710000000000036,2297.024,2248.314,32.678,472.954,8107.214,4775.807,5418.606,13010.072,124.481
2025-10-17 21:31:00,10/17-18,검증,348.464,4.508,2889.662,13026.727,15916.389000000001,0.7176650803578994,0.7279038178209907,23.777000000000044,2299.634,2250.857,32.725,473.193,8112.646,4780.348,5419.172,13026.727,124.72899999999998
2025-10-17 21:32:00,10/17-18,검증,348.456,4.508,2893.338,13043.383,15936.721,0.7191802544476467,0.729528396701328,23.84400000000005,2302.243,2253.399,32.772,473.432,8117.17,4785.15,5419.765,13043.383,124.976
2025-10-17 21:33:00,10/17-18,검증,348.448,4.508,2897.014,13060.038,15957.052,0.7206094456619672,0.7310730879186409,23.911000000000058,2304.849,2255.938,32.818,473.67,8120.974,4790.232,5420.384,13060.038,125.22200000000004
2025-10-17 21:34:00,10/17-18,검증,348.439,4.508,2900.689,13076.693,15977.382,0.7221036032209742,0.7326876275138814,23.97699999999986,2307.453,2258.476,32.865,473.907,8124.234,4795.608,5421.029,13076.693,125.46799999999996
2025-10-17 21:35:00,10/17-18,검증,348.431,4.508,2904.364,13093.348,15997.712,0.7235168727460722,0.7342226162006338,24.04399999999987,2310.055,2261.011,32.911,474.143,8127.109,4801.283,5421.699,13093.348,125.71199999999999
2025-10-17 21:36:00,10/17-18,검증,348.423,4.508,2908.038,13110.002,16018.04,0.7249933223493654,0.7358216503965203,24.110000000000127,2312.656,2263.546,32.958,474.377,8129.732,4807.258,5422.397,13110.002,125.95400000000001
2025-10-17 21:37:00,10/17-18,검증,348.415,4.508,2911.712,13126.656,16038.368,0.7264573766831014,0.7374069662968228,24.17699999999968,2315.256,2266.079,33.005,474.608,8132.212,4813.53,5423.12,13126.656,126.19299999999998
2025-10-17 21:38:00,10/17-18,검증,348.407,4.508,2915.385,13143.31,16058.695,0.7278378959344568,0.7389054334783518,24.242999999999938,2317.855,2268.612,33.051,474.837,8134.631,4820.091,5423.871,13143.31,126.43
2025-10-17 21:39:00,10/17-18,검증,348.399,4.508,2919.058,13159.963,16079.021,0.729282410011331,0.7404655560966948,24.309999999999945,2320.453,2271.143,33.098,475.063,8137.05,4826.931,5424.648,13159.963,126.66399999999999
2025-10-17 21:40:00,10/17-18,검증,348.391,4.508,2922.731,13176.616,16099.347,0.7306450295437366,0.7419392031688796,24.376999999999953,2323.051,2273.674,33.144,475.287,8139.51,4834.039,5425.452,13176.616,126.89599999999996
2025-10-17 21:41:00,10/17-18,검증,348.383,4.508,2926.402,13193.269,16119.671,0.7320656705941155,0.7434676084780476,24.442000000000007,2325.647,2276.205,33.191,475.507,8142.035,4841.405,5426.283,13193.269,127.12400000000002
2025-10-17 21:42:00,10/17-18,검증,348.374,4.508,2930.074,13209.921,16139.995,0.7334755188783769,0.7449812917118039,24.509000000000015,2328.244,2278.735,33.238,475.724,8144.635,4849.015,5427.142,13209.921,127.34999999999997
2025-10-17 21:43:00,10/17-18,검증,348.366,4.508,2933.745,13226.573,16160.318,0.7348001837885153,0.7464047569733863,24.575000000000273,2330.84,2281.265,33.284,475.938,8147.312,4856.858,5428.027,13226.573,127.572
2025-10-17 21:44:00,10/17-18,검증,348.358,4.508,2937.416,13243.225,16180.641,0.7361863620341487,0.747886944015212,24.641000000000076,2333.436,2283.795,33.331,476.149,8150.06,4864.922,5428.94,13243.225,127.791
2025-10-17 21:45:00,10/17-18,검증,348.349,4.508,2941.086,13259.876,16200.962,0.7375561626771592,0.7493490524862834,24.70600000000013,2336.031,2286.325,33.378,476.356,8152.871,4873.196,5429.88,13259.876,128.007
2025-10-17 21:46:00,10/17-18,검증,348.341,4.509,2944.756,13276.527,16221.283,0.7389189766529228,0.7508464620833897,24.77300000000014,2338.627,2288.854,33.425,476.561,8155.734,4881.672,5430.847,13276.527,128.21999999999997
2025-10-17 21:47:00,10/17-18,검증,348.332,4.509,2948.425,13293.178,16241.603,0.7401954627667925,0.7522079318745767,24.838000000000193,2341.222,2291.384,33.471,476.763,8158.638,4890.339,5431.84,13293.178,128.43099999999998
2025-10-17 21:48:00,10/17-18,검증,348.324,4.509,2952.094,13309.828,16261.921999999999,0.741537365620148,0.7536331067901916,24.9050000000002,2343.818,2293.913,33.518,476.963,8161.573,4899.188,5432.86,13309.828,128.639
2025-10-17 21:49:00,10/17-18,검증,348.315,4.509,2955.763,13326.478,16282.240999999998,0.7428652442182614,0.7550414983302662,24.9699999999998,2346.413,2296.443,33.565,477.16,8164.532,4908.213,5433.907,13326.478,128.84500000000003
2025-10-17 21:50:00,10/17-18,검증,348.306,4.509,2959.432,13343.127,16302.559000000001,0.7441090317493242,0.7563621100972873,25.035999999999603,2349.008,2298.972,33.611,477.354,8167.508,4917.405,5434.98,13343.127,129.048
2025-10-17 21:51:00,10/17-18,검증,348.297,4.509,2963.099,13359.776,16322.875,0.7454153031958191,0.757743775019821,25.101000000000113,2351.603,2301.502,33.658,477.546,8170.5,4926.758,5436.079,13359.776,129.24899999999997
2025-10-17 21:52:00,10/17-18,검증,348.289,4.509,2966.767,13376.424,16343.191,0.7467136871265532,0.7591153291259116,25.16800000000012,2354.199,2304.031,33.705,477.736,8173.504,4936.266,5437.204,13376.424,129.447
2025-10-17 21:53:00,10/17-18,검증,348.28,4.509,2970.434,13393.072,16363.506000000001,0.7480020473976166,0.7604745214824336,25.23299999999972,2356.794,2306.561,33.752,477.924,8176.522,4945.921,5438.354,13393.072,129.644
2025-10-17 21:54:00,10/17-18,검증,348.271,4.509,2974.101,13409.72,16383.821,0.7492110375764373,0.7617509253842836,25.298999999999978,2359.389,2309.09,33.798,478.11,8179.555,4955.718,5439.531,13409.72,129.839
2025-10-17 21:55:00,10/17-18,검증,348.262,4.509,2977.767,13426.367,16404.134,0.750481710115314,0.7630878967274382,25.365000000000236,2361.985,2311.62,33.845,478.294,8182.607,4965.651,5440.733,13426.367,130.03199999999998
2025-10-17 21:56:00,10/17-18,검증,348.253,4.509,2981.433,13443.013,16424.446,0.7517434494006513,0.7644137220366345,25.429999999999836,2364.58,2314.15,33.892,478.476,8185.68,4975.715,5441.96,13443.013,130.223
2025-10-17 21:57:00,10/17-18,검증,348.244,4.509,2985.099,13459.659,16444.758,0.7530004815701127,0.7657327047666329,25.495000000000346,2367.175,2316.68,33.939,478.657,8188.779,4985.903,5443.213,13459.659,130.41299999999995
2025-10-17 21:58:00,10/17-18,검증,348.235,4.509,2988.764,13476.305,16465.069,0.7541777995103914,0.766968444258695,25.56100000000015,2369.771,2319.21,33.985,478.836,8191.907,4996.21,5444.49,13476.305,130.601
2025-10-17 21:59:00,10/17-18,검증,348.226,4.509,2992.428,13492.95,16485.378,0.7554215700167849,0.7682696693122084,25.627000000000407,2372.367,2321.74,34.032,479.014,8195.069,5006.63,5445.793,13492.95,130.788
2025-10-17 22:00:00,10/17-18,검증,350.307,4.756,2841.534,13514.244,16355.778,0.7602358844177359,0.7751082300097558,24.881000000000313,2347.53,2297.649,33.606,478.705,8115.169,5018.186,5446.984,13514.244,128.39799999999997
2025-10-17 22:01:00,10/17-18,검증,351.472,4.906,2752.782,13504.887,16257.669000000002,0.7501733074208182,0.7685305451707938,24.432999999999993,2327.235,2277.802,33.315,475.407,7871.011,5036.21,5447.775,13504.887,123.935
2025-10-17 22:02:00,10/17-18,검증,351.305,4.965,2719.285,13501.892,16221.177,0.7507906682752922,0.7704644458532239,24.438000000000102,2319.663,2270.225,33.39,471.938,7770.056,5059.517,5448.516,13501.892,120.63299999999998
2025-10-17 22:03:00,10/17-18,검증,350.929,4.989,2705.881,13499.753,16205.634,0.7663056879113789,0.7875968190043849,24.483000000000175,2318.251,2268.768,33.447,473.993,7690.194,5084.757,5449.055,13499.753,123.06400000000002
2025-10-17 22:04:00,10/17-18,검증,350.653,5.001,2699.265,13498.485,16197.75,0.7756981746647916,0.7974794792127742,24.42599999999993,2321.921,2272.495,33.421,477.43,7660.0,5111.495,5449.414,13498.485,126.77699999999999
2025-10-17 22:05:00,10/17-18,검증,350.434,5.004,2697.322,13498.714,16196.036,0.7748509403996476,0.7926056462317499,24.371000000000095,2326.149,2276.778,33.411,477.674,7858.559,5134.391,5450.017,13498.714,127.23999999999995
2025-10-17 22:06:00,10/17-18,검증,350.262,5.004,2697.861,13499.338,16197.199,0.7710028235769149,0.7819638009552745,24.35400000000027,2328.608,2279.254,33.428,475.769,8245.066,5145.573,5451.1,13499.338,125.507
2025-10-17 22:07:00,10/17-18,검증,350.15,5.002,2698.747,13499.689,16198.436,0.7673354389111852,0.7721188289176799,24.34999999999991,2329.757,2280.407,33.444,473.729,8636.355,5142.151,5452.531,13499.689,123.57900000000001
2025-10-17 22:08:00,10/17-18,검증,350.087,5.001,2699.315,13499.843,16199.158000000001,0.7637166138396076,0.7645232932035007,24.346000000000004,2330.336,2280.99,33.454,472.116,8922.373,5126.768,5454.06,13499.843,122.029
2025-10-17 22:09:00,10/17-18,검증,350.052,5.001,2699.652,13499.934,16199.586,0.7599268979988377,0.7588617804173245,24.345000000000255,2330.614,2281.269,33.461,470.878,9087.275,5103.986,5455.5,13499.934,120.82599999999996
2025-10-17 22:10:00,10/17-18,검증,350.034,5.0,2699.85,13499.982,16199.832,0.7562975394266805,0.754863087921017,24.3449999999998,2330.712,2281.367,33.466,469.988,9150.109,5078.021,5456.746,13499.982,119.95400000000001
2025-10-17 22:11:00,10/17-18,검증,350.026,5.0,2699.946,13499.997,16199.943,0.753131094653059,0.7523983297824528,24.346000000000004,2330.734,2281.388,33.47,469.409,9137.744,5052.113,5457.753,13499.997,119.38299999999998
2025-10-17 22:12:00,10/17-18,검증,350.025,5.0,2699.985,13500.001,16199.986,0.7503132119441105,0.7508707579391238,24.347999999999956,2330.735,2281.387,33.472,469.055,9078.35,5028.42,5458.527,13500.001,119.03000000000003
2025-10-17 22:13:00,10/17-18,검증,350.028,5.0,2700.004,13500.004,16200.008000000002,0.7478755571451768,0.749960910896273,24.34900000000016,2330.722,2281.373,33.473,468.844,8996.166,5008.094,5459.098,13500.004,118.81599999999997
2025-10-17 22:14:00,10/17-18,검증,350.034,5.0,2700.018,13500.008,16200.026,0.7458978772751266,0.7495068507074603,24.34900000000016,2330.695,2281.346,33.474,468.725,8908.617,4991.513,5459.508,13500.008,118.69100000000003
2025-10-17 22:15:00,10/17-18,검증,350.041,5.0,2700.029,13500.011,16200.04,0.7442838921420839,0.7492679757338339,24.34900000000016,2330.657,2281.308,33.474,468.665,8826.872,4978.538,5459.8,13500.011,118.62400000000002
2025-10-17 22:16:00,10/17-18,검증,350.047,5.0,2700.036,13500.013,16200.049,0.7430974001085751,0.7492256888221318,24.348999999999705,2330.611,2281.262,33.474,468.644,8757.482,4968.724,5460.011,13500.013,118.59699999999998
2025-10-17 22:17:00,10/17-18,검증,350.053,5.0,2700.04,13500.014,16200.054,0.7422839131391826,0.7492924018701126,24.348999999999705,2330.562,2281.213,33.474,468.645,8703.691,4961.466,5460.174,13500.014,118.59199999999998
2025-10-17 22:18:00,10/17-18,검증,350.057,5.0,2700.04,13500.013,16200.053,0.741801191324307,0.7494247983145534,24.34999999999991,2330.515,2281.165,33.474,468.66,8666.371,4956.106,5460.315,13500.013,118.60300000000001
2025-10-17 22:19:00,10/17-18,검증,350.06,5.0,2700.037,13500.012,16200.049,0.7414927766349931,0.749488029819589,24.34900000000016,2330.472,2281.123,33.473,468.679,8644.767,4952.005,5460.453,13500.012,118.61899999999997
2025-10-17 22:20:00,10/17-18,검증,350.062,5.0,2700.031,13500.009,16200.04,0.7414760794164301,0.7496326749585978,24.347999999999956,2330.436,2281.088,33.473,468.7,8637.085,4948.59,5460.603,13500.009,118.63799999999998
2025-10-17 22:21:00,10/17-18,검증,350.062,5.0,2700.024,13500.007,16200.030999999999,0.7415206854834665,0.7496708928595157,24.347999999999956,2330.41,2281.062,33.472,468.718,8640.935,4945.382,5460.772,13500.007,118.656
2025-10-17 22:22:00,10/17-18,검증,350.06,5.0,2700.016,13500.004,16200.02,0.7417393357939004,0.7497580474055541,24.347999999999956,2330.394,2281.046,33.472,468.732,8653.672,4942.008,5460.967,13500.004,118.67200000000003
2025-10-17 22:23:00,10/17-18,검증,350.058,5.0,2700.008,13500.001,16200.009,0.7419181782611302,0.7497231728154865,24.347000000000207,2330.387,2281.04,33.471,468.74,8672.661,4938.203,5461.188,13500.001,118.68200000000002
2025-10-17 22:24:00,10/17-18,검증,350.055,5.0,2700.001,13499.999,16200.0,0.7421990202814004,0.7497445490312764,24.347000000000207,2330.389,2281.042,33.471,468.745,8695.466,4933.8,5461.435,13499.999,118.69
2025-10-17 22:25:00,10/17-18,검증,350.051,5.0,2699.994,13499.997,16199.991,0.7424656863115482,0.7497379552963572,24.347000000000207,2330.398,2281.051,33.471,468.746,8719.977,4928.72,5461.704,13499.997,118.695
2025-10-17 22:26:00,10/17-18,검증,350.047,5.0,2699.989,13499.995,16199.984,0.7426178096586963,0.7496287267776651,24.347000000000207,2330.413,2281.066,33.47,468.744,8744.482,4922.953,5461.993,13499.995,118.697
2025-10-17 22:27:00,10/17-18,검증,350.043,5.0,2699.985,13499.994,16199.979000000001,0.7428127483739743,0.7495903703371136,24.347999999999956,2330.433,2281.085,33.47,468.741,8767.681,4916.547,5462.296,13499.994,118.69799999999998
2025-10-17 22:28:00,10/17-18,검증,350.04,5.0,2699.982,13499.993,16199.975,0.7429575441622948,0.7495421769687631,24.346999999999753,2330.455,2281.108,33.47,468.737,8788.682,4909.585,5462.609,13499.993,118.697
2025-10-17 22:29:00,10/17-18,검증,350.036,5.0,2699.98,13499.992,16199.972,0.7429828227051883,0.749421563306097,24.347999999999956,2330.48,2281.132,33.469,468.735,8806.953,4902.173,5462.928,13499.992,118.69900000000001
2025-10-17 22:30:00,10/17-18,검증,350.033,5.0,2699.979,13499.992,16199.971,0.7430459336612347,0.7493851838291814,24.348999999999705,2330.506,2281.157,33.469,468.734,8822.275,4894.428,5463.25,13499.992,118.70099999999996
2025-10-17 22:31:00,10/17-18,검증,350.029,5.0,2699.978,13499.992,16199.970000000001,0.743078332941858,0.7493631482587733,24.350000000000364,2330.532,2281.182,33.469,468.736,8834.669,4886.466,5463.571,13499.992,118.707
2025-10-17 22:32:00,10/17-18,검증,350.027,5.0,2699.979,13499.993,16199.972,0.7430845053885394,0.7493554567410603,24.34999999999991,2330.557,2281.207,33.469,468.741,8844.341,4878.395,5463.889,13499.993,118.714
2025-10-17 22:33:00,10/17-18,검증,350.024,5.0,2699.979,13499.993,16199.972,0.7429867074005476,0.7492791297052268,24.351000000000113,2330.581,2281.23,33.468,468.748,8851.616,4870.312,5464.202,13499.993,118.72399999999999
2025-10-17 22:34:00,10/17-18,검증,350.022,5.0,2699.98,13499.993,16199.973,0.7429587953190315,0.7492991359442225,24.35199999999986,2330.604,2281.252,33.468,468.758,8856.884,4862.294,5464.51,13499.993,118.73599999999999
2025-10-17 22:35:00,10/17-18,검증,350.02,5.0,2699.982,13499.994,16199.976,0.7429258635467285,0.7493347487765611,24.35199999999986,2330.625,2281.273,33.468,468.771,8860.563,4854.404,5464.812,13499.994,118.75100000000003
2025-10-17 22:36:00,10/17-18,검증,350.019,5.0,2699.983,13499.994,16199.977,0.7428091144424024,0.7493017199730954,24.353000000000065,2330.645,2281.292,33.467,468.786,8863.052,4846.688,5465.108,13499.994,118.767
2025-10-17 22:37:00,10/17-18,검증,350.017,5.0,2699.984,13499.995,16199.979000000001,0.7427713414942201,0.7493554642824873,24.35400000000027,2330.664,2281.31,33.467,468.802,8864.698,4839.176,5465.398,13499.995,118.78500000000003
2025-10-17 22:38:00,10/17-18,검증,350.016,5.0,2699.985,13499.995,16199.980000000001,0.7427468676123253,0.749426075507114,24.355000000000018,2330.681,2281.326,33.467,468.821,8865.845,4831.885,5465.684,13499.995,118.805
2025-10-17 22:39:00,10/17-18,검증,350.015,5.0,2699.986,13499.996,16199.982,0.7426419319974857,0.7494172148919598,24.356000000000222,2330.697,2281.341,33.466,468.84,8866.748,4824.821,5465.966,13499.996,118.82499999999999
2025-10-17 22:40:00,10/17-18,검증,350.013,5.0,2699.987,13499.996,16199.983,0.7426225848873155,0.7494903469777427,24.355999999999767,2330.711,2281.355,33.466,468.859,8867.596,4817.98,5466.244,13499.996,118.846
2025-10-17 22:41:00,10/17-18,검증,350.012,5.0,2699.988,13499.997,16199.984999999999,0.7426137929494313,0.7495695186564051,24.35699999999997,2330.725,2281.368,33.466,468.879,8868.526,4811.355,5466.52,13499.997,118.86700000000002
2025-10-17 22:42:00,10/17-18,검증,350.011,5.0,2699.989,13499.997,16199.985999999999,0.7425300780030489,0.7495692167686037,24.35799999999972,2330.738,2281.38,33.465,468.899,8869.618,4804.934,5466.795,13499.997,118.88799999999998
2025-10-17 22:43:00,10/17-18,검증,350.01,5.0,2699.99,13499.997,16199.987,0.7425289295028961,0.749644864708366,24.358000000000175,2330.75,2281.392,33.465,468.918,8870.913,4798.702,5467.068,13499.997,118.90800000000002
2025-10-17 22:44:00,10/17-18,검증,350.009,5.0,2699.99,13499.998,16199.988,0.7425360078285852,0.749723035829684,24.358999999999924,2330.761,2281.402,33.465,468.937,8872.414,4792.645,5467.34,13499.998,118.928
2025-10-17 22:45:00,10/17-18,검증,350.007,5.0,2699.991,13499.998,16199.989,0.7425419975013968,0.7497951598281658,24.358999999999924,2330.772,2281.413,33.465,468.955,8874.098,4786.751,5467.612,13499.998,118.94799999999998
2025-10-17 22:46:00,10/17-18,검증,350.006,5.0,2699.991,13499.998,16199.989,0.7424686218529857,0.7497842961694166,24.360000000000127,2330.782,2281.422,33.464,468.972,8875.928,4781.006,5467.884,13499.998,118.96600000000001
2025-10-17 22:47:00,10/17-18,검증,350.005,5.0,2699.992,13499.998,16199.99,0.7424753988891535,0.749849383930298,24.360999999999876,2330.792,2281.431,33.464,468.988,8877.855,4775.401,5468.157,13499.998,118.983
2025-10-17 22:48:00,10/17-18,검증,350.004,5.0,2699.993,13499.999,16199.992,0.7424800471410467,0.749909690101171,24.360999999999876,2330.801,2281.44,33.464,469.003,8879.829,4769.929,5468.43,13499.999,118.99899999999997
2025-10-17 22:49:00,10/17-18,검증,350.002,5.0,2699.993,13499.999,16199.992,0.7424843562729508,0.7499677425088775,24.36200000000008,2330.809,2281.447,33.464,469.017,8881.8,4764.582,5468.704,13499.999,119.01499999999999
2025-10-17 22:50:00,10/17-18,검증,350.001,5.0,2699.994,13499.999,16199.993,0.742488500273797,0.7500245289133038,24.36200000000008,2330.817,2281.455,33.464,469.031,8883.723,4759.358,5468.979,13499.999,119.03000000000003
2025-10-17 22:51:00,10/17-18,검증,350.0,5.0,2699.994,13499.999,16199.993,0.7424047915376237,0.7499935520637677,24.363000000000284,2330.824,2281.461,33.463,469.043,8885.56,4754.254,5469.255,13499.999,119.043
2025-10-17 22:52:00,10/17-18,검증,349.999,5.0,2699.995,13500.0,16199.994999999999,0.7424026078791783,0.7500433064892478,24.36299999999983,2330.83,2281.467,33.463,469.055,8887.282,4749.268,5469.533,13500.0,119.05599999999998
2025-10-17 22:53:00,10/17-18,검증,349.998,5.0,2699.995,13500.0,16199.994999999999,0.742396821413278,0.7500895449457059,24.363999999999578,2330.836,2281.472,33.463,469.066,8888.867,4744.402,5469.812,13500.0,119.06799999999998
2025-10-17 22:54:00,10/17-18,검증,349.997,5.0,2699.996,13500.0,16199.996,0.7423905828860484,0.7501357818969554,24.364000000000033,2330.841,2281.477,33.463,469.077,8890.299,4739.655,5470.092,13500.0,119.07999999999998
2025-10-17 22:55:00,10/17-18,검증,349.996,5.0,2699.996,13500.0,16199.996,0.7423803857016936,0.7501785033841311,24.363999999999578,2330.845,2281.481,33.463,469.087,8891.569,4735.028,5470.375,13500.0,119.09100000000001
2025-10-17 22:56:00,10/17-18,검증,349.995,5.0,2699.997,13500.0,16199.997,0.7423647704588204,0.750216446234675,24.364000000000033,2330.849,2281.485,33.463,469.096,8892.671,4730.524,5470.66,13500.0,119.101
2025-10-17 22:57:00,10/17-18,검증,349.994,5.0,2699.997,13500.001,16199.998,0.7423511608731495,0.750256915082236,24.36499999999978,2330.852,2281.487,33.463,469.105,8893.599,4726.143,5470.948,13500.001,119.11099999999999
2025-10-17 22:58:00,10/17-18,검증,349.994,5.0,2699.998,13500.001,16199.999,0.742336762758016,0.7502973828556068,24.365999999999985,2330.855,2281.489,33.463,469.114,8894.344,4721.887,5471.24,13500.001,119.11999999999995
2025-10-17 22:59:00,10/17-18,검증,349.993,5.0,2699.999,13500.001,16200.0,0.7423165846944029,0.7503330725360635,24.365999999999985,2330.857,2281.491,33.463,469.122,8894.885,4717.759,5471.538,13500.001,119.12900000000002
2025-10-17 23:00:00,10/17-18,검증,352.106,5.0,2699.869,13500.218,16200.087000000001,0.743045863621995,0.7510950205680613,24.402999999999793,2331.254,2281.851,33.484,469.022,8895.895,4713.741,5471.844,13500.218,116.916
2025-10-17 23:01:00,10/17-18,검증,353.172,4.997,2701.876,13501.364,16203.24,0.747372016118349,0.7558104958907783,24.498000000000047,2328.492,2278.994,33.553,468.119,8872.635,4710.182,5472.122,13501.364,114.947
2025-10-17 23:02:00,10/17-18,검증,353.854,4.993,2704.092,13502.046,16206.138,0.7663890454057651,0.7769049241543358,24.690000000000055,2322.792,2273.102,33.673,469.022,8736.826,4709.332,5472.21,13502.046,115.168
2025-10-17 23:03:00,10/17-18,검증,354.512,4.994,2703.487,13501.016,16204.503,0.7948401438128017,0.8115292922003403,24.804000000000087,2318.522,2268.718,33.705,474.685,8394.564,4717.188,5471.877,13501.016,120.173
2025-10-17 23:04:00,10/17-18,검증,355.12,4.997,2701.64,13500.262,16201.902,0.8160858979687999,0.8409764066139107,24.83600000000024,2317.23,2267.394,33.687,480.989,7996.059,4738.589,5471.25,13500.262,125.86899999999997
2025-10-17 23:05:00,10/17-18,검증,355.626,4.998,2700.877,13500.245,16201.122000000001,0.8311874138476967,0.8618239892046202,24.868999999999687,2316.555,2266.686,33.688,485.361,7737.074,4771.15,5470.646,13500.245,129.735
2025-10-17 23:06:00,10/17-18,검증,356.056,4.999,2700.752,13500.274,16201.026,0.8454343307272159,0.8784451858115794,24.907000000000153,2315.706,2265.799,33.699,488.62,7638.88,4808.781,5470.28,13500.274,132.56400000000002
2025-10-17 23:07:00,10/17-18,검증,356.439,4.999,2700.607,13500.2,16200.807,0.8594061962059143,0.8922974173325113,24.937000000000353,2315.012,2265.075,33.705,491.433,7642.728,4846.673,5470.249,13500.2,134.99399999999997
2025-10-17 23:08:00,10/17-18,검증,356.781,4.999,2700.438,13500.142,16200.58,0.8723931891730451,0.9034757650121664,24.958000000000084,2314.544,2264.586,33.707,493.797,7710.254,4881.973,5470.608,13500.142,137.01600000000002
2025-10-17 23:09:00,10/17-18,검증,357.084,4.999,2700.332,13500.118,16200.45,0.8844402488139612,0.9125778728777508,24.975000000000364,2314.186,2264.211,33.71,495.717,7819.084,4912.908,5471.384,13500.118,138.63299999999998
2025-10-17 23:10:00,10/17-18,검증,357.354,5.0,2700.259,13500.096,16200.355,0.8950673204147637,0.9200956055429904,24.989000000000033,2313.899,2263.91,33.712,497.306,7933.88,4938.742,5472.595,13500.096,139.952
2025-10-17 23:11:00,10/17-18,검증,357.596,5.0,2700.19,13500.071,16200.261,0.9041726339829048,0.9262653881002054,25.00099999999975,2313.696,2263.695,33.713,498.649,8037.247,4959.927,5474.629,13500.071,141.053
2025-10-17 23:12:00,10/17-18,검증,357.812,5.0,2700.125,13500.049,16200.174,0.9126079795143686,0.9314158620591788,25.009999999999764,2313.571,2263.561,33.714,499.784,8154.434,4976.501,5477.604,13500.049,141.97199999999998
2025-10-17 23:13:00,10/17-18,검증,358.007,5.0,2700.07,13500.031,16200.101,0.9203118869819528,0.9356149564741998,25.01700000000028,2313.51,2263.493,33.714,500.738,8281.483,4988.135,5480.929,13500.031,142.731
2025-10-17 23:14:00,10/17-18,검증,358.183,5.0,2700.023,13500.015,16200.038,0.9272143795037824,0.9391535991735268,25.021999999999935,2313.503,2263.481,33.715,501.539,8405.329,4994.881,5484.067,13500.015,143.356
2025-10-17 23:15:00,10/17-18,검증,358.342,5.0,2699.983,13500.002,16199.985,0.9329486786275404,0.941928490425493,25.027000000000044,2313.542,2263.515,33.714,502.212,8516.259,4997.201,5486.754,13500.002,143.87
2025-10-17 23:16:00,10/17-18,검증,358.486,5.0,2699.952,13499.991,16199.943,0.9377027065484632,0.9442526376092548,25.0300000000002,2313.617,2263.587,33.714,502.774,8609.679,4995.795,5488.927,13499.991,144.288
2025-10-17 23:17:00,10/17-18,검증,358.618,5.0,2699.928,13499.983,16199.911,0.9413780265066888,0.946054337964118,25.031999999999698,2313.718,2263.686,33.713,503.24,8684.441,4991.429,5490.629,13499.983,144.622
2025-10-17 23:18:00,10/17-18,검증,358.739,5.0,2699.91,13499.977,16199.887,0.9442198434246666,0.9475516700493882,25.034000000000106,2313.838,2263.804,33.713,503.623,8741.196,4984.854,5491.938,13499.977,144.88400000000001
2025-10-17 23:19:00,10/17-18,검증,358.849,5.0,2699.899,13499.973,16199.872,0.9461906317840928,0.9486584276048432,25.034999999999854,2313.969,2263.934,33.712,503.936,8781.433,4976.756,5492.935,13499.973,145.087
2025-10-17 23:20:00,10/17-18,검증,358.951,5.0,2699.893,13499.97,16199.863,0.947470011111133,0.949492314383727,25.034999999999854,2314.105,2264.07,33.711,504.187,8806.987,4967.738,5493.691,13499.97,145.236
2025-10-17 23:21:00,10/17-18,검증,359.045,5.0,2699.891,13499.969,16199.859999999999,0.9481705429361382,0.950102491188177,25.034000000000106,2314.241,2264.207,33.71,504.386,8819.777,4958.318,5494.263,13499.969,145.341
2025-10-17 23:22:00,10/17-18,검증,359.132,5.0,2699.892,13499.969,16199.860999999999,0.9483824796084032,0.9505184636231248,25.034000000000106,2314.376,2264.342,33.709,504.539,8821.66,4948.93,5494.695,13499.969,145.40699999999998
2025-10-17 23:23:00,10/17-18,검증,359.211,5.0,2699.895,13499.97,16199.865,0.9482032875417246,0.950781215676689,25.032000000000153,2314.505,2264.473,33.708,504.655,8814.367,4939.931,5495.018,13499.97,145.44399999999996
2025-10-17 23:24:00,10/17-18,검증,359.285,5.0,2699.9,13499.971,16199.871,0.9476230305761844,0.950831676096694,25.029999999999745,2314.627,2264.597,33.706,504.737,8799.468,4931.605,5495.259,13499.971,145.452
2025-10-17 23:25:00,10/17-18,검증,359.352,5.0,2699.906,13499.972,16199.878,0.9468695530954844,0.9508508904514984,25.028000000000247,2314.742,2264.714,33.705,504.792,8778.357,4924.176,5495.435,13499.972,145.44
2025-10-17 23:26:00,10/17-18,검증,359.414,5.0,2699.911,13499.974,16199.885,0.9459087565319912,0.950767588146234,25.02599999999984,2314.85,2264.824,33.704,504.821,8752.26,4917.812,5495.561,13499.974,145.40700000000004
2025-10-17 23:27:00,10/17-18,검증,359.47,5.0,2699.917,13499.975,16199.892,0.9447987929806618,0.9506073600147358,25.022999999999683,2314.95,2264.927,33.703,504.83,8722.242,4912.637,5495.648,13499.975,145.35999999999996
2025-10-17 23:28:00,10/17-18,검증,359.519,5.0,2699.896,13499.963,16199.859,0.973067355673899,0.9503338514750166,25.021000000000186,2315.078,2265.057,33.702,504.82,9812.192,4891.083,5520.82,13499.963,145.301
2025-10-17 23:29:00,10/17-18,검증,359.562,5.0,2699.881,13499.963,16199.844,0.956415610862012,0.9500446500518742,25.018999999999778,2315.236,2265.217,33.702,504.797,9233.156,4859.726,5579.384,13499.963,145.235
2025-10-17 23:30:00,10/17-18,검증,359.607,5.0,2699.911,13499.975,16199.886,0.9387309069855364,0.9497028586215784,25.016999999999825,2315.339,2265.322,33.701,504.764,8594.17,4850.131,5654.993,13499.975,145.15699999999998
2025-10-17 23:31:00,10/17-18,검증,359.653,5.0,2699.971,13499.999,16199.97,0.9086635190345524,0.9492906921177586,25.01200000000017,2315.356,2265.344,33.699,504.709,7461.075,4870.801,5734.931,13499.999,145.05599999999998
2025-10-17 23:32:00,10/17-18,검증,359.693,5.0,2699.994,13499.996,16199.99,0.9351604449488968,0.9488227958047296,25.007000000000062,2315.341,2265.334,33.697,504.632,8448.39,4893.452,5823.961,13499.996,144.93900000000002
2025-10-17 23:33:00,10/17-18,검증,359.724,5.0,2699.978,13499.99,16199.968,0.9359772571086517,0.948443792175614,25.004999999999654,2315.374,2265.369,33.697,504.553,8488.194,4898.156,5894.094,13499.99,144.829
2025-10-17 23:34:00,10/17-18,검증,359.751,5.0,2699.959,13499.981,16199.939999999999,0.935186368921989,0.9480201273404244,25.001999999999953,2315.43,2265.428,33.696,504.488,8469.528,4902.621,5945.451,13499.981,144.73700000000002
2025-10-17 23:35:00,10/17-18,검증,359.775,5.0,2699.941,13499.974,16199.915,0.9340845285710347,0.9475157493507782,24.998999999999796,2315.508,2265.509,33.694,504.428,8441.432,4907.771,5983.609,13499.974,144.65300000000002
2025-10-17 23:36:00,10/17-18,검증,359.796,5.0,2699.933,13499.973,16199.905999999999,0.9329802762168664,0.94702306438431,24.99599999999964,2315.593,2265.597,33.693,504.355,8411.941,4913.751,6012.32,13499.973,144.55900000000003
2025-10-17 23:37:00,10/17-18,검증,359.814,5.0,2699.931,13499.972,16199.903,0.9319111196173854,0.9464984796842844,24.994000000000142,2315.677,2265.683,33.692,504.274,8384.121,4920.517,6034.19,13499.972,144.45999999999998
2025-10-17 23:38:00,10/17-18,검증,359.83,5.0,2699.93,13499.971,16199.901,0.930905013164506,0.945950006559009,24.990999999999985,2315.762,2265.771,33.691,504.188,8358.818,4927.964,6051.064,13499.971,144.358
2025-10-17 23:39:00,10/17-18,검증,359.844,5.0,2699.927,13499.97,16199.896999999999,0.9299893197200116,0.9453990021560756,24.990000000000236,2315.851,2265.861,33.69,504.102,8336.392,4935.97,6064.27,13499.97,144.25799999999998
2025-10-17 23:40:00,10/17-18,검증,359.857,5.0,2699.925,13499.968,16199.893,0.929086484862289,0.9447642256457992,24.98799999999983,2315.942,2265.954,33.688,504.015,8317.096,4944.41,6074.776,13499.968,144.15799999999996
2025-10-17 23:41:00,10/17-18,검증,359.868,5.0,2699.922,13499.966,16199.888,0.9283549362779,0.9442057452966948,24.986999999999625,2316.037,2266.05,33.687,503.929,8301.093,4953.155,6083.294,13499.966,144.06099999999998
2025-10-17 23:42:00,10/17-18,검증,359.877,5.0,2699.918,13499.964,16199.882,0.927724714200277,0.9436539777683906,24.98600000000033,2316.137,2266.151,33.686,503.846,8288.484,4962.073,6090.352,13499.964,143.969
2025-10-17 23:43:00,10/17-18,검증,359.886,5.0,2699.914,13499.962,16199.876,0.9271186076387534,0.9430331124031608,24.985000000000127,2316.242,2266.257,33.684,503.766,8279.321,4971.039,6096.344,13499.962,143.88
2025-10-17 23:44:00,10/17-18,검증,359.894,5.0,2699.91,13499.96,16199.869999999999,0.9266873836917856,0.942500259233228,24.984999999999673,2316.352,2266.367,33.683,503.69,8273.598,4979.928,6101.562,13499.96,143.796
2025-10-17 23:45:00,10/17-18,검증,359.9,5.0,2699.905,13499.958,16199.863000000001,0.9263538801121048,0.9419827127436676,24.985000000000127,2316.467,2266.482,33.682,503.619,8271.232,4988.623,6106.227,13499.958,143.71900000000005
2025-10-17 23:46:00,10/17-18,검증,359.906,5.0,2699.901,13499.956,16199.857,0.9260356499337528,0.9414046174236936,24.983999999999924,2316.586,2266.602,33.68,503.553,8272.067,4997.013,6110.503,13499.956,143.647
2025-10-17 23:47:00,10/17-18,검증,359.912,5.0,2699.897,13499.954,16199.850999999999,0.9258704712983484,0.940914624931593,24.984999999999673,2316.711,2266.726,33.679,503.491,8275.874,5005.002,6114.512,13499.954,143.579
2025-10-17 23:48:00,10/17-18,검증,359.916,5.0,2699.894,13499.953,16199.847,0.9257080473510728,0.940370756327314,24.985999999999876,2316.839,2266.853,33.677,503.435,8282.365,5012.502,6118.346,13499.953,143.519
2025-10-17 23:49:00,10/17-18,검증,359.921,5.0,2699.891,13499.951,16199.841999999999,0.9256821450119268,0.9399193376424924,24.98700000000008,2316.971,2266.984,33.676,503.384,8291.205,5019.443,6122.07,13499.951,143.46300000000002
2025-10-17 23:50:00,10/17-18,검증,359.925,5.0,2699.888,13499.95,16199.838,0.9256328099434004,0.9394097519222272,24.988000000000284,2317.106,2267.118,33.674,503.338,8302.029,5025.769,6125.733,13499.95,143.413
2025-10-17 23:51:00,10/17-18,검증,359.928,5.0,2699.885,13499.949,16199.834,0.9257033696355051,0.9389981605892026,24.98799999999983,2317.243,2267.255,33.673,503.298,8314.456,5031.438,6129.368,13499.949,143.37
2025-10-17 23:52:00,10/17-18,검증,359.932,5.0,2699.883,13499.948,16199.831,0.9257309037970752,0.9385307917007442,24.98999999999978,2317.383,2267.393,33.671,503.263,8328.108,5036.424,6133.001,13499.948,143.33099999999996
2025-10-17 23:53:00,10/17-18,검증,359.935,5.0,2699.882,13499.947,16199.829,0.9257754099118036,0.9380781057290905,24.990999999999985,2317.524,2267.533,33.669,503.232,8342.622,5040.716,6136.645,13499.947,143.29700000000003
2025-10-17 23:54:00,10/17-18,검증,359.938,5.0,2699.881,13499.946,16199.827,0.9259148100572476,0.9377270931441396,24.994000000000142,2317.667,2267.673,33.668,503.207,8357.661,5044.315,6140.312,13499.946,143.269
2025-10-17 23:55:00,10/17-18,검증,359.941,5.0,2699.88,13499.946,16199.826000000001,0.9259810797702108,0.9373159951966636,24.995000000000346,2317.809,2267.814,33.666,503.186,8372.927,5047.233,6144.009,13499.946,143.245
2025-10-17 23:56:00,10/17-18,검증,359.944,5.0,2699.88,13499.946,16199.826000000001,0.926124732118554,0.9370023275824392,24.9970000000003,2317.952,2267.955,33.665,503.17,8388.162,5049.491,6147.74,13499.946,143.226
2025-10-17 23:57:00,10/17-18,검증,359.947,5.0,2699.881,13499.946,16199.827,0.9261868100784458,0.9366309581803518,24.99900000000025,2318.094,2268.095,33.663,503.158,8403.155,5051.121,6151.508,13499.946,143.211
2025-10-17 23:58:00,10/17-18,검증,359.949,5.0,2699.881,13499.946,16199.827,0.926236932992799,0.9362748142588024,25.001999999999953,2318.235,2268.233,33.661,503.149,8417.743,5052.156,6155.316,13499.946,143.2
2025-10-17 23:59:00,10/17-18,검증,359.952,5.0,2699.882,13499.947,16199.829,0.9263562677974396,0.9360173627382304,25.003999999999905,2318.374,2268.37,33.66,503.145,8431.804,5052.636,6159.167,13499.947,143.19299999999998
2025-10-18 00:00:00,10/17-18,검증,359.955,5.0,2699.884,13499.947,16199.831,0.9264662332191572,0.9356935968751884,25.00500000000011,2318.511,2268.506,33.658,503.143,8448.668,5052.564,6163.092,13499.947,143.188
2025-10-18 00:01:00,10/17-18,검증,359.957,5.0,2699.885,13499.948,16199.833,0.9266286758804022,0.9353893649970896,25.007000000000062,2318.647,2268.64,33.656,503.145,8467.532,5051.817,6167.161,13499.948,143.188
2025-10-18 00:02:00,10/17-18,검증,359.96,5.0,2699.886,13499.948,16199.834,0.9266923220307524,0.935097281439331,25.009999999999764,2318.781,2268.771,33.654,503.149,8482.724,5050.491,6171.304,13499.948,143.18900000000002
2025-10-18 00:03:00,10/17-18,검증,359.962,5.0,2699.888,13499.949,16199.837,0.9267642487141776,0.934891076969416,25.01200000000017,2318.913,2268.901,33.653,503.155,8495.39,5048.715,6175.485,13499.949,143.19299999999998
2025-10-18 00:04:00,10/17-18,검증,359.965,5.0,2699.891,13499.95,16199.841,0.926714345846724,0.9346221123165012,25.014999999999873,2319.042,2269.027,33.651,503.163,8506.158,5046.584,6179.694,13499.95,143.19800000000004
2025-10-18 00:05:00,10/17-18,검증,359.967,5.0,2699.893,13499.951,16199.844,0.926706752927118,0.9344414510736594,25.016999999999825,2319.167,2269.15,33.65,503.173,8515.427,5044.171,6183.934,13499.951,143.20600000000002
2025-10-18 00:06:00,10/17-18,검증,359.969,5.0,2699.896,13499.952,16199.848,0.9265993968512678,0.9341980110162432,25.019000000000233,2319.288,2269.269,33.648,503.185,8523.514,5041.534,6188.214,13499.952,143.216
2025-10-18 00:07:00,10/17-18,검증,359.971,5.0,2699.899,13499.954,16199.853,0.926467405581709,0.9339581382655716,25.02099999999973,2319.406,2269.385,33.646,503.197,8530.695,5038.72,6192.545,13499.954,143.226
2025-10-18 00:08:00,10/17-18,검증,359.974,5.0,2699.902,13499.955,16199.857,0.9264001962495148,0.9338035105662416,25.02300000000014,2319.52,2269.497,33.645,503.21,8537.218,5035.764,6196.942,13499.955,143.236
2025-10-18 00:09:00,10/17-18,검증,359.976,5.0,2699.905,13499.956,16199.861,0.9262464729851732,0.9335774813175628,25.02599999999984,2319.631,2269.605,33.643,503.223,8543.291,5032.691,6201.419,13499.956,143.247
2025-10-18 00:10:00,10/17-18,검증,359.977,5.0,2699.908,13499.957,16199.865,0.9261674062109604,0.9334355198305851,25.027000000000044,2319.737,2269.71,33.642,503.237,8549.088,5029.519,6205.99,13499.957,143.26000000000005
2025-10-18 00:11:00,10/17-18,검증,359.979,5.0,2699.911,13499.959,16199.87,0.92601048174066,0.9332221376989852,25.029999999999745,2319.841,2269.811,33.64,503.251,8554.741,5026.26,6210.667,13499.959,143.272
2025-10-18 00:12:00,10/17-18,검증,359.981,5.0,2699.914,13499.96,16199.874,0.9259301496297572,0.933088547823802,25.031999999999698,2319.941,2269.909,33.639,503.265,8560.339,5022.921,6215.463,13499.96,143.284
2025-10-18 00:13:00,10/17-18,검증,359.982,5.0,2699.917,13499.961,16199.877999999999,0.9257702964269894,0.9328780226172784,25.034000000000106,2320.038,2270.004,33.637,503.278,8565.934,5019.505,6220.388,13499.961,143.296
2025-10-18 00:14:00,10/17-18,검증,359.983,5.0,2699.92,13499.962,16199.882,0.9256890680391858,0.9327473093978004,25.034999999999854,2320.131,2270.096,33.636,503.291,8571.544,5016.016,6225.452,13499.962,143.308
2025-10-18 00:15:00,10/17-18,검증,359.984,5.0,2699.922,13499.963,16199.885,0.9255331283647884,0.9325439385620912,25.037000000000262,2320.222,2270.185,33.634,503.304,8577.159,5012.457,6230.663,13499.963,143.32
2025-10-18 00:16:00,10/17-18,검증,359.985,5.0,2699.925,13499.964,16199.889,0.9254472967102492,0.9324130048574362,25.039000000000215,2320.309,2270.27,33.633,503.315,8582.746,5008.829,6236.027,13499.964,143.32999999999998
2025-10-18 00:17:00,10/17-18,검증,359.986,5.0,2699.927,13499.965,16199.892,0.9253603901920798,0.9322844622781368,25.040999999999713,2320.394,2270.353,33.632,503.326,8588.259,5005.138,6241.549,13499.965,143.34000000000003
2025-10-18 00:18:00,10/17-18,검증,359.987,5.0,2699.93,13499.967,16199.897,0.9251867635595646,0.9320746421146372,25.041999999999916,2320.475,2270.433,33.63,503.335,8593.644,5001.39,6247.234,13499.967,143.34799999999996
2025-10-18 00:19:00,10/17-18,검증,359.987,5.0,2699.932,13499.968,16199.900000000001,0.9250862614362446,0.9319434799690604,25.04300000000012,2320.554,2270.511,33.629,503.344,8598.843,4997.592,6253.086,13499.968,143.35699999999997
2025-10-18 00:20:00,10/17-18,검증,359.987,5.0,2699.93,13499.965,16199.895,0.932077363433,0.9318068131185286,25.045000000000073,2320.635,2270.59,33.628,503.352,8883.544,4991.681,6260.978,13499.965,143.36499999999995
2025-10-18 00:21:00,10/17-18,검증,359.986,5.0,2699.916,13499.962,16199.878,0.929773322083203,0.9316389507624088,25.047999999999774,2320.743,2270.695,33.627,503.36,8816.204,4976.258,6277.084,13499.962,143.37400000000002
2025-10-18 00:22:00,10/17-18,검증,359.987,5.0,2699.933,13499.972,16199.904999999999,0.9223352950900284,0.9315137622010656,25.048999999999978,2320.817,2270.768,33.626,503.369,8535.966,4970.953,6302.757,13499.972,143.382
2025-10-18 00:23:00,10/17-18,검증,359.99,5.0,2699.958,13499.981,16199.939,0.9164527600380752,0.931410960538563,25.048999999999978,2320.857,2270.808,33.625,503.374,8306.118,4974.713,6341.824,13499.981,143.38400000000001
2025-10-18 00:24:00,10/17-18,검증,359.992,5.0,2699.969,13499.981,16199.95,0.9240325754313364,0.9312185414536058,25.050000000000182,2320.884,2270.834,33.623,503.372,8605.0,4979.699,6392.382,13499.981,143.38
2025-10-18 00:25:00,10/17-18,검증,359.99,5.0,2699.94,13499.967,16199.907000000001,0.9335480922293928,0.93111757235267,25.052000000000135,2320.963,2270.911,33.623,503.37,8994.934,4966.588,6431.075,13499.967,143.38
2025-10-18 00:26:00,10/17-18,검증,359.989,5.0,2699.936,13499.971,16199.907,0.9247377966087242,0.9309808564580172,25.054000000000087,2321.044,2270.99,33.622,503.378,8666.47,4956.043,6452.275,13499.971,143.389
2025-10-18 00:27:00,10/17-18,검증,359.991,5.0,2699.953,13499.979,16199.931999999999,0.9176488712823924,0.930893018545388,25.053999999999633,2321.093,2271.039,33.621,503.389,8391.795,4956.638,6478.885,13499.979,143.39800000000002
2025-10-18 00:28:00,10/17-18,검증,359.992,5.0,2699.965,13499.98,16199.945,0.9247086039928069,0.9307782867523496,25.05500000000029,2321.126,2271.071,33.62,503.389,8669.651,4959.705,6516.904,13499.98,143.397
2025-10-18 00:29:00,10/17-18,검증,359.991,5.0,2699.95,13499.974,16199.923999999999,0.927000199499273,0.9305993628870488,25.05699999999979,2321.192,2271.135,33.619,503.383,8777.117,4949.475,6545.407,13499.974,143.392
2025-10-18 00:30:00,10/17-18,검증,359.991,5.0,2699.96,13499.982,16199.942,0.9187367599002296,0.9305508716001664,25.05699999999979,2321.236,2271.179,33.619,503.384,8457.484,4947.308,6567.137,13499.982,143.39300000000003
2025-10-18 00:31:00,10/17-18,검증,359.991,5.0,2699.959,13499.976,16199.935000000001,0.928131005041891,0.9304370205535064,25.057999999999993,2321.279,2271.221,33.618,503.387,8832.173,4945.426,6596.264,13499.976,143.39600000000002
2025-10-18 00:32:00,10/17-18,검증,359.99,5.0,2699.952,13499.978,16199.93,0.922876250027927,0.9302788698553182,25.05899999999974,2321.341,2271.282,33.617,503.385,8640.78,4937.352,6615.425,13499.978,143.39499999999998
2025-10-18 00:33:00,10/17-18,검증,359.991,5.0,2699.971,13499.986,16199.957,0.9177442367998254,0.9301615050742164,25.059999999999945,2321.369,2271.309,33.616,503.383,8442.012,4939.424,6637.128,13499.986,143.392
2025-10-18 00:34:00,10/17-18,검증,359.99,5.0,2699.958,13499.976,16199.934000000001,0.9303075052941738,0.9300146348941456,25.06100000000015,2321.418,2271.357,33.615,503.38,8947.388,4933.017,6662.711,13499.976,143.39
2025-10-18 00:35:00,10/17-18,검증,359.989,5.0,2699.955,13499.98,16199.935,0.9221786291346722,0.9299290405840116,25.061999999999898,2321.476,2271.414,33.615,503.376,8640.663,4924.455,6674.536,13499.98,143.387
2025-10-18 00:36:00,10/17-18,검증,359.991,5.0,2699.975,13499.989,16199.964,0.9151604461377272,0.9298231565891536,25.061999999999898,2321.497,2271.435,33.614,503.375,8366.14,4927.569,6691.79,13499.989,143.38400000000001
2025-10-18 00:37:00,10/17-18,검증,359.991,5.0,2699.97,13499.981,16199.951,0.9287087885606616,0.9296935659584892,25.062999999999647,2321.528,2271.465,33.613,503.371,8905.07,4925.824,6717.798,13499.981,143.38
2025-10-18 00:38:00,10/17-18,검증,359.988,5.0,2699.954,13499.978,16199.931999999999,0.9257476275308542,0.9295835641269604,25.064000000000306,2321.592,2271.528,33.613,503.363,8806.369,4913.071,6727.856,13499.978,143.375
2025-10-18 00:39:00,10/17-18,검증,359.989,5.0,2699.97,13499.988,16199.957999999999,0.9167660258391026,0.9294668618740664,25.065000000000055,2321.623,2271.558,33.612,503.362,8459.545,4911.738,6736.218,13499.988,143.37300000000005
2025-10-18 00:40:00,10/17-18,검증,359.992,5.0,2699.989,13499.993,16199.982,0.9156949883572448,0.9293813549309622,25.065000000000055,2321.627,2271.562,33.611,503.361,8412.821,4919.462,6757.721,13499.993,143.36899999999997
2025-10-18 00:41:00,10/17-18,검증,359.99,5.0,2699.97,13499.98,16199.949999999999,0.9310760312445656,0.929289645106163,25.065000000000055,2321.664,2271.599,33.611,503.35,9027.614,4913.099,6780.719,13499.98,143.36
2025-10-18 00:42:00,10/17-18,검증,359.988,5.0,2699.957,13499.98,16199.937,0.9241611324197324,0.9291942335969736,25.067999999999756,2321.725,2271.657,33.611,503.344,8772.624,4900.506,6783.768,13499.98,143.356
2025-10-18 00:43:00,10/17-18,검증,359.989,5.0,2699.973,13499.989,16199.962,0.9152898790108488,0.9290983154454217,25.067000000000007,2321.751,2271.684,33.61,503.347,8427.292,4900.8,6789.074,13499.989,143.358
2025-10-18 00:44:00,10/17-18,검증,359.992,5.0,2699.994,13499.995,16199.989000000001,0.9142701037863148,0.92901139101705,25.067000000000007,2321.749,2271.682,33.609,503.344,8380.976,4910.086,6808.959,13499.995,143.35199999999998
2025-10-18 00:45:00,10/17-18,검증,359.991,5.0,2699.976,13499.983,16199.959,0.9299005936960548,0.9289249717390544,25.06800000000021,2321.779,2271.711,33.609,503.332,9004.529,4905.051,6830.705,13499.983,143.341
2025-10-18 00:46:00,10/17-18,검증,359.988,5.0,2699.962,13499.982,16199.944,0.9230145211447756,0.928830050430923,25.06899999999996,2321.834,2271.765,33.609,503.325,8749.256,4893.559,6832.35,13499.982,143.337
2025-10-18 00:47:00,10/17-18,검증,359.989,5.0,2699.977,13499.99,16199.967,0.914099736212991,0.9287444185027972,25.070000000000164,2321.857,2271.787,33.608,503.329,8400.269,4895.026,6836.287,13499.99,143.34000000000003
2025-10-18 00:48:00,10/17-18,검증,359.992,5.0,2699.992,13499.994,16199.986,0.916805404635146,0.9286538764630052,25.06899999999996,2321.857,2271.788,33.607,503.326,8501.479,4903.575,6854.775,13499.994,143.334
2025-10-18 00:49:00,10/17-18,검증,359.99,5.0,2699.972,13499.982,16199.954,0.9273038155751604,0.9285621465741264,25.071000000000367,2321.896,2271.825,33.607,503.315,8926.111,4896.211,6870.002,13499.982,143.325
2025-10-18 00:50:00,10/17-18,검증,359.989,5.0,2699.972,13499.988,16199.96,0.9176464860407164,0.9284943241397978,25.070999999999913,2321.931,2271.86,33.607,503.309,8553.368,4891.485,6871.384,13499.988,143.32000000000005
2025-10-18 00:51:00,10/17-18,검증,359.99,5.0,2699.99,13499.995,16199.985,0.912394850810463,0.928419279343384,25.070999999999913,2321.937,2271.866,33.606,503.311,8342.044,4898.641,6881.644,13499.995,143.32099999999997
2025-10-18 00:52:00,10/17-18,검증,359.99,5.0,2699.976,13499.984,16199.960000000001,0.9273273217630708,0.9282889063759612,25.072000000000116,2321.965,2271.893,33.605,503.306,8937.757,4896.483,6898.474,13499.984,143.31599999999997
2025-10-18 00:53:00,10/17-18,검증,359.988,5.0,2699.965,13499.985,16199.95,0.920772539744614,0.9281999702694944,25.072000000000116,2322.014,2271.942,33.605,503.299,8692.331,4887.446,6898.616,13499.985,143.31099999999998
2025-10-18 00:54:00,10/17-18,검증,359.989,5.0,2699.983,13499.994,16199.977,0.911993725451508,0.92818436475051,25.072999999999865,2322.028,2271.955,33.605,503.299,8343.072,4891.2,6901.825,13499.994,143.31
2025-10-18 00:55:00,10/17-18,검증,359.99,5.0,2699.986,13499.989,16199.974999999999,0.9224888565054578,0.9280829920752328,25.072999999999865,2322.038,2271.965,33.604,503.296,8756.495,4895.355,6917.567,13499.989,143.30599999999998
2025-10-18 00:56:00,10/17-18,검증,359.988,5.0,2699.972,13499.987,16199.958999999999,0.9202846629085508,0.9280005527745588,25.07400000000007,2322.079,2272.005,33.604,503.288,8679.978,4888.454,6922.438,13499.987,143.3
2025-10-18 00:57:00,10/17-18,검증,359.989,5.0,2699.988,13499.995,16199.983,0.9120139378045892,0.927899170916226,25.07400000000007,2322.089,2272.015,33.603,503.285,8353.494,4892.605,6926.882,13499.995,143.29600000000005
2025-10-18 00:58:00,10/17-18,검증,359.989,5.0,2699.98,13499.986,16199.966,0.9254655041602006,0.927870857696351,25.07400000000007,2322.109,2272.035,33.603,503.284,8884.849,4892.949,6940.185,13499.986,143.29500000000002
2025-10-18 00:59:00,10/17-18,검증,359.987,5.0,2699.962,13499.984,16199.946,0.9223193524697512,0.9277857153661104,25.076000000000022,2322.164,2272.088,33.603,503.279,8775.172,4882.273,6938.346,13499.984,143.29199999999997
2025-10-18 01:00:00,10/17-18,검증,358.255,5.0,2700.152,13499.907,16200.059,0.9126245185210948,0.9276042543116348,25.054000000000087,2321.791,2271.737,33.59,503.37,8399.053,4883.815,6936.218,13499.907,145.115
2025-10-18 01:01:00,10/17-18,검증,357.271,5.002,2698.857,13499.14,16197.997,0.9145663890158168,0.9269793674802624,25.008000000000266,2323.507,2273.499,33.548,504.432,8489.555,4893.148,6948.802,13499.14,147.161
2025-10-18 01:02:00,10/17-18,검증,356.592,5.005,2697.227,13498.557,16195.784,0.9195967301740956,0.9201981294367788,24.889000000000124,2327.414,2277.525,33.463,505.453,8970.115,4885.843,6959.216,13498.557,148.861
2025-10-18 01:03:00,10/17-18,검증,355.931,5.004,2697.619,13499.298,16196.917000000001,0.8992015577513721,0.9042475528849891,24.812999999999647,2330.314,2280.501,33.439,503.037,8807.691,4876.551,6958.65,13499.298,147.106
2025-10-18 01:04:00,10/17-18,검증,355.306,5.002,2699.001,13499.887,16198.888,0.8827775697322683,0.8864906059205011,24.789000000000215,2330.981,2281.192,33.454,498.92,8884.164,4869.222,6972.065,13499.887,143.61400000000003
2025-10-18 01:05:00,10/17-18,검증,354.761,5.001,2699.478,13499.83,16199.308,0.8795443142216861,0.8707077000527588,24.757000000000062,2331.326,2281.569,33.453,495.475,9494.035,4846.654,7000.247,13499.83,140.714
2025-10-18 01:06:00,10/17-18,검증,354.28,5.001,2699.41,13499.731,16199.141,0.8628623975035958,0.8558140159163861,24.7170000000001,2332.02,2282.303,33.443,492.505,9476.525,4816.827,7019.71,13499.731,138.22500000000002
2025-10-18 01:07:00,10/17-18,검증,353.842,5.001,2699.38,13499.738,16199.117999999999,0.84649173500904,0.8411855862873785,24.677999999999884,2332.758,2283.08,33.434,489.616,9454.964,4788.53,7043.701,13499.738,135.774
2025-10-18 01:08:00,10/17-18,검증,353.445,5.001,2699.409,13499.753,16199.162,0.8311116536075823,0.8274508593518737,24.64599999999973,2333.432,2283.786,33.427,486.896,9430.33,4761.885,7057.497,13499.753,133.45100000000002
2025-10-18 01:09:00,10/17-18,검증,353.087,5.001,2699.433,13499.758,16199.190999999999,0.8171603695217399,0.8148916745530226,24.61499999999978,2334.075,2284.46,33.421,484.43,9410.499,4736.809,7067.909,13499.758,131.34300000000002
2025-10-18 01:10:00,10/17-18,검증,352.765,5.001,2699.461,13499.769,16199.23,0.8042640246681487,0.8032609486060958,24.587999999999738,2334.685,2285.097,33.414,482.192,9390.378,4713.193,7069.893,13499.769,129.42700000000002
2025-10-18 01:11:00,10/17-18,검증,352.475,5.001,2699.507,13499.791,16199.297999999999,0.7925797393650132,0.7926671781433843,24.563000000000102,2335.236,2285.673,33.408,480.16,9373.33,4690.986,7048.808,13499.791,127.685
2025-10-18 01:12:00,10/17-18,검증,352.216,5.001,2699.567,13499.819,16199.385999999999,0.7822873093767763,0.7832343325823039,24.541999999999916,2335.71,2286.168,33.404,478.334,9363.715,4669.968,7029.631,13499.819,126.118
2025-10-18 01:13:00,10/17-18,검증,351.982,5.001,2699.629,13499.843,16199.472000000002,0.7730117950649981,0.7747288237526198,24.524000000000342,2336.11,2286.586,33.399,476.713,9354.54,4650.0,7004.139,13499.843,124.731
2025-10-18 01:14:00,10/17-18,검증,351.774,5.001,2699.699,13499.874,16199.573,0.757981348965032,0.7672888221832856,24.508000000000266,2336.431,2286.923,33.395,475.288,8890.873,4637.504,6958.747,13499.874,123.51400000000001
2025-10-18 01:15:00,10/17-18,검증,351.589,5.0,2699.789,13499.909,16199.698,0.7454737781698656,0.7607012497164019,24.492999999999938,2336.636,2287.143,33.39,474.045,8486.168,4645.47,6914.539,13499.909,122.45600000000002
2025-10-18 01:16:00,10/17-18,검증,351.421,5.0,2699.825,13499.91,16199.735,0.7454551327432964,0.7551193346658422,24.48199999999997,2336.813,2287.331,33.387,472.967,8851.452,4650.709,6878.618,13499.91,121.54599999999999
2025-10-18 01:17:00,10/17-18,검증,351.264,5.0,2699.827,13499.909,16199.736,0.7446028235017426,0.7503337189947101,24.473999999999705,2337.004,2287.53,33.385,472.046,9132.437,4644.07,6830.77,13499.909,120.78199999999998
2025-10-18 01:18:00,10/17-18,검증,351.124,5.0,2699.844,13499.923,16199.767,0.7357070561098656,0.7462933130802265,24.4670000000001,2337.177,2287.71,33.383,471.279,8800.896,4637.186,6770.111,13499.923,120.15499999999997
2025-10-18 01:19:00,10/17-18,검증,351.0,5.0,2699.886,13499.94,16199.826000000001,0.7320363904130371,0.742923015687821,24.46100000000024,2337.286,2287.825,33.381,470.637,8773.289,4642.096,6719.452,13499.94,119.637
2025-10-18 01:20:00,10/17-18,검증,350.887,5.0,2699.894,13499.94,16199.834,0.7336999218751528,0.7400139362147768,24.458000000000084,2337.399,2287.941,33.379,470.093,9110.561,4637.236,6673.193,13499.94,119.20600000000002
2025-10-18 01:21:00,10/17-18,검증,350.786,5.0,2699.917,13499.957,16199.874,0.7286651200842754,0.7376960918575528,24.45600000000013,2337.485,2288.029,33.378,469.649,8919.183,4631.779,6621.159,13499.957,118.863
2025-10-18 01:22:00,10/17-18,검증,350.695,5.0,2699.934,13499.961,16199.895,0.7287133363970892,0.7359522028920193,24.45600000000013,2337.549,2288.093,33.378,469.302,9060.429,4624.595,6572.802,13499.961,118.60700000000003
2025-10-18 01:23:00,10/17-18,검증,350.616,5.0,2699.965,13499.978,16199.943,0.7254109649509789,0.734565490405239,24.454999999999927,2337.575,2288.12,33.377,469.037,8921.077,4622.406,6527.369,13499.978,118.42099999999999
2025-10-18 01:24:00,10/17-18,검증,350.545,5.0,2699.974,13499.978,16199.952,0.7285571218597537,0.733594570749085,24.45600000000013,2337.596,2288.14,33.377,468.84,9239.709,4613.599,6486.785,13499.978,118.29499999999996
2025-10-18 01:25:00,10/17-18,검증,350.482,5.0,2699.993,13499.992,16199.985,0.7252194790217107,0.7329654805838841,24.458000000000084,2337.598,2288.14,33.377,468.709,9046.863,4604.535,6441.209,13499.992,118.22699999999998
2025-10-18 01:26:00,10/17-18,검증,350.427,5.0,2700.012,13500.0,16200.012,0.7253643277552271,0.7326513100070728,24.459000000000287,2337.574,2288.115,33.377,468.637,9090.169,4596.777,6400.051,13500.0,118.20999999999998
2025-10-18 01:27:00,10/17-18,검증,350.377,5.0,2700.017,13500.002,16200.019,0.724133442044351,0.732561894789598,24.463000000000193,2337.55,2288.087,33.377,468.611,9017.573,4584.45,6361.753,13500.002,118.23399999999998
2025-10-18 01:28:00,10/17-18,검증,350.336,5.0,2700.046,13500.02,16200.066,0.721442092725928,0.7327224323187878,24.46499999999969,2337.486,2288.021,33.377,468.627,8808.395,4579.308,6336.161,13500.02,118.291
2025-10-18 01:29:00,10/17-18,검증,350.3,5.0,2700.062,13500.022,16200.084,0.7255909425706144,0.7330556892893989,24.4670000000001,2337.407,2287.94,33.377,468.675,9101.947,4573.463,6317.091,13500.022,118.375
2025-10-18 01:30:00,10/17-18,검증,350.268,5.0,2700.073,13500.029,16200.102,0.7260803673920885,0.7336091627594066,24.471000000000004,2337.319,2287.848,33.378,468.749,9104.034,4566.734,6302.533,13500.029,118.48100000000005
2025-10-18 01:31:00,10/17-18,검증,350.239,5.0,2700.084,13500.034,16200.117999999999,0.7266302477495123,0.7342929258017044,24.472999999999956,2337.217,2287.744,33.379,468.847,9100.423,4560.375,6290.974,13500.034,118.608
2025-10-18 01:32:00,10/17-18,검증,350.215,5.0,2700.093,13500.039,16200.132000000001,0.7271661534519177,0.7349915713000483,24.476000000000113,2337.108,2287.632,33.379,468.963,9094.177,4554.503,6281.438,13500.039,118.74800000000005
2025-10-18 01:33:00,10/17-18,검증,350.193,5.0,2700.099,13500.043,16200.142,0.7278303901300327,0.735831747891087,24.47699999999986,2336.991,2287.514,33.38,469.09,9086.341,4549.171,6273.285,13500.043,118.89699999999999
2025-10-18 01:34:00,10/17-18,검증,350.174,5.0,2700.105,13500.046,16200.151,0.7285327221472323,0.7367140289078968,24.480000000000018,2336.869,2287.389,33.381,469.224,9077.679,4544.401,6266.096,13500.046,119.05000000000001
2025-10-18 01:35:00,10/17-18,검증,350.156,5.0,2700.11,13500.049,16200.159000000001,0.7291795367613981,0.7375388310789439,24.48199999999997,2336.742,2287.26,33.381,469.362,9068.69,4540.189,6259.599,13500.049,119.20600000000002
2025-10-18 01:36:00,10/17-18,검증,350.141,5.0,2700.113,13500.051,16200.163999999999,0.7299124722445504,0.7384423824084387,24.483000000000175,2336.612,2287.129,33.382,469.499,9059.714,4536.516,6253.62,13500.051,119.358
2025-10-18 01:37:00,10/17-18,검증,350.127,5.0,2700.115,13500.053,16200.168,0.7306535879490632,0.7393445728117936,24.485000000000127,2336.48,2286.995,33.383,469.635,9050.982,4533.354,6248.045,13500.053,119.50799999999998
2025-10-18 01:38:00,10/17-18,검증,350.115,5.0,2700.117,13500.054,16200.171,0.7313812724459774,0.7402224695367126,24.485000000000127,2336.346,2286.861,33.384,469.766,9042.63,4530.669,6242.799,13500.054,119.65100000000001
2025-10-18 01:39:00,10/17-18,검증,350.104,5.0,2700.118,13500.055,16200.173,0.7320926334265422,0.741072587422448,24.48700000000008,2336.213,2286.726,33.385,469.891,9034.723,4528.424,6237.833,13500.055,119.78700000000003
2025-10-18 01:40:00,10/17-18,검증,350.094,5.0,2700.118,13500.056,16200.174,0.7327802784617192,0.7418876525946119,24.48700000000008,2336.079,2286.592,33.386,470.009,9027.278,4526.584,6233.113,13500.056,119.91500000000002
2025-10-18 01:41:00,10/17-18,검증,350.085,5.0,2700.118,13500.056,16200.174,0.7334400423342018,0.7426641931667259,24.48799999999983,2335.946,2286.458,33.387,470.119,9020.277,4525.112,6228.614,13500.056,120.03400000000005
2025-10-18 01:42:00,10/17-18,검증,350.076,5.0,2700.117,13500.056,16200.173,0.7341453734397201,0.7434761470789866,24.48700000000008,2335.813,2286.326,33.389,470.22,9013.689,4523.976,6224.317,13500.056,120.144
2025-10-18 01:43:00,10/17-18,검증,350.069,5.0,2700.116,13500.056,16200.172,0.7347372835336299,0.7441659211623799,24.48700000000008,2335.683,2286.196,33.39,470.313,9007.471,4523.144,6220.205,13500.056,120.24399999999997
2025-10-18 01:44:00,10/17-18,검증,350.062,5.0,2700.115,13500.056,16200.171,0.7352976724058462,0.7448160394095837,24.485999999999876,2335.553,2286.067,33.391,470.398,9001.579,4522.591,6216.267,13500.056,120.33600000000001
2025-10-18 01:45:00,10/17-18,검증,350.055,5.0,2700.113,13500.056,16200.169,0.7358149619497337,0.7454157292117012,24.485999999999876,2335.426,2285.94,33.392,470.473,8995.973,4522.289,6212.489,13500.056,120.418
2025-10-18 01:46:00,10/17-18,검증,350.049,5.0,2700.112,13500.056,16200.168000000001,0.7363790921042142,0.7460556976652961,24.485000000000127,2335.3,2285.815,33.394,470.54,8990.617,4522.218,6208.862,13500.056,120.49100000000004
2025-10-18 01:47:00,10/17-18,검증,350.044,5.0,2700.11,13500.055,16200.165,0.7368271835702038,0.7465737172762419,24.483999999999924,2335.176,2285.692,33.395,470.599,8985.482,4522.357,6205.376,13500.055,120.555
2025-10-18 01:48:00,10/17-18,검증,350.039,5.0,2700.109,13500.055,16200.164,0.7372337663153304,0.7470449216786026,24.48299999999972,2335.055,2285.572,33.396,470.649,8980.545,4522.686,6202.022,13500.055,120.61000000000001
2025-10-18 01:49:00,10/17-18,검증,350.034,5.0,2700.107,13500.054,16200.161,0.7376917339753175,0.7475624742473723,24.48199999999997,2334.935,2285.453,33.398,470.692,8975.788,4523.19,6198.792,13500.054,120.65800000000002
2025-10-18 01:50:00,10/17-18,검증,350.03,5.0,2700.105,13500.054,16200.159,0.7380359923284288,0.7479617121655882,24.480000000000018,2334.817,2285.337,33.399,470.728,8971.2,4523.853,6195.678,13500.054,120.69800000000004
2025-10-18 01:51:00,10/17-18,검증,350.026,5.0,2700.103,13500.053,16200.155999999999,0.7384295905984708,0.7484060420360432,24.47900000000027,2334.702,2285.223,33.401,470.757,8966.77,4524.66,6192.674,13500.053,120.731
2025-10-18 01:52:00,10/17-18,검증,350.023,5.0,2700.101,13500.052,16200.153,0.7387150664241402,0.7487381531712094,24.477000000000317,2334.588,2285.111,33.402,470.78,8962.493,4525.599,6189.773,13500.052,120.75699999999995
2025-10-18 01:53:00,10/17-18,검증,350.019,5.0,2700.1,13500.052,16200.152,0.739054094559578,0.7491201218711947,24.47499999999991,2334.476,2285.001,33.404,470.797,8958.364,4526.657,6186.97,13500.052,120.77800000000002
2025-10-18 01:54:00,10/17-18,검증,350.016,5.0,2700.098,13500.051,16200.149,0.7392847160647192,0.7493899237379735,24.47400000000016,2334.367,2284.893,33.405,470.808,8954.38,4527.821,6184.259,13500.051,120.79199999999997
2025-10-18 01:55:00,10/17-18,검증,350.014,5.0,2700.096,13500.05,16200.145999999999,0.7395768240876271,0.7497178431364886,24.471000000000004,2334.259,2284.788,33.407,470.815,8950.537,4529.083,6181.635,13500.05,120.80099999999999
2025-10-18 01:56:00,10/17-18,검증,350.011,5.0,2700.094,13500.049,16200.143,0.7397661555915972,0.7499396642641667,24.4699999999998,2334.154,2284.684,33.408,470.817,8946.831,4530.43,6179.094,13500.049,120.80599999999998
2025-10-18 01:57:00,10/17-18,검증,350.009,5.0,2700.093,13500.048,16200.141,0.7399308701921868,0.7501338628843472,24.4670000000001,2334.05,2284.583,33.409,470.814,8943.258,4531.854,6176.632,13500.048,120.805
2025-10-18 01:58:00,10/17-18,검증,350.007,5.0,2700.091,13500.047,16200.138,0.7401637958879416,0.7503934497109024,24.465999999999894,2333.949,2284.483,33.411,470.808,8939.814,4533.346,6174.243,13500.047,120.80099999999999
2025-10-18 01:59:00,10/17-18,검증,350.005,5.0,2700.089,13500.046,16200.135,0.7403004493553722,0.7505539854608849,24.463000000000193,2333.849,2284.386,33.412,470.799,8936.492,4534.897,6171.925,13500.046,120.79399999999998
2025-10-18 02:00:00,10/17-18,검증,350.004,5.0,2700.088,13500.046,16200.134,0.74039525516721,0.7506562701507113,24.46199999999999,2333.816,2284.354,33.413,470.795,8935.41,4535.426,6171.167,13500.046,120.791
