Timestamp,Campaign,Split,X_propene_conversion,X_propene_recycle1,r0_minus_r1
2025-10-12 15:00:00,10/12,정상운전검사,0.6158854538416734,0.6063760175128937,0.009509436328779652
2025-10-12 15:01:00,10/12,정상운전검사,0.6158854538416734,0.6063760175128937,0.009509436328779652
2025-10-12 15:02:00,10/12,정상운전검사,0.6158854538416734,0.6063760175128937,0.009509436328779652
2025-10-12 15:03:00,10/12,정상운전검사,0.6158854538416734,0.6063760175128937,0.009509436328779652
2025-10-12 15:04:00,10/12,정상운전검사,0.6158854538416734,0.6063760175128937,0.009509436328779652
2025-10-12 15:05:00,10/12,정상운전검사,0.6158854538416734,0.6063760175128937,0.009509436328779652
2025-10-12 15:06:00,10/12,정상운전검사,0.6158854538416734,0.6063760175128937,0.009509436328779652
2025-10-12 15:07:00,10/12,정상운전검사,0.6158854538416734,0.6063760175128937,0.009509436328779652
2025-10-12 15:08:00,10/12,정상운전검사,0.6158854538416734,0.6063760175128937,0.009509436328779652
2025-10-12 15:09:00,10/12,정상운전검사,0.6158854538416734,0.6063760175128937,0.009509436328779652
2025-10-12 15:10:00,10/12,정상운전검사,0.6158854538416734,0.6063760175128937,0.009509436328779652
2025-10-12 15:11:00,10/12,정상운전검사,0.6158854538416734,0.6063760175128937,0.009509436328779652
2025-10-12 15:12:00,10/12,정상운전검사,0.6158854538416734,0.6063760175128937,0.009509436328779652
2025-10-12 15:13:00,10/12,정상운전검사,0.6158854538416734,0.6063760175128937,0.009509436328779652
2025-10-12 15:14:00,10/12,정상운전검사,0.6158854538416734,0.6063760175128937,0.009509436328779652
2025-10-12 15:15:00,10/12,정상운전검사,0.6158854538416734,0.6063760175128937,0.009509436328779652
2025-10-12 15:16:00,10/12,정상운전검사,0.6158854538416734,0.6063760175128937,0.009509436328779652
2025-10-12 15:17:00,10/12,정상운전검사,0.6158854538416734,0.6063760175128937,0.009509436328779652
2025-10-12 15:18:00,10/12,정상운전검사,0.6158854538416734,0.6063760175128937,0.009509436328779652
2025-10-12 15:19:00,10/12,정상운전검사,0.6158854538416734,0.6063760175128937,0.009509436328779652
2025-10-12 15:20:00,10/12,정상운전검사,0.6158854538416734,0.6063760175128937,0.009509436328779652
2025-10-12 15:21:00,10/12,정상운전검사,0.6158854538416734,0.6063760175128937,0.009509436328779652
2025-10-12 15:22:00,10/12,정상운전검사,0.6158854538416734,0.6063760175128937,0.009509436328779652
2025-10-12 15:23:00,10/12,정상운전검사,0.6158854538416734,0.6063760175128937,0.009509436328779652
2025-10-12 15:24:00,10/12,정상운전검사,0.6158854538416734,0.6063760175128937,0.009509436328779652
2025-10-12 15:25:00,10/12,정상운전검사,0.6158854538416734,0.6063760175128937,0.009509436328779652
2025-10-12 15:26:00,10/12,정상운전검사,0.6158854538416734,0.6063760175128937,0.009509436328779652
2025-10-12 15:27:00,10/12,정상운전검사,0.6158854538416734,0.6063760175128937,0.009509436328779652
2025-10-12 15:28:00,10/12,정상운전검사,0.6158854538416734,0.6063760175128937,0.009509436328779652
2025-10-12 15:29:00,10/12,정상운전검사,0.6158854538416734,0.6063760175128937,0.009509436328779652
2025-10-12 15:30:00,10/12,정상운전검사,0.6158854538416734,0.6063760175128937,0.009509436328779652
2025-10-12 15:31:00,10/12,정상운전검사,0.6158854538416734,0.6063760175128937,0.009509436328779652
2025-10-12 15:32:00,10/12,정상운전검사,0.6158854538416734,0.6063760175128937,0.009509436328779652
2025-10-12 15:33:00,10/12,정상운전검사,0.6158854538416734,0.6063760175128937,0.009509436328779652
2025-10-12 15:34:00,10/12,정상운전검사,0.6158854538416734,0.6063760175128937,0.009509436328779652
2025-10-12 15:35:00,10/12,정상운전검사,0.6158854538416734,0.6063760175128937,0.009509436328779652
2025-10-12 15:36:00,10/12,정상운전검사,0.6158854538416734,0.6063760175128937,0.009509436328779652
2025-10-12 15:37:00,10/12,정상운전검사,0.6158854538416734,0.6063760175128937,0.009509436328779652
2025-10-12 15:38:00,10/12,정상운전검사,0.6158854538416734,0.6063760175128937,0.009509436328779652
2025-10-12 15:39:00,10/12,정상운전검사,0.6158854538416734,0.6063760175128937,0.009509436328779652
2025-10-12 15:40:00,10/12,정상운전검사,0.6158854538416734,0.6063760175128937,0.009509436328779652
2025-10-12 15:41:00,10/12,정상운전검사,0.6158854538416734,0.6063760175128937,0.009509436328779652
2025-10-12 15:42:00,10/12,정상운전검사,0.6158854538416734,0.6063760175128937,0.009509436328779652
2025-10-12 15:43:00,10/12,정상운전검사,0.6158854538416734,0.6063760175128937,0.009509436328779652
2025-10-12 15:44:00,10/12,정상운전검사,0.6158854538416734,0.6063760175128937,0.009509436328779652
2025-10-12 15:45:00,10/12,정상운전검사,0.6158854538416734,0.6063760175128937,0.009509436328779652
2025-10-12 15:46:00,10/12,정상운전검사,0.6158854538416734,0.6063760175128937,0.009509436328779652
2025-10-12 15:47:00,10/12,정상운전검사,0.6158854538416734,0.6063760175128937,0.009509436328779652
2025-10-12 15:48:00,10/12,정상운전검사,0.6158854538416734,0.6063760175128937,0.009509436328779652
2025-10-12 15:49:00,10/12,정상운전검사,0.6158854538416734,0.6063760175128937,0.009509436328779652
2025-10-12 15:50:00,10/12,정상운전검사,0.6158854538416734,0.6063760175128937,0.009509436328779652
2025-10-12 15:51:00,10/12,정상운전검사,0.6158854538416734,0.6063760175128937,0.009509436328779652
2025-10-12 15:52:00,10/12,정상운전검사,0.6158854538416734,0.6063760175128937,0.009509436328779652
2025-10-12 15:53:00,10/12,정상운전검사,0.6158854538416734,0.6063760175128937,0.009509436328779652
2025-10-12 15:54:00,10/12,정상운전검사,0.6158854538416734,0.6063760175128937,0.009509436328779652
2025-10-12 15:55:00,10/12,정상운전검사,0.6158854538416734,0.6063760175128937,0.009509436328779652
2025-10-12 15:56:00,10/12,정상운전검사,0.6158854538416734,0.6063760175128937,0.009509436328779652
2025-10-12 15:57:00,10/12,정상운전검사,0.6158854538416734,0.6063760175128937,0.009509436328779652
2025-10-12 15:58:00,10/12,정상운전검사,0.6158854538416734,0.6063760175128937,0.009509436328779652
2025-10-12 15:59:00,10/12,정상운전검사,0.6158854538416734,0.6063760175128937,0.009509436328779652
2025-10-12 16:00:00,10/12,정상운전검사,0.6158854538416734,0.6063760175128937,0.009509436328779652
2025-10-12 16:01:00,10/12,정상운전검사,0.6158854538416734,0.6063760175128937,0.009509436328779652
2025-10-12 16:02:00,10/12,정상운전검사,0.6158854538416734,0.6063760175128937,0.009509436328779652
2025-10-12 16:03:00,10/12,정상운전검사,0.6158854538416734,0.6063760175128937,0.009509436328779652
2025-10-12 16:04:00,10/12,정상운전검사,0.6158854538416734,0.6063760175128937,0.009509436328779652
2025-10-12 16:05:00,10/12,정상운전검사,0.6158854538416734,0.6063760175128937,0.009509436328779652
2025-10-12 16:06:00,10/12,정상운전검사,0.6158854538416734,0.6063760175128937,0.009509436328779652
2025-10-12 16:07:00,10/12,정상운전검사,0.6158854538416734,0.6063760175128937,0.009509436328779652
2025-10-12 16:08:00,10/12,정상운전검사,0.6158854538416734,0.6063760175128937,0.009509436328779652
2025-10-12 16:09:00,10/12,정상운전검사,0.6158854538416734,0.6063760175128937,0.009509436328779652
2025-10-12 16:10:00,10/12,정상운전검사,0.6158854538416734,0.6063760175128937,0.009509436328779652
2025-10-12 16:11:00,10/12,정상운전검사,0.6158854538416734,0.6063760175128937,0.009509436328779652
2025-10-12 16:12:00,10/12,정상운전검사,0.6158854538416734,0.6063760175128937,0.009509436328779652
2025-10-12 16:13:00,10/12,정상운전검사,0.6158854538416734,0.6063760175128937,0.009509436328779652
2025-10-12 16:14:00,10/12,정상운전검사,0.6158854538416734,0.6063760175128937,0.009509436328779652
2025-10-12 16:15:00,10/12,정상운전검사,0.6158854538416734,0.6063760175128937,0.009509436328779652
2025-10-12 16:16:00,10/12,정상운전검사,0.6158854538416734,0.6063760175128937,0.009509436328779652
2025-10-12 16:17:00,10/12,정상운전검사,0.6158854538416734,0.6063760175128937,0.009509436328779652
2025-10-12 16:18:00,10/12,정상운전검사,0.6158854538416734,0.6063760175128937,0.009509436328779652
2025-10-12 16:19:00,10/12,정상운전검사,0.6158854538416734,0.6063760175128937,0.009509436328779652
2025-10-12 16:20:00,10/12,정상운전검사,0.6158854538416734,0.6063760175128937,0.009509436328779652
2025-10-12 16:21:00,10/12,정상운전검사,0.6158854538416734,0.6063760175128937,0.009509436328779652
2025-10-12 16:22:00,10/12,정상운전검사,0.6158854538416734,0.6063760175128937,0.009509436328779652
2025-10-12 16:23:00,10/12,정상운전검사,0.6158854538416734,0.6063760175128937,0.009509436328779652
2025-10-12 16:24:00,10/12,정상운전검사,0.6158854538416734,0.6063760175128937,0.009509436328779652
2025-10-12 16:25:00,10/12,정상운전검사,0.6158854538416734,0.6063760175128937,0.009509436328779652
2025-10-12 16:26:00,10/12,정상운전검사,0.6158854538416734,0.6063760175128937,0.009509436328779652
2025-10-12 16:27:00,10/12,정상운전검사,0.6158854538416734,0.6063760175128937,0.009509436328779652
2025-10-12 16:28:00,10/12,정상운전검사,0.6158854538416734,0.6063760175128937,0.009509436328779652
2025-10-12 16:29:00,10/12,정상운전검사,0.6158854538416734,0.6063760175128937,0.009509436328779652
2025-10-12 16:30:00,10/12,정상운전검사,0.6158854538416734,0.6063760175128937,0.009509436328779652
2025-10-12 16:31:00,10/12,정상운전검사,0.6158854538416734,0.6063760175128937,0.009509436328779652
2025-10-12 16:32:00,10/12,정상운전검사,0.6158854538416734,0.6063760175128937,0.009509436328779652
2025-10-12 16:33:00,10/12,정상운전검사,0.6158854538416734,0.6063760175128937,0.009509436328779652
2025-10-12 16:34:00,10/12,정상운전검사,0.6158854538416734,0.6063760175128937,0.009509436328779652
2025-10-12 16:35:00,10/12,정상운전검사,0.6158854538416734,0.6063760175128937,0.009509436328779652
2025-10-12 16:36:00,10/12,정상운전검사,0.6158854538416734,0.6063760175128937,0.009509436328779652
2025-10-12 16:37:00,10/12,정상운전검사,0.6158854538416734,0.6063760175128937,0.009509436328779652
2025-10-12 16:38:00,10/12,정상운전검사,0.6158854538416734,0.6063760175128937,0.009509436328779652
2025-10-12 16:39:00,10/12,정상운전검사,0.6158854538416734,0.6063760175128937,0.009509436328779652
2025-10-12 16:40:00,10/12,정상운전검사,0.6158854538416734,0.6063760175128937,0.009509436328779652
2025-10-12 16:41:00,10/12,정상운전검사,0.6158854538416734,0.6063760175128937,0.009509436328779652
2025-10-12 16:42:00,10/12,정상운전검사,0.6158854538416734,0.6063760175128937,0.009509436328779652
2025-10-12 16:43:00,10/12,정상운전검사,0.6158854538416734,0.6063760175128937,0.009509436328779652
2025-10-12 16:44:00,10/12,정상운전검사,0.6158854538416734,0.6063760175128937,0.009509436328779652
2025-10-12 16:45:00,10/12,정상운전검사,0.6158854538416734,0.6063760175128937,0.009509436328779652
2025-10-12 16:46:00,10/12,정상운전검사,0.6158854538416734,0.6063760175128937,0.009509436328779652
2025-10-12 16:47:00,10/12,정상운전검사,0.6158854538416734,0.6063760175128937,0.009509436328779652
2025-10-12 16:48:00,10/12,정상운전검사,0.6158854538416734,0.6063760175128937,0.009509436328779652
2025-10-12 16:49:00,10/12,정상운전검사,0.6158854538416734,0.6063760175128937,0.009509436328779652
2025-10-12 16:50:00,10/12,정상운전검사,0.6158854538416734,0.6063760175128937,0.009509436328779652
2025-10-12 16:51:00,10/12,정상운전검사,0.6158854538416734,0.6063760175128937,0.009509436328779652
2025-10-12 16:52:00,10/12,정상운전검사,0.6158854538416734,0.6063760175128937,0.009509436328779652
2025-10-12 16:53:00,10/12,정상운전검사,0.6158854538416734,0.6063760175128937,0.009509436328779652
2025-10-12 16:54:00,10/12,정상운전검사,0.6158854538416734,0.6063760175128937,0.009509436328779652
2025-10-12 16:55:00,10/12,정상운전검사,0.6158854538416734,0.6063760175128937,0.009509436328779652
2025-10-12 16:56:00,10/12,정상운전검사,0.6158854538416734,0.6063760175128937,0.009509436328779652
2025-10-12 16:57:00,10/12,정상운전검사,0.6158854538416734,0.6063760175128937,0.009509436328779652
2025-10-12 16:58:00,10/12,정상운전검사,0.6158854538416734,0.6063760175128937,0.009509436328779652
2025-10-12 16:59:00,10/12,정상운전검사,0.6158854538416734,0.6063760175128937,0.009509436328779652
2025-10-12 17:00:00,10/12,정상운전검사,0.6158854538416734,0.6063760175128937,0.009509436328779652
2025-10-12 17:01:00,10/12,정상운전검사,0.6158854538416734,0.6063760175128937,0.009509436328779652
2025-10-12 17:02:00,10/12,정상운전검사,0.6158854538416734,0.6063760175128937,0.009509436328779652
2025-10-12 17:03:00,10/12,정상운전검사,0.6158854538416734,0.6063760175128937,0.009509436328779652
2025-10-12 17:04:00,10/12,정상운전검사,0.6158854538416734,0.6063760175128937,0.009509436328779652
2025-10-12 17:05:00,10/12,정상운전검사,0.6158854538416734,0.6063760175128937,0.009509436328779652
2025-10-12 17:06:00,10/12,정상운전검사,0.6158854538416734,0.6063760175128937,0.009509436328779652
2025-10-12 17:07:00,10/12,정상운전검사,0.6158854538416734,0.6063760175128937,0.009509436328779652
2025-10-12 17:08:00,10/12,정상운전검사,0.6158854538416734,0.6063760175128937,0.009509436328779652
2025-10-12 17:09:00,10/12,정상운전검사,0.6158854538416734,0.6063760175128937,0.009509436328779652
2025-10-12 17:10:00,10/12,정상운전검사,0.6158854538416734,0.6063760175128937,0.009509436328779652
2025-10-12 17:11:00,10/12,정상운전검사,0.6158854538416734,0.6063760175128937,0.009509436328779652
2025-10-12 17:12:00,10/12,정상운전검사,0.6158854538416734,0.6063760175128937,0.009509436328779652
2025-10-12 17:13:00,10/12,정상운전검사,0.6158854538416734,0.6063760175128937,0.009509436328779652
2025-10-12 17:14:00,10/12,정상운전검사,0.6158854538416734,0.6063760175128937,0.009509436328779652
2025-10-12 17:15:00,10/12,정상운전검사,0.6158854538416734,0.6063760175128937,0.009509436328779652
2025-10-12 17:16:00,10/12,정상운전검사,0.6158854538416734,0.6063760175128937,0.009509436328779652
2025-10-12 17:17:00,10/12,정상운전검사,0.6158854538416734,0.6063760175128937,0.009509436328779652
2025-10-12 17:18:00,10/12,정상운전검사,0.6158854538416734,0.6063760175128937,0.009509436328779652
2025-10-12 17:19:00,10/12,정상운전검사,0.6158854538416734,0.6063760175128937,0.009509436328779652
2025-10-12 17:20:00,10/12,정상운전검사,0.6158854538416734,0.6063760175128937,0.009509436328779652
2025-10-12 17:21:00,10/12,정상운전검사,0.6158854538416734,0.6063760175128937,0.009509436328779652
2025-10-12 17:22:00,10/12,정상운전검사,0.6158854538416734,0.6063760175128937,0.009509436328779652
2025-10-12 17:23:00,10/12,정상운전검사,0.6158854538416734,0.6063760175128937,0.009509436328779652
2025-10-12 17:24:00,10/12,정상운전검사,0.6158854538416734,0.6063760175128937,0.009509436328779652
2025-10-12 17:25:00,10/12,정상운전검사,0.6158854538416734,0.6063760175128937,0.009509436328779652
2025-10-12 17:26:00,10/12,정상운전검사,0.6158854538416734,0.6063760175128937,0.009509436328779652
2025-10-12 17:27:00,10/12,정상운전검사,0.6158854538416734,0.6063760175128937,0.009509436328779652
2025-10-12 17:28:00,10/12,정상운전검사,0.6158854538416734,0.6063760175128937,0.009509436328779652
2025-10-12 17:29:00,10/12,정상운전검사,0.6158854538416734,0.6063760175128937,0.009509436328779652
2025-10-12 17:30:00,10/12,정상운전검사,0.6158854538416734,0.6063760175128937,0.009509436328779652
2025-10-12 17:31:00,10/12,정상운전검사,0.6158854538416734,0.6063760175128937,0.009509436328779652
2025-10-12 17:32:00,10/12,정상운전검사,0.6158854538416734,0.6063760175128937,0.009509436328779652
2025-10-12 17:33:00,10/12,정상운전검사,0.6158854538416734,0.6063760175128937,0.009509436328779652
2025-10-12 17:34:00,10/12,정상운전검사,0.6158854538416734,0.6063760175128937,0.009509436328779652
2025-10-12 17:35:00,10/12,정상운전검사,0.6158854538416734,0.6063760175128937,0.009509436328779652
2025-10-12 17:36:00,10/12,정상운전검사,0.6158854538416734,0.6063760175128937,0.009509436328779652
2025-10-12 17:37:00,10/12,정상운전검사,0.6158854538416734,0.6063760175128937,0.009509436328779652
2025-10-12 17:38:00,10/12,정상운전검사,0.6158854538416734,0.6063760175128937,0.009509436328779652
2025-10-12 17:39:00,10/12,정상운전검사,0.6158854538416734,0.6063760175128937,0.009509436328779652
2025-10-12 17:40:00,10/12,정상운전검사,0.6158854538416734,0.6063760175128937,0.009509436328779652
2025-10-12 17:41:00,10/12,정상운전검사,0.6158854538416734,0.6063760175128937,0.009509436328779652
2025-10-12 17:42:00,10/12,정상운전검사,0.6158854538416734,0.6063760175128937,0.009509436328779652
2025-10-12 17:43:00,10/12,정상운전검사,0.6158854538416734,0.6063760175128937,0.009509436328779652
2025-10-12 17:44:00,10/12,정상운전검사,0.6158854538416734,0.6063760175128937,0.009509436328779652
2025-10-12 17:45:00,10/12,정상운전검사,0.6158854538416734,0.6063760175128937,0.009509436328779652
2025-10-12 17:46:00,10/12,정상운전검사,0.6158854538416734,0.6063760175128937,0.009509436328779652
2025-10-12 17:47:00,10/12,정상운전검사,0.6158854538416734,0.6063760175128937,0.009509436328779652
2025-10-12 17:48:00,10/12,정상운전검사,0.6158854538416734,0.6063760175128937,0.009509436328779652
2025-10-12 17:49:00,10/12,정상운전검사,0.6158854538416734,0.6063760175128937,0.009509436328779652
2025-10-12 17:50:00,10/12,정상운전검사,0.6158854538416734,0.6063760175128937,0.009509436328779652
2025-10-12 17:51:00,10/12,정상운전검사,0.6158854538416734,0.6063760175128937,0.009509436328779652
2025-10-12 17:52:00,10/12,정상운전검사,0.6158854538416734,0.6063760175128937,0.009509436328779652
2025-10-12 17:53:00,10/12,정상운전검사,0.6158854538416734,0.6063760175128937,0.009509436328779652
2025-10-12 17:54:00,10/12,정상운전검사,0.6158854538416734,0.6063760175128937,0.009509436328779652
2025-10-12 17:55:00,10/12,정상운전검사,0.6158854538416734,0.6063760175128937,0.009509436328779652
2025-10-12 17:56:00,10/12,정상운전검사,0.6158854538416734,0.6063760175128937,0.009509436328779652
2025-10-12 17:57:00,10/12,정상운전검사,0.6158854538416734,0.6063760175128937,0.009509436328779652
2025-10-12 17:58:00,10/12,정상운전검사,0.6158854538416734,0.6063760175128937,0.009509436328779652
2025-10-12 17:59:00,10/12,정상운전검사,0.6158854538416734,0.6063760175128937,0.009509436328779652
2025-10-12 18:00:00,10/12,정상운전검사,0.6158854538416734,0.6063760175128937,0.009509436328779652
2025-10-12 18:01:00,10/12,정상운전검사,0.6158854538416734,0.6063760175128937,0.009509436328779652
2025-10-12 18:02:00,10/12,정상운전검사,0.6158854538416734,0.6063760175128937,0.009509436328779652
2025-10-12 18:03:00,10/12,정상운전검사,0.6158854538416734,0.6063760175128937,0.009509436328779652
2025-10-12 18:04:00,10/12,정상운전검사,0.6158854538416734,0.6063760175128937,0.009509436328779652
2025-10-12 18:05:00,10/12,정상운전검사,0.6158854538416734,0.6063760175128937,0.009509436328779652
2025-10-12 18:06:00,10/12,정상운전검사,0.6158854538416734,0.6063760175128937,0.009509436328779652
2025-10-12 18:07:00,10/12,정상운전검사,0.6158854538416734,0.6063760175128937,0.009509436328779652
2025-10-12 18:08:00,10/12,정상운전검사,0.6158854538416734,0.6063760175128937,0.009509436328779652
2025-10-12 18:09:00,10/12,정상운전검사,0.6158854538416734,0.6063760175128937,0.009509436328779652
2025-10-12 18:10:00,10/12,정상운전검사,0.6158854538416734,0.6063760175128937,0.009509436328779652
2025-10-12 18:11:00,10/12,정상운전검사,0.6158854538416734,0.6063760175128937,0.009509436328779652
2025-10-12 18:12:00,10/12,정상운전검사,0.6158854538416734,0.6063760175128937,0.009509436328779652
2025-10-12 18:13:00,10/12,정상운전검사,0.6158854538416734,0.6063760175128937,0.009509436328779652
2025-10-12 18:14:00,10/12,정상운전검사,0.6158854538416734,0.6063760175128937,0.009509436328779652
2025-10-12 18:15:00,10/12,정상운전검사,0.6158854538416734,0.6063760175128937,0.009509436328779652
2025-10-12 18:16:00,10/12,정상운전검사,0.6158854538416734,0.6063760175128937,0.009509436328779652
2025-10-12 18:17:00,10/12,정상운전검사,0.6158854538416734,0.6063760175128937,0.009509436328779652
2025-10-12 18:18:00,10/12,정상운전검사,0.6158854538416734,0.6063760175128937,0.009509436328779652
2025-10-12 18:19:00,10/12,정상운전검사,0.6158854538416734,0.6063760175128937,0.009509436328779652
2025-10-12 18:20:00,10/12,정상운전검사,0.6158854538416734,0.6063760175128937,0.009509436328779652
2025-10-12 18:21:00,10/12,정상운전검사,0.6158854538416734,0.6063760175128937,0.009509436328779652
2025-10-12 18:22:00,10/12,정상운전검사,0.6158854538416734,0.6063760175128937,0.009509436328779652
2025-10-12 18:23:00,10/12,정상운전검사,0.6158854538416734,0.6063760175128937,0.009509436328779652
2025-10-12 18:24:00,10/12,정상운전검사,0.6158854538416734,0.6063760175128937,0.009509436328779652
2025-10-12 18:25:00,10/12,정상운전검사,0.6158854538416734,0.6063760175128937,0.009509436328779652
2025-10-12 18:26:00,10/12,정상운전검사,0.6158854538416734,0.6063760175128937,0.009509436328779652
2025-10-12 18:27:00,10/12,정상운전검사,0.6158854538416734,0.6063760175128937,0.009509436328779652
2025-10-12 18:28:00,10/12,정상운전검사,0.6158854538416734,0.6063760175128937,0.009509436328779652
2025-10-12 18:29:00,10/12,정상운전검사,0.6158854538416734,0.6063760175128937,0.009509436328779652
2025-10-12 18:30:00,10/12,정상운전검사,0.6158854538416734,0.6063760175128937,0.009509436328779652
2025-10-12 18:31:00,10/12,정상운전검사,0.6158854538416734,0.6063760175128937,0.009509436328779652
2025-10-12 18:32:00,10/12,정상운전검사,0.6158854538416734,0.6063760175128937,0.009509436328779652
2025-10-12 18:33:00,10/12,정상운전검사,0.6158854538416734,0.6063760175128937,0.009509436328779652
2025-10-12 18:34:00,10/12,정상운전검사,0.6158854538416734,0.6063760175128937,0.009509436328779652
2025-10-12 18:35:00,10/12,정상운전검사,0.6158854538416734,0.6063760175128937,0.009509436328779652
2025-10-12 18:36:00,10/12,정상운전검사,0.6158854538416734,0.6063760175128937,0.009509436328779652
2025-10-12 18:37:00,10/12,정상운전검사,0.6158854538416734,0.6063760175128937,0.009509436328779652
2025-10-12 18:38:00,10/12,정상운전검사,0.6158854538416734,0.6063760175128937,0.009509436328779652
2025-10-12 18:39:00,10/12,정상운전검사,0.6158854538416734,0.6063760175128937,0.009509436328779652
2025-10-12 18:40:00,10/12,정상운전검사,0.6158854538416734,0.6063760175128937,0.009509436328779652
2025-10-12 18:41:00,10/12,정상운전검사,0.6158854538416734,0.6063760175128937,0.009509436328779652
2025-10-12 18:42:00,10/12,정상운전검사,0.6158854538416734,0.6063760175128937,0.009509436328779652
2025-10-12 18:43:00,10/12,정상운전검사,0.6158854538416734,0.6063760175128937,0.009509436328779652
2025-10-12 18:44:00,10/12,정상운전검사,0.6158854538416734,0.6063760175128937,0.009509436328779652
2025-10-12 18:45:00,10/12,정상운전검사,0.6158854538416734,0.6063760175128937,0.009509436328779652
2025-10-12 18:46:00,10/12,정상운전검사,0.6158854538416734,0.6063760175128937,0.009509436328779652
2025-10-12 18:47:00,10/12,정상운전검사,0.6158854538416734,0.6063760175128937,0.009509436328779652
2025-10-12 18:48:00,10/12,정상운전검사,0.6158854538416734,0.6063760175128937,0.009509436328779652
2025-10-12 18:49:00,10/12,정상운전검사,0.6158854538416734,0.6063760175128937,0.009509436328779652
2025-10-12 18:50:00,10/12,정상운전검사,0.6158854538416734,0.6063760175128937,0.009509436328779652
2025-10-12 18:51:00,10/12,정상운전검사,0.6158854538416734,0.6063760175128937,0.009509436328779652
2025-10-12 18:52:00,10/12,정상운전검사,0.6158854538416734,0.6063760175128937,0.009509436328779652
2025-10-12 18:53:00,10/12,정상운전검사,0.6158854538416734,0.6063760175128937,0.009509436328779652
2025-10-12 18:54:00,10/12,정상운전검사,0.6158854538416734,0.6063760175128937,0.009509436328779652
2025-10-12 18:55:00,10/12,정상운전검사,0.6158854538416734,0.6063760175128937,0.009509436328779652
2025-10-12 18:56:00,10/12,정상운전검사,0.6158854538416734,0.6063760175128937,0.009509436328779652
2025-10-12 18:57:00,10/12,정상운전검사,0.6158854538416734,0.6063760175128937,0.009509436328779652
2025-10-12 18:58:00,10/12,정상운전검사,0.6158854538416734,0.6063760175128937,0.009509436328779652
2025-10-12 18:59:00,10/12,정상운전검사,0.6158854538416734,0.6063760175128937,0.009509436328779652
2025-10-12 19:00:00,10/12,정상운전검사,0.6158854538416734,0.6063760175128937,0.009509436328779652
2025-10-12 19:01:00,10/12,정상운전검사,0.6158854538416734,0.6063760175128937,0.009509436328779652
2025-10-12 19:02:00,10/12,정상운전검사,0.6158854538416734,0.6063760175128937,0.009509436328779652
2025-10-12 19:03:00,10/12,정상운전검사,0.6158854538416734,0.6063760175128937,0.009509436328779652
2025-10-12 19:04:00,10/12,정상운전검사,0.6158854538416734,0.6063760175128937,0.009509436328779652
2025-10-12 19:05:00,10/12,정상운전검사,0.6158854538416734,0.6063760175128937,0.009509436328779652
2025-10-12 19:06:00,10/12,정상운전검사,0.6158854538416734,0.6063760175128937,0.009509436328779652
2025-10-12 19:07:00,10/12,정상운전검사,0.6158854538416734,0.6063760175128937,0.009509436328779652
2025-10-12 19:08:00,10/12,정상운전검사,0.6158854538416734,0.6063760175128937,0.009509436328779652
2025-10-12 19:09:00,10/12,정상운전검사,0.6158854538416734,0.6063760175128937,0.009509436328779652
2025-10-12 19:10:00,10/12,정상운전검사,0.6158854538416734,0.6063760175128937,0.009509436328779652
2025-10-12 19:11:00,10/12,정상운전검사,0.6158854538416734,0.6063760175128937,0.009509436328779652
2025-10-12 19:12:00,10/12,정상운전검사,0.6158854538416734,0.6063760175128937,0.009509436328779652
2025-10-12 19:13:00,10/12,정상운전검사,0.6158854538416734,0.6063760175128937,0.009509436328779652
2025-10-12 19:14:00,10/12,정상운전검사,0.6158854538416734,0.6063760175128937,0.009509436328779652
2025-10-12 19:15:00,10/12,정상운전검사,0.6158854538416734,0.6063760175128937,0.009509436328779652
2025-10-12 19:16:00,10/12,정상운전검사,0.6158854538416734,0.6063760175128937,0.009509436328779652
2025-10-12 19:17:00,10/12,정상운전검사,0.6158854538416734,0.6063760175128937,0.009509436328779652
2025-10-12 19:18:00,10/12,정상운전검사,0.6158854538416734,0.6063760175128937,0.009509436328779652
2025-10-12 19:19:00,10/12,정상운전검사,0.6158854538416734,0.6063760175128937,0.009509436328779652
2025-10-12 19:20:00,10/12,정상운전검사,0.6158854538416734,0.6063760175128937,0.009509436328779652
2025-10-12 19:21:00,10/12,정상운전검사,0.6158854538416734,0.6063760175128937,0.009509436328779652
2025-10-12 19:22:00,10/12,정상운전검사,0.6158854538416734,0.6063760175128937,0.009509436328779652
2025-10-12 19:23:00,10/12,정상운전검사,0.6158854538416734,0.6063760175128937,0.009509436328779652
2025-10-12 19:24:00,10/12,정상운전검사,0.6158854538416734,0.6063760175128937,0.009509436328779652
2025-10-12 19:25:00,10/12,정상운전검사,0.6158854538416734,0.6063760175128937,0.009509436328779652
2025-10-12 19:26:00,10/12,정상운전검사,0.6158854538416734,0.6063760175128937,0.009509436328779652
2025-10-12 19:27:00,10/12,정상운전검사,0.6158854538416734,0.6063760175128937,0.009509436328779652
2025-10-12 19:28:00,10/12,정상운전검사,0.6158854538416734,0.6063760175128937,0.009509436328779652
2025-10-12 19:29:00,10/12,정상운전검사,0.6158854538416734,0.6063760175128937,0.009509436328779652
2025-10-12 19:30:00,10/12,정상운전검사,0.6158854538416734,0.6063760175128937,0.009509436328779652
2025-10-12 19:31:00,10/12,정상운전검사,0.6158854538416734,0.6063760175128937,0.009509436328779652
2025-10-12 19:32:00,10/12,정상운전검사,0.6158854538416734,0.6063760175128937,0.009509436328779652
2025-10-12 19:33:00,10/12,정상운전검사,0.6158854538416734,0.6063760175128937,0.009509436328779652
2025-10-12 19:34:00,10/12,정상운전검사,0.6158854538416734,0.6063760175128937,0.009509436328779652
2025-10-12 19:35:00,10/12,정상운전검사,0.6158854538416734,0.6063760175128937,0.009509436328779652
2025-10-12 19:36:00,10/12,정상운전검사,0.6158854538416734,0.6063760175128937,0.009509436328779652
2025-10-12 19:37:00,10/12,정상운전검사,0.6158854538416734,0.6063760175128937,0.009509436328779652
2025-10-12 19:38:00,10/12,정상운전검사,0.6158854538416734,0.6063760175128937,0.009509436328779652
2025-10-12 19:39:00,10/12,정상운전검사,0.6158854538416734,0.6063760175128937,0.009509436328779652
2025-10-12 19:40:00,10/12,정상운전검사,0.6158854538416734,0.6063760175128937,0.009509436328779652
2025-10-12 19:41:00,10/12,정상운전검사,0.6158854538416734,0.6063760175128937,0.009509436328779652
2025-10-12 19:42:00,10/12,정상운전검사,0.6158854538416734,0.6063760175128937,0.009509436328779652
2025-10-12 19:43:00,10/12,정상운전검사,0.6158854538416734,0.6063760175128937,0.009509436328779652
2025-10-12 19:44:00,10/12,정상운전검사,0.6158854538416734,0.6063760175128937,0.009509436328779652
2025-10-12 19:45:00,10/12,정상운전검사,0.6158854538416734,0.6063760175128937,0.009509436328779652
2025-10-12 19:46:00,10/12,정상운전검사,0.6158854538416734,0.6063760175128937,0.009509436328779652
2025-10-12 19:47:00,10/12,정상운전검사,0.6158854538416734,0.6063760175128937,0.009509436328779652
2025-10-12 19:48:00,10/12,정상운전검사,0.6158854538416734,0.6063760175128937,0.009509436328779652
2025-10-12 19:49:00,10/12,정상운전검사,0.6158854538416734,0.6063760175128937,0.009509436328779652
2025-10-12 19:50:00,10/12,정상운전검사,0.6158854538416734,0.6063760175128937,0.009509436328779652
2025-10-12 19:51:00,10/12,정상운전검사,0.6158854538416734,0.6063760175128937,0.009509436328779652
2025-10-12 19:52:00,10/12,정상운전검사,0.6158854538416734,0.6063760175128937,0.009509436328779652
2025-10-12 19:53:00,10/12,정상운전검사,0.6158854538416734,0.6063760175128937,0.009509436328779652
2025-10-12 19:54:00,10/12,정상운전검사,0.6158854538416734,0.6063760175128937,0.009509436328779652
2025-10-12 19:55:00,10/12,정상운전검사,0.6158854538416734,0.6063760175128937,0.009509436328779652
2025-10-12 19:56:00,10/12,정상운전검사,0.6158854538416734,0.6063760175128937,0.009509436328779652
2025-10-12 19:57:00,10/12,정상운전검사,0.6158854538416734,0.6063760175128937,0.009509436328779652
2025-10-12 19:58:00,10/12,정상운전검사,0.6158854538416734,0.6063760175128937,0.009509436328779652
2025-10-12 19:59:00,10/12,정상운전검사,0.6158854538416734,0.6063760175128937,0.009509436328779652
2025-10-12 20:00:00,10/12,정상운전검사,0.6158854538416734,0.6063760175128937,0.009509436328779652
2025-10-12 20:01:00,10/12,정상운전검사,0.6158854538416734,0.6063760175128937,0.009509436328779652
2025-10-12 20:02:00,10/12,정상운전검사,0.6158854538416734,0.6063760175128937,0.009509436328779652
2025-10-12 20:03:00,10/12,정상운전검사,0.6158854538416734,0.6063760175128937,0.009509436328779652
2025-10-12 20:04:00,10/12,정상운전검사,0.6158854538416734,0.6063760175128937,0.009509436328779652
2025-10-12 20:05:00,10/12,정상운전검사,0.6158854538416734,0.6063760175128937,0.009509436328779652
2025-10-12 20:06:00,10/12,정상운전검사,0.6158854538416734,0.6063760175128937,0.009509436328779652
2025-10-12 20:07:00,10/12,정상운전검사,0.6158854538416734,0.6063760175128937,0.009509436328779652
2025-10-12 20:08:00,10/12,정상운전검사,0.6158854538416734,0.6063760175128937,0.009509436328779652
2025-10-12 20:09:00,10/12,정상운전검사,0.6158854538416734,0.6063760175128937,0.009509436328779652
2025-10-12 20:10:00,10/12,정상운전검사,0.6158854538416734,0.6063760175128937,0.009509436328779652
2025-10-12 20:11:00,10/12,정상운전검사,0.6158854538416734,0.6063760175128937,0.009509436328779652
2025-10-12 20:12:00,10/12,정상운전검사,0.6158854538416734,0.6063760175128937,0.009509436328779652
2025-10-12 20:13:00,10/12,정상운전검사,0.6158854538416734,0.6063760175128937,0.009509436328779652
2025-10-12 20:14:00,10/12,정상운전검사,0.6158854538416734,0.6063760175128937,0.009509436328779652
2025-10-12 20:15:00,10/12,정상운전검사,0.6158854538416734,0.6063760175128937,0.009509436328779652
2025-10-12 20:16:00,10/12,정상운전검사,0.6158854538416734,0.6063760175128937,0.009509436328779652
2025-10-12 20:17:00,10/12,정상운전검사,0.6158854538416734,0.6063760175128937,0.009509436328779652
2025-10-12 20:18:00,10/12,정상운전검사,0.6158854538416734,0.6063760175128937,0.009509436328779652
2025-10-12 20:19:00,10/12,정상운전검사,0.6158854538416734,0.6063760175128937,0.009509436328779652
2025-10-12 20:20:00,10/12,정상운전검사,0.6158854538416734,0.6063760175128937,0.009509436328779652
2025-10-12 20:21:00,10/12,정상운전검사,0.6158854538416734,0.6063760175128937,0.009509436328779652
2025-10-12 20:22:00,10/12,정상운전검사,0.6158854538416734,0.6063760175128937,0.009509436328779652
2025-10-12 20:23:00,10/12,정상운전검사,0.6158854538416734,0.6063760175128937,0.009509436328779652
2025-10-12 20:24:00,10/12,정상운전검사,0.6158854538416734,0.6063760175128937,0.009509436328779652
2025-10-12 20:25:00,10/12,정상운전검사,0.6158854538416734,0.6063760175128937,0.009509436328779652
2025-10-12 20:26:00,10/12,정상운전검사,0.6158854538416734,0.6063760175128937,0.009509436328779652
2025-10-12 20:27:00,10/12,정상운전검사,0.6158854538416734,0.6063760175128937,0.009509436328779652
2025-10-12 20:28:00,10/12,정상운전검사,0.6158854538416734,0.6063760175128937,0.009509436328779652
2025-10-12 20:29:00,10/12,정상운전검사,0.6158854538416734,0.6063760175128937,0.009509436328779652
2025-10-12 20:30:00,10/12,정상운전검사,0.6158854538416734,0.6063760175128937,0.009509436328779652
2025-10-12 20:31:00,10/12,정상운전검사,0.6158854538416734,0.6063760175128937,0.009509436328779652
2025-10-12 20:32:00,10/12,정상운전검사,0.6158854538416734,0.6063760175128937,0.009509436328779652
2025-10-12 20:33:00,10/12,정상운전검사,0.6158854538416734,0.6063760175128937,0.009509436328779652
2025-10-12 20:34:00,10/12,정상운전검사,0.6158854538416734,0.6063760175128937,0.009509436328779652
2025-10-12 20:35:00,10/12,정상운전검사,0.6158854538416734,0.6063760175128937,0.009509436328779652
2025-10-12 20:36:00,10/12,정상운전검사,0.6158854538416734,0.6063760175128937,0.009509436328779652
2025-10-12 20:37:00,10/12,정상운전검사,0.6158854538416734,0.6063760175128937,0.009509436328779652
2025-10-12 20:38:00,10/12,정상운전검사,0.6158854538416734,0.6063760175128937,0.009509436328779652
2025-10-12 20:39:00,10/12,정상운전검사,0.6158854538416734,0.6063760175128937,0.009509436328779652
2025-10-12 20:40:00,10/12,정상운전검사,0.6158854538416734,0.6063760175128937,0.009509436328779652
2025-10-12 20:41:00,10/12,정상운전검사,0.6158854538416734,0.6063760175128937,0.009509436328779652
2025-10-12 20:42:00,10/12,정상운전검사,0.6158854538416734,0.6063760175128937,0.009509436328779652
2025-10-12 20:43:00,10/12,정상운전검사,0.6158854538416734,0.6063760175128937,0.009509436328779652
2025-10-12 20:44:00,10/12,정상운전검사,0.6158854538416734,0.6063760175128937,0.009509436328779652
2025-10-12 20:45:00,10/12,정상운전검사,0.6158854538416734,0.6063760175128937,0.009509436328779652
2025-10-12 20:46:00,10/12,정상운전검사,0.6158854538416734,0.6063760175128937,0.009509436328779652
2025-10-12 20:47:00,10/12,정상운전검사,0.6158854538416734,0.6063760175128937,0.009509436328779652
2025-10-12 20:48:00,10/12,정상운전검사,0.6158854538416734,0.6063760175128937,0.009509436328779652
2025-10-12 20:49:00,10/12,정상운전검사,0.6158854538416734,0.6063760175128937,0.009509436328779652
2025-10-12 20:50:00,10/12,정상운전검사,0.6158854538416734,0.6063760175128937,0.009509436328779652
2025-10-12 20:51:00,10/12,정상운전검사,0.6158854538416734,0.6063760175128937,0.009509436328779652
2025-10-12 20:52:00,10/12,정상운전검사,0.6158854538416734,0.6063760175128937,0.009509436328779652
2025-10-12 20:53:00,10/12,정상운전검사,0.6158854538416734,0.6063760175128937,0.009509436328779652
2025-10-12 20:54:00,10/12,정상운전검사,0.6158854538416734,0.6063760175128937,0.009509436328779652
2025-10-12 20:55:00,10/12,정상운전검사,0.6158854538416734,0.6063760175128937,0.009509436328779652
2025-10-12 20:56:00,10/12,정상운전검사,0.6158854538416734,0.6063760175128937,0.009509436328779652
2025-10-12 20:57:00,10/12,정상운전검사,0.6158854538416734,0.6063760175128937,0.009509436328779652
2025-10-12 20:58:00,10/12,정상운전검사,0.6158854538416734,0.6063760175128937,0.009509436328779652
2025-10-12 20:59:00,10/12,정상운전검사,0.6158854538416734,0.6063760175128937,0.009509436328779652
2025-10-12 21:00:00,10/12,정상운전검사,0.6158854538416734,0.6063760175128937,0.009509436328779652
2025-10-12 21:01:00,10/12,정상운전검사,0.6158854538416734,0.6063760175128937,0.009509436328779652
2025-10-12 21:02:00,10/12,정상운전검사,0.6158854538416734,0.6063760175128937,0.009509436328779652
2025-10-12 21:03:00,10/12,정상운전검사,0.6158854538416734,0.6063760175128937,0.009509436328779652
2025-10-12 21:04:00,10/12,정상운전검사,0.6158854538416734,0.6063760175128937,0.009509436328779652
2025-10-12 21:05:00,10/12,정상운전검사,0.6158854538416734,0.6063760175128937,0.009509436328779652
2025-10-12 21:06:00,10/12,정상운전검사,0.6158854538416734,0.6063760175128937,0.009509436328779652
2025-10-12 21:07:00,10/12,정상운전검사,0.6158854538416734,0.6063760175128937,0.009509436328779652
2025-10-12 21:08:00,10/12,정상운전검사,0.6158854538416734,0.6063760175128937,0.009509436328779652
2025-10-12 21:09:00,10/12,정상운전검사,0.6158854538416734,0.6063760175128937,0.009509436328779652
2025-10-12 21:10:00,10/12,정상운전검사,0.6158854538416734,0.6063760175128937,0.009509436328779652
2025-10-12 21:11:00,10/12,정상운전검사,0.6158854538416734,0.6063760175128937,0.009509436328779652
2025-10-12 21:12:00,10/12,정상운전검사,0.6158854538416734,0.6063760175128937,0.009509436328779652
2025-10-12 21:13:00,10/12,정상운전검사,0.6158854538416734,0.6063760175128937,0.009509436328779652
2025-10-12 21:14:00,10/12,정상운전검사,0.6158854538416734,0.6063760175128937,0.009509436328779652
2025-10-12 21:15:00,10/12,정상운전검사,0.6158854538416734,0.6063760175128937,0.009509436328779652
2025-10-12 21:16:00,10/12,정상운전검사,0.6158854538416734,0.6063760175128937,0.009509436328779652
2025-10-12 21:17:00,10/12,정상운전검사,0.6158854538416734,0.6063760175128937,0.009509436328779652
2025-10-12 21:18:00,10/12,정상운전검사,0.6158854538416734,0.6063760175128937,0.009509436328779652
2025-10-12 21:19:00,10/12,정상운전검사,0.6158854538416734,0.6063760175128937,0.009509436328779652
2025-10-12 21:20:00,10/12,정상운전검사,0.6158854538416734,0.6063760175128937,0.009509436328779652
2025-10-12 21:21:00,10/12,정상운전검사,0.6158854538416734,0.6063760175128937,0.009509436328779652
2025-10-12 21:22:00,10/12,정상운전검사,0.6158854538416734,0.6063760175128937,0.009509436328779652
2025-10-12 21:23:00,10/12,정상운전검사,0.6158854538416734,0.6063760175128937,0.009509436328779652
2025-10-12 21:24:00,10/12,정상운전검사,0.6158854538416734,0.6063760175128937,0.009509436328779652
2025-10-12 21:25:00,10/12,정상운전검사,0.6158854538416734,0.6063760175128937,0.009509436328779652
2025-10-12 21:26:00,10/12,정상운전검사,0.6158854538416734,0.6063760175128937,0.009509436328779652
2025-10-12 21:27:00,10/12,정상운전검사,0.6158854538416734,0.6063760175128937,0.009509436328779652
2025-10-12 21:28:00,10/12,정상운전검사,0.6158854538416734,0.6063760175128937,0.009509436328779652
2025-10-12 21:29:00,10/12,정상운전검사,0.6158854538416734,0.6063760175128937,0.009509436328779652
2025-10-12 21:30:00,10/12,정상운전검사,0.6158854538416734,0.6063760175128937,0.009509436328779652
2025-10-12 21:31:00,10/12,정상운전검사,0.6158854538416734,0.6063760175128937,0.009509436328779652
2025-10-12 21:32:00,10/12,정상운전검사,0.6158854538416734,0.6063760175128937,0.009509436328779652
2025-10-12 21:33:00,10/12,정상운전검사,0.6158854538416734,0.6063760175128937,0.009509436328779652
2025-10-12 21:34:00,10/12,정상운전검사,0.6158854538416734,0.6063760175128937,0.009509436328779652
2025-10-12 21:35:00,10/12,정상운전검사,0.6158854538416734,0.6063760175128937,0.009509436328779652
2025-10-12 21:36:00,10/12,정상운전검사,0.6158854538416734,0.6063760175128937,0.009509436328779652
2025-10-12 21:37:00,10/12,정상운전검사,0.6158854538416734,0.6063760175128937,0.009509436328779652
2025-10-12 21:38:00,10/12,정상운전검사,0.6158854538416734,0.6063760175128937,0.009509436328779652
2025-10-12 21:39:00,10/12,정상운전검사,0.6158854538416734,0.6063760175128937,0.009509436328779652
2025-10-12 21:40:00,10/12,정상운전검사,0.6158854538416734,0.6063760175128937,0.009509436328779652
2025-10-12 21:41:00,10/12,정상운전검사,0.6158854538416734,0.6063760175128937,0.009509436328779652
2025-10-12 21:42:00,10/12,정상운전검사,0.6158854538416734,0.6063760175128937,0.009509436328779652
2025-10-12 21:43:00,10/12,정상운전검사,0.6158854538416734,0.6063760175128937,0.009509436328779652
2025-10-12 21:44:00,10/12,정상운전검사,0.6158854538416734,0.6063760175128937,0.009509436328779652
2025-10-12 21:45:00,10/12,정상운전검사,0.6158854538416734,0.6063760175128937,0.009509436328779652
2025-10-12 21:46:00,10/12,정상운전검사,0.6158854538416734,0.6063760175128937,0.009509436328779652
2025-10-12 21:47:00,10/12,정상운전검사,0.6158854538416734,0.6063760175128937,0.009509436328779652
2025-10-12 21:48:00,10/12,정상운전검사,0.6158854538416734,0.6063760175128937,0.009509436328779652
2025-10-12 21:49:00,10/12,정상운전검사,0.6158854538416734,0.6063760175128937,0.009509436328779652
2025-10-12 21:50:00,10/12,정상운전검사,0.6158854538416734,0.6063760175128937,0.009509436328779652
2025-10-12 21:51:00,10/12,정상운전검사,0.6158854538416734,0.6063760175128937,0.009509436328779652
2025-10-12 21:52:00,10/12,정상운전검사,0.6158854538416734,0.6063760175128937,0.009509436328779652
2025-10-12 21:53:00,10/12,정상운전검사,0.6158854538416734,0.6063760175128937,0.009509436328779652
2025-10-12 21:54:00,10/12,정상운전검사,0.6158854538416734,0.6063760175128937,0.009509436328779652
2025-10-12 21:55:00,10/12,정상운전검사,0.6158854538416734,0.6063760175128937,0.009509436328779652
2025-10-12 21:56:00,10/12,정상운전검사,0.6158854538416734,0.6063760175128937,0.009509436328779652
2025-10-12 21:57:00,10/12,정상운전검사,0.6158854538416734,0.6063760175128937,0.009509436328779652
2025-10-12 21:58:00,10/12,정상운전검사,0.6158854538416734,0.6063760175128937,0.009509436328779652
2025-10-12 21:59:00,10/12,정상운전검사,0.6158854538416734,0.6063760175128937,0.009509436328779652
2025-10-12 22:00:00,10/12,정상운전검사,0.6158854538416734,0.6063760175128937,0.009509436328779652
2025-10-12 22:01:00,10/12,정상운전검사,0.6158854538416734,0.6063760175128937,0.009509436328779652
2025-10-12 22:02:00,10/12,정상운전검사,0.6158854538416734,0.6063760175128937,0.009509436328779652
2025-10-12 22:03:00,10/12,정상운전검사,0.6158854538416734,0.6063760175128937,0.009509436328779652
2025-10-12 22:04:00,10/12,정상운전검사,0.6158854538416734,0.6063760175128937,0.009509436328779652
2025-10-12 22:05:00,10/12,정상운전검사,0.6158854538416734,0.6063760175128937,0.009509436328779652
2025-10-12 22:06:00,10/12,정상운전검사,0.6158854538416734,0.6063760175128937,0.009509436328779652
2025-10-12 22:07:00,10/12,정상운전검사,0.6158854538416734,0.6063760175128937,0.009509436328779652
2025-10-12 22:08:00,10/12,정상운전검사,0.6158854538416734,0.6063760175128937,0.009509436328779652
2025-10-12 22:09:00,10/12,정상운전검사,0.6158854538416734,0.6063760175128937,0.009509436328779652
2025-10-12 22:10:00,10/12,정상운전검사,0.6158854538416734,0.6063760175128937,0.009509436328779652
2025-10-12 22:11:00,10/12,정상운전검사,0.6158854538416734,0.6063760175128937,0.009509436328779652
2025-10-12 22:12:00,10/12,정상운전검사,0.6158854538416734,0.6063760175128937,0.009509436328779652
2025-10-12 22:13:00,10/12,정상운전검사,0.6158854538416734,0.6063760175128937,0.009509436328779652
2025-10-12 22:14:00,10/12,정상운전검사,0.6158854538416734,0.6063760175128937,0.009509436328779652
2025-10-12 22:15:00,10/12,정상운전검사,0.6158854538416734,0.6063760175128937,0.009509436328779652
2025-10-12 22:16:00,10/12,정상운전검사,0.6158854538416734,0.6063760175128937,0.009509436328779652
2025-10-12 22:17:00,10/12,정상운전검사,0.6158854538416734,0.6063760175128937,0.009509436328779652
2025-10-12 22:18:00,10/12,정상운전검사,0.6158854538416734,0.6063760175128937,0.009509436328779652
2025-10-12 22:19:00,10/12,정상운전검사,0.6158854538416734,0.6063760175128937,0.009509436328779652
2025-10-12 22:20:00,10/12,정상운전검사,0.6158854538416734,0.6063760175128937,0.009509436328779652
2025-10-12 22:21:00,10/12,정상운전검사,0.6158854538416734,0.6063760175128937,0.009509436328779652
2025-10-12 22:22:00,10/12,정상운전검사,0.6158854538416734,0.6063760175128937,0.009509436328779652
2025-10-12 22:23:00,10/12,정상운전검사,0.6158854538416734,0.6063760175128937,0.009509436328779652
2025-10-12 22:24:00,10/12,정상운전검사,0.6158854538416734,0.6063760175128937,0.009509436328779652
2025-10-12 22:25:00,10/12,정상운전검사,0.6158854538416734,0.6063760175128937,0.009509436328779652
2025-10-12 22:26:00,10/12,정상운전검사,0.6158854538416734,0.6063760175128937,0.009509436328779652
2025-10-12 22:27:00,10/12,정상운전검사,0.6158854538416734,0.6063760175128937,0.009509436328779652
2025-10-12 22:28:00,10/12,정상운전검사,0.6158854538416734,0.6063760175128937,0.009509436328779652
2025-10-12 22:29:00,10/12,정상운전검사,0.6158854538416734,0.6063760175128937,0.009509436328779652
2025-10-12 22:30:00,10/12,정상운전검사,0.6158854538416734,0.6063760175128937,0.009509436328779652
2025-10-12 22:31:00,10/12,정상운전검사,0.6158854538416734,0.6063760175128937,0.009509436328779652
2025-10-12 22:32:00,10/12,정상운전검사,0.6158854538416734,0.6063760175128937,0.009509436328779652
2025-10-12 22:33:00,10/12,정상운전검사,0.6158854538416734,0.6063760175128937,0.009509436328779652
2025-10-12 22:34:00,10/12,정상운전검사,0.6158854538416734,0.6063760175128937,0.009509436328779652
2025-10-12 22:35:00,10/12,정상운전검사,0.6158854538416734,0.6063760175128937,0.009509436328779652
2025-10-12 22:36:00,10/12,정상운전검사,0.6158854538416734,0.6063760175128937,0.009509436328779652
2025-10-12 22:37:00,10/12,정상운전검사,0.6158854538416734,0.6063760175128937,0.009509436328779652
2025-10-12 22:38:00,10/12,정상운전검사,0.6158854538416734,0.6063760175128937,0.009509436328779652
2025-10-12 22:39:00,10/12,정상운전검사,0.6158854538416734,0.6063760175128937,0.009509436328779652
2025-10-12 22:40:00,10/12,정상운전검사,0.6158854538416734,0.6063760175128937,0.009509436328779652
2025-10-12 22:41:00,10/12,정상운전검사,0.6158854538416734,0.6063760175128937,0.009509436328779652
2025-10-12 22:42:00,10/12,정상운전검사,0.6158854538416734,0.6063760175128937,0.009509436328779652
2025-10-12 22:43:00,10/12,정상운전검사,0.6158854538416734,0.6063760175128937,0.009509436328779652
2025-10-12 22:44:00,10/12,정상운전검사,0.6158854538416734,0.6063760175128937,0.009509436328779652
2025-10-12 22:45:00,10/12,정상운전검사,0.6158854538416734,0.6063760175128937,0.009509436328779652
2025-10-12 22:46:00,10/12,정상운전검사,0.6158854538416734,0.6063760175128937,0.009509436328779652
2025-10-12 22:47:00,10/12,정상운전검사,0.6158854538416734,0.6063760175128937,0.009509436328779652
2025-10-12 22:48:00,10/12,정상운전검사,0.6158854538416734,0.6063760175128937,0.009509436328779652
2025-10-12 22:49:00,10/12,정상운전검사,0.6158854538416734,0.6063760175128937,0.009509436328779652
2025-10-12 22:50:00,10/12,정상운전검사,0.6158854538416734,0.6063760175128937,0.009509436328779652
2025-10-12 22:51:00,10/12,정상운전검사,0.6158854538416734,0.6063760175128937,0.009509436328779652
2025-10-12 22:52:00,10/12,정상운전검사,0.6158854538416734,0.6063760175128937,0.009509436328779652
2025-10-12 22:53:00,10/12,정상운전검사,0.6158854538416734,0.6063760175128937,0.009509436328779652
2025-10-12 22:54:00,10/12,정상운전검사,0.6158854538416734,0.6063760175128937,0.009509436328779652
2025-10-12 22:55:00,10/12,정상운전검사,0.6158854538416734,0.6063760175128937,0.009509436328779652
2025-10-12 22:56:00,10/12,정상운전검사,0.6158854538416734,0.6063760175128937,0.009509436328779652
2025-10-12 22:57:00,10/12,정상운전검사,0.6158854538416734,0.6063760175128937,0.009509436328779652
2025-10-12 22:58:00,10/12,정상운전검사,0.6158854538416734,0.6063760175128937,0.009509436328779652
2025-10-12 22:59:00,10/12,정상운전검사,0.6158854538416734,0.6063760175128937,0.009509436328779652
2025-10-12 23:00:00,10/12,정상운전검사,0.6158854538416734,0.6063760175128937,0.009509436328779652
2025-10-13 15:00:00,10/13,학습,0.6158854538416734,0.6063760371777527,0.009509416663920689
2025-10-13 15:01:00,10/13,학습,0.6158854538416734,0.6063760371777527,0.009509416663920689
2025-10-13 15:02:00,10/13,학습,0.6158854538416734,0.6063760371777527,0.009509416663920689
2025-10-13 15:03:00,10/13,학습,0.6158854538416734,0.6063760371777527,0.009509416663920689
2025-10-13 15:04:00,10/13,학습,0.6158854538416734,0.6063760371777527,0.009509416663920689
2025-10-13 15:05:00,10/13,학습,0.6158854538416734,0.6063760371777527,0.009509416663920689
2025-10-13 15:06:00,10/13,학습,0.6158854538416734,0.6063760371777527,0.009509416663920689
2025-10-13 15:07:00,10/13,학습,0.6158854538416734,0.6063760371777527,0.009509416663920689
2025-10-13 15:08:00,10/13,학습,0.6158854538416734,0.6063760371777527,0.009509416663920689
2025-10-13 15:09:00,10/13,학습,0.6158854538416734,0.6063760371777527,0.009509416663920689
2025-10-13 15:10:00,10/13,학습,0.6158854538416734,0.6063760371777527,0.009509416663920689
2025-10-13 15:11:00,10/13,학습,0.6158854538416734,0.6063760371777527,0.009509416663920689
2025-10-13 15:12:00,10/13,학습,0.6158854538416734,0.6063760371777527,0.009509416663920689
2025-10-13 15:13:00,10/13,학습,0.6158854538416734,0.6063760371777527,0.009509416663920689
2025-10-13 15:14:00,10/13,학습,0.6158854538416734,0.6063760371777527,0.009509416663920689
2025-10-13 15:15:00,10/13,학습,0.6158854538416734,0.6063760371777527,0.009509416663920689
2025-10-13 15:16:00,10/13,학습,0.6158854538416734,0.6063760371777527,0.009509416663920689
2025-10-13 15:17:00,10/13,학습,0.6158854538416734,0.6063760371777527,0.009509416663920689
2025-10-13 15:18:00,10/13,학습,0.6158854538416734,0.6063760371777527,0.009509416663920689
2025-10-13 15:19:00,10/13,학습,0.6158854538416734,0.6063760371777527,0.009509416663920689
2025-10-13 15:20:00,10/13,학습,0.6158854538416734,0.6063760371777527,0.009509416663920689
2025-10-13 15:21:00,10/13,학습,0.6158854538416734,0.6063760371777527,0.009509416663920689
2025-10-13 15:22:00,10/13,학습,0.6158854538416734,0.6063760371777527,0.009509416663920689
2025-10-13 15:23:00,10/13,학습,0.6158854538416734,0.6063760371777527,0.009509416663920689
2025-10-13 15:24:00,10/13,학습,0.6158854538416734,0.6063760371777527,0.009509416663920689
2025-10-13 15:25:00,10/13,학습,0.6158854538416734,0.6063760371777527,0.009509416663920689
2025-10-13 15:26:00,10/13,학습,0.6158854538416734,0.6063760371777527,0.009509416663920689
2025-10-13 15:27:00,10/13,학습,0.6158854538416734,0.6063760371777527,0.009509416663920689
2025-10-13 15:28:00,10/13,학습,0.6158854538416734,0.6063760371777527,0.009509416663920689
2025-10-13 15:29:00,10/13,학습,0.6158854538416734,0.6063760371777527,0.009509416663920689
2025-10-13 15:30:00,10/13,학습,0.6158854538416734,0.6063760371777527,0.009509416663920689
2025-10-13 15:31:00,10/13,학습,0.6158854538416734,0.6063760371777527,0.009509416663920689
2025-10-13 15:32:00,10/13,학습,0.6158854538416734,0.6063760371777527,0.009509416663920689
2025-10-13 15:33:00,10/13,학습,0.6158854538416734,0.6063760371777527,0.009509416663920689
2025-10-13 15:34:00,10/13,학습,0.6158854538416734,0.6063760371777527,0.009509416663920689
2025-10-13 15:35:00,10/13,학습,0.6158854538416734,0.6063760371777527,0.009509416663920689
2025-10-13 15:36:00,10/13,학습,0.6158854538416734,0.6063760371777527,0.009509416663920689
2025-10-13 15:37:00,10/13,학습,0.6158854538416734,0.6063760371777527,0.009509416663920689
2025-10-13 15:38:00,10/13,학습,0.6158854538416734,0.6063760371777527,0.009509416663920689
2025-10-13 15:39:00,10/13,학습,0.6158854538416734,0.6063760371777527,0.009509416663920689
2025-10-13 15:40:00,10/13,학습,0.6158854538416734,0.6063760371777527,0.009509416663920689
2025-10-13 15:41:00,10/13,학습,0.6158854538416734,0.6063760371777527,0.009509416663920689
2025-10-13 15:42:00,10/13,학습,0.6158854538416734,0.6063760371777527,0.009509416663920689
2025-10-13 15:43:00,10/13,학습,0.6158854538416734,0.6063760371777527,0.009509416663920689
2025-10-13 15:44:00,10/13,학습,0.6158854538416734,0.6063760371777527,0.009509416663920689
2025-10-13 15:45:00,10/13,학습,0.6158854538416734,0.6063760371777527,0.009509416663920689
2025-10-13 15:46:00,10/13,학습,0.6158854538416734,0.6063760371777527,0.009509416663920689
2025-10-13 15:47:00,10/13,학습,0.6158854538416734,0.6063760371777527,0.009509416663920689
2025-10-13 15:48:00,10/13,학습,0.6158854538416734,0.6063760371777527,0.009509416663920689
2025-10-13 15:49:00,10/13,학습,0.6158854538416734,0.6063760371777527,0.009509416663920689
2025-10-13 15:50:00,10/13,학습,0.6158854538416734,0.6063760371777527,0.009509416663920689
2025-10-13 15:51:00,10/13,학습,0.6158854538416734,0.6063760371777527,0.009509416663920689
2025-10-13 15:52:00,10/13,학습,0.6158854538416734,0.6063760371777527,0.009509416663920689
2025-10-13 15:53:00,10/13,학습,0.6158854538416734,0.6063760371777527,0.009509416663920689
2025-10-13 15:54:00,10/13,학습,0.6158854538416734,0.6063760371777527,0.009509416663920689
2025-10-13 15:55:00,10/13,학습,0.6158854538416734,0.6063760371777527,0.009509416663920689
2025-10-13 15:56:00,10/13,학습,0.6158854538416734,0.6063760371777527,0.009509416663920689
2025-10-13 15:57:00,10/13,학습,0.6158854538416734,0.6063760371777527,0.009509416663920689
2025-10-13 15:58:00,10/13,학습,0.6158854538416734,0.6063760371777527,0.009509416663920689
2025-10-13 15:59:00,10/13,학습,0.6158854538416734,0.6063760371777527,0.009509416663920689
2025-10-13 16:00:00,10/13,학습,0.6156422721890389,0.60622401251221,0.009418259676828855
2025-10-13 16:01:00,10/13,학습,0.6151334796637873,0.6058319003695866,0.009301579294200724
2025-10-13 16:02:00,10/13,학습,0.6160045931446534,0.6067386979207774,0.009265895223875997
2025-10-13 16:03:00,10/13,학습,0.6196994128491504,0.6103552254004271,0.00934418744872334
2025-10-13 16:04:00,10/13,학습,0.6262533749527959,0.6166950340314514,0.009558340921344444
2025-10-13 16:05:00,10/13,학습,0.6347218512620201,0.6248697960395978,0.009852055222422273
2025-10-13 16:06:00,10/13,학습,0.6441355579942767,0.6339812137001839,0.010154344294092787
2025-10-13 16:07:00,10/13,학습,0.6538478158896033,0.6434708231669531,0.010376992722650136
2025-10-13 16:08:00,10/13,학습,0.6630479447847204,0.6526136572533794,0.010434287531341013
2025-10-13 16:09:00,10/13,학습,0.6712757135870535,0.6609861439620716,0.010289569624981953
2025-10-13 16:10:00,10/13,학습,0.6783697391987766,0.6684255690179243,0.009944170180852363
2025-10-13 16:11:00,10/13,학습,0.6842731514001295,0.6748418428651466,0.009431308534982863
2025-10-13 16:12:00,10/13,학습,0.6890364993263622,0.6802335905554608,0.008802908770901396
2025-10-13 16:13:00,10/13,학습,0.6926969738932791,0.6845799143951993,0.008117059498079837
2025-10-13 16:14:00,10/13,학습,0.6953414057434211,0.6879464577311606,0.007394948012260483
2025-10-13 16:15:00,10/13,학습,0.6971467000024623,0.6904033394383526,0.006743360564109624
2025-10-13 16:16:00,10/13,학습,0.6981570030609638,0.6920300167305606,0.006126986330403206
2025-10-13 16:17:00,10/13,학습,0.6985103255833376,0.6928811313354712,0.005629194247866343
2025-10-13 16:18:00,10/13,학습,0.6982218865354775,0.6930314074943764,0.005190479041101037
2025-10-13 16:19:00,10/13,학습,0.6974110002512239,0.6925352691516573,0.004875731099566627
2025-10-13 16:20:00,10/13,학습,0.6959815188922498,0.6913671681313333,0.004614350760916541
2025-10-13 16:21:00,10/13,학습,0.6941661784140685,0.6897405262999209,0.004425652114147582
2025-10-13 16:22:00,10/13,학습,0.6918753979562433,0.6875410934273032,0.004334304528940125
2025-10-13 16:23:00,10/13,학습,0.6892342206623205,0.6849739963990669,0.004260224263253676
2025-10-13 16:24:00,10/13,학습,0.686154237422937,0.6819250706325882,0.004229166790348793
2025-10-13 16:25:00,10/13,학습,0.6827656039911565,0.6785055889644128,0.004260015026743669
2025-10-13 16:26:00,10/13,학습,0.6791116717961985,0.6748309302476739,0.004280741548524536
2025-10-13 16:27:00,10/13,학습,0.6750916307783936,0.6707709263562068,0.004320704422186794
2025-10-13 16:28:00,10/13,학습,0.6708398064798913,0.6664386870771289,0.004401119402762332
2025-10-13 16:29:00,10/13,학습,0.6663132224418677,0.6618520731140198,0.004461149327847913
2025-10-13 16:30:00,10/13,학습,0.6616516312886529,0.6571266986670087,0.004524932621644218
2025-10-13 16:31:00,10/13,학습,0.6567052158762525,0.6521081639956444,0.004597051880608105
2025-10-13 16:32:00,10/13,학습,0.6516875050266244,0.6469905820169637,0.004696923009660736
2025-10-13 16:33:00,10/13,학습,0.646404520037098,0.6416255482904881,0.004778971746609906
2025-10-13 16:34:00,10/13,학습,0.6410677261607667,0.6362034442090011,0.004864281951765581
2025-10-13 16:35:00,10/13,학습,0.6356046939452924,0.6306477104281027,0.00495698351718965
2025-10-13 16:36:00,10/13,학습,0.6300463190876111,0.6249885459068374,0.005057773180773717
2025-10-13 16:37:00,10/13,학습,0.6244152735039905,0.6192301185224625,0.005185154981528051
2025-10-13 16:38:00,10/13,학습,0.618697724897125,0.6133965585613763,0.00530116633574873
2025-10-13 16:39:00,10/13,학습,0.6130087901489567,0.6075818496656372,0.005426940483319487
2025-10-13 16:40:00,10/13,학습,0.607193041276723,0.6016240613977182,0.005568979879004843
2025-10-13 16:41:00,10/13,학습,0.601433232512679,0.5957123685827519,0.0057208639299271
2025-10-13 16:42:00,10/13,학습,0.595674565067974,0.5897721545256274,0.005902410542346637
2025-10-13 16:43:00,10/13,학습,0.5898905113145876,0.5838093147816925,0.006081196532895072
2025-10-13 16:44:00,10/13,학습,0.5841136173733354,0.5778395824159256,0.0062740349574098575
2025-10-13 16:45:00,10/13,학습,0.5784330453976911,0.571955882756365,0.00647716264132614
2025-10-13 16:46:00,10/13,학습,0.5726778659698426,0.5659789506417355,0.006698915328107069
2025-10-13 16:47:00,10/13,학습,0.5670412116569987,0.5601112134976437,0.006929998159355022
2025-10-13 16:48:00,10/13,학습,0.5614407438935389,0.5542555534101495,0.007185190483389392
2025-10-13 16:49:00,10/13,학습,0.5558603995886373,0.5484179343108486,0.00744246527778869
2025-10-13 16:50:00,10/13,학습,0.550322285048116,0.5426100767879891,0.007712208260126863
2025-10-13 16:51:00,10/13,학습,0.5449107611762622,0.5369214539110233,0.007989307265238943
2025-10-13 16:52:00,10/13,학습,0.5394519698226989,0.531169300646703,0.00828266917599596
2025-10-13 16:53:00,10/13,학습,0.5341281558519848,0.5255465646843054,0.008581591167679425
2025-10-13 16:54:00,10/13,학습,0.5288436633527294,0.5199529921311781,0.008890671221551294
2025-10-13 16:55:00,10/13,학습,0.5235194023228156,0.5143012465257217,0.009218155797093841
2025-10-13 16:56:00,10/13,학습,0.5184156893044014,0.5088772793274023,0.009538409976999063
2025-10-13 16:57:00,10/13,학습,0.5132703173834847,0.5033990230299801,0.009871294353504645
2025-10-13 16:58:00,10/13,학습,0.5081641963985559,0.49795297471706906,0.01021122168148686
2025-10-13 16:59:00,10/13,학습,0.5031030131010699,0.4925460042972456,0.010557008803824264
2025-10-13 17:00:00,10/13,학습,0.4985405269607087,0.48766332695792697,0.01087720000278175
2025-10-13 17:01:00,10/13,학습,0.4945437310582433,0.48338144343285705,0.011162287625386236
2025-10-13 17:02:00,10/13,학습,0.4892320404775432,0.4776827761016018,0.011549264375941393
2025-10-13 17:03:00,10/13,학습,0.4811900866476775,0.46902606785557893,0.012164018792098552
2025-10-13 17:04:00,10/13,학습,0.4709437058887797,0.4579349436093208,0.013008762279458908
2025-10-13 17:05:00,10/13,학습,0.4605643418024604,0.4466540389725022,0.013910302829958199
2025-10-13 17:06:00,10/13,학습,0.4512414292397572,0.43656551986792747,0.01467590937182972
2025-10-13 17:07:00,10/13,학습,0.443129840716887,0.42790168555929287,0.015228155157594125
2025-10-13 17:08:00,10/13,학습,0.4364531384834692,0.42091601202961143,0.015537126453857797
2025-10-13 17:09:00,10/13,학습,0.430994768864111,0.4153495611689391,0.01564520769517186
2025-10-13 17:10:00,10/13,학습,0.4265927399627477,0.41098302979039575,0.015609710172351965
2025-10-13 17:11:00,10/13,학습,0.4230325876751778,0.4075396050166377,0.0154929826585401
2025-10-13 17:12:00,10/13,학습,0.4202552810789631,0.4049149329749947,0.015340348103968393
2025-10-13 17:13:00,10/13,학습,0.4179077319596674,0.4027077985980121,0.015199933361655316
2025-10-13 17:14:00,10/13,학습,0.4160711532148661,0.4009871483927861,0.01508400482208
2025-10-13 17:15:00,10/13,학습,0.4146396447692705,0.3996356509727739,0.015003993796496584
2025-10-13 17:16:00,10/13,학습,0.4135421809558282,0.3985811678700487,0.014961013085779462
2025-10-13 17:17:00,10/13,학습,0.412608374125861,0.3976534774449876,0.014954896680873409
2025-10-13 17:18:00,10/13,학습,0.4118878279235662,0.39691531141427533,0.014972516509290879
2025-10-13 17:19:00,10/13,학습,0.4113355844856491,0.39633148268282303,0.015004101802826075
2025-10-13 17:20:00,10/13,학습,0.4109206436105096,0.39588121478908417,0.015039428821425449
2025-10-13 17:21:00,10/13,학습,0.4106176316023785,0.3955479857502397,0.015069645852138824
2025-10-13 17:22:00,10/13,학습,0.4103954456536175,0.3953074619051551,0.01508798374846243
2025-10-13 17:23:00,10/13,학습,0.4102529104630778,0.3951643418444128,0.015088568618665033
2025-10-13 17:24:00,10/13,학습,0.4101657715167195,0.39509697421756673,0.01506879729915278
2025-10-13 17:25:00,10/13,학습,0.410121454847039,0.3950940855248503,0.015027369322188677
2025-10-13 17:26:00,10/13,학습,0.4101214563477542,0.39515734512891376,0.014964111218840448
2025-10-13 17:27:00,10/13,학습,0.4101430113353368,0.3952619941869278,0.014881017148409004
2025-10-13 17:28:00,10/13,학습,0.4101876155970844,0.3954075672846557,0.014780048312428684
2025-10-13 17:29:00,10/13,학습,0.4102510754096285,0.39558718388024927,0.014663891529379247
2025-10-13 17:30:00,10/13,학습,0.4103220109394031,0.3957862910123992,0.01453571992700392
2025-10-13 17:31:00,10/13,학습,0.410497988121816,0.39610292637617067,0.01439506174564531
2025-10-13 17:32:00,10/13,학습,0.4105796883530065,0.3963283322770764,0.014251356075930088
2025-10-13 17:33:00,10/13,학습,0.4106631767344425,0.39655972411230606,0.01410345262213647
2025-10-13 17:34:00,10/13,학습,0.4108376481838724,0.39688700310146374,0.013950645082408675
2025-10-13 17:35:00,10/13,학습,0.4109049742144476,0.3971046620683143,0.013800312146133309
2025-10-13 17:36:00,10/13,학습,0.4110617907177043,0.3974139487759638,0.013647841941740513
2025-10-13 17:37:00,10/13,학습,0.4111144665749294,0.39761537279935644,0.013499093775572957
2025-10-13 17:38:00,10/13,학습,0.4112509539541089,0.39790143631263203,0.013349517641476849
2025-10-13 17:39:00,10/13,학습,0.4113736885750668,0.3981722337536022,0.013201454821464564
2025-10-13 17:40:00,10/13,학습,0.4114883577221516,0.3984339317460754,0.0130544259760762
2025-10-13 17:41:00,10/13,학습,0.4115850946842717,0.39867720430377585,0.012907890380495834
2025-10-13 17:42:00,10/13,학습,0.4116665885839179,0.3989058006298089,0.01276078795410901
2025-10-13 17:43:00,10/13,학습,0.411730154967861,0.3991180808132946,0.012612074154566388
2025-10-13 17:44:00,10/13,학습,0.4117871620998079,0.3993270454663517,0.012460116633456197
2025-10-13 17:45:00,10/13,학습,0.4119222880624219,0.3996199057866101,0.012302382275811818
2025-10-13 17:46:00,10/13,학습,0.4119476270098651,0.39980813541212806,0.012139491597737029
2025-10-13 17:47:00,10/13,학습,0.4120582566290041,0.4000910037160772,0.011967252912926885
2025-10-13 17:48:00,10/13,학습,0.4120519260207953,0.40026652216572567,0.011785403855069654
2025-10-13 17:49:00,10/13,학습,0.4121323729237484,0.40054245374982445,0.011589919173923935
2025-10-13 17:50:00,10/13,학습,0.412200563964374,0.4008213133718229,0.011379250592551071
2025-10-13 17:51:00,10/13,학습,0.4122508127506919,0.4010998230145464,0.011150989736145533
2025-10-13 17:52:00,10/13,학습,0.4121927979745577,0.4012899664211265,0.010902831553431191
2025-10-13 17:53:00,10/13,학습,0.4123175216928886,0.40168408153012514,0.010633440162763463
2025-10-13 17:54:00,10/13,학습,0.4123297886637386,0.401988054090127,0.010341734573611594
2025-10-13 17:55:00,10/13,학습,0.4123240969297423,0.4022958880225593,0.010028208907183034
2025-10-13 17:56:00,10/13,학습,0.4123076257895576,0.40261256409828966,0.009695061691267937
2025-10-13 17:57:00,10/13,학습,0.4122803701498967,0.40293419248987444,0.00934617766002227
2025-10-13 17:58:00,10/13,학습,0.4123269035491807,0.40333801386177615,0.008988889687404578
2025-10-13 17:59:00,10/13,학습,0.4122651773318059,0.4036378620319872,0.008627315299818694
2025-10-13 18:00:00,10/13,학습,0.4125366878891081,0.404379208147302,0.008157479741806084
2025-10-13 18:01:00,10/13,학습,0.4131981977733152,0.40547626779080603,0.007721929982509146
2025-10-13 18:02:00,10/13,학습,0.4126329524244479,0.4052684366617648,0.007364515762683099
2025-10-13 18:03:00,10/13,학습,0.4095718975254633,0.40257185519656136,0.007000042328901945
2025-10-13 18:04:00,10/13,학습,0.4046331797545455,0.398021073005757,0.006612106748788482
2025-10-13 18:05:00,10/13,학습,0.399532210502016,0.3933417432781818,0.006190467223834206
2025-10-13 18:06:00,10/13,학습,0.3951978164162379,0.3894554953422874,0.005742321073950507
2025-10-13 18:07:00,10/13,학습,0.3918512283214989,0.3865559944997441,0.005295233821754786
2025-10-13 18:08:00,10/13,학습,0.3895037459175273,0.3846133930179385,0.004890352899588779
2025-10-13 18:09:00,10/13,학습,0.3880320893375092,0.3834716947480593,0.004560394589449901
2025-10-13 18:10:00,10/13,학습,0.3871955043297793,0.382876340205546,0.004319164124233277
2025-10-13 18:11:00,10/13,학습,0.3869901020149976,0.38283015184185,0.004159950173147631
2025-10-13 18:12:00,10/13,학습,0.3873194012165198,0.3832062344897052,0.00411316672681461
2025-10-13 18:13:00,10/13,학습,0.3879642734398984,0.3838229955401197,0.004141277899778695
2025-10-13 18:14:00,10/13,학습,0.3889187449338581,0.38468773204058104,0.004231012893277042
2025-10-13 18:15:00,10/13,학습,0.3900361039019965,0.38567517923713346,0.004360924664863042
2025-10-13 18:16:00,10/13,학습,0.39133595088254,0.3868345056773641,0.004501445205175869
2025-10-13 18:17:00,10/13,학습,0.392814128297723,0.38813842905713725,0.004675699240585751
2025-10-13 18:18:00,10/13,학습,0.3944159751559857,0.3895613909507708,0.004854584205214896
2025-10-13 18:19:00,10/13,학습,0.3961211889652515,0.3910904199122984,0.005030769052953077
2025-10-13 18:20:00,10/13,학습,0.3979021590656462,0.3927032651817822,0.005198893883863964
2025-10-13 18:21:00,10/13,학습,0.3997362571276194,0.39439645929987643,0.005339797827742965
2025-10-13 18:22:00,10/13,학습,0.4016326583780289,0.39614713654643874,0.005485521831590179
2025-10-13 18:23:00,10/13,학습,0.4034826935032928,0.39786714540998125,0.005615548093311551
2025-10-13 18:24:00,10/13,학습,0.4054526295312013,0.3997143886459248,0.005738240885276524
2025-10-13 18:25:00,10/13,학습,0.4074504109831951,0.4015992958785342,0.005851115104660909
2025-10-13 18:26:00,10/13,학습,0.4093603594004056,0.40342384891564276,0.005936510484762847
2025-10-13 18:27:00,10/13,학습,0.4113843103503383,0.4053503070009856,0.006034003349352668
2025-10-13 18:28:00,10/13,학습,0.4133379963668546,0.40721540820304775,0.006122588163806841
2025-10-13 18:29:00,10/13,학습,0.4153851370992135,0.40917470119696486,0.006210435902248623
2025-10-13 18:30:00,10/13,학습,0.417346868840505,0.41105560140774844,0.006291267432756542
2025-10-13 18:31:00,10/13,학습,0.419383435289874,0.41302383966977835,0.006359595620095637
2025-10-13 18:32:00,10/13,학습,0.4213494376042872,0.4149129524206097,0.0064364851836775094
2025-10-13 18:33:00,10/13,학습,0.4233139425504358,0.41680201757685104,0.006511924973584771
2025-10-13 18:34:00,10/13,학습,0.4253601774095157,0.41877054546469705,0.0065896319448186524
2025-10-13 18:35:00,10/13,학습,0.4273078975871254,0.4206571326575717,0.0066507649295536875
2025-10-13 18:36:00,10/13,학습,0.4292611386038546,0.42253755790317815,0.006723580700676468
2025-10-13 18:37:00,10/13,학습,0.4312073629670501,0.42441184168439894,0.006795521282651151
2025-10-13 18:38:00,10/13,학습,0.4331479686023929,0.42628126286484647,0.006866705737546441
2025-10-13 18:39:00,10/13,학습,0.4350661732116979,0.42814036159569663,0.006925811616001254
2025-10-13 18:40:00,10/13,학습,0.4369915448629177,0.429996063578006,0.006995481284911675
2025-10-13 18:41:00,10/13,학습,0.4389056668999577,0.4318415807819903,0.007064086117967383
2025-10-13 18:42:00,10/13,학습,0.4408082076167662,0.4336863064033886,0.007121901213377579
2025-10-13 18:43:00,10/13,학습,0.4427068211457458,0.43551796041283597,0.0071888607329098075
2025-10-13 18:44:00,10/13,학습,0.4446027118344652,0.43734763850135416,0.0072550733331110395
2025-10-13 18:45:00,10/13,학습,0.4464120616434221,0.4390949391992938,0.007317122444128299
2025-10-13 18:46:00,10/13,학습,0.4482876040665139,0.44091498895444436,0.007372615112069547
2025-10-13 18:47:00,10/13,학습,0.4500890515368391,0.4426557141131286,0.0074333374237104954
2025-10-13 18:48:00,10/13,학습,0.4519674836363234,0.4444709661316083,0.007496517504715083
2025-10-13 18:49:00,10/13,학습,0.4537635532365346,0.4462154583973314,0.007548094839203212
2025-10-13 18:50:00,10/13,학습,0.455567734951325,0.44796032434483146,0.007607410606493559
2025-10-13 18:51:00,10/13,학습,0.4572993227156842,0.4496360654550809,0.007663257260603296
2025-10-13 18:52:00,10/13,학습,0.4591132553254186,0.45139822207284536,0.007715033252573222
2025-10-13 18:53:00,10/13,학습,0.4608745162235465,0.4531031633703182,0.0077713528532283305
2025-10-13 18:54:00,10/13,학습,0.4625776790389438,0.4547528184090524,0.007824860629891406
2025-10-13 18:55:00,10/13,학습,0.4643858669251074,0.4565037067897078,0.007882160135399607
2025-10-13 18:56:00,10/13,학습,0.4660794763809579,0.4581508274078434,0.007928648973114516
2025-10-13 18:57:00,10/13,학습,0.467839210033367,0.459855750708247,0.007983459325119957
2025-10-13 18:58:00,10/13,학습,0.4695814209302784,0.46154427692845085,0.008037144001827534
2025-10-13 18:59:00,10/13,학습,0.4713513403021488,0.463259777724178,0.008091562577970834
2025-10-13 19:00:00,10/13,학습,0.4731548717333368,0.4650079484751291,0.008146923258207706
2025-10-13 19:01:00,10/13,학습,0.4749696952654778,0.46676740776578424,0.008202287499693539
2025-10-13 19:02:00,10/13,학습,0.4768327589566266,0.4685736219459697,0.008259137010656892
2025-10-13 19:03:00,10/13,학습,0.4788076076008912,0.470487621438299,0.008319986162592219
2025-10-13 19:04:00,10/13,학습,0.4808242344753288,0.47243877983126714,0.008385454644061652
2025-10-13 19:05:00,10/13,학습,0.4829743401067483,0.47451928920147607,0.00845505090527221
2025-10-13 19:06:00,10/13,학습,0.4853010243801467,0.4767705514053247,0.008530472974822012
2025-10-13 19:07:00,10/13,학습,0.4878680888500376,0.47925376245517215,0.008614326394865424
2025-10-13 19:08:00,10/13,학습,0.4907341264640931,0.4820230362865925,0.008711090177500602
2025-10-13 19:09:00,10/13,학습,0.493896359252827,0.48507828523313684,0.008818074019690147
2025-10-13 19:10:00,10/13,학습,0.4975473874309532,0.488603102966384,0.008944284464569241
2025-10-13 19:11:00,10/13,학습,0.5016784062968063,0.49259100928135546,0.009087397015450804
2025-10-13 19:12:00,10/13,학습,0.5062913508507063,0.497042692559072,0.009248658291634293
2025-10-13 19:13:00,10/13,학습,0.5114106906913798,0.5019816175117154,0.009429073179664349
2025-10-13 19:14:00,10/13,학습,0.5169780448113859,0.5073524511464788,0.009625593664907117
2025-10-13 19:15:00,10/13,학습,0.5229689525268955,0.5131334668320087,0.009835485694886792
2025-10-13 19:16:00,10/13,학습,0.5291981137440127,0.5191448254890573,0.01005328825495544
2025-10-13 19:17:00,10/13,학습,0.535520787074198,0.5252573564652471,0.010263430608950963
2025-10-13 19:18:00,10/13,학습,0.5419206614012424,0.5314420467011483,0.010478614700094147
2025-10-13 19:19:00,10/13,학습,0.5482215228477632,0.5375467632996557,0.010674759548107482
2025-10-13 19:20:00,10/13,학습,0.5543195296448389,0.5434669511947019,0.010852578450136985
2025-10-13 19:21:00,10/13,학습,0.5601872337865941,0.5491664422035984,0.011020791582995626
2025-10-13 19:22:00,10/13,학습,0.5657863708319506,0.5546257741756896,0.011160596656261013
2025-10-13 19:23:00,10/13,학습,0.5711597795576713,0.5598649372679778,0.011294842289693463
2025-10-13 19:24:00,10/13,학습,0.576172005568621,0.564761545283182,0.011410460285439017
2025-10-13 19:25:00,10/13,학습,0.5808913922041006,0.5693808509901458,0.011510541213954784
2025-10-13 19:26:00,10/13,학습,0.5852536485992414,0.5736589099259968,0.011594738673244676
2025-10-13 19:27:00,10/13,학습,0.5892149244632314,0.5775513862632011,0.011663538200030299
2025-10-13 19:28:00,10/13,학습,0.5929306665744951,0.5812075001509069,0.011723166423588172
2025-10-13 19:29:00,10/13,학습,0.5963466098568002,0.5845739060613685,0.011772703795431716
2025-10-13 19:30:00,10/13,학습,0.5994214747191264,0.5876099361858216,0.011811538533304855
2025-10-13 19:31:00,10/13,학습,0.6023428279732395,0.5904968724002085,0.01184595557303092
2025-10-13 19:32:00,10/13,학습,0.6049690507869574,0.5930979586991607,0.011871092087796686
2025-10-13 19:33:00,10/13,학습,0.607470037441626,0.5955780113857726,0.011892026055853377
2025-10-13 19:34:00,10/13,학습,0.6097356797860296,0.5978305831534607,0.01190509663256889
2025-10-13 19:35:00,10/13,학습,0.611825720704938,0.5999146637553765,0.011911056949561516
2025-10-13 19:36:00,10/13,학습,0.6137537239670723,0.601844015642639,0.011909708324433277
2025-10-13 19:37:00,10/13,학습,0.6155403296101645,0.6036387642198191,0.01190156539034537
2025-10-13 19:38:00,10/13,학습,0.6171965865922737,0.605309775520847,0.01188681107142675
2025-10-13 19:39:00,10/13,학습,0.6187346192972281,0.6068688598914379,0.011865759405790155
2025-10-13 19:40:00,10/13,학습,0.620164190725025,0.6083253937325874,0.011838796992437617
2025-10-13 19:41:00,10/13,학습,0.621424382684399,0.6096199200783708,0.011804462606028188
2025-10-13 19:42:00,10/13,학습,0.6226801467121987,0.6109128758469029,0.011767270865295831
2025-10-13 19:43:00,10/13,학습,0.6237851220583712,0.6120614355619046,0.011723686496466601
2025-10-13 19:44:00,10/13,학습,0.6248236517347268,0.6131475144935273,0.011676137241199425
2025-10-13 19:45:00,10/13,학습,0.6258087097797242,0.6141835358524136,0.011625173927310661
2025-10-13 19:46:00,10/13,학습,0.6267445229123394,0.6151733543425023,0.011571168569837087
2025-10-13 19:47:00,10/13,학습,0.6276323185047921,0.6161179553491838,0.011514363155608276
2025-10-13 19:48:00,10/13,학습,0.6284151712665507,0.6169613853069545,0.011453785959596119
2025-10-13 19:49:00,10/13,학습,0.6291606983824749,0.6177694883608122,0.011391210021662657
2025-10-13 19:50:00,10/13,학습,0.6298783425164618,0.618551318663976,0.011327023852485851
2025-10-13 19:51:00,10/13,학습,0.6305734057801122,0.6193119109299979,0.011261494850114295
2025-10-13 19:52:00,10/13,학습,0.6312470617993582,0.6200522251960057,0.01119483660335252
2025-10-13 19:53:00,10/13,학습,0.6318929346343409,0.6207658241218268,0.011127110512514138
2025-10-13 19:54:00,10/13,학습,0.6324563352016284,0.6213988326409379,0.01105750256069049
2025-10-13 19:55:00,10/13,학습,0.6330741633232748,0.622085591390707,0.010988571932567859
2025-10-13 19:56:00,10/13,학습,0.6336043019885784,0.6226862933135902,0.010918008674988267
2025-10-13 19:57:00,10/13,학습,0.6341225180757908,0.6232753430067068,0.010847175069083947
2025-10-13 19:58:00,10/13,학습,0.6346235741777639,0.6238474174028198,0.010776156774944146
2025-10-13 19:59:00,10/13,학습,0.6351086312474195,0.6244035567983939,0.010705074449025576
2025-10-13 20:00:00,10/13,학습,0.6355113129902099,0.6248782645851523,0.010633048405057632
2025-10-13 20:01:00,10/13,학습,0.635972622679664,0.6254104031859042,0.010562219493759795
2025-10-13 20:02:00,10/13,학습,0.6364179760652953,0.625926371088631,0.010491604976664237
2025-10-13 20:03:00,10/13,학습,0.6367757427494196,0.6263554031397054,0.010420339609714224
2025-10-13 20:04:00,10/13,학습,0.6371880864229071,0.6268377238168694,0.010350362606037722
2025-10-13 20:05:00,10/13,학습,0.6375169615185445,0.6272368528121414,0.010280108706403168
2025-10-13 20:06:00,10/13,학습,0.6379004469447707,0.6276892309957827,0.010211215948987995
2025-10-13 20:07:00,10/13,학습,0.6381975281784014,0.6280553452540433,0.01014218292435809
2025-10-13 20:08:00,10/13,학습,0.6384723531519851,0.6283984713464684,0.010073881805516716
2025-10-13 20:09:00,10/13,학습,0.6388059361011469,0.6287987962766257,0.010007139824521172
2025-10-13 20:10:00,10/13,학습,0.6390479063108288,0.6291073556368655,0.009940550673963267
2025-10-13 20:11:00,10/13,학습,0.6393382072877178,0.6294627058587473,0.009875501428970535
2025-10-13 20:12:00,10/13,학습,0.6395462297934249,0.6297353221884884,0.009810907604936525
2025-10-13 20:13:00,10/13,학습,0.6397279775634928,0.629980581003276,0.009747396560216726
2025-10-13 20:14:00,10/13,학습,0.6399633426133899,0.6302777999738204,0.009685542639569555
2025-10-13 20:15:00,10/13,학습,0.6401123546692125,0.630487958253045,0.009624396416167413
2025-10-13 20:16:00,10/13,학습,0.6403097921745811,0.630744862997416,0.009564929177165116
2025-10-13 20:17:00,10/13,학습,0.6404862438857302,0.630979505534905,0.009506738350825161
2025-10-13 20:18:00,10/13,학습,0.6405752104243814,0.6311256799048717,0.009449530519509697
2025-10-13 20:19:00,10/13,학습,0.6407137958879219,0.6313197393793032,0.009394056508618687
2025-10-13 20:20:00,10/13,학습,0.6408302829143366,0.631490305985915,0.00933997692842159
2025-10-13 20:21:00,10/13,학습,0.6409299008394171,0.631642550905448,0.00928734993396918
2025-10-13 20:22:00,10/13,학습,0.641009720205608,0.6317735170219898,0.009236203183618175
2025-10-13 20:23:00,10/13,학습,0.6410715417796649,0.6318849661881042,0.009186575591560664
2025-10-13 20:24:00,10/13,학습,0.6411187967369212,0.6319802694001031,0.00913852733681808
2025-10-13 20:25:00,10/13,학습,0.6411492058929433,0.6320571623639301,0.009092043529013272
2025-10-13 20:26:00,10/13,학습,0.6411575558687035,0.6321104352889793,0.009047120579724233
2025-10-13 20:27:00,10/13,학습,0.6411502109887999,0.6321463838935285,0.009003827095271366
2025-10-13 20:28:00,10/13,학습,0.641203059407272,0.6322408500491651,0.008962209358106876
2025-10-13 20:29:00,10/13,학습,0.6411643433306027,0.632242223783375,0.008922119547227658
2025-10-13 20:30:00,10/13,학습,0.6411846981592024,0.6323010111191916,0.008883687040010857
2025-10-13 20:31:00,10/13,학습,0.6411175536757896,0.6322707049522663,0.00884684872352326
2025-10-13 20:32:00,10/13,학습,0.6411117830519939,0.6323001641777127,0.008811618874281169
2025-10-13 20:33:00,10/13,학습,0.6410892052122081,0.6323112369899451,0.008777968222263066
2025-10-13 20:34:00,10/13,학습,0.6410561795724337,0.632310302660272,0.008745876912161665
2025-10-13 20:35:00,10/13,학습,0.6410063494642793,0.6322909958877453,0.008715353576533968
2025-10-13 20:36:00,10/13,학습,0.6409512887287687,0.6322649008548779,0.008686387873890866
2025-10-13 20:37:00,10/13,학습,0.640885782414349,0.6322268327973214,0.008658949617027623
2025-10-13 20:38:00,10/13,학습,0.6408046156782035,0.6321715885484729,0.008633027129730575
2025-10-13 20:39:00,10/13,학습,0.6407234343721218,0.6321148915941512,0.008608542777970518
2025-10-13 20:40:00,10/13,학습,0.6406254503809281,0.6320398771452973,0.008585573235630806
2025-10-13 20:41:00,10/13,학습,0.6405929925139433,0.632029144086943,0.008563848427000309
2025-10-13 20:42:00,10/13,학습,0.6404793406765992,0.6319356245666077,0.008543716109991495
2025-10-13 20:43:00,10/13,학습,0.6404364412500501,0.6319117372886289,0.008524703961421132
2025-10-13 20:44:00,10/13,학습,0.640312336184335,0.6318050398511031,0.008507296333231884
2025-10-13 20:45:00,10/13,학습,0.6402526367773163,0.6317616980013455,0.008490938775970736
2025-10-13 20:46:00,10/13,학습,0.6401836450803606,0.6317078118185325,0.008475833261828103
2025-10-13 20:47:00,10/13,학습,0.6400427191284936,0.6315805189277955,0.0084622002006981
2025-10-13 20:48:00,10/13,학습,0.6399673566358743,0.6315178620744686,0.008449494561405757
2025-10-13 20:49:00,10/13,학습,0.6398867739317207,0.6314487991839256,0.008437974747795063
2025-10-13 20:50:00,10/13,학습,0.6398061867029661,0.6313786467482957,0.008427539954670382
2025-10-13 20:51:00,10/13,학습,0.6397192359919117,0.6313010524698934,0.008418183522018285
2025-10-13 20:52:00,10/13,학습,0.6396282070418096,0.6312183013445153,0.008409905697294273
2025-10-13 20:53:00,10/13,학습,0.6395371730606452,0.6311346040318742,0.008402569028771012
2025-10-13 20:54:00,10/13,학습,0.6394397745367046,0.6310435585329977,0.008396216003706991
2025-10-13 20:55:00,10/13,학습,0.6393435135805103,0.6309527022700668,0.008390811310443502
2025-10-13 20:56:00,10/13,학습,0.639316931574633,0.6309309711777962,0.008385960396836811
2025-10-13 20:57:00,10/13,학습,0.6392143044615397,0.6308320260354474,0.008382278426092293
2025-10-13 20:58:00,10/13,학습,0.6391128146635701,0.6307334395578945,0.008379375105675546
2025-10-13 20:59:00,10/13,학습,0.6390810132916762,0.6307040642261013,0.008376949065574957
2025-10-13 21:00:00,10/13,학습,0.6389783736493624,0.630602799425034,0.00837557422432833
2025-10-13 21:01:00,10/13,학습,0.6389424963040182,0.6305679076117747,0.008374588692243501
2025-10-13 21:02:00,10/13,학습,0.6388398497007464,0.6304652613684223,0.008374588332324073
2025-10-13 21:03:00,10/13,학습,0.6388028273132988,0.6304279234421556,0.008374903871143258
2025-10-13 21:04:00,10/13,학습,0.638700173709325,0.6303240304048492,0.00837614330447578
2025-10-13 21:05:00,10/13,학습,0.6386642926038062,0.6302866954351303,0.008377597168675921
2025-10-13 21:06:00,10/13,학습,0.6385616320376011,0.6301817028012148,0.008379929236386308
2025-10-13 21:07:00,10/13,학습,0.6385246057913312,0.6301421650124784,0.008382440778852751
2025-10-13 21:08:00,10/13,학습,0.6384927973380476,0.6301073891537267,0.008385408184320986
2025-10-13 21:09:00,10/13,학습,0.6383901286921432,0.6300010178947683,0.008389110797374921
2025-10-13 21:10:00,10/13,학습,0.6383594619959247,0.6299665231258431,0.008392938870081634
2025-10-13 21:11:00,10/13,학습,0.6383276515001066,0.629930499057235,0.008397152442871647
2025-10-13 21:12:00,10/13,학습,0.6382249749892446,0.629822912981672,0.008402062007572542
2025-10-13 21:13:00,10/13,학습,0.6381995253799564,0.6297925896915183,0.008406935688438089
2025-10-13 21:14:00,10/13,학습,0.6381729320768756,0.6297608016842987,0.008412130392576933
2025-10-13 21:15:00,10/13,학습,0.6381463384489008,0.6297287242963167,0.00841761415258413
2025-10-13 21:16:00,10/13,학습,0.6381208878917886,0.6296975486245336,0.008423339267254915
2025-10-13 21:17:00,10/13,학습,0.6380942936207139,0.6296649630885823,0.008429330532131574
2025-10-13 21:18:00,10/13,학습,0.6380031894012643,0.6295673554164782,0.00843583398478609
2025-10-13 21:19:00,10/13,학습,0.6379818136187865,0.6295395951196185,0.00844221849916793
2025-10-13 21:20:00,10/13,학습,0.6379615810892645,0.6295127910734732,0.008448790015791241
2025-10-13 21:21:00,10/13,학습,0.6379413483744472,0.629485829053004,0.008455519321443172
2025-10-13 21:22:00,10/13,학습,0.637925191729245,0.6294628364805332,0.00846235524871175
2025-10-13 21:23:00,10/13,학습,0.6379101784460945,0.6294408413786698,0.008469337067424698
2025-10-13 21:24:00,10/13,학습,0.6378951650716247,0.6294187487562559,0.008476416315368773
2025-10-13 21:25:00,10/13,학습,0.6378801516058299,0.6293965383813737,0.008483613224456232
2025-10-13 21:26:00,10/13,학습,0.6378703579016749,0.629379525806172,0.008490832095502943
2025-10-13 21:27:00,10/13,학습,0.6378594206977559,0.62936128106111,0.008498139636645918
2025-10-13 21:28:00,10/13,학습,0.6378496269327905,0.6293440930075578,0.008505533925232678
2025-10-13 21:29:00,10/13,학습,0.6378450530452544,0.6293321485987499,0.008512904446504543
2025-10-13 21:30:00,10/13,학습,0.637841622629584,0.629321293283681,0.008520329345902966
2025-10-13 21:31:00,10/13,학습,0.637837048742,0.6293093129534847,0.00852773578851529
2025-10-13 21:32:00,10/13,학습,0.6378324748543891,0.6292972865978345,0.008535188256554638
2025-10-13 21:33:00,10/13,학습,0.63782790096675,0.6292852693535291,0.008542631613220886
2025-10-13 21:34:00,10/13,학습,0.6378285470018505,0.6292784986480178,0.008550048353832773
2025-10-13 21:35:00,10/13,학습,0.6378303365028024,0.6292728694782206,0.008557467024581822
2025-10-13 21:36:00,10/13,학습,0.6378309825307964,0.6292661461108845,0.008564836419911903
2025-10-13 21:37:00,10/13,학습,0.6378368484328458,0.6292646956241604,0.008572152808685396
2025-10-13 21:38:00,10/13,학습,0.6378386379078855,0.6292591998877564,0.008579438020129171
2025-10-13 21:39:00,10/13,학습,0.6378445037568403,0.629257799446211,0.008586704310629356
2025-10-13 21:40:00,10/13,학습,0.6378515130233449,0.6292576397916292,0.008593873231715676
2025-10-13 21:41:00,10/13,학습,0.6378573787936948,0.6292563837056951,0.008600995087999608
2025-10-13 21:42:00,10/13,학습,0.63786960771907,0.6292615357851447,0.008608071933925321
2025-10-13 21:43:00,10/13,학습,0.6378818365296246,0.6292667924680342,0.008615044061590416
2025-10-13 21:44:00,10/13,학습,0.6378888455677949,0.6292668755401897,0.00862197002760523
2025-10-13 21:45:00,10/13,학습,0.6378999307586359,0.6292711172826374,0.008628813475998531
2025-10-13 21:46:00,10/13,학습,0.6379121592730783,0.6292765483297569,0.008635610943321437
2025-10-13 21:47:00,10/13,학습,0.6379296072020681,0.6292873246221223,0.008642282579945815
2025-10-13 21:48:00,10/13,학습,0.6379418354435922,0.6292929461144348,0.008648889329157416
2025-10-13 21:49:00,10/13,학습,0.6379592829969589,0.6293038847814136,0.008655398215545285
2025-10-13 21:50:00,10/13,학습,0.637971510965577,0.6293097022479748,0.008661808717602248
2025-10-13 21:51:00,10/13,학습,0.6379889581433351,0.6293207940923412,0.00866816405099391
2025-10-13 21:52:00,10/13,학습,0.638006405103595,0.6293319789260278,0.008674426177567196
2025-10-13 21:53:00,10/13,학습,0.6380238518463552,0.6293432567803217,0.00868059506603358
2025-10-13 21:54:00,10/13,학습,0.6380435851277595,0.6293568605563711,0.008686724571388416
2025-10-13 21:55:00,10/13,학습,0.6379999470928119,0.6293069464808903,0.008693000611921686
2025-10-13 21:56:00,10/13,학습,0.638023110309891,0.6293240395534303,0.008699070756460703
2025-10-13 21:57:00,10/13,학습,0.6380537790089893,0.6293486332054804,0.008705145803508896
2025-10-13 21:58:00,10/13,학습,0.6380919528779878,0.6293807957971487,0.008711157080839138
2025-10-13 21:59:00,10/13,학습,0.63813241277655,0.6294153296459957,0.008717083130554304
2025-10-13 22:00:00,10/13,학습,0.6381792339372003,0.6294563942879717,0.008722839649228598
2025-10-13 22:01:00,10/13,학습,0.6382271974387601,0.6294988022872768,0.00872839515148327
2025-10-13 22:02:00,10/13,학습,0.6382106459616064,0.629476637265103,0.008734008696503426
2025-10-13 22:03:00,10/13,학습,0.6382608948877089,0.6295217499652255,0.0087391449224834
2025-10-13 22:04:00,10/13,학습,0.6383163609195452,0.6295723009965827,0.008744059922962566
2025-10-13 22:05:00,10/13,학습,0.6383741122389233,0.6296253603153629,0.008748751923560394
2025-10-13 22:06:00,10/13,학습,0.6383621300637525,0.6296086675228618,0.00875346254089071
2025-10-13 22:07:00,10/13,학습,0.6384285274436243,0.6296706313545553,0.008757896089069073
2025-10-13 22:08:00,10/13,학습,0.638490848703142,0.6297286288037404,0.008762219899401624
2025-10-13 22:09:00,10/13,학습,0.6384834361157359,0.6297167411103736,0.008766695005362313
2025-10-13 22:10:00,10/13,학습,0.638555546208649,0.6297846271903845,0.008770919018264434
2025-10-13 22:11:00,10/13,학습,0.6385538469307162,0.6297785274890976,0.008775319441618579
2025-10-13 22:12:00,10/13,학습,0.6386305279534525,0.6298510127491423,0.008779515204310195
2025-10-13 22:13:00,10/13,학습,0.6386438328079433,0.6298599953948394,0.008783837413103956
2025-10-13 22:14:00,10/13,학습,0.6387285142021637,0.6299405662539764,0.008787947948187269
2025-10-13 22:15:00,10/13,학습,0.6387498185524008,0.6299575827714957,0.008792235780905044
2025-10-13 22:16:00,10/13,학습,0.638776836635591,0.6299803802563833,0.008796456379207784
2025-10-13 22:17:00,10/13,학습,0.6388159283543642,0.630015257634771,0.008800670719593229
2025-10-13 22:18:00,10/13,학습,0.6389368331085157,0.6301321452400424,0.008804687868473327
2025-10-13 22:19:00,10/13,학습,0.6389959998007559,0.6301871579616652,0.008808841839090698
2025-10-13 22:20:00,10/13,학습,0.6390181978188745,0.6302264353647387,0.00879176245413582
2025-10-13 22:21:00,10/13,학습,0.6390688482530136,0.6302705438751744,0.008798304377839128
2025-10-13 22:22:00,10/13,학습,0.6392033683591203,0.6303965803170404,0.008806788042079905
2025-10-13 22:23:00,10/13,학습,0.6394213007167364,0.6306021935672718,0.008819107149464656
2025-10-13 22:24:00,10/13,학습,0.6396481610963753,0.6308370626218597,0.008811098474515666
2025-10-13 22:25:00,10/13,학습,0.6400082706374617,0.6312039351948942,0.008804335442567535
2025-10-13 22:26:00,10/13,학습,0.6403817381438301,0.6315808388494867,0.008800899294343467
2025-10-13 22:27:00,10/13,학습,0.6409924664559066,0.6321888154257832,0.008803651030123372
2025-10-13 22:28:00,10/13,학습,0.6417596946945776,0.6329653840153167,0.008794310679260953
2025-10-13 22:29:00,10/13,학습,0.6428244660636799,0.634067603410948,0.0087568626527319
2025-10-13 22:30:00,10/13,학습,0.6443471365926987,0.6356213971344684,0.008725739458230297
2025-10-13 22:31:00,10/13,학습,0.6466821348548115,0.6379920271718705,0.008690107682940984
2025-10-13 22:32:00,10/13,학습,0.6502429782752663,0.641561668821065,0.008681309454201314
2025-10-13 22:33:00,10/13,학습,0.6558746214049782,0.6470817001177959,0.008792921287182343
2025-10-13 22:34:00,10/13,학습,0.6638958182587429,0.6548345293137758,0.00906128894496705
2025-10-13 22:35:00,10/13,학습,0.6735452383549052,0.6641064778068737,0.0094387605480315
2025-10-13 22:36:00,10/13,학습,0.6831084195900836,0.6733642019678908,0.009744217622192797
2025-10-13 22:37:00,10/13,학습,0.6907329818016461,0.6810451206728391,0.00968786112880704
2025-10-13 22:38:00,10/13,학습,0.6952307063187004,0.6860443023699884,0.009186403948712063
2025-10-13 22:39:00,10/13,학습,0.6965890231339962,0.6882583736367478,0.008330649497248377
2025-10-13 22:40:00,10/13,학습,0.6952664733128753,0.6879692443461003,0.007297228966774982
2025-10-13 22:41:00,10/13,학습,0.6918834463538392,0.6855754467602796,0.0063079995935596544
2025-10-13 22:42:00,10/13,학습,0.6873837267733622,0.6817727894234098,0.005610937349952438
2025-10-13 22:43:00,10/13,학습,0.6821007681880775,0.6769191533322825,0.005181614855795047
2025-10-13 22:44:00,10/13,학습,0.6766798601277035,0.6716087200251025,0.005071140102601013
2025-10-13 22:45:00,10/13,학습,0.6713344145662117,0.6661085628925788,0.005225851673632875
2025-10-13 22:46:00,10/13,학습,0.6662048218102752,0.6606332015745646,0.0055716202357105615
2025-10-13 22:47:00,10/13,학습,0.6614779935605826,0.6554475175192415,0.006030476041341104
2025-10-13 22:48:00,10/13,학습,0.6570600077828206,0.6505208823939942,0.0065391253888263945
2025-10-13 22:49:00,10/13,학습,0.6531133494216039,0.6460709233768563,0.007042426044747585
2025-10-13 22:50:00,10/13,학습,0.6495176229579362,0.6420372209632657,0.0074804019946705935
2025-10-13 22:51:00,10/13,학습,0.6462243489687001,0.6383445939666623,0.007879755002037747
2025-10-13 22:52:00,10/13,학습,0.6432396103812335,0.6350375616765135,0.008202048704719966
2025-10-13 22:53:00,10/13,학습,0.640599637395799,0.6321560229307351,0.008443614465063809
2025-10-13 22:54:00,10/13,학습,0.6381282556979375,0.6295195003008873,0.008608755397050194
2025-10-13 22:55:00,10/13,학습,0.6358685626897407,0.6271637235754709,0.00870483911426978
2025-10-13 22:56:00,10/13,학습,0.6338659420998165,0.6251235390990874,0.008742403000729149
2025-10-13 22:57:00,10/13,학습,0.6319519930262971,0.6232180232576562,0.008733969768640937
2025-10-13 22:58:00,10/13,학습,0.6301914197142808,0.6215000599681071,0.008691359746173744
2025-10-13 22:59:00,10/13,학습,0.6286327876759401,0.6200070348204383,0.008625752855501823
2025-10-13 23:00:00,10/13,학습,0.6280720111584537,0.6194709591574753,0.008601052000978382
2025-10-14 15:00:00,10/14,학습,0.6158854538416734,0.6063897693933811,0.009495684448292296
2025-10-14 15:01:00,10/14,학습,0.6158842783494405,0.6063950784691148,0.009489199880325705
2025-10-14 15:02:00,10/14,학습,0.6158842783494405,0.606399265021595,0.00948501332784546
2025-10-14 15:03:00,10/14,학습,0.6158842783494405,0.6064032043925363,0.009481073956904229
2025-10-14 15:04:00,10/14,학습,0.6158842783494405,0.6064067511815301,0.009477527167910393
2025-10-14 15:05:00,10/14,학습,0.6158842783494411,0.606409884263779,0.009474394085662197
2025-10-14 15:06:00,10/14,학습,0.6158854538416736,0.6064138312824335,0.009471622559240056
2025-10-14 15:07:00,10/14,학습,0.6158866293338994,0.6064174566673609,0.009469172666538461
2025-10-14 15:08:00,10/14,학습,0.615882546123601,0.6064155281905758,0.00946701793302529
2025-10-14 15:09:00,10/14,학습,0.6158837216175526,0.6064185800609636,0.009465141556588952
2025-10-14 15:10:00,10/14,학습,0.6158808138918608,0.6064172834815788,0.009463530410282028
2025-10-14 15:11:00,10/14,학습,0.6158779061568183,0.6064157306428215,0.009462175513996751
2025-10-14 15:12:00,10/14,학습,0.6158709151578363,0.6064098195713211,0.0094610955865152
2025-10-14 15:13:00,10/14,학습,0.6158691828956082,0.6064089565630371,0.009460226332571153
2025-10-14 15:14:00,10/14,학습,0.6158569330269712,0.6063973237395507,0.009459609287420512
2025-10-14 15:15:00,10/14,학습,0.6158511174063124,0.6063918719749498,0.009459245431362562
2025-10-14 15:16:00,10/14,학습,0.6158359594984313,0.6063768228529244,0.009459136645506905
2025-10-14 15:17:00,10/14,학습,0.6158260603463053,0.6063668439888401,0.009459216357465161
2025-10-14 15:18:00,10/14,학습,0.6158109021127756,0.6063513616503364,0.009459540462439131
2025-10-14 15:19:00,10/14,학습,0.6158702372174363,0.60641022492735,0.009460012290086306
2025-10-14 15:20:00,10/14,학습,0.6158521708159503,0.6063914190774348,0.009460751738515571
2025-10-14 15:21:00,10/14,학습,0.615834104128927,0.6063724472228985,0.009461656906028515
2025-10-14 15:22:00,10/14,학습,0.615816037156371,0.6063533096641889,0.009462727492182132
2025-10-14 15:23:00,10/14,학습,0.6157927106548378,0.6063287385516127,0.009463972103225027
2025-10-14 15:24:00,10/14,학습,0.615770559264557,0.6063052170730745,0.00946534219148254
2025-10-14 15:25:00,10/14,학습,0.6157495830166129,0.6062827687884773,0.009466814228135556
2025-10-14 15:26:00,10/14,학습,0.6157274307976868,0.6062590289022776,0.009468401895409206
2025-10-14 15:27:00,10/14,학습,0.6157797695223293,0.6063097576654685,0.009470011856860805
2025-10-14 15:28:00,10/14,학습,0.6157587923241223,0.6062870301357767,0.009471762188345667
2025-10-14 15:29:00,10/14,학습,0.6157325550630861,0.6062589762881261,0.009473578774960023
2025-10-14 15:30:00,10/14,학습,0.6157127525683137,0.6062373392713375,0.00947541329697621
2025-10-14 15:31:00,10/14,학습,0.6156865142593926,0.6062091991713362,0.009477315088056382
2025-10-14 15:32:00,10/14,학습,0.6156667109177374,0.6061874929016221,0.009479218016115287
2025-10-14 15:33:00,10/14,학습,0.6156404715608741,0.6061593342639552,0.009481137296918907
2025-10-14 15:34:00,10/14,학습,0.6156939808122774,0.6062109488367695,0.009483031975507927
2025-10-14 15:35:00,10/14,학습,0.615668916362879,0.6061839493360853,0.00948496702679369
2025-10-14 15:36:00,10/14,학습,0.6156479359437059,0.6061610361152197,0.009486899828486273
2025-10-14 15:37:00,10/14,학습,0.6156281307541493,0.6061393216461419,0.009488809108007423
2025-10-14 15:38:00,10/14,학습,0.615607149547527,0.6061164360689496,0.00949071347857744
2025-10-14 15:39:00,10/14,학습,0.615587343591228,0.6060947765674791,0.009492567023748899
2025-10-14 15:40:00,10/14,학습,0.6155716221106626,0.6060771962415099,0.009494425869152723
2025-10-14 15:41:00,10/14,학습,0.6156239506257171,0.606127755111642,0.009496195514075101
2025-10-14 15:42:00,10/14,학습,0.6156082287423901,0.606110243782733,0.009497984959657035
2025-10-14 15:43:00,10/14,학습,0.6155872459719776,0.6060875306474944,0.009499715324483127
2025-10-14 15:44:00,10/14,학습,0.6155703478569923,0.6060689115632671,0.00950143629372513
2025-10-14 15:45:00,10/14,학습,0.615559885915024,0.6060568001511495,0.009503085763874486
2025-10-14 15:46:00,10/14,학습,0.6155429873393168,0.6060382713460508,0.009504715993265966
2025-10-14 15:47:00,10/14,학습,0.6155313493831402,0.6060250670006626,0.009506282382477638
2025-10-14 15:48:00,10/14,학습,0.6155132746433714,0.6060054842640099,0.009507790379361447
2025-10-14 15:49:00,10/14,학습,0.615574944177236,0.6060657066273433,0.009509237549892746
2025-10-14 15:50:00,10/14,학습,0.6155621301439975,0.6060514476144344,0.009510682529563108
2025-10-14 15:51:00,10/14,학습,0.615554576954165,0.6060425297504605,0.009512047203704577
2025-10-14 15:52:00,10/14,학습,0.6155417626468502,0.606028407467574,0.009513355179276206
2025-10-14 15:53:00,10/14,학습,0.6155342092726159,0.60601959596163,0.009514613310985909
2025-10-14 15:54:00,10/14,학습,0.6155254801258847,0.6060096309127501,0.009515849213134642
2025-10-14 15:55:00,10/14,학습,0.6155167508949375,0.6059997499856433,0.009517000909294193
2025-10-14 15:56:00,10/14,학습,0.6155080215797764,0.6059899122635561,0.009518109316220214
2025-10-14 15:57:00,10/14,학습,0.6154992921803979,0.6059801356378974,0.009519156542500462
2025-10-14 15:58:00,10/14,학습,0.6154946482516646,0.605974464608497,0.009520183643167535
2025-10-14 15:59:00,10/14,학습,0.6154900042924087,0.6059688819403218,0.009521122352086908
2025-10-14 16:00:00,10/14,학습,0.6155534033616192,0.6060300706027392,0.009523332758880065
2025-10-14 16:01:00,10/14,학습,0.6155487593383078,0.6060209539098068,0.009527805428500957
2025-10-14 16:02:00,10/14,학습,0.61554937656308,0.6060161987218871,0.009533177841192897
2025-10-14 16:03:00,10/14,학습,0.6155435568000125,0.606004278450556,0.009539278349456448
2025-10-14 16:04:00,10/14,학습,0.6155389127055662,0.6059927936581397,0.009546119047426416
2025-10-14 16:05:00,10/14,학습,0.615538354208566,0.6059848067938497,0.009553547414716257
2025-10-14 16:06:00,10/14,학습,0.6155313586510471,0.6059698429667801,0.009561515684266997
2025-10-14 16:07:00,10/14,학습,0.6155308001380577,0.6059608215496097,0.009569978588447992
2025-10-14 16:08:00,10/14,학습,0.6155290659079324,0.6059502007527948,0.009578865155137617
2025-10-14 16:09:00,10/14,학습,0.6155273316718957,0.6059392454468336,0.00958808622506202
2025-10-14 16:10:00,10/14,학습,0.6155244217118261,0.6059268077530308,0.009597613958795326
2025-10-14 16:11:00,10/14,학습,0.6155255974299569,0.6059181834790395,0.009607413950917465
2025-10-14 16:12:00,10/14,학습,0.6155267731480918,0.605909349504244,0.009617423643847767
2025-10-14 16:13:00,10/14,학습,0.6155267731480913,0.6058991938837631,0.009627579264328223
2025-10-14 16:14:00,10/14,학습,0.6155308588211135,0.6058930412551908,0.009637817565922635
2025-10-14 16:15:00,10/14,학습,0.6155390301287138,0.6058909106760852,0.009648119452628556
2025-10-14 16:16:00,10/14,학습,0.6155460256755705,0.6058876069095968,0.00965841876597373
2025-10-14 16:17:00,10/14,학습,0.6155571067648618,0.6058884652606262,0.00966864150423552
2025-10-14 16:18:00,10/14,학습,0.6155722732864586,0.6058934964670697,0.00967877681938889
2025-10-14 16:19:00,10/14,학습,0.6155915250917745,0.6059027521292342,0.009688772962540337
2025-10-14 16:20:00,10/14,학습,0.6156136863154309,0.6059151388255894,0.009698547489841447
2025-10-14 16:21:00,10/14,학습,0.6155666295773516,0.6058586505035038,0.009707979073847794
2025-10-14 16:22:00,10/14,학습,0.6155905240917432,0.6058732837304686,0.009717240361274637
2025-10-14 16:23:00,10/14,학습,0.6156225884538935,0.6058963950422528,0.009726193411640716
2025-10-14 16:24:00,10/14,학습,0.6156639976654041,0.6059291998274408,0.009734797837963383
2025-10-14 16:25:00,10/14,학습,0.6157030541749939,0.6059600202129176,0.00974303396207632
2025-10-14 16:26:00,10/14,학습,0.6156781496505803,0.6059274748429613,0.009750674807619042
2025-10-14 16:27:00,10/14,학습,0.6157241973482617,0.6059661255919956,0.009758071756266085
2025-10-14 16:28:00,10/14,학습,0.6157784121162044,0.6060133988464377,0.009765013269766754
2025-10-14 16:29:00,10/14,학습,0.6158355330283285,0.6060640209840198,0.009771512044308706
2025-10-14 16:30:00,10/14,학습,0.6158286884477318,0.606051391556169,0.009777296891562703
2025-10-14 16:31:00,10/14,학습,0.6158927961631788,0.6061100223596673,0.009782773803511557
2025-10-14 16:32:00,10/14,학습,0.6158917586958166,0.6061041929700453,0.00978756572577133
2025-10-14 16:33:00,10/14,학습,0.61596810991669,0.6061760849780157,0.00979202493867437
2025-10-14 16:34:00,10/14,학습,0.6159740526107629,0.6061782986154807,0.009795753995282208
2025-10-14 16:35:00,10/14,학습,0.6160562095254782,0.6062570348525516,0.00979917467292668
2025-10-14 16:36:00,10/14,학습,0.6160691297651542,0.6062672960830725,0.009801833682081651
2025-10-14 16:37:00,10/14,학습,0.6161582649906581,0.6063540839496931,0.009804181040964921
2025-10-14 16:38:00,10/14,학습,0.6161781598933105,0.606372404296824,0.009805755596486443
2025-10-14 16:39:00,10/14,학습,0.6162754455889179,0.6064684050146635,0.009807040574254411
2025-10-14 16:40:00,10/14,학습,0.6163023119916207,0.6064947468542009,0.00980756513741976
2025-10-14 16:41:00,10/14,학습,0.6164013127363077,0.6065935097435541,0.009807802992753634
2025-10-14 16:42:00,10/14,학습,0.6164310665907329,0.6066237981375427,0.009807268453190132
2025-10-14 16:43:00,10/14,학습,0.6164648899148675,0.6066586616353105,0.009806228279557017
2025-10-14 16:44:00,10/14,학습,0.6165708512248793,0.6067659066090897,0.009804944615789624
2025-10-14 16:45:00,10/14,학습,0.6166075587900914,0.6068046386228074,0.009802920167284013
2025-10-14 16:46:00,10/14,학습,0.6166483336627606,0.6068479141950891,0.009800419467671517
2025-10-14 16:47:00,10/14,학습,0.6167571705520671,0.6069595003976066,0.009797670154460536
2025-10-14 16:48:00,10/14,학습,0.616796747600507,0.6070024936257026,0.009794253974804379
2025-10-14 16:49:00,10/14,학습,0.6168403903354824,0.6070499845959348,0.009790405739547592
2025-10-14 16:50:00,10/14,학습,0.6169509250367611,0.6071645745013409,0.009786350535420207
2025-10-14 16:51:00,10/14,학습,0.6169945438042275,0.6072128828834578,0.009781660920769708
2025-10-14 16:52:00,10/14,학습,0.6170317215102523,0.6072551367208981,0.00977658478935417
2025-10-14 16:53:00,10/14,학습,0.6170729636298324,0.6073018088814672,0.009771154748365207
2025-10-14 16:54:00,10/14,학습,0.6171875335183268,0.6074112722151288,0.009776261303197975
2025-10-14 16:55:00,10/14,학습,0.617229926392683,0.6073895604935559,0.00984036589912718
2025-10-14 16:56:00,10/14,학습,0.617268229520056,0.6073641287808552,0.009904100739200783
2025-10-14 16:57:00,10/14,학습,0.6173798654985858,0.6074144117436951,0.009965453754890663
2025-10-14 16:58:00,10/14,학습,0.6174204952643358,0.6073966654152082,0.010023829849127641
2025-10-14 16:59:00,10/14,학습,0.6174546874484388,0.6073750789723774,0.010079608476061375
2025-10-14 17:00:00,10/14,학습,0.6174900420699627,0.6073583052605452,0.01013173680941748
2025-10-14 17:01:00,10/14,학습,0.6175946631459746,0.607415875880251,0.010178787265723521
2025-10-14 17:02:00,10/14,학습,0.6176142499032777,0.6073943754714775,0.01021987443180028
2025-10-14 17:03:00,10/14,학습,0.6176361754281638,0.6073802786356762,0.010255896792487618
2025-10-14 17:04:00,10/14,학습,0.6176516675374999,0.6073646721651971,0.01028699537230282
2025-10-14 17:05:00,10/14,학습,0.6177364383583319,0.6074223609823949,0.010314077375937036
2025-10-14 17:06:00,10/14,학습,0.6177437678085345,0.6074077296924847,0.010336038116049773
2025-10-14 17:07:00,10/14,학습,0.6177405932742885,0.6073868741663481,0.010353719107940473
2025-10-14 17:08:00,10/14,학습,0.6178119536136129,0.6074437328601193,0.010368220753493529
2025-10-14 17:09:00,10/14,학습,0.6178058684974328,0.6074276138881803,0.010378254609252457
2025-10-14 17:10:00,10/14,학습,0.617795703327868,0.6074109125453935,0.010384790782474562
2025-10-14 17:11:00,10/14,학습,0.61785365936551,0.6074648938234576,0.01038876554205237
2025-10-14 17:12:00,10/14,학습,0.6178341650034147,0.6074452240682903,0.010388940935124436
2025-10-14 17:13:00,10/14,학습,0.6178903913863845,0.6075032745981531,0.010387116788231343
2025-10-14 17:14:00,10/14,학습,0.6178627442215898,0.6074809266291211,0.0103818175924687
2025-10-14 17:15:00,10/14,학습,0.6179044015675119,0.6075295303755014,0.010374871192010526
2025-10-14 17:16:00,10/14,학습,0.6178750236506629,0.6075100276269083,0.010364996023754625
2025-10-14 17:17:00,10/14,학습,0.6179085344540731,0.6075547272984039,0.010353807155669248
2025-10-14 17:18:00,10/14,학습,0.6178710066928881,0.607530959359735,0.01034004733315308
2025-10-14 17:19:00,10/14,학습,0.617896372510625,0.6075710545207267,0.01032531798989833
2025-10-14 17:20:00,10/14,학습,0.6178506961378807,0.6075422994525207,0.010308396685359988
2025-10-14 17:21:00,10/14,학습,0.6178690925719654,0.6075783167256634,0.010290775846302003
2025-10-14 17:22:00,10/14,학습,0.6178152685294092,0.607543987074895,0.01027128145451417
2025-10-14 17:23:00,10/14,학습,0.6178307672786056,0.6075793102503133,0.010251457028292332
2025-10-14 17:24:00,10/14,학습,0.6178421948721127,0.6076115132421562,0.01023068162995644
2025-10-14 17:25:00,10/14,학습,0.6177761526816008,0.6075677639181059,0.010208388763494947
2025-10-14 17:26:00,10/14,학습,0.6177806126826826,0.607594540232827,0.010186072449855588
2025-10-14 17:27:00,10/14,학습,0.6177064239936649,0.6075439220532876,0.010162501940377378
2025-10-14 17:28:00,10/14,학습,0.6177079873766034,0.6075688134171814,0.010139173959421988
2025-10-14 17:29:00,10/14,학습,0.6176990607856261,0.6075837074830746,0.010115353302551533
2025-10-14 17:30:00,10/14,학습,0.6176913086175415,0.6076000133792255,0.010091295238315978
2025-10-14 17:31:00,10/14,학습,0.6176072508841639,0.6075408919857489,0.010066358898415007
2025-10-14 17:32:00,10/14,학습,0.6175966021722181,0.6075546526814526,0.010041949490765534
2025-10-14 17:33:00,10/14,학습,0.6175818828321527,0.607564473977026,0.010017408855126697
2025-10-14 17:34:00,10/14,학습,0.6175683379081236,0.607575455435246,0.009992882472877551
2025-10-14 17:35:00,10/14,학습,0.6174720616420599,0.6075042800274172,0.009967781614642734
2025-10-14 17:36:00,10/14,학습,0.6174556199280161,0.6075122190093489,0.009943400918667189
2025-10-14 17:37:00,10/14,학습,0.6174351073533388,0.6075159648692912,0.009919142484047683
2025-10-14 17:38:00,10/14,학습,0.617409349394076,0.6075143037220795,0.009895045671996505
2025-10-14 17:39:00,10/14,학습,0.6173847656969349,0.6075135715162182,0.009871194180716691
2025-10-14 17:40:00,10/14,학습,0.6172879337379584,0.607440833212046,0.009847100525912422
2025-10-14 17:41:00,10/14,학습,0.6172592780483133,0.6074354903286208,0.0098237877196925
2025-10-14 17:42:00,10/14,학습,0.6172317965619414,0.6074310095461783,0.009800787015763035
2025-10-14 17:43:00,10/14,학습,0.6172054892944112,0.6074273423850425,0.009778146909368735
2025-10-14 17:44:00,10/14,학습,0.61717918178791,0.6074232857038748,0.009755896084035154
2025-10-14 17:45:00,10/14,학습,0.6171488026620393,0.6074148233216455,0.009733979340393772
2025-10-14 17:46:00,10/14,학습,0.617118423166652,0.607405958609811,0.00971246455684105
2025-10-14 17:47:00,10/14,학습,0.6170892177958627,0.6073978670317534,0.009691350764109319
2025-10-14 17:48:00,10/14,학습,0.6169865804305354,0.6073162712100224,0.00967030922051304
2025-10-14 17:49:00,10/14,학습,0.6169573737572736,0.6073072856447574,0.009650088112516109
2025-10-14 17:50:00,10/14,학습,0.6169293412754502,0.607299014817613,0.009630326457837235
2025-10-14 17:51:00,10/14,학습,0.616902483005795,0.6072915030262945,0.009610979979500445
2025-10-14 17:52:00,10/14,학습,0.6168703779107294,0.6072782870282153,0.009592090882514115
2025-10-14 17:53:00,10/14,학습,0.616843518911482,0.6072698722910261,0.0095736466204559
2025-10-14 17:54:00,10/14,학습,0.6168166595841287,0.6072609981752393,0.009555661408889415
2025-10-14 17:55:00,10/14,학습,0.6167857277801374,0.6072475902731242,0.009538137507013156
2025-10-14 17:56:00,10/14,학습,0.6167600423221329,0.6072389763944084,0.009521065927724504
2025-10-14 17:57:00,10/14,학습,0.6167343565498136,0.6072299176346119,0.009504438915201696
2025-10-14 17:58:00,10/14,학습,0.6167098450690591,0.6072215757685455,0.009488269300513608
2025-10-14 17:59:00,10/14,학습,0.6166800862564115,0.6072075600353921,0.00947252622101935
2025-10-14 18:00:00,10/14,학습,0.6166555741046871,0.6071995205963489,0.009456053508338225
2025-10-14 18:01:00,10/14,학습,0.6166310616524342,0.6071942529442338,0.009436808708200406
2025-10-14 18:02:00,10/14,학습,0.6166065488996615,0.6071915874782317,0.009414961421429835
2025-10-14 18:03:00,10/14,학습,0.6165884577979566,0.6071977535266454,0.009390704271311168
2025-10-14 18:04:00,10/14,학습,0.616563944520975,0.607199893859812,0.00936405066116297
2025-10-14 18:05:00,10/14,학습,0.6165406055976734,0.6072054040631306,0.009335201534542814
2025-10-14 18:06:00,10/14,학습,0.6165213392279218,0.6072171111251833,0.009304228102738565
2025-10-14 18:07:00,10/14,학습,0.6165032473459233,0.6072319562772133,0.009271291068710052
2025-10-14 18:08:00,10/14,학습,0.6164851552974577,0.6072486843731472,0.00923647092431057
2025-10-14 18:09:00,10/14,학습,0.6164658884075658,0.6072659494564278,0.00919993895113802
2025-10-14 18:10:00,10/14,학습,0.6164477960209633,0.6072860068029903,0.00916178921797306
2025-10-14 18:11:00,10/14,학습,0.6164349512150205,0.6073128103022133,0.009122140912807164
2025-10-14 18:12:00,10/14,학습,0.6164221063304833,0.6073409524089548,0.009081153921528529
2025-10-14 18:13:00,10/14,학습,0.6164092613673466,0.607370332333415,0.009038929033931664
2025-10-14 18:14:00,10/14,학습,0.6163964163256115,0.6074008343334708,0.008995581992140678
2025-10-14 18:15:00,10/14,학습,0.6163835712052803,0.6074323246716209,0.008951246533659418
2025-10-14 18:16:00,10/14,학습,0.6163759739165098,0.6074699813351506,0.008905992581359157
2025-10-14 18:17:00,10/14,학습,0.6163683766046386,0.607508366294126,0.008860010310512645
2025-10-14 18:18:00,10/14,학습,0.6163619539722436,0.6075485733919991,0.008813380580244501
2025-10-14 18:19:00,10/14,학습,0.6163543566158862,0.6075881329364621,0.008766223679424145
2025-10-14 18:20:00,10/14,학습,0.6163479339424611,0.6076292838360996,0.008718650106361525
2025-10-14 18:21:00,10/14,학습,0.6163403365416202,0.6076695677180883,0.008670768823531905
2025-10-14 18:22:00,10/14,학습,0.6163391618338514,0.6077165028170189,0.008622659016832457
2025-10-14 18:23:00,10/14,학습,0.6163327391176727,0.6077582567267568,0.00857448239091596
2025-10-14 18:24:00,10/14,학습,0.616326316381844,0.607799991256698,0.00852632512514595
2025-10-14 18:25:00,10/14,학습,0.6163251416706137,0.6078468526993714,0.008478288971242254
2025-10-14 18:26:00,10/14,학습,0.6163187189134087,0.607888248132201,0.008430470781207733
2025-10-14 18:27:00,10/14,학습,0.6163187189134085,0.6079357899360337,0.008382928977374804
2025-10-14 18:28:00,10/14,학습,0.6163122961365499,0.6079764194462836,0.008335876690266364
2025-10-14 18:29:00,10/14,학습,0.6163070480564516,0.6080177381532202,0.008289309903231401
2025-10-14 18:30:00,10/14,학습,0.616308222772858,0.608064899710014,0.008243323062844032
2025-10-14 18:31:00,10/14,학습,0.6163029746782815,0.6081048952453425,0.008198079432939043
2025-10-14 18:32:00,10/14,학습,0.6162989012873661,0.6081452653644034,0.008153635922962699
2025-10-14 18:33:00,10/14,학습,0.616294827883699,0.6081847425069374,0.008110085376761611
2025-10-14 18:34:00,10/14,학습,0.6162907544672871,0.6082232739835548,0.008067480483732292
2025-10-14 18:35:00,10/14,학습,0.6162878557631497,0.6082619102160686,0.008025945547081137
2025-10-14 18:36:00,10/14,학습,0.6162861317764512,0.6083005959348157,0.007985535841635527
2025-10-14 18:37:00,10/14,학습,0.6162779848647237,0.6083315257242367,0.007946459140487083
2025-10-14 18:38:00,10/14,학습,0.6162762608535646,0.6083676856156438,0.007908575237920767
2025-10-14 18:39:00,10/14,학습,0.6162704633429548,0.6083983359070392,0.007872127435915588
2025-10-14 18:40:00,10/14,학습,0.6162658405339336,0.6084287063942989,0.007837134139634716
2025-10-14 18:41:00,10/14,학습,0.6162612176945841,0.608457586709997,0.00780363098458714
2025-10-14 18:42:00,10/14,학습,0.6162513465101822,0.6084795262031188,0.00777182030706336
2025-10-14 18:43:00,10/14,학습,0.616243824736866,0.6085022122367901,0.007741612500075878
2025-10-14 18:44:00,10/14,학습,0.6163097482644302,0.6085978425783827,0.0077119056860475155
2025-10-14 18:45:00,10/14,학습,0.6163034011224919,0.6086182932347676,0.007685107887724363
2025-10-14 18:46:00,10/14,학습,0.6162918055351876,0.6086316197198525,0.007660185815335119
2025-10-14 18:47:00,10/14,학습,0.6162825592877497,0.6086454993191849,0.0076370599685647855
2025-10-14 18:48:00,10/14,학습,0.6162692391783893,0.6086533351217291,0.007615904056660128
2025-10-14 18:49:00,10/14,학습,0.6162559188536458,0.6086592737512543,0.007596645102391553
2025-10-14 18:50:00,10/14,학습,0.6163131407700573,0.608735178130805,0.007577962639252256
2025-10-14 18:51:00,10/14,학습,0.6162980957047681,0.6087355171953702,0.007562578509397899
2025-10-14 18:52:00,10/14,학습,0.6162789764081444,0.6087298123332966,0.007549164074847847
2025-10-14 18:53:00,10/14,학습,0.6162622062277534,0.6087245729321671,0.007537633295586321
2025-10-14 18:54:00,10/14,학습,0.6163136245236276,0.6087869224235786,0.007526702100049021
2025-10-14 18:55:00,10/14,학습,0.6162939542285641,0.6087749570997425,0.007518997128821647
2025-10-14 18:56:00,10/14,학습,0.6162661349755398,0.6087527952302806,0.007513339745259251
2025-10-14 18:57:00,10/14,학습,0.6163129236022147,0.6088049247589263,0.007507998843288344
2025-10-14 18:58:00,10/14,학습,0.6162822032001729,0.6087762391767707,0.007505964023402201
2025-10-14 18:59:00,10/14,학습,0.6163272614356949,0.6088231627739281,0.007504098661766823
2025-10-14 19:00:00,10/14,학습,0.6162907395695176,0.608785174797462,0.007505564772055662
2025-10-14 19:01:00,10/14,학습,0.6162553909967834,0.6087468420097224,0.007508548987060992
2025-10-14 19:02:00,10/14,학습,0.6162864927478326,0.6087748068999697,0.007511685847862992
2025-10-14 19:03:00,10/14,학습,0.6162453409156343,0.6087276242416673,0.0075177166739670565
2025-10-14 19:04:00,10/14,학습,0.6162735350711328,0.6087499033242577,0.007523631746875092
2025-10-14 19:05:00,10/14,학습,0.6162999977850201,0.6087692007708053,0.007530797014214774
2025-10-14 19:06:00,10/14,학습,0.6162501385139589,0.6087094508918389,0.0075406876221200125
2025-10-14 19:07:00,10/14,학습,0.6162696164946042,0.6087194781260868,0.007550138368517367
2025-10-14 19:08:00,10/14,학습,0.6162127749522865,0.6086506487437077,0.007562126208578879
2025-10-14 19:09:00,10/14,학습,0.6162276160516875,0.6086541951804608,0.007573420871226699
2025-10-14 19:10:00,10/14,학습,0.6162331226179143,0.6086474947889753,0.007585627828939012
2025-10-14 19:11:00,10/14,학습,0.6162409709820693,0.6086425821475421,0.007598388834527237
2025-10-14 19:12:00,10/14,학습,0.6161725083546679,0.6085592150748551,0.0076132932798127495
2025-10-14 19:13:00,10/14,학습,0.6161745405114756,0.608547450021853,0.007627090489622623
2025-10-14 19:14:00,10/14,학습,0.6161736617874944,0.6085324002821533,0.007641261505341168
2025-10-14 19:15:00,10/14,학습,0.6161646192208643,0.6085088309765901,0.007655788244274153
2025-10-14 19:16:00,10/14,학습,0.6161567415011406,0.6084863006931994,0.0076704408079412145
2025-10-14 19:17:00,10/14,학습,0.6161471258729367,0.608461955091456,0.007685170781480788
2025-10-14 19:18:00,10/14,학습,0.6161334215595764,0.6084335088298257,0.00769991272975068
2025-10-14 19:19:00,10/14,학습,0.6161168028151962,0.608402182928401,0.0077146198867952265
2025-10-14 19:20:00,10/14,학습,0.6160972688513691,0.6083681086285827,0.007729160222786358
2025-10-14 19:21:00,10/14,학습,0.6160788978409317,0.6083354825396247,0.007743415301307066
2025-10-14 19:22:00,10/14,학습,0.6160523561322362,0.6082948429080587,0.0077575132241775036
2025-10-14 19:23:00,10/14,학습,0.6160281514204196,0.6082569740183974,0.007771177402022156
2025-10-14 19:24:00,10/14,학습,0.6159998535287499,0.6082153902048605,0.007784463323889379
2025-10-14 19:25:00,10/14,학습,0.6159674614714359,0.6081700813975215,0.007797380073914395
2025-10-14 19:26:00,10/14,학습,0.6159374053745541,0.6081277106517504,0.007809694722803684
2025-10-14 19:27:00,10/14,학습,0.6159044291609772,0.6080829315569857,0.007821497603991534
2025-10-14 19:28:00,10/14,학습,0.6158661812306432,0.6080333640228653,0.007832817207777842
2025-10-14 19:29:00,10/14,학습,0.6159036106000646,0.6080616921324091,0.007841918467655473
2025-10-14 19:30:00,10/14,학습,0.6158647718451473,0.6080128162547398,0.007851955590407522
2025-10-14 19:31:00,10/14,학습,0.6158206589309423,0.607959228756056,0.007861430174886275
2025-10-14 19:32:00,10/14,학습,0.615778879673081,0.6079087549052153,0.007870124767865638
2025-10-14 19:33:00,10/14,학습,0.6157330001867352,0.6078547809301322,0.007878219256602925
2025-10-14 19:34:00,10/14,학습,0.6157563412057143,0.6078722642590518,0.007884076946662488
2025-10-14 19:35:00,10/14,학습,0.6157086895275512,0.6078179576583863,0.007890731869164891
2025-10-14 19:36:00,10/14,학습,0.615661019356825,0.6077644174017449,0.00789660195508013
2025-10-14 19:37:00,10/14,학습,0.6156784692426276,0.6077781341698923,0.007900335072735243
2025-10-14 19:38:00,10/14,학습,0.6156237634211128,0.6077189471603953,0.007904816260717484
2025-10-14 19:39:00,10/14,학습,0.6155702131732435,0.6076616724323317,0.00790854074091174
2025-10-14 19:40:00,10/14,학습,0.6155870269094803,0.6076771216465282,0.0079099052629521
2025-10-14 19:41:00,10/14,학습,0.6155264360689141,0.6076142207087051,0.00791221536020903
2025-10-14 19:42:00,10/14,학습,0.6154617367110409,0.6075479067149829,0.007913829996057942
2025-10-14 19:43:00,10/14,학습,0.6154726471439813,0.6075597002188344,0.00791294692514688
2025-10-14 19:44:00,10/14,학습,0.615406163612612,0.6074931372111464,0.007913026401465628
2025-10-14 19:45:00,10/14,학습,0.6154088389690682,0.6074980470244796,0.007910791944588547
2025-10-14 19:46:00,10/14,학습,0.615335303874958,0.6074258474544392,0.007909456420518879
2025-10-14 19:47:00,10/14,학습,0.6153373556849995,0.6074317328436041,0.007905622841395399
2025-10-14 19:48:00,10/14,학습,0.6152567641644979,0.6073538813959515,0.007902882768546449
2025-10-14 19:49:00,10/14,학습,0.615251747680557,0.6073541366868602,0.007897610993696791
2025-10-14 19:50:00,10/14,학습,0.6152385130546687,0.607346786470689,0.007891726583979741
2025-10-14 19:51:00,10/14,학습,0.61511997898625,0.6025959127575055,0.01252406622874458
2025-10-14 19:52:00,10/14,학습,0.6150471465483616,0.6025272546417356,0.012519891906625946
2025-10-14 19:53:00,10/14,학습,0.6150369275934395,0.6026316628300481,0.012405264763391433
2025-10-14 19:54:00,10/14,학습,0.6149481221211124,0.6026587226291997,0.012289399491912656
2025-10-14 19:55:00,10/14,학습,0.6148223465194571,0.6026505754742425,0.012171771045214608
2025-10-14 19:56:00,10/14,학습,0.6147334197212286,0.6026783080809207,0.012055111640307925
2025-10-14 19:57:00,10/14,학습,0.6145372357444048,0.6025994393331093,0.011937796411295443
2025-10-14 19:58:00,10/14,학습,0.61439311242161,0.6025687492677299,0.011824363153880135
2025-10-14 19:59:00,10/14,학습,0.6142342679823187,0.6025201536176901,0.011714114364628658
2025-10-14 20:00:00,10/14,학습,0.6140659683317717,0.6024569329914762,0.01160903534029556
2025-10-14 20:01:00,10/14,학습,0.613895836972757,0.602385142909954,0.011510694062802918
2025-10-14 20:02:00,10/14,학습,0.6137238715599296,0.6023063351181543,0.011417536441775233
2025-10-14 20:03:00,10/14,학습,0.6135541703426735,0.602225039891446,0.01132913045122741
2025-10-14 20:04:00,10/14,학습,0.6133890881275748,0.6021438805303402,0.011245207597234574
2025-10-14 20:05:00,10/14,학습,0.6132198144624097,0.6020545803027858,0.011165234159623894
2025-10-14 20:06:00,10/14,학습,0.6130604400426143,0.6019713377371883,0.011089102305426035
2025-10-14 20:07:00,10/14,학습,0.6128927687030821,0.6018764880415863,0.011016280661495736
2025-10-14 20:08:00,10/14,학습,0.6128069838785515,0.6018594875541319,0.010947496324419603
2025-10-14 20:09:00,10/14,학습,0.6126450129654633,0.6017641932837483,0.010880819681714948
2025-10-14 20:10:00,10/14,학습,0.6124811990696419,0.6016643145661182,0.010816884503523694
2025-10-14 20:11:00,10/14,학습,0.6123184702416256,0.6015628786755618,0.01075559156606376
2025-10-14 20:12:00,10/14,학습,0.6122323210979537,0.6015348065803363,0.010697514517617357
2025-10-14 20:13:00,10/14,학습,0.6120700040471825,0.6014288593402596,0.0106411447069229
2025-10-14 20:14:00,10/14,학습,0.611908771221511,0.6013216356200217,0.010587135601489273
2025-10-14 20:15:00,10/14,학습,0.611817629965,0.6012817629410528,0.010535867023947154
2025-10-14 20:16:00,10/14,학습,0.6116544472939087,0.6011682287201775,0.01048621857373122
2025-10-14 20:17:00,10/14,학습,0.6114935258995493,0.6010548540019477,0.010438671897601615
2025-10-14 20:18:00,10/14,학습,0.6114014940809753,0.6010080484426845,0.01039344563829081
2025-10-14 20:19:00,10/14,학습,0.6112245681760715,0.6008930264409286,0.010331541735142946
2025-10-14 20:20:00,10/14,학습,0.611134696209052,0.6008448382856839,0.010289857923368118
2025-10-14 20:21:00,10/14,학습,0.610978123791206,0.6007286072273761,0.010249516563829886
2025-10-14 20:22:00,10/14,학습,0.6108892183243697,0.6006783652582453,0.010210853066124459
2025-10-14 20:23:00,10/14,학습,0.6107336295390011,0.6005603322891103,0.0101732972498908
2025-10-14 20:24:00,10/14,학습,0.6106509893423224,0.6005139042875957,0.010137085054726769
2025-10-14 20:25:00,10/14,학습,0.61049638563761,0.6003948067165381,0.010101578921071885
2025-10-14 20:26:00,10/14,학습,0.6104158944165237,0.600349030925109,0.010066863491414613
2025-10-14 20:27:00,10/14,학습,0.6102622762711609,0.6002300261454135,0.010032250125747377
2025-10-14 20:28:00,10/14,학습,0.6101868793350911,0.6001895080531727,0.009997371281918355
2025-10-14 20:29:00,10/14,학습,0.6100330690467124,0.600072030604516,0.009961038442196424
2025-10-14 20:30:00,10/14,학습,0.6099574667557737,0.6000062152663956,0.009951251489378032
2025-10-14 20:31:00,10/14,학습,0.609811128191972,0.5997880267535208,0.010023101438451198
2025-10-14 20:32:00,10/14,학습,0.6097429865709811,0.5996675645867884,0.010075421984192756
2025-10-14 20:33:00,10/14,학습,0.6095976397885581,0.5994894734904441,0.010108166298113952
2025-10-14 20:34:00,10/14,학습,0.6094551512744333,0.5993263734111335,0.010128777863299798
2025-10-14 20:35:00,10/14,학습,0.609394973327402,0.5992522278909971,0.01014274543640492
2025-10-14 20:36:00,10/14,학습,0.6092570246648146,0.5991045146775836,0.01015250998723094
2025-10-14 20:37:00,10/14,학습,0.6091302050725933,0.5989703425839507,0.010159862488642646
2025-10-14 20:38:00,10/14,학습,0.609097591721885,0.598913927890177,0.0101836638317081
2025-10-14 20:39:00,10/14,학습,0.60898417399127,0.5987959533841514,0.010188220607118659
2025-10-14 20:40:00,10/14,학습,0.6088795468162971,0.59868772377928,0.010191823037017045
2025-10-14 20:41:00,10/14,학습,0.6087931681372378,0.5985985539732588,0.010194614163979043
2025-10-14 20:42:00,10/14,학습,0.6086414883726545,0.5984451676517644,0.010196320720890162
2025-10-14 20:43:00,10/14,학습,0.6085810083228655,0.5983834365581294,0.010197571764736124
2025-10-14 20:44:00,10/14,학습,0.6085399842693158,0.5983418955028912,0.010198088766424585
2025-10-14 20:45:00,10/14,학습,0.6084378340633012,0.5982402757214189,0.010197558341882296
2025-10-14 20:46:00,10/14,학습,0.6084280734001004,0.5982314528194673,0.010196620580633087
2025-10-14 20:47:00,10/14,학습,0.6083595700633595,0.5981649025601892,0.01019466750317033
2025-10-14 20:48:00,10/14,학습,0.6083093804747406,0.5981173223103788,0.01019205816436175
2025-10-14 20:49:00,10/14,학습,0.6083421256462107,0.5981530174625622,0.010189108183648488
2025-10-14 20:50:00,10/14,학습,0.6083214765687537,0.5981361475290282,0.010185329039725466
2025-10-14 20:51:00,10/14,학습,0.6083055535440827,0.5981245392932767,0.010181014250805975
2025-10-14 20:52:00,10/14,학습,0.6083103221282031,0.5981340188510377,0.010176303277165455
2025-10-14 20:53:00,10/14,학습,0.6082469413301754,0.5980760728687519,0.010170868461423566
2025-10-14 20:54:00,10/14,학습,0.608268859164317,0.5981034308524218,0.010165428311895264
2025-10-14 20:55:00,10/14,학습,0.6082955101133778,0.5981358319659948,0.010159678147382945
2025-10-14 20:56:00,10/14,학습,0.6083333977466525,0.5981796845252626,0.010153713221389915
2025-10-14 20:57:00,10/14,학습,0.6083108363454763,0.598163529146013,0.010147307199463329
2025-10-14 20:58:00,10/14,학습,0.6083629213739405,0.5982218936148904,0.010141027759050125
2025-10-14 20:59:00,10/14,학습,0.6083439184941242,0.5982095987580907,0.010134319736033515
2025-10-14 21:00:00,10/14,학습,0.6084102027672964,0.5982823657767146,0.01012783699058184
2025-10-14 21:01:00,10/14,학습,0.6084012626533906,0.5982802602607618,0.010121002392628808
2025-10-14 21:02:00,10/14,학습,0.6084734635982867,0.5983590552256789,0.010114408372607797
2025-10-14 21:03:00,10/14,학습,0.608474587045919,0.5983671194793816,0.010107467566537354
2025-10-14 21:04:00,10/14,학습,0.6085515242843025,0.5984507241777259,0.010100800106576546
2025-10-14 21:05:00,10/14,학습,0.6085597504262747,0.598465891851067,0.010093858575207726
2025-10-14 21:06:00,10/14,학습,0.6085656153513241,0.5984787330270699,0.010086882324254254
2025-10-14 21:07:00,10/14,학습,0.6086472886273917,0.5985671275639182,0.010080161063473536
2025-10-14 21:08:00,10/14,학습,0.608660256283021,0.598587055494198,0.010073200788823011
2025-10-14 21:09:00,10/14,학습,0.6086720433815427,0.5986058073161515,0.010066236065391143
2025-10-14 21:10:00,10/14,학습,0.6087608137526221,0.5987012722700996,0.010059541482522527
2025-10-14 21:11:00,10/14,학습,0.6087690587391767,0.598716488615384,0.010052570123792792
2025-10-14 21:12:00,10/14,학습,0.6087826260881124,0.5987369434356119,0.010045682652500498
2025-10-14 21:13:00,10/14,학습,0.608800335160312,0.5987615343718811,0.01003880078843089
2025-10-14 21:14:00,10/14,학습,0.6088103607545743,0.5987784153261253,0.010031945428448985
2025-10-14 21:15:00,10/14,학습,0.6088985437957437,0.5988732184902854,0.0100253253054583
2025-10-14 21:16:00,10/14,학습,0.6089085691124083,0.598890035060055,0.010018534052353312
2025-10-14 21:17:00,10/14,학습,0.6089215554476077,0.5989097491656104,0.010011806281997382
2025-10-14 21:18:00,10/14,학습,0.6089345417825933,0.5989293991061738,0.010005142676419498
2025-10-14 21:19:00,10/14,학습,0.6089463475414827,0.5989478334250316,0.00999851411645114
2025-10-14 21:20:00,10/14,학습,0.6089581533001966,0.5989661885967503,0.009991964703446321
2025-10-14 21:21:00,10/14,학습,0.6090427879315174,0.5990571440688229,0.009985643862694515
2025-10-14 21:22:00,10/14,학습,0.60905223227983,0.5990730173919293,0.009979214887900656
2025-10-14 21:23:00,10/14,학습,0.6090575352191618,0.5990846759481733,0.009972859270988566
2025-10-14 21:24:00,10/14,학습,0.60906697958126,0.5991003882881369,0.00996659129312305
2025-10-14 21:25:00,10/14,학습,0.6090752433980025,0.5991148663865078,0.009960377011494659
2025-10-14 21:26:00,10/14,학습,0.6090846877598846,0.5991304148547842,0.009954272905100314
2025-10-14 21:27:00,10/14,학습,0.6090929515764394,0.5991446673201253,0.00994828425631411
2025-10-14 21:28:00,10/14,학습,0.6090947129418158,0.5991523674096951,0.0099423455321207
2025-10-14 21:29:00,10/14,학습,0.6091029767704796,0.599166469846684,0.009936506923795663
2025-10-14 21:30:00,10/14,학습,0.6091828827006456,0.5992516963125194,0.009931186388126179
2025-10-14 21:31:00,10/14,학습,0.6091834634740041,0.59925411901793,0.009929344456074074
2025-10-14 21:32:00,10/14,학습,0.6091905465722693,0.5992592820339461,0.00993126453832327
2025-10-14 21:33:00,10/14,학습,0.6091911273569677,0.5992544961376112,0.009936631219356507
2025-10-14 21:34:00,10/14,학습,0.6091982104656337,0.5992528617676534,0.00994534869798036
2025-10-14 21:35:00,10/14,학습,0.6091987912616763,0.5992415837030545,0.009957207558621839
2025-10-14 21:36:00,10/14,학습,0.6092035133410585,0.5992313995281224,0.009972113812936056
2025-10-14 21:37:00,10/14,학습,0.6092094159402475,0.5992197586701495,0.00998965727009793
2025-10-14 21:38:00,10/14,학습,0.6092076357097045,0.5992106100509765,0.009997025658727954
2025-10-14 21:39:00,10/14,학습,0.6092164990592188,0.5992251997474318,0.009991299311786994
2025-10-14 21:40:00,10/14,학습,0.6092176795790412,0.5992294130572623,0.009988266521778866
2025-10-14 21:41:00,10/14,학습,0.6092230013454571,0.5992327378457472,0.009990263499709995
2025-10-14 21:42:00,10/14,학습,0.6092312837993377,0.5992364901065105,0.009994793692827186
2025-10-14 21:43:00,10/14,학습,0.6092383856897399,0.5992378138408273,0.010000571848912565
2025-10-14 21:44:00,10/14,학습,0.6092484481872884,0.5992413058172187,0.010007142370069722
2025-10-14 21:45:00,10/14,학습,0.6092602907014859,0.59924593899124,0.010014351710245895
2025-10-14 21:46:00,10/14,학습,0.6092762741182434,0.5992540857938394,0.010022188324403936
2025-10-14 21:47:00,10/14,학습,0.6092265381499844,0.5991962583160698,0.01003027983391458
2025-10-14 21:48:00,10/14,학습,0.6092525829581181,0.5992134855697827,0.010039097388335416
2025-10-14 21:49:00,10/14,학습,0.6092804069653277,0.5992320642048098,0.010048342760517914
2025-10-14 21:50:00,10/14,학습,0.6093218327338716,0.5992638541927997,0.010057978541071932
2025-10-14 21:51:00,10/14,학습,0.609291032720088,0.5992234115269535,0.010067621193134535
2025-10-14 21:52:00,10/14,학습,0.6093401552021671,0.5992622758842936,0.010077879317873517
2025-10-14 21:53:00,10/14,학습,0.6093235487970019,0.5992355100315783,0.010088038765423635
2025-10-14 21:54:00,10/14,학습,0.6093856857618372,0.5992869345928495,0.010098751168987619
2025-10-14 21:55:00,10/14,학습,0.6093874090156695,0.5992780690465365,0.010109339969132991
2025-10-14 21:56:00,10/14,학습,0.6094625556364961,0.5993421603846175,0.010120395251878578
2025-10-14 21:57:00,10/14,학습,0.6094761023713224,0.599344852704581,0.010131249666741393
2025-10-14 21:58:00,10/14,학습,0.6095020566565488,0.5993598208877818,0.010142235768766938
2025-10-14 21:59:00,10/14,학습,0.6096067546441812,0.5994530611906504,0.010153693453530788
2025-10-14 22:00:00,10/14,학습,0.6096445214691772,0.5994810292727778,0.010163492196399448
2025-10-14 22:01:00,10/14,학습,0.6096923282240323,0.5995218985058873,0.010170429718144969
2025-10-14 22:02:00,10/14,학습,0.6097472143982947,0.5995709991092801,0.010176215289014579
2025-10-14 22:03:00,10/14,학습,0.6098133148606757,0.5996320248959507,0.010181289964725004
2025-10-14 22:04:00,10/14,학습,0.609884128966441,0.5996984655986487,0.010185663367792253
2025-10-14 22:05:00,10/14,학습,0.60996615069779,0.5997767680388358,0.010189382658954194
2025-10-14 22:06:00,10/14,학습,0.609982382833806,0.5997903537869678,0.010192029046838247
2025-10-14 22:07:00,10/14,학습,0.6100814898661686,0.599887064634104,0.010194425232064597
2025-10-14 22:08:00,10/14,학습,0.610187657674834,0.5999914690182605,0.010196188656573457
2025-10-14 22:09:00,10/14,학습,0.610232148708044,0.6000352287932519,0.010196919914792102
2025-10-14 22:10:00,10/14,학습,0.6103565588660842,0.600159142330697,0.010197416535387194
2025-10-14 22:11:00,10/14,학습,0.6104868386265911,0.6002894989326432,0.010197339693947982
2025-10-14 22:12:00,10/14,학습,0.6105512856909647,0.600355108896123,0.01019617679484175
2025-10-14 22:13:00,10/14,학습,0.6106239464320486,0.6004294543244539,0.01019449210759471
2025-10-14 22:14:00,10/14,학습,0.6107712175132529,0.600578587846518,0.010192629666734954
2025-10-14 22:15:00,10/14,학습,0.6108526317830631,0.600662801631906,0.010189830151157153
2025-10-14 22:16:00,10/14,학습,0.6110163268649875,0.6008293484223013,0.010186978442686234
2025-10-14 22:17:00,10/14,학습,0.6111088411073968,0.6009256859584017,0.010183155148995149
2025-10-14 22:18:00,10/14,학습,0.6112042443021417,0.6010253675924898,0.010178876709651896
2025-10-14 22:19:00,10/14,학습,0.6112984073264875,0.6011242695531911,0.010174137773296454
2025-10-14 22:20:00,10/14,학습,0.611473679369436,0.6013042423472076,0.01016943702222839
2025-10-14 22:21:00,10/14,학습,0.6115789228404642,0.601415045349314,0.01016387749115022
2025-10-14 22:22:00,10/14,학습,0.6116841012075172,0.6015261615556077,0.010157939651909476
2025-10-14 22:23:00,10/14,학습,0.6117868565472047,0.6016352628203248,0.010151593726879904
2025-10-14 22:24:00,10/14,학습,0.6118948492337815,0.6017499090994107,0.010144940134370728
2025-10-14 22:25:00,10/14,학습,0.6120745378989767,0.6019361813042814,0.010138356594695308
2025-10-14 22:26:00,10/14,학습,0.6121800459426403,0.6020490228183799,0.010131023124260397
2025-10-14 22:27:00,10/14,학습,0.6122907873599883,0.6021673886158562,0.01012339874413215
2025-10-14 22:28:00,10/14,학습,0.6123949836595304,0.6022795548330329,0.010115428826497519
2025-10-14 22:29:00,10/14,학습,0.6125002925087,0.6023931059386733,0.010107186570026627
2025-10-14 22:30:00,10/14,학습,0.6126096537870938,0.6025109686652854,0.010098685121808337
2025-10-14 22:31:00,10/14,학습,0.6127083550971208,0.6026185058997295,0.01008984919739131
2025-10-14 22:32:00,10/14,학습,0.6128852647047585,0.602804051553327,0.010081213151431512
2025-10-14 22:33:00,10/14,학습,0.612983842518853,0.6029119525480147,0.0100718899708383
2025-10-14 22:34:00,10/14,학습,0.6130835342679939,0.6030212114486734,0.010062322819320513
2025-10-14 22:35:00,10/14,학습,0.6131831616598638,0.6031306319114135,0.010052529748450278
2025-10-14 22:36:00,10/14,학습,0.6132774327253692,0.6032349248240503,0.010042507901318887
2025-10-14 22:37:00,10/14,학습,0.6133675278827047,0.6033352727997767,0.010032255082927932
2025-10-14 22:38:00,10/14,학습,0.6135305702141907,0.6035083947693918,0.010022175444798886
2025-10-14 22:39:00,10/14,학습,0.6136164372333026,0.603604924805154,0.010011512428148572
2025-10-14 22:40:00,10/14,학습,0.6136981334977976,0.6036974686114275,0.010000664886370081
2025-10-14 22:41:00,10/14,학습,0.6137809491709907,0.6037912767319321,0.009989672439058572
2025-10-14 22:42:00,10/14,학습,0.6138584191349843,0.6038799554704287,0.00997846366455557
2025-10-14 22:43:00,10/14,학습,0.6140047579903436,0.6040372684728682,0.009967489517475392
2025-10-14 22:44:00,10/14,학습,0.614073904577539,0.604117918759195,0.009955985818344004
2025-10-14 22:45:00,10/14,학습,0.6141453519467834,0.6042009750857377,0.009944376861045767
2025-10-14 22:46:00,10/14,학습,0.6142114605916071,0.60427879300263,0.009932667588977151
2025-10-14 22:47:00,10/14,학습,0.6143464656646094,0.6044253199763696,0.009921145688239763
2025-10-14 22:48:00,10/14,학습,0.6144001585930523,0.604490967519485,0.009909191073567358
2025-10-14 22:49:00,10/14,학습,0.614454979627552,0.6045578117785158,0.00989716784903627
2025-10-14 22:50:00,10/14,학습,0.6145787178746955,0.6046933606415169,0.009885357233178627
2025-10-14 22:51:00,10/14,학습,0.6146252400227317,0.604752015755749,0.009873224266982672
2025-10-14 22:52:00,10/14,학습,0.6147406919415284,0.6048794185559558,0.009861273385572522
2025-10-14 22:53:00,10/14,학습,0.6147800995328847,0.6049310553481928,0.009849044184691902
2025-10-14 22:54:00,10/14,학습,0.6148165375108166,0.6049797437256498,0.009836793785166775
2025-10-14 22:55:00,10/14,학습,0.6149207491299669,0.6050959760287548,0.009824773101212103
2025-10-14 22:56:00,10/14,학습,0.6149500824069596,0.6051375784465479,0.009812503960411667
2025-10-14 22:57:00,10/14,학습,0.6150472019712614,0.6052467180190509,0.009800483952210448
2025-10-14 22:58:00,10/14,학습,0.615068260028597,0.6052800158263483,0.009788244202248775
2025-10-14 22:59:00,10/14,학습,0.6151594706638956,0.6053832069144153,0.009776263749480374
2025-10-14 23:00:00,10/14,학습,0.6151383918834097,0.6053662415150324,0.009772150368377308
2025-10-15 15:00:00,10/15,학습,0.6158854538416734,0.6063760371777527,0.009509416663920689
2025-10-15 15:01:00,10/15,학습,0.6158854538416734,0.6063760371777527,0.009509416663920689
2025-10-15 15:02:00,10/15,학습,0.6158854538416734,0.6063760371777527,0.009509416663920689
2025-10-15 15:03:00,10/15,학습,0.6158854538416734,0.6063760371777527,0.009509416663920689
2025-10-15 15:04:00,10/15,학습,0.6158854538416734,0.6063760371777527,0.009509416663920689
2025-10-15 15:05:00,10/15,학습,0.6158854538416734,0.6063760371777527,0.009509416663920689
2025-10-15 15:06:00,10/15,학습,0.6158854538416734,0.6063760371777527,0.009509416663920689
2025-10-15 15:07:00,10/15,학습,0.6158854538416734,0.6063760371777527,0.009509416663920689
2025-10-15 15:08:00,10/15,학습,0.6158854538416734,0.6063760371777527,0.009509416663920689
2025-10-15 15:09:00,10/15,학습,0.6158854538416734,0.6063760371777527,0.009509416663920689
2025-10-15 15:10:00,10/15,학습,0.6158854538416734,0.6063760371777527,0.009509416663920689
2025-10-15 15:11:00,10/15,학습,0.6158854538416734,0.6063760371777527,0.009509416663920689
2025-10-15 15:12:00,10/15,학습,0.6158854538416734,0.6063760371777527,0.009509416663920689
2025-10-15 15:13:00,10/15,학습,0.6158854538416734,0.6063760371777527,0.009509416663920689
2025-10-15 15:14:00,10/15,학습,0.6158854538416734,0.6063760371777527,0.009509416663920689
2025-10-15 15:15:00,10/15,학습,0.6158854538416734,0.6063760371777527,0.009509416663920689
2025-10-15 15:16:00,10/15,학습,0.6158854538416734,0.6063760371777527,0.009509416663920689
2025-10-15 15:17:00,10/15,학습,0.6158854538416734,0.6063760371777527,0.009509416663920689
2025-10-15 15:18:00,10/15,학습,0.6158854538416734,0.6063760371777527,0.009509416663920689
2025-10-15 15:19:00,10/15,학습,0.6158854538416734,0.6063760371777527,0.009509416663920689
2025-10-15 15:20:00,10/15,학습,0.6158854538416734,0.6063760371777527,0.009509416663920689
2025-10-15 15:21:00,10/15,학습,0.6158854538416734,0.6063760371777527,0.009509416663920689
2025-10-15 15:22:00,10/15,학습,0.6158854538416734,0.6063760371777527,0.009509416663920689
2025-10-15 15:23:00,10/15,학습,0.6158854538416734,0.6063760371777527,0.009509416663920689
2025-10-15 15:24:00,10/15,학습,0.6158854538416734,0.6063760371777527,0.009509416663920689
2025-10-15 15:25:00,10/15,학습,0.6158854538416734,0.6063760371777527,0.009509416663920689
2025-10-15 15:26:00,10/15,학습,0.6158854538416734,0.6063760371777527,0.009509416663920689
2025-10-15 15:27:00,10/15,학습,0.6158854538416734,0.6063760371777527,0.009509416663920689
2025-10-15 15:28:00,10/15,학습,0.6158854538416734,0.6063760371777527,0.009509416663920689
2025-10-15 15:29:00,10/15,학습,0.6158854538416734,0.6063760371777527,0.009509416663920689
2025-10-15 15:30:00,10/15,학습,0.6158854538416734,0.6063760371777527,0.009509416663920689
2025-10-15 15:31:00,10/15,학습,0.6158854538416734,0.6063760371777527,0.009509416663920689
2025-10-15 15:32:00,10/15,학습,0.6158854538416734,0.6063760371777527,0.009509416663920689
2025-10-15 15:33:00,10/15,학습,0.6158854538416734,0.6063760371777527,0.009509416663920689
2025-10-15 15:34:00,10/15,학습,0.6158854538416734,0.6063760371777527,0.009509416663920689
2025-10-15 15:35:00,10/15,학습,0.6158854538416734,0.6063760371777527,0.009509416663920689
2025-10-15 15:36:00,10/15,학습,0.6158854538416734,0.6063760371777527,0.009509416663920689
2025-10-15 15:37:00,10/15,학습,0.6158854538416734,0.6063760371777527,0.009509416663920689
2025-10-15 15:38:00,10/15,학습,0.6158854538416734,0.6063760371777527,0.009509416663920689
2025-10-15 15:39:00,10/15,학습,0.6158854538416734,0.6063760371777527,0.009509416663920689
2025-10-15 15:40:00,10/15,학습,0.6158854538416734,0.6063760371777527,0.009509416663920689
2025-10-15 15:41:00,10/15,학습,0.6158854538416734,0.6063760371777527,0.009509416663920689
2025-10-15 15:42:00,10/15,학습,0.6158854538416734,0.6063760371777527,0.009509416663920689
2025-10-15 15:43:00,10/15,학습,0.6158854538416734,0.6063760371777527,0.009509416663920689
2025-10-15 15:44:00,10/15,학습,0.6158854538416734,0.6063760371777527,0.009509416663920689
2025-10-15 15:45:00,10/15,학습,0.6158854538416734,0.6063760371777527,0.009509416663920689
2025-10-15 15:46:00,10/15,학습,0.6158854538416734,0.6063760371777527,0.009509416663920689
2025-10-15 15:47:00,10/15,학습,0.6158854538416734,0.6063760371777527,0.009509416663920689
2025-10-15 15:48:00,10/15,학습,0.6158854538416734,0.6063760371777527,0.009509416663920689
2025-10-15 15:49:00,10/15,학습,0.6158854538416734,0.6063760371777527,0.009509416663920689
2025-10-15 15:50:00,10/15,학습,0.6158854538416734,0.6063760371777527,0.009509416663920689
2025-10-15 15:51:00,10/15,학습,0.6158854538416734,0.6063760371777527,0.009509416663920689
2025-10-15 15:52:00,10/15,학습,0.6158854538416734,0.6063760371777527,0.009509416663920689
2025-10-15 15:53:00,10/15,학습,0.6158854538416734,0.6063760371777527,0.009509416663920689
2025-10-15 15:54:00,10/15,학습,0.6158854538416734,0.6063760371777527,0.009509416663920689
2025-10-15 15:55:00,10/15,학습,0.6158854538416734,0.6063760371777527,0.009509416663920689
2025-10-15 15:56:00,10/15,학습,0.6158854538416734,0.6063760371777527,0.009509416663920689
2025-10-15 15:57:00,10/15,학습,0.6158854538416734,0.6063760371777527,0.009509416663920689
2025-10-15 15:58:00,10/15,학습,0.6158854538416734,0.6063760371777527,0.009509416663920689
2025-10-15 15:59:00,10/15,학습,0.6158854538416734,0.6063760371777527,0.009509416663920689
2025-10-15 16:00:00,10/15,학습,0.6159306499243371,0.6064039463010086,0.009526703623328525
2025-10-15 16:01:00,10/15,학습,0.6159314183610156,0.6063218969857043,0.009609521375311347
2025-10-15 16:02:00,10/15,학습,0.6158203637307658,0.6061397326876391,0.009680631043126664
2025-10-15 16:03:00,10/15,학습,0.6157811877304076,0.6060193945275761,0.009761793202831437
2025-10-15 16:04:00,10/15,학습,0.6159699826819443,0.6061376873515908,0.009832295330353458
2025-10-15 16:05:00,10/15,학습,0.6161984158022145,0.6063321470130791,0.009866268789135324
2025-10-15 16:06:00,10/15,학습,0.6162962444061666,0.6064175849376934,0.009878659468473217
2025-10-15 16:07:00,10/15,학습,0.6162488416133776,0.6063943091778218,0.009854532435555785
2025-10-15 16:08:00,10/15,학습,0.6160575435002011,0.6062745305778683,0.009783012922332857
2025-10-15 16:09:00,10/15,학습,0.6156614462559327,0.6059510873091432,0.00971035894678951
2025-10-15 16:10:00,10/15,학습,0.6150379038842193,0.6054104141253785,0.009627489758840757
2025-10-15 16:11:00,10/15,학습,0.6142817931698765,0.6047390478417628,0.009542745328113722
2025-10-15 16:12:00,10/15,학습,0.6133337858586005,0.6038706336268912,0.009463152231709349
2025-10-15 16:13:00,10/15,학습,0.6122271890562698,0.6028337009171025,0.009393488139167294
2025-10-15 16:14:00,10/15,학습,0.6110585615167599,0.601722499212929,0.009336062303830883
2025-10-15 16:15:00,10/15,학습,0.6096964297392482,0.6004034251426811,0.009293004596567123
2025-10-15 16:16:00,10/15,학습,0.6083011127927085,0.5990550881762313,0.009246024616477166
2025-10-15 16:17:00,10/15,학습,0.6069190351897404,0.5976908726218846,0.009228162567855858
2025-10-15 16:18:00,10/15,학습,0.6053939358610863,0.5961718474004336,0.009222088460652644
2025-10-15 16:19:00,10/15,학습,0.6038887822274916,0.5946642759913108,0.009224506236180874
2025-10-15 16:20:00,10/15,학습,0.6022500748636097,0.5930145655396296,0.009235509323980096
2025-10-15 16:21:00,10/15,학습,0.6006321786615487,0.5913959824568947,0.00923619620465399
2025-10-15 16:22:00,10/15,학습,0.5989923198901976,0.5897347848927427,0.009257534997454964
2025-10-15 16:23:00,10/15,학습,0.5973948955599877,0.5881131671084794,0.00928172845150832
2025-10-15 16:24:00,10/15,학습,0.595685788571898,0.5863756704494841,0.00931011812241389
2025-10-15 16:25:00,10/15,학습,0.5940305554127456,0.5846905088090716,0.009340046603674046
2025-10-15 16:26:00,10/15,학습,0.5922543578813737,0.5828948017474271,0.009359556133946567
2025-10-15 16:27:00,10/15,학습,0.5905510398844149,0.5811564856759603,0.009394554208454586
2025-10-15 16:28:00,10/15,학습,0.5888276406347983,0.5793896996904783,0.009437940944320045
2025-10-15 16:29:00,10/15,학습,0.5870840539611188,0.5775458849725004,0.009538168988618478
2025-10-15 16:30:00,10/15,학습,0.5853273182670109,0.5756877028287702,0.009639615438240656
2025-10-15 16:31:00,10/15,학습,0.5836263605575123,0.5739023662746424,0.009723994282869852
2025-10-15 16:32:00,10/15,학습,0.5818470759669876,0.5720278626876472,0.009819213279340433
2025-10-15 16:33:00,10/15,학습,0.5801366078139287,0.5702263092619237,0.009910298552004981
2025-10-15 16:34:00,10/15,학습,0.5784108137051316,0.5684121435288247,0.009998670176306845
2025-10-15 16:35:00,10/15,학습,0.5765956816887507,0.5665102120269784,0.010085469661772373
2025-10-15 16:36:00,10/15,학습,0.5748424110410855,0.5646847363279022,0.010157674713183296
2025-10-15 16:37:00,10/15,학습,0.5731768737976739,0.562939046080691,0.010237827716982895
2025-10-15 16:38:00,10/15,학습,0.571426504345462,0.5611096729269258,0.010316831418536232
2025-10-15 16:39:00,10/15,학습,0.5696621661145325,0.5592682324364413,0.01039393367809116
2025-10-15 16:40:00,10/15,학습,0.5679699865702621,0.5575117541194557,0.010458232450806348
2025-10-15 16:41:00,10/15,학습,0.5662052436100073,0.5556732916678995,0.010531951942107876
2025-10-15 16:42:00,10/15,학습,0.5645158320069918,0.5539126838065034,0.010603148200488466
2025-10-15 16:43:00,10/15,학습,0.5628341931487895,0.5521613987392279,0.010672794409561592
2025-10-15 16:44:00,10/15,학습,0.5611367039267521,0.550404291854478,0.010732412072274045
2025-10-15 16:45:00,10/15,학습,0.5594487644194153,0.548648919001497,0.01079984541791823
2025-10-15 16:46:00,10/15,학습,0.557762822512492,0.546896647800501,0.010866174711991028
2025-10-15 16:47:00,10/15,학습,0.5561620657136519,0.5452314866651422,0.010930579048509692
2025-10-15 16:48:00,10/15,학습,0.5544765768767916,0.543481521612939,0.010995055263852693
2025-10-15 16:49:00,10/15,학습,0.5528709693844518,0.541820609514422,0.01105035987002978
2025-10-15 16:50:00,10/15,학습,0.551195706124384,0.5400821505197886,0.011113555604595371
2025-10-15 16:51:00,10/15,학습,0.5496008848385066,0.5384256080010749,0.011175276837431691
2025-10-15 16:52:00,10/15,학습,0.5480093078352033,0.5367728266250281,0.011236481210175175
2025-10-15 16:53:00,10/15,학습,0.5464209968195601,0.5351302974356488,0.011290699383911362
2025-10-15 16:54:00,10/15,학습,0.5448351339977764,0.5334838165895047,0.011351317408271666
2025-10-15 16:55:00,10/15,학습,0.5432514577710905,0.5318398280490552,0.011411629722035355
2025-10-15 16:56:00,10/15,학습,0.5417661860444649,0.530295548121988,0.011470637922476934
2025-10-15 16:57:00,10/15,학습,0.540183473520427,0.5286584699977158,0.01152500352271113
2025-10-15 16:58:00,10/15,학습,0.538705706981716,0.5271218129871197,0.011583893994596361
2025-10-15 16:59:00,10/15,학습,0.5371356520944124,0.525491931362463,0.011643720731949414
2025-10-15 17:00:00,10/15,학습,0.5356287932600992,0.5239412238844925,0.011687569375606666
2025-10-15 17:01:00,10/15,학습,0.5342774176995182,0.5225591937078565,0.01171822399166167
2025-10-15 17:02:00,10/15,학습,0.5326871702521456,0.5209378894362691,0.011749280815876562
2025-10-15 17:03:00,10/15,학습,0.5309538439196786,0.519178030273771,0.011775813645907629
2025-10-15 17:04:00,10/15,학습,0.5290838157803324,0.5172786846325093,0.011805131147823111
2025-10-15 17:05:00,10/15,학습,0.5272770392521315,0.5154430087007483,0.011834030551383212
2025-10-15 17:06:00,10/15,학습,0.5257890584820988,0.5139297494282907,0.011859309053808054
2025-10-15 17:07:00,10/15,학습,0.5245245161429062,0.5126424591818888,0.011882056961017406
2025-10-15 17:08:00,10/15,학습,0.5234309434341236,0.5115279993492239,0.01190294408489967
2025-10-15 17:09:00,10/15,학습,0.5225538663112643,0.5106323578922264,0.01192150841903794
2025-10-15 17:10:00,10/15,학습,0.521831822455634,0.5098933484881193,0.011938473967514684
2025-10-15 17:11:00,10/15,학습,0.5211377379229529,0.5091824166461517,0.011955321276801212
2025-10-15 17:12:00,10/15,학습,0.5206288585289216,0.5086586362725097,0.011970222256411867
2025-10-15 17:13:00,10/15,학습,0.5201016007535961,0.5081160650487457,0.011985535704850392
2025-10-15 17:14:00,10/15,학습,0.5197182480514999,0.5077189171691868,0.011999330882313086
2025-10-15 17:15:00,10/15,학습,0.5192998738325041,0.5072861611884786,0.01201371264402551
2025-10-15 17:16:00,10/15,학습,0.518917797927388,0.506889981818593,0.012027816108794998
2025-10-15 17:17:00,10/15,학습,0.518669554134628,0.5066291333109791,0.012040420823648867
2025-10-15 17:18:00,10/15,학습,0.5183535927178033,0.5062996230458965,0.012053969671906861
2025-10-15 17:19:00,10/15,학습,0.5180769042509601,0.5060097668060461,0.012067137444913945
2025-10-15 17:20:00,10/15,학습,0.5178234785668596,0.5057433753047087,0.01208010326215092
2025-10-15 17:21:00,10/15,학습,0.5175882275390309,0.5054953146975234,0.012092912841507486
2025-10-15 17:22:00,10/15,학습,0.5174672314108886,0.5053629023156442,0.012104329095244393
2025-10-15 17:23:00,10/15,학습,0.5172698124731718,0.5051530509337181,0.012116761539453735
2025-10-15 17:24:00,10/15,학습,0.5170986040831709,0.504969708705425,0.012128895377745863
2025-10-15 17:25:00,10/15,학습,0.5169404960429034,0.5047996076165464,0.012140888426356966
2025-10-15 17:26:00,10/15,학습,0.5168835544474901,0.5047319679157984,0.012151586531691683
2025-10-15 17:27:00,10/15,학습,0.5167516588678942,0.504588394108571,0.012163264759323167
2025-10-15 17:28:00,10/15,학습,0.5166314140774291,0.504456617804171,0.012174796273258126
2025-10-15 17:29:00,10/15,학습,0.5165271986720792,0.5043410832986044,0.012186115373474804
2025-10-15 17:30:00,10/15,학습,0.5165176008046295,0.5043214203680404,0.012196180436589099
2025-10-15 17:31:00,10/15,학습,0.5164264951179707,0.5042191952596217,0.012207299858349008
2025-10-15 17:32:00,10/15,학습,0.516349965328494,0.5041317572733081,0.01221820805518592
2025-10-15 17:33:00,10/15,학습,0.516273431278254,0.5040443413734379,0.012229089904816082
2025-10-15 17:34:00,10/15,학습,0.5163009968095225,0.5040624305555276,0.012238566253994887
2025-10-15 17:35:00,10/15,학습,0.5162390388856695,0.5039898482849836,0.012249190600685855
2025-10-15 17:36:00,10/15,학습,0.5161865579851412,0.5039269061250065,0.01225965186013478
2025-10-15 17:37:00,10/15,학습,0.5162286955917026,0.5039598759118273,0.012268819679875254
2025-10-15 17:38:00,10/15,학습,0.5161842320494778,0.5039051446402184,0.012279087409259426
2025-10-15 17:39:00,10/15,학습,0.516146329378504,0.5038571101154042,0.012289219263099782
2025-10-15 17:40:00,10/15,학습,0.5161928339839899,0.5038946459848435,0.012298187999146393
2025-10-15 17:41:00,10/15,학습,0.5161629503350558,0.5038548397816865,0.012308110553369223
2025-10-15 17:42:00,10/15,학습,0.5162174689741381,0.5039005991467104,0.012316869827427745
2025-10-15 17:43:00,10/15,학습,0.51618904196994,0.5038623814669193,0.01232666050302067
2025-10-15 17:44:00,10/15,학습,0.5161620728686156,0.5038257011925363,0.01233637167607926
2025-10-15 17:45:00,10/15,학습,0.5162246050486208,0.5038797477316982,0.012344857316922586
2025-10-15 17:46:00,10/15,학습,0.516205656529199,0.5038513149055341,0.012354341623664888
2025-10-15 17:47:00,10/15,학습,0.5162696402468536,0.5039069493982075,0.012362690848646163
2025-10-15 17:48:00,10/15,학습,0.5162521490646488,0.5038801195040096,0.012372029560639208
2025-10-15 17:49:00,10/15,학습,0.5163241481506693,0.5039439913865542,0.01238015676411508
2025-10-15 17:50:00,10/15,학습,0.5163015505095474,0.5039121220618389,0.012389428447708517
2025-10-15 17:51:00,10/15,학습,0.51637354228774,0.5039761093700288,0.012397432917711226
2025-10-15 17:52:00,10/15,학습,0.5163640712001427,0.5039576659174335,0.012406405282709199
2025-10-15 17:53:00,10/15,학습,0.5164375146929847,0.504023245842189,0.012414268850795662
2025-10-15 17:54:00,10/15,학습,0.5164229371797278,0.5039997690026622,0.012423168177065569
2025-10-15 17:55:00,10/15,학습,0.5165029376455257,0.5040721120066227,0.012430825638902965
2025-10-15 17:56:00,10/15,학습,0.5164883588712363,0.5040487718211403,0.012439587050096068
2025-10-15 17:57:00,10/15,학습,0.516569811149429,0.504122709406117,0.012447101743311983
2025-10-15 17:58:00,10/15,학습,0.5165552311362023,0.5040995076712723,0.012455723464929958
2025-10-15 17:59:00,10/15,학습,0.5166366762255796,0.5041735625905818,0.012463113634997858
2025-10-15 18:00:00,10/15,학습,0.5166062831122205,0.5041450302268614,0.012461252885359042
2025-10-15 18:01:00,10/15,학습,0.5167338976449622,0.5042933458532679,0.012440551791694343
2025-10-15 18:02:00,10/15,학습,0.5166741044281242,0.5042563526749613,0.012417751753162953
2025-10-15 18:03:00,10/15,학습,0.5163652751340639,0.5039717649764264,0.012393510157637566
2025-10-15 18:04:00,10/15,학습,0.5159874107906806,0.5036155156455163,0.012371895145164236
2025-10-15 18:05:00,10/15,학습,0.5156587175268712,0.5033112829177753,0.01234743460909593
2025-10-15 18:06:00,10/15,학습,0.515528213273611,0.5032057187640926,0.012322494509518389
2025-10-15 18:07:00,10/15,학습,0.515669850020487,0.5033774349249033,0.012292415095583764
2025-10-15 18:08:00,10/15,학습,0.5159681420701985,0.5037076134858829,0.012260528584315589
2025-10-15 18:09:00,10/15,학습,0.5164590946830907,0.5042305351231211,0.012228559559969598
2025-10-15 18:10:00,10/15,학습,0.5170879567767896,0.5048949435853342,0.012193013191455493
2025-10-15 18:11:00,10/15,학습,0.5177341932535575,0.5055746491308047,0.012159544122752775
2025-10-15 18:12:00,10/15,학습,0.5185462799067013,0.5064242478291521,0.01212203207754925
2025-10-15 18:13:00,10/15,학습,0.5194235629745527,0.507337230982167,0.012086331992385735
2025-10-15 18:14:00,10/15,학습,0.5202555703636362,0.5082069441305171,0.012048626233119086
2025-10-15 18:15:00,10/15,학습,0.5212206077051544,0.5092111515834209,0.012009456121733542
2025-10-15 18:16:00,10/15,학습,0.5222272753846773,0.5102544688942643,0.01197280649041299
2025-10-15 18:17:00,10/15,학습,0.5232582278839975,0.5113252008777001,0.011933027006297392
2025-10-15 18:18:00,10/15,학습,0.5243268992219761,0.5124307242478199,0.011896174974156182
2025-10-15 18:19:00,10/15,학습,0.5253279816044765,0.5134711354265364,0.011856846177940028
2025-10-15 18:20:00,10/15,학습,0.526445159142976,0.5146251170637245,0.01182004207925147
2025-10-15 18:21:00,10/15,학습,0.527656499030744,0.5158776214868148,0.011778877543929145
2025-10-15 18:22:00,10/15,학습,0.5288117640563827,0.517073414681297,0.011738349375085777
2025-10-15 18:23:00,10/15,학습,0.5299794178716017,0.5182773771701674,0.011702040701434324
2025-10-15 18:24:00,10/15,학습,0.5311647262924988,0.5195030683106244,0.011661657981874352
2025-10-15 18:25:00,10/15,학습,0.5324516482055381,0.5208265190317531,0.011625129173784998
2025-10-15 18:26:00,10/15,학습,0.5336597854154568,0.5220746928560113,0.011585092559445509
2025-10-15 18:27:00,10/15,학습,0.5349703833506709,0.5234209814266071,0.01154940192406384
2025-10-15 18:28:00,10/15,학습,0.5362032922360096,0.5246934645009317,0.011509827735077915
2025-10-15 18:29:00,10/15,학습,0.5375368205492765,0.5260616886180164,0.011475131931260152
2025-10-15 18:30:00,10/15,학습,0.538874206596812,0.5274387191026033,0.01143548749420864
2025-10-15 18:31:00,10/15,학습,0.5402131676963982,0.5288169751997488,0.01139619249664936
2025-10-15 18:32:00,10/15,학습,0.5415729257640756,0.5302096796286462,0.011363246135429383
2025-10-15 18:33:00,10/15,학습,0.5430150740230222,0.5316908871740563,0.011324186848965856
2025-10-15 18:34:00,10/15,학습,0.5443836372986952,0.5330908923114239,0.011292744987271286
2025-10-15 18:35:00,10/15,학습,0.5457541428879951,0.5344987351264872,0.011255407761507907
2025-10-15 18:36:00,10/15,학습,0.5472199721840845,0.5359949947679228,0.011224977416161686
2025-10-15 18:37:00,10/15,학습,0.5486792475970332,0.5374908960206545,0.011188351576378763
2025-10-15 18:38:00,10/15,학습,0.5501520023351283,0.5389922083906024,0.011159793944525931
2025-10-15 18:39:00,10/15,학습,0.5515451519112393,0.5404201308572414,0.01112502105399793
2025-10-15 18:40:00,10/15,학습,0.5531063006439016,0.5420083206388773,0.011097980005024377
2025-10-15 18:41:00,10/15,학습,0.5545857654118092,0.543521458159711,0.011064307252098171
2025-10-15 18:42:00,10/15,학습,0.5560648297608202,0.5450334990017942,0.011031330759025959
2025-10-15 18:43:00,10/15,학습,0.5575591890586258,0.5465513214116643,0.011007867646961489
2025-10-15 18:44:00,10/15,학습,0.5591294413343022,0.548153189207088,0.010976252127214203
2025-10-15 18:45:00,10/15,학습,0.5607133916658098,0.5497585919721503,0.010954799693659534
2025-10-15 18:46:00,10/15,학습,0.562209248713506,0.5512838295843099,0.01092541912919609
2025-10-15 18:47:00,10/15,학습,0.5637981566791581,0.5528916698096307,0.010906486869527443
2025-10-15 18:48:00,10/15,학습,0.5653813755359907,0.5545025462953249,0.010878829240665744
2025-10-15 18:49:00,10/15,학습,0.5669800460898404,0.5561175177714288,0.010862528318411613
2025-10-15 18:50:00,10/15,학습,0.5685721419674163,0.5577351409810153,0.010837000986401057
2025-10-15 18:51:00,10/15,학습,0.5702604913941256,0.5594371900904691,0.010823301303656496
2025-10-15 18:52:00,10/15,학습,0.571861747379554,0.5610617220719227,0.010800025307631245
2025-10-15 18:53:00,10/15,학습,0.5735577208365452,0.5627684383785163,0.010789282458028904
2025-10-15 18:54:00,10/15,학습,0.5751717471057574,0.5644034414518297,0.010768305653927612
2025-10-15 18:55:00,10/15,학습,0.5768813734409834,0.5661208026133928,0.010760570827590632
2025-10-15 18:56:00,10/15,학습,0.5785822607546474,0.5678402448981714,0.01074201585647594
2025-10-15 18:57:00,10/15,학습,0.5803056885360318,0.5695682681490584,0.01073742038697345
2025-10-15 18:58:00,10/15,학습,0.5820235755376388,0.5713021826216954,0.010721392915943428
2025-10-15 18:59:00,10/15,학습,0.5837506459089175,0.5730441648104153,0.01070648109850214
2025-10-15 19:00:00,10/15,학습,0.5854939410523063,0.5747873711902892,0.010706569862017123
2025-10-15 19:01:00,10/15,학습,0.5873113137038697,0.5766168917006268,0.010694422003242887
2025-10-15 19:02:00,10/15,학습,0.5890843752088328,0.578386518808264,0.010697856400568861
2025-10-15 19:03:00,10/15,학습,0.5909243598271885,0.5802359109140693,0.010688448913119153
2025-10-15 19:04:00,10/15,학습,0.5927206675689793,0.582025387424284,0.01069528014469534
2025-10-15 19:05:00,10/15,학습,0.594583285627414,0.5838946559559942,0.010688629671419814
2025-10-15 19:06:00,10/15,학습,0.5964040271836575,0.5857051833139583,0.010698843869699215
2025-10-15 19:07:00,10/15,학습,0.5983008504293352,0.587605833062392,0.010695017366943227
2025-10-15 19:08:00,10/15,학습,0.6002302555927583,0.5895212014008231,0.010709054191935241
2025-10-15 19:09:00,10/15,학습,0.6021640887682196,0.5914560587011246,0.010708030067094976
2025-10-15 19:10:00,10/15,학습,0.6041304812576254,0.5934048784049534,0.01072560285267199
2025-10-15 19:11:00,10/15,학습,0.6060363401463593,0.5953093924835872,0.010726947662772157
2025-10-15 19:12:00,10/15,학습,0.6080553853387749,0.5973073066342759,0.010748078704499009
2025-10-15 19:13:00,10/15,학습,0.6100840105797449,0.5993313895990863,0.010752620980658656
2025-10-15 19:14:00,10/15,학습,0.6121618565599338,0.6013845170951676,0.010777339464766222
2025-10-15 19:15:00,10/15,학습,0.6141832581704048,0.6033992187930142,0.010784039377390586
2025-10-15 19:16:00,10/15,학습,0.6163268279717864,0.6055145873340079,0.010812240637778525
2025-10-15 19:17:00,10/15,학습,0.6184948974926734,0.6073890836332437,0.011105813859429658
2025-10-15 19:18:00,10/15,학습,0.6206279471445102,0.6036397014928495,0.016988245651660683
2025-10-15 19:19:00,10/15,학습,0.6227948443240452,0.6058477561545331,0.01694708816951207
2025-10-15 19:20:00,10/15,학습,0.6250698205828709,0.608125246547103,0.01694457403576788
2025-10-15 19:21:00,10/15,학습,0.627336718001827,0.6104003068267146,0.016936411175112354
2025-10-15 19:22:00,10/15,학습,0.6295891133547542,0.612644770718856,0.01694434263589817
2025-10-15 19:23:00,10/15,학습,0.6319348092599206,0.6150000057245766,0.016934803535344045
2025-10-15 19:24:00,10/15,학습,0.6342699516691677,0.6173467164431862,0.016923235225981492
2025-10-15 19:25:00,10/15,학습,0.6366418938474339,0.6197055137038714,0.01693638014356247
2025-10-15 19:26:00,10/15,학습,0.6390766968874599,0.622144499545609,0.01693219734185092
2025-10-15 19:27:00,10/15,학습,0.6416112585968685,0.6246757626647651,0.016935495932103417
2025-10-15 19:28:00,10/15,학습,0.6441232386207001,0.627184267368821,0.016938971251879043
2025-10-15 19:29:00,10/15,학습,0.6468220663880548,0.6298664207293148,0.01695564565874008
2025-10-15 19:30:00,10/15,학습,0.6495427240239748,0.6325424528830623,0.017000271140912515
2025-10-15 19:31:00,10/15,학습,0.6522992120265276,0.6352753044015846,0.01702390762494299
2025-10-15 19:32:00,10/15,학습,0.6551937671172716,0.6381368911820595,0.0170568759352121
2025-10-15 19:33:00,10/15,학습,0.6581510383666522,0.6410567897736541,0.01709424859299813
2025-10-15 19:34:00,10/15,학습,0.661179809501387,0.6440437258191621,0.017136083682224856
2025-10-15 19:35:00,10/15,학습,0.6642693436922471,0.64708806235842,0.017181281333827125
2025-10-15 19:36:00,10/15,학습,0.6674161465450847,0.650186996923047,0.0172291496220377
2025-10-15 19:37:00,10/15,학습,0.6706748935948583,0.653392571070905,0.017282322523953342
2025-10-15 19:38:00,10/15,학습,0.6739735487459346,0.656637323653281,0.017336225092653645
2025-10-15 19:39:00,10/15,학습,0.6772944976964785,0.6599050986922234,0.01738939900425518
2025-10-15 19:40:00,10/15,학습,0.6807202168152575,0.6632424831204048,0.017477733694852726
2025-10-15 19:41:00,10/15,학습,0.6841164843210024,0.6665854849646848,0.017530999356317523
2025-10-15 19:42:00,10/15,학습,0.6874972221325182,0.66991662184808,0.017580600284438197
2025-10-15 19:43:00,10/15,학습,0.6909124455185629,0.6732831826012409,0.01762926291732203
2025-10-15 19:44:00,10/15,학습,0.6943476153804378,0.6766715353748828,0.017676080005554984
2025-10-15 19:45:00,10/15,학습,0.6977661785590297,0.6800118261952751,0.017754352363754555
2025-10-15 19:46:00,10/15,학습,0.7011468123858096,0.6833535470527745,0.017793265333035047
2025-10-15 19:47:00,10/15,학습,0.7044551403726085,0.6866294389555606,0.017825701417047868
2025-10-15 19:48:00,10/15,학습,0.7078041388610061,0.6899463631464666,0.017857775714539503
2025-10-15 19:49:00,10/15,학습,0.7111062110688504,0.6931830335659065,0.01792317750294392
2025-10-15 19:50:00,10/15,학습,0.7143355091419152,0.6963903582588693,0.017945150883045935
2025-10-15 19:51:00,10/15,학습,0.7175028633477352,0.6995386532571839,0.01796421009055127
2025-10-15 19:52:00,10/15,학습,0.7206330752500913,0.7026542530328829,0.01797882221720848
2025-10-15 19:53:00,10/15,학습,0.7237773437709087,0.7057419079038703,0.018035435867038485
2025-10-15 19:54:00,10/15,학습,0.7269344207467017,0.7088809102888187,0.01805351045788295
2025-10-15 19:55:00,10/15,학습,0.730022143488672,0.7119159797978374,0.01810616369083462
2025-10-15 19:56:00,10/15,학습,0.7329842550663863,0.7148813656143949,0.018102889451991455
2025-10-15 19:57:00,10/15,학습,0.7358769134691554,0.7177860947536662,0.018090818715489232
2025-10-15 19:58:00,10/15,학습,0.7387678139340865,0.720647579649308,0.01812023428477849
2025-10-15 19:59:00,10/15,학습,0.7415521792842945,0.7234546076282908,0.018097571656003675
2025-10-15 20:00:00,10/15,학습,0.7445030772544667,0.7263102438490474,0.01819283340541933
2025-10-15 20:01:00,10/15,학습,0.7475235832656051,0.7291177342230694,0.018405849042535727
2025-10-15 20:02:00,10/15,학습,0.7499936481849767,0.7313932924001397,0.018600355784836986
2025-10-15 20:03:00,10/15,학습,0.7515213639447109,0.732944805805096,0.018576558139614896
2025-10-15 20:04:00,10/15,학습,0.7523396495858157,0.7338938823273898,0.018445767258425838
2025-10-15 20:05:00,10/15,학습,0.7526356432917127,0.7345008601416508,0.018134783150061895
2025-10-15 20:06:00,10/15,학습,0.7526840023233863,0.7348745658557831,0.017809436467603135
2025-10-15 20:07:00,10/15,학습,0.7524670187618505,0.7350153433126069,0.017451675449243642
2025-10-15 20:08:00,10/15,학습,0.7521543274067422,0.7350672672028534,0.017087060203888726
2025-10-15 20:09:00,10/15,학습,0.751770372610471,0.7350399641712175,0.01673040843925344
2025-10-15 20:10:00,10/15,학습,0.7513559913899168,0.7349615193267708,0.016394472063146037
2025-10-15 20:11:00,10/15,학습,0.7509864418890402,0.7348895625633706,0.01609687932566961
2025-10-15 20:12:00,10/15,학습,0.7505571452009194,0.7336212788049219,0.016935866395997534
2025-10-15 20:13:00,10/15,학습,0.7501362015274373,0.7326818942442368,0.01745430728320052
2025-10-15 20:14:00,10/15,학습,0.749786961413577,0.7329892268396002,0.01679773457397682
2025-10-15 20:15:00,10/15,학습,0.7493917502398604,0.7333104284084244,0.016081321831435957
2025-10-15 20:16:00,10/15,학습,0.7490757213353665,0.7336258776221288,0.015449843713237654
2025-10-15 20:17:00,10/15,학습,0.7487812727758352,0.7338849508136499,0.014896321962185266
2025-10-15 20:18:00,10/15,학습,0.7485005915977923,0.7340984855746642,0.01440210602312808
2025-10-15 20:19:00,10/15,학습,0.7482336838440702,0.734282279645043,0.013951404199027184
2025-10-15 20:20:00,10/15,학습,0.7479814673968359,0.7344478284293084,0.013533638967527462
2025-10-15 20:21:00,10/15,학습,0.7477469482116026,0.7346050819450543,0.013141866266548341
2025-10-15 20:22:00,10/15,학습,0.7475232177660647,0.7347523198311904,0.012770897934874292
2025-10-15 20:23:00,10/15,학습,0.7473709958297068,0.7349515737591246,0.01241942207058222
2025-10-15 20:24:00,10/15,학습,0.7472304989868883,0.7351464942422942,0.012084004744594146
2025-10-15 20:25:00,10/15,학습,0.747038260730347,0.7352759669929474,0.011762293737399565
2025-10-15 20:26:00,10/15,학습,0.7469438772564987,0.7502870839391168,-0.003343206682618116
2025-10-15 20:27:00,10/15,학습,0.7468408101329234,0.7429982444908148,0.0038425656421086085
2025-10-15 20:28:00,10/15,학습,0.7467922526671837,0.7346332838110521,0.012158968856131658
2025-10-15 20:29:00,10/15,학습,0.7467462703086754,0.7193002505059969,0.027446019802678467
2025-10-15 20:30:00,10/15,학습,0.7467131519317447,0.7340977688916209,0.012615383040123773
2025-10-15 20:31:00,10/15,학습,0.7466579968017526,0.7358475879875159,0.010810408814236672
2025-10-15 20:32:00,10/15,학습,0.746548340905169,0.7363849031517865,0.010163437753382465
2025-10-15 20:33:00,10/15,학습,0.7464602950395969,0.7367203135992021,0.009739981440394785
2025-10-15 20:34:00,10/15,학습,0.7463135579004412,0.7368818225851895,0.009431735315251655
2025-10-15 20:35:00,10/15,학습,0.7462462500445544,0.7370515311701974,0.009194718874356966
2025-10-15 20:36:00,10/15,학습,0.7461250707681795,0.7371248778445978,0.009000192923581674
2025-10-15 20:37:00,10/15,학습,0.7460607546553075,0.7372281261302696,0.008832628525037967
2025-10-15 20:38:00,10/15,학습,0.7459925194874806,0.7373094510053334,0.008683068482147172
2025-10-15 20:39:00,10/15,학습,0.7459272830590526,0.7373807164535583,0.008546566605494355
2025-10-15 20:40:00,10/15,학습,0.745861129790947,0.7374419706750304,0.008419159115916619
2025-10-15 20:41:00,10/15,학습,0.7457371694934671,0.7374391838944692,0.00829798559899797
2025-10-15 20:42:00,10/15,학습,0.7457248964831384,0.737541723610891,0.008183172872247457
2025-10-15 20:43:00,10/15,학습,0.7456539028165348,0.7375811124798448,0.00807279033668995
2025-10-15 20:44:00,10/15,학습,0.7455780755819132,0.737611430035367,0.007966645546546247
2025-10-15 20:45:00,10/15,학습,0.7455022441697059,0.7376377160295757,0.007864528140130167
2025-10-15 20:46:00,10/15,학습,0.7454224920471371,0.7376561271616582,0.0077663648854788825
2025-10-15 20:47:00,10/15,학습,0.7453379052506173,0.737665813450685,0.0076720917999322236
2025-10-15 20:48:00,10/15,학습,0.7453111391040674,0.7377290548817304,0.007582084222337082
2025-10-15 20:49:00,10/15,학습,0.7452226295053079,0.7377269373650421,0.007495692140265797
2025-10-15 20:50:00,10/15,학습,0.7451332011519394,0.737719889676927,0.007413311475012341
2025-10-15 20:51:00,10/15,학습,0.7450976840383399,0.7377625995756554,0.0073350844626844935
2025-10-15 20:52:00,10/15,학습,0.7450034178986316,0.7377428334799494,0.007260584418682159
2025-10-15 20:53:00,10/15,학습,0.7449639805872967,0.7377738418586856,0.007190138728611184
2025-10-15 20:54:00,10/15,학습,0.7448657893006634,0.7377425060683831,0.007123283232280286
2025-10-15 20:55:00,10/15,학습,0.7448206034542755,0.7377603034196362,0.007060300034639311
2025-10-15 20:56:00,10/15,학습,0.7447224039638929,0.7377217290326835,0.007000674931209372
2025-10-15 20:57:00,10/15,학습,0.7446772143180982,0.7377325916147018,0.006944622703396353
2025-10-15 20:58:00,10/15,학습,0.744628104772076,0.7377362916375988,0.006891813134477176
2025-10-15 20:59:00,10/15,학습,0.7445250623121122,0.7376832064239799,0.006841855888132353
2025-10-15 21:00:00,10/15,학습,0.7446562518178184,0.7377929363349235,0.006863315482894872
2025-10-15 21:01:00,10/15,학습,0.7448797481264202,0.7378321070212017,0.007047641105218494
2025-10-15 21:02:00,10/15,학습,0.7445232931246322,0.7376041584236044,0.006919134701027785
2025-10-15 21:03:00,10/15,학습,0.743377461987875,0.7437164978230318,-0.0003390358351568201
2025-10-15 21:04:00,10/15,학습,0.741527708007885,0.7380873643060539,0.0034403437018311056
2025-10-15 21:05:00,10/15,학습,0.739175381755627,0.732966436800932,0.006208944954695039
2025-10-15 21:06:00,10/15,학습,0.7366254869879396,0.7280709561980516,0.008554530789887993
2025-10-15 21:07:00,10/15,학습,0.733881511700875,0.723366816101973,0.010514695598902057
2025-10-15 21:08:00,10/15,학습,0.7309660359298857,0.7187428321154344,0.0122232038144513
2025-10-15 21:09:00,10/15,학습,0.7280055183714478,0.7221874755224313,0.005818042849016436
2025-10-15 21:10:00,10/15,학습,0.7250696624286752,0.7225885470287381,0.002481115399937117
2025-10-15 21:11:00,10/15,학습,0.7221448363862817,0.7158315872591215,0.0063132491271601365
2025-10-15 21:12:00,10/15,학습,0.7192277319565534,0.7102701685023992,0.008957563454154216
2025-10-15 21:13:00,10/15,학습,0.716373845461656,0.7132833584670774,0.0030904869945785896
2025-10-15 21:14:00,10/15,학습,0.713628629829604,0.708141858705448,0.005486771124155965
2025-10-15 21:15:00,10/15,학습,0.7109001506161217,0.7043918341507681,0.0065083164653535475
2025-10-15 21:16:00,10/15,학습,0.7082150918738364,0.704242977692223,0.003972114181613362
2025-10-15 21:17:00,10/15,학습,0.7056510469772863,0.6981816664588838,0.007469380518402513
2025-10-15 21:18:00,10/15,학습,0.703116164763232,0.7002871090492834,0.002829055713948647
2025-10-15 21:19:00,10/15,학습,0.700617643219239,0.695114934541558,0.00550270867768099
2025-10-15 21:20:00,10/15,학습,0.698196913165493,0.6928069012288114,0.005390011936681649
2025-10-15 21:21:00,10/15,학습,0.695822939532295,0.692304160710796,0.00351877882149898
2025-10-15 21:22:00,10/15,학습,0.6935717935026686,0.6864108751605257,0.007160918342142941
2025-10-15 21:23:00,10/15,학습,0.691276244431491,0.688315010623551,0.0029612338079400002
2025-10-15 21:24:00,10/15,학습,0.6890718603358204,0.6844596812407205,0.004612179095099811
2025-10-15 21:25:00,10/15,학습,0.6868860004396624,0.6806322880356623,0.006253712404000078
2025-10-15 21:26:00,10/15,학습,0.6847999826826714,0.6823380471168465,0.0024619355658248576
2025-10-15 21:27:00,10/15,학습,0.6826955635212404,0.6766111180009862,0.0060844455202542225
2025-10-15 21:28:00,10/15,학습,0.6806850277873511,0.6769440272014601,0.0037410005858909967
2025-10-15 21:29:00,10/15,학습,0.67865108621273,0.6745362597442004,0.004114826468529564
2025-10-15 21:30:00,10/15,학습,0.6766987983997916,0.6706996164656445,0.005999181934147169
2025-10-15 21:31:00,10/15,학습,0.6747426599256676,0.6724258691156129,0.0023167908100547585
2025-10-15 21:32:00,10/15,학습,0.6728861400667034,0.6675713710304264,0.005314769036277034
2025-10-15 21:33:00,10/15,학습,0.6709711037068813,0.6651913666247147,0.005779737082166614
2025-10-15 21:34:00,10/15,학습,0.6691321209878556,0.6667235912787928,0.002408529709062801
2025-10-15 21:35:00,10/15,학습,0.6673325549900861,0.6619261179568247,0.005406437033261491
2025-10-15 21:36:00,10/15,학습,0.6655622622903787,0.6606467219943488,0.004915540296029919
2025-10-15 21:37:00,10/15,학습,0.6638056339294529,0.6612230671736087,0.002582566755844229
2025-10-15 21:38:00,10/15,학습,0.6620566078172634,0.6559782680998496,0.006078339717413783
2025-10-15 21:39:00,10/15,학습,0.6603270902928726,0.6557525889317144,0.004574501361158223
2025-10-15 21:40:00,10/15,학습,0.6586467275634871,0.6543278552229485,0.0043188723405386265
2025-10-15 21:41:00,10/15,학습,0.6570030069222481,0.6516781342405703,0.005324872681677806
2025-10-15 21:42:00,10/15,학습,0.6552545785157013,0.6511641134582444,0.004090465057456916
2025-10-15 21:43:00,10/15,학습,0.6536215640398819,0.647637800678241,0.00598376336164097
2025-10-15 21:44:00,10/15,학습,0.6519809023324223,0.6495243073903576,0.002456594942064738
2025-10-15 21:45:00,10/15,학습,0.6503905286171552,0.6441755398243483,0.006214988792806908
2025-10-15 21:46:00,10/15,학습,0.6487952572944578,0.6432659365180746,0.005529320776383129
2025-10-15 21:47:00,10/15,학습,0.6471798836651879,0.641933867647494,0.005246016017693811
2025-10-15 21:48:00,10/15,학습,0.6456674417989499,0.640411766222727,0.005255675576222862
2025-10-15 21:49:00,10/15,학습,0.6441506711140716,0.6388760625349266,0.005274608579145079
2025-10-15 21:50:00,10/15,학습,0.6425957890793776,0.6372600902688982,0.005335698810479461
2025-10-15 21:51:00,10/15,학습,0.6411005057165384,0.6356955844574416,0.005404921259096862
2025-10-15 21:52:00,10/15,학습,0.6395423141431769,0.6340596307807845,0.0054826833623923266
2025-10-15 21:53:00,10/15,학습,0.6380274948185103,0.6324865204697797,0.005540974348730576
2025-10-15 21:54:00,10/15,학습,0.6365341666772006,0.6309074383787036,0.005626728298497086
2025-10-15 21:55:00,10/15,학습,0.6350368158012989,0.6293209819351431,0.005715833866155817
2025-10-15 21:56:00,10/15,학습,0.6335429536586576,0.6277354484871412,0.005807505171516403
2025-10-15 21:57:00,10/15,학습,0.6320309891038529,0.6261515700298953,0.005879419073957615
2025-10-15 21:58:00,10/15,학습,0.6305490187898097,0.6245741033926496,0.005974915397160108
2025-10-15 21:59:00,10/15,학습,0.6290722630329333,0.6230005688970052,0.0060716941359281185
2025-10-15 22:00:00,10/15,학습,0.6275582606192618,0.621446261505392,0.006111999113869837
2025-10-15 22:01:00,10/15,학습,0.6259663858033804,0.6198494812809198,0.006116904522460609
2025-10-15 22:02:00,10/15,학습,0.6248101148938074,0.6187114494981629,0.00609866539564452
2025-10-15 22:03:00,10/15,학습,0.6243782456804661,0.6182591239864685,0.006119121693997531
2025-10-15 22:04:00,10/15,학습,0.6244092562788446,0.6182494200705076,0.006159836208336933
2025-10-15 22:05:00,10/15,학습,0.6248565300787507,0.6186308009261043,0.006225729152646409
2025-10-15 22:06:00,10/15,학습,0.6255571921867573,0.6192524395787891,0.006304752607968256
2025-10-15 22:07:00,10/15,학습,0.6264773365535454,0.6200907328120749,0.006386603741470487
2025-10-15 22:08:00,10/15,학습,0.6274533276520724,0.6209856011850917,0.006467726466980683
2025-10-15 22:09:00,10/15,학습,0.6284157649129256,0.6218704755776899,0.006545289335235682
2025-10-15 22:10:00,10/15,학습,0.6293973710203864,0.6227803652172558,0.006617005803130627
2025-10-15 22:11:00,10/15,학습,0.6304047008348088,0.6237206580963551,0.006684042738453688
2025-10-15 22:12:00,10/15,학습,0.6312861011552084,0.6245571593131224,0.006728941842086056
2025-10-15 22:13:00,10/15,학습,0.6322092211918748,0.6254154831138777,0.006793738077997102
2025-10-15 22:14:00,10/15,학습,0.6331447044187073,0.62628352938451,0.006861175034197253
2025-10-15 22:15:00,10/15,학습,0.6340316844809921,0.6271210008268993,0.006910683654092864
2025-10-15 22:16:00,10/15,학습,0.6349839057166495,0.6279996180260925,0.006984287690557034
2025-10-15 22:17:00,10/15,학습,0.6359661402253014,0.6289266542627964,0.007039485962505032
2025-10-15 22:18:00,10/15,학습,0.6369896943567257,0.6298884219485994,0.007101272408126302
2025-10-15 22:19:00,10/15,학습,0.63812993005346,0.630980965924363,0.007148964129096935
2025-10-15 22:20:00,10/15,학습,0.6394553980686783,0.6322687254356251,0.0071866726330532815
2025-10-15 22:21:00,10/15,학습,0.6411257991760724,0.6339052223285843,0.007220576847488114
2025-10-15 22:22:00,10/15,학습,0.6433755803590195,0.636140092425261,0.0072354879337585
2025-10-15 22:23:00,10/15,학습,0.6464739848129701,0.6392109205125984,0.007263064300371713
2025-10-15 22:24:00,10/15,학습,0.6512175792018879,0.6438702911219572,0.007347288079930792
2025-10-15 22:25:00,10/15,학습,0.6579814634733037,0.6504504148662172,0.007531048607086421
2025-10-15 22:26:00,10/15,학습,0.666706502374991,0.6588579103593871,0.007848592015603839
2025-10-15 22:27:00,10/15,학습,0.6763508645006908,0.6681366827865592,0.008214181714131574
2025-10-15 22:28:00,10/15,학습,0.685024226278838,0.6766125259327891,0.008411700346048878
2025-10-15 22:29:00,10/15,학습,0.6912783348376701,0.6830017369763112,0.008276597861358925
2025-10-15 22:30:00,10/15,학습,0.6944966277963422,0.6867704499067864,0.007726177889555874
2025-10-15 22:31:00,10/15,학습,0.6947687944336245,0.6878493978746193,0.006919396559005198
2025-10-15 22:32:00,10/15,학습,0.6926916002641657,0.6866660836098104,0.006025516654355245
2025-10-15 22:33:00,10/15,학습,0.6890421029824085,0.6837504071216524,0.005291695860756174
2025-10-15 22:34:00,10/15,학습,0.6843986073551409,0.6795984597953855,0.004800147559755441
2025-10-15 22:35:00,10/15,학습,0.6793022463102916,0.6747165428229668,0.004585703487324788
2025-10-15 22:36:00,10/15,학습,0.6741341588875662,0.6694813757623441,0.004652783125222104
2025-10-15 22:37:00,10/15,학습,0.6690433942552814,0.6641009915049645,0.004942402750316877
2025-10-15 22:38:00,10/15,학습,0.6641908811664661,0.6588103990947891,0.005380482071676962
2025-10-15 22:39:00,10/15,학습,0.6597511904111797,0.6538569211956324,0.005894269215547254
2025-10-15 22:40:00,10/15,학습,0.6556782764755105,0.6492510986582962,0.006427177817214247
2025-10-15 22:41:00,10/15,학습,0.6519477878478095,0.6450379047519736,0.006909883095835845
2025-10-15 22:42:00,10/15,학습,0.6486003507212932,0.6412374622615055,0.00736288845978772
2025-10-15 22:43:00,10/15,학습,0.6455720308476278,0.6378286010012597,0.007743429846368111
2025-10-15 22:44:00,10/15,학습,0.6427610914489885,0.6347159407443965,0.008045150704591997
2025-10-15 22:45:00,10/15,학습,0.6402763591522251,0.6320088834143065,0.00826747573791864
2025-10-15 22:46:00,10/15,학습,0.6379426052019481,0.6295244792908754,0.008418125911072716
2025-10-15 22:47:00,10/15,학습,0.6358821789531919,0.627376066414414,0.008506112538777866
2025-10-15 22:48:00,10/15,학습,0.633920421723918,0.6253760372271046,0.008544384496813495
2025-10-15 22:49:00,10/15,학습,0.6321882008042166,0.623643825974594,0.008544374829622559
2025-10-15 22:50:00,10/15,학습,0.6306031466532183,0.6220848652783019,0.008518281374916392
2025-10-15 22:51:00,10/15,학습,0.6290740701242017,0.6205972720500296,0.00847679807417212
2025-10-15 22:52:00,10/15,학습,0.627741018239758,0.6193139521477669,0.008427066091991176
2025-10-15 22:53:00,10/15,학습,0.6265300649909915,0.6181546458284711,0.008375419162520381
2025-10-15 22:54:00,10/15,학습,0.6253497566799393,0.6170229185427204,0.008326838137218906
2025-10-15 22:55:00,10/15,학습,0.6243494372075085,0.6160664512801498,0.008282985927358655
2025-10-15 22:56:00,10/15,학습,0.6234544593082629,0.6152078569913314,0.008246602316931528
2025-10-15 22:57:00,10/15,학습,0.6225789711423912,0.6143589775574115,0.008219993584979712
2025-10-15 22:58:00,10/15,학습,0.6218613327864133,0.6136590030537652,0.008202329732648117
2025-10-15 22:59:00,10/15,학습,0.6212325413355397,0.6130383851935036,0.008194156142036113
2025-10-15 23:00:00,10/15,학습,0.6210390178750351,0.6128456507296213,0.008193367145413855
2025-10-16 15:00:00,10/16,학습,0.6157550652215484,0.6062445889421284,0.009510476279420033
2025-10-16 15:01:00,10/16,학습,0.614588597986145,0.6051132831713438,0.009475314814801128
2025-10-16 15:02:00,10/16,학습,0.6110404483122143,0.6016497918732414,0.009390656438972855
2025-10-16 15:03:00,10/16,학습,0.606291029733623,0.5970325317961841,0.009258497937438936
2025-10-16 15:04:00,10/16,학습,0.6024038936457843,0.5932137326424763,0.00919016100330794
2025-10-16 15:05:00,10/16,학습,0.598965838503142,0.5897937793501665,0.009172059152975476
2025-10-16 15:06:00,10/16,학습,0.5956731798104755,0.586474190061123,0.009198989749352515
2025-10-16 15:07:00,10/16,학습,0.5927168273460137,0.5834785612126154,0.009238266133398287
2025-10-16 15:08:00,10/16,학습,0.5900838338680812,0.5808004719383618,0.009283361929719347
2025-10-16 15:09:00,10/16,학습,0.5878186256616487,0.5784932792357098,0.009325346425938852
2025-10-16 15:10:00,10/16,학습,0.5857104775734592,0.5763512892462901,0.009359188327169088
2025-10-16 15:11:00,10/16,학습,0.5838251645286325,0.5744423388703167,0.00938282565831583
2025-10-16 15:12:00,10/16,학습,0.5821396075848146,0.5727434271024457,0.009396180482368899
2025-10-16 15:13:00,10/16,학습,0.5806144797804005,0.5712144058941854,0.00940007388621511
2025-10-16 15:14:00,10/16,학습,0.5792436524638642,0.5698475277985641,0.009396124665300154
2025-10-16 15:15:00,10/16,학습,0.5780006419475541,0.5686143409071893,0.009386301040364753
2025-10-16 15:16:00,10/16,학습,0.5768008933562694,0.5674280708360078,0.009372822520261614
2025-10-16 15:17:00,10/16,학습,0.5757874077185217,0.5664303242870963,0.009357083431425384
2025-10-16 15:18:00,10/16,학습,0.5748689900466135,0.5655280942708631,0.009340895775750369
2025-10-16 15:19:00,10/16,학습,0.5740350272131767,0.5647095112441811,0.009325515968995557
2025-10-16 15:20:00,10/16,학습,0.5732868305901953,0.5639749774204593,0.009311853169735929
2025-10-16 15:21:00,10/16,학습,0.5726137367821991,0.5633131754400492,0.009300561342149849
2025-10-16 15:22:00,10/16,학습,0.5719350824988405,0.5626427293845155,0.00929235311432497
2025-10-16 15:23:00,10/16,학습,0.5713908718481615,0.5621042157642273,0.009286656083934197
2025-10-16 15:24:00,10/16,학습,0.5709058092941495,0.5616220676824983,0.00928374161165113
2025-10-16 15:25:00,10/16,학습,0.5704745503921449,0.5611911085642408,0.009283441827904082
2025-10-16 15:26:00,10/16,학습,0.570087535660647,0.5608020186749758,0.00928551698567115
2025-10-16 15:27:00,10/16,학습,0.5696759741349335,0.5603859439409316,0.009290030194001986
2025-10-16 15:28:00,10/16,학습,0.5693763354777059,0.5600804993454871,0.009295836132218849
2025-10-16 15:29:00,10/16,학습,0.5691102227490985,0.5598071894618067,0.009303033287291762
2025-10-16 15:30:00,10/16,학습,0.5688734430854216,0.55956211620167,0.009311326883751692
2025-10-16 15:31:00,10/16,학습,0.568669025257702,0.5593486390554947,0.00932038620220732
2025-10-16 15:32:00,10/16,학습,0.5684077324345065,0.5590772895456957,0.009330442888810797
2025-10-16 15:33:00,10/16,학습,0.5682488482106034,0.5589084346564536,0.009340413554149829
2025-10-16 15:34:00,10/16,학습,0.568101941764108,0.5587513277031477,0.009350614060960272
2025-10-16 15:35:00,10/16,학습,0.5679724164719562,0.5586115420284206,0.009360874443535616
2025-10-16 15:36:00,10/16,학습,0.5678560657746303,0.5584849609823906,0.009371104792239682
2025-10-16 15:37:00,10/16,학습,0.5676762531648953,0.558294643581039,0.009381609583856365
2025-10-16 15:38:00,10/16,학습,0.567582684109651,0.5581910959027827,0.009391588206868251
2025-10-16 15:39:00,10/16,학습,0.5674968940806417,0.5580954997813589,0.009401394299282884
2025-10-16 15:40:00,10/16,학습,0.567411100034211,0.5580000579898299,0.009411042044381146
2025-10-16 15:41:00,10/16,학습,0.567337297717269,0.5579168207136366,0.009420477003632466
2025-10-16 15:42:00,10/16,학습,0.5672658743350429,0.5578361681223546,0.009429706212688349
2025-10-16 15:43:00,10/16,학습,0.5671944480485771,0.5577556973897682,0.009438750658808948
2025-10-16 15:44:00,10/16,학습,0.5671308039176504,0.5576832232713836,0.009447580646266718
2025-10-16 15:45:00,10/16,학습,0.5670671573937485,0.5576109346753229,0.009456222718425611
2025-10-16 15:46:00,10/16,학습,0.567010102949528,0.5575454573431495,0.009464645606378497
2025-10-16 15:47:00,10/16,학습,0.5669488340058668,0.5574759221784961,0.009472911827370756
2025-10-16 15:48:00,10/16,학습,0.5668887538473757,0.5574077645307727,0.009480989316603017
2025-10-16 15:49:00,10/16,학습,0.5668352665288825,0.5573464173988412,0.009488849130041332
2025-10-16 15:50:00,10/16,학습,0.5667763731902398,0.5572798210994728,0.009496552090766941
2025-10-16 15:51:00,10/16,학습,0.566724073144375,0.5572200416041284,0.009504031540246594
2025-10-16 15:52:00,10/16,학습,0.5666729624586917,0.5571616421920431,0.009511320266648582
2025-10-16 15:53:00,10/16,학습,0.5666176364853437,0.5570992130883468,0.009518423396996933
2025-10-16 15:54:00,10/16,학습,0.5665677133112448,0.5570423877361168,0.009525325575127974
2025-10-16 15:55:00,10/16,학습,0.5665123833348131,0.5569803405703404,0.009532042764472726
2025-10-16 15:56:00,10/16,학습,0.5664648390278628,0.5569262907843582,0.009538548243504641
2025-10-16 15:57:00,10/16,학습,0.5664161017892526,0.5568712515610144,0.009544850228238255
2025-10-16 15:58:00,10/16,학습,0.5663631485569869,0.5568121858717372,0.009550962685249687
2025-10-16 15:59:00,10/16,학습,0.5663910701717316,0.5568343401089393,0.00955673006279234
2025-10-16 16:00:00,10/16,학습,0.5663411371636426,0.5567787729185499,0.009562364245092714
2025-10-16 16:01:00,10/16,학습,0.5663593423591113,0.5567907056241537,0.00956863673495767
2025-10-16 16:02:00,10/16,학습,0.5666818374400777,0.557103789011515,0.009578048428562691
2025-10-16 16:03:00,10/16,학습,0.5674632873004573,0.5578697379348228,0.009593549365634502
2025-10-16 16:04:00,10/16,학습,0.568753843981056,0.5591390716014457,0.009614772379610281
2025-10-16 16:05:00,10/16,학습,0.5703633469000606,0.5607241538650017,0.00963919303505889
2025-10-16 16:06:00,10/16,학습,0.5724122260623785,0.5627470765472046,0.009665149515173943
2025-10-16 16:07:00,10/16,학습,0.5747128131030412,0.5650208176303567,0.009691995472684511
2025-10-16 16:08:00,10/16,학습,0.5773111920352079,0.5675919750222336,0.00971921701297429
2025-10-16 16:09:00,10/16,학습,0.580163171420681,0.5704165963132357,0.009746575107445254
2025-10-16 16:10:00,10/16,학습,0.5832395941590474,0.5734652634474537,0.009774330711593615
2025-10-16 16:11:00,10/16,학습,0.5865876004597677,0.5767843657406849,0.009803234719082732
2025-10-16 16:12:00,10/16,학습,0.5900435518732339,0.5802098358479307,0.00983371602530314
2025-10-16 16:13:00,10/16,학습,0.593732690265409,0.5838656564288665,0.009867033836542527
2025-10-16 16:14:00,10/16,학습,0.597486514456063,0.5875827744184068,0.009903740037656261
2025-10-16 16:15:00,10/16,학습,0.6014461580588146,0.5915008692762014,0.009945288782613249
2025-10-16 16:16:00,10/16,학습,0.6055010341585183,0.5955259827741666,0.00997505138435173
2025-10-16 16:17:00,10/16,학습,0.609605478461944,0.5995782681995011,0.01002721026244291
2025-10-16 16:18:00,10/16,학습,0.6138667855452153,0.603780388636162,0.01008639690905333
2025-10-16 16:19:00,10/16,학습,0.6182917106973087,0.6081385713386926,0.010153139358616059
2025-10-16 16:20:00,10/16,학습,0.6227069253284039,0.6124800339468703,0.010226891381533543
2025-10-16 16:21:00,10/16,학습,0.6271892984626701,0.6168812284093276,0.010308070053342555
2025-10-16 16:22:00,10/16,학습,0.6317979357066099,0.6214009118597097,0.010397023846900222
2025-10-16 16:23:00,10/16,학습,0.6363841731252342,0.6258915635195872,0.010492609605647019
2025-10-16 16:24:00,10/16,학습,0.6410789547877507,0.6304835679359929,0.01059538685175776
2025-10-16 16:25:00,10/16,학습,0.6458039058359744,0.6350994518508426,0.010704453985131757
2025-10-16 16:26:00,10/16,학습,0.6505587844954375,0.6397394501613518,0.010819334334085662
2025-10-16 16:27:00,10/16,학습,0.6553370370778804,0.644397531104749,0.010939505973131425
2025-10-16 16:28:00,10/16,학습,0.6601293581864034,0.6490649660940012,0.011064392092402175
2025-10-16 16:29:00,10/16,학습,0.6650015827081439,0.6538074609864354,0.011194121721708528
2025-10-16 16:30:00,10/16,학습,0.6698079072903649,0.658481235335761,0.011326671954603906
2025-10-16 16:31:00,10/16,학습,0.674689850796482,0.6632266562902942,0.011463194506187824
2025-10-16 16:32:00,10/16,학습,0.6794997425119402,0.6678987555405812,0.011600986971359029
2025-10-16 16:33:00,10/16,학습,0.6843725434598953,0.6726312192396868,0.01174132422020846
2025-10-16 16:34:00,10/16,학습,0.6892362725802377,0.6773533018897432,0.011882970690494488
2025-10-16 16:35:00,10/16,학습,0.6940909823969159,0.6820653425241745,0.012025639872741412
2025-10-16 16:36:00,10/16,학습,0.6989344264293655,0.6867654669630437,0.012168959466321794
2025-10-16 16:37:00,10/16,학습,0.703756639698147,0.691444207066983,0.012312432631163994
2025-10-16 16:38:00,10/16,학습,0.7085627620566592,0.6961069102544013,0.012455851802257945
2025-10-16 16:39:00,10/16,학습,0.7134141323412908,0.7008142385394595,0.012599893801831352
2025-10-16 16:40:00,10/16,학습,0.7181783481969504,0.705436148866269,0.012742199330681325
2025-10-16 16:41:00,10/16,학습,0.7229195772052082,0.7100361619703925,0.01288341523481562
2025-10-16 16:42:00,10/16,학습,0.727698973874815,0.7146747076111248,0.013024266263690132
2025-10-16 16:43:00,10/16,학습,0.7323858559511698,0.7192234951401283,0.013162360811041496
2025-10-16 16:44:00,10/16,학습,0.7371148700773746,0.7238152920278456,0.013299578049529082
2025-10-16 16:45:00,10/16,학습,0.7417446971731922,0.7283114724456927,0.013433224727499526
2025-10-16 16:46:00,10/16,학습,0.7464179517039611,0.7328524743784501,0.013565477325510944
2025-10-16 16:47:00,10/16,학습,0.7509805438685837,0.7372871704149068,0.013693373453676938
2025-10-16 16:48:00,10/16,학습,0.7555856366281852,0.7417662727997285,0.013819363828456721
2025-10-16 16:49:00,10/16,학습,0.760090447902696,0.7461499932380957,0.013940454664600255
2025-10-16 16:50:00,10/16,학습,0.7646259618250435,0.7505670440624552,0.014058917762588274
2025-10-16 16:51:00,10/16,학습,0.7690569651596093,0.7548851568886138,0.014171808270995512
2025-10-16 16:52:00,10/16,학습,0.7735237750743384,0.7592421921700139,0.014281582904324575
2025-10-16 16:53:00,10/16,학습,0.7779553761456768,0.763568686080271,0.014386690065405827
2025-10-16 16:54:00,10/16,학습,0.782276346594541,0.7677910892973796,0.014485257297161436
2025-10-16 16:55:00,10/16,학습,0.786632365529502,0.7720523439329803,0.01458002159652172
2025-10-16 16:56:00,10/16,학습,0.7908736345400307,0.7762059162528806,0.014667718287150078
2025-10-16 16:57:00,10/16,학습,0.7950785521586363,0.7803288587112742,0.0147496934473621
2025-10-16 16:58:00,10/16,학습,0.7993130293057131,0.7844860436897496,0.014826985615963517
2025-10-16 16:59:00,10/16,학습,0.8034362972834337,0.7885395771628707,0.014896720120562978
2025-10-16 17:00:00,10/16,학습,0.8075272219821512,0.7925666611257633,0.014960560856387861
2025-10-16 17:01:00,10/16,학습,0.8115928874334877,0.7965786161671773,0.015014271266310386
2025-10-16 17:02:00,10/16,학습,0.8154337336226387,0.8004008124456421,0.015032921176996616
2025-10-16 17:03:00,10/16,학습,0.8188099284452628,0.8038369777345786,0.014972950710684163
2025-10-16 17:04:00,10/16,학습,0.8219475655506256,0.8071138750411092,0.01483369050951644
2025-10-16 17:05:00,10/16,학습,0.824732547879176,0.8100846234857583,0.014647924393417777
2025-10-16 17:06:00,10/16,학습,0.827271431146662,0.8128254716245994,0.014445959522062624
2025-10-16 17:07:00,10/16,학습,0.8295580713173145,0.8152626958360866,0.014295375481227945
2025-10-16 17:08:00,10/16,학습,0.8316543116993154,0.817552803956883,0.014101507742432351
2025-10-16 17:09:00,10/16,학습,0.8334950437295667,0.8195690633166338,0.013925980412932915
2025-10-16 17:10:00,10/16,학습,0.8352414657946767,0.8214660179429284,0.013775447851748335
2025-10-16 17:11:00,10/16,학습,0.8367740745112338,0.8231256703260197,0.01364840418521407
2025-10-16 17:12:00,10/16,학습,0.8381711848253537,0.8246268629948227,0.013544321830531003
2025-10-16 17:13:00,10/16,학습,0.8394539142742223,0.8259935733677262,0.013460340906496171
2025-10-16 17:14:00,10/16,학습,0.8405597595201342,0.82716861359028,0.013391145929854131
2025-10-16 17:15:00,10/16,학습,0.8416352356268806,0.8283012963584139,0.01333393926846671
2025-10-16 17:16:00,10/16,학습,0.8426281228375128,0.8293450283271073,0.013283094510405435
2025-10-16 17:17:00,10/16,학습,0.8434747535628442,0.8302413865753874,0.013233366987456807
2025-10-16 17:18:00,10/16,학습,0.8443167799193041,0.8311342266244985,0.013182553294805555
2025-10-16 17:19:00,10/16,학습,0.845022065259815,0.8318964694728049,0.013125595787010114
2025-10-16 17:20:00,10/16,학습,0.8456717059384293,0.8326108103788221,0.01306089555960721
2025-10-16 17:21:00,10/16,학습,0.8462670828450325,0.8332804767241097,0.012986606120922839
2025-10-16 17:22:00,10/16,학습,0.8468115627771862,0.8339099342167619,0.012901628560424316
2025-10-16 17:23:00,10/16,학습,0.8473133417943488,0.8345078413166026,0.012805500477746201
2025-10-16 17:24:00,10/16,학습,0.8477735609134629,0.835075260286666,0.012698300626796888
2025-10-16 17:25:00,10/16,학습,0.8481968767517556,0.8356155231288143,0.012581353622941327
2025-10-16 17:26:00,10/16,학습,0.8485879384509056,0.8361281276383034,0.012459810812602279
2025-10-16 17:27:00,10/16,학습,0.8489513886257001,0.8366152253112551,0.012336163314444981
2025-10-16 17:28:00,10/16,학습,0.8492848316319348,0.8370223828998373,0.012262448732097475
2025-10-16 17:29:00,10/16,학습,0.8495929043854731,0.8361138136581452,0.013479090727327891
2025-10-16 17:30:00,10/16,학습,0.8498185240658629,0.8356541572236031,0.014164366842259746
2025-10-16 17:31:00,10/16,학습,0.850091750280277,0.8363442092846709,0.013747540995606045
2025-10-16 17:32:00,10/16,학습,0.8502737277848278,0.8371070503957693,0.013166677389058523
2025-10-16 17:33:00,10/16,학습,0.850511659914543,0.837876272035813,0.012635387878729976
2025-10-16 17:34:00,10/16,학습,0.8507255824188853,0.8385424233570565,0.012183159061828763
2025-10-16 17:35:00,10/16,학습,0.8508575152794282,0.8390559795608018,0.01180153571862641
2025-10-16 17:36:00,10/16,학습,0.8510348780660484,0.8395566693367705,0.01147820872927785
2025-10-16 17:37:00,10/16,학습,0.8511335700804252,0.8399338895145995,0.011199680565825765
2025-10-16 17:38:00,10/16,학습,0.8512902333184709,0.8403328058821199,0.010957427436350975
2025-10-16 17:39:00,10/16,학습,0.8514376526155463,0.840694197977503,0.01074345463804327
2025-10-16 17:40:00,10/16,학습,0.8515121266222858,0.8409601846666268,0.010551941955659006
2025-10-16 17:41:00,10/16,학습,0.8516513919647744,0.8412722339169267,0.010379158047847614
2025-10-16 17:42:00,10/16,학습,0.8517188164941758,0.8414979394019262,0.010220877092249614
2025-10-16 17:43:00,10/16,학습,0.8518556447831316,0.8417806123722276,0.010075032410904017
2025-10-16 17:44:00,10/16,학습,0.851985441608015,0.8420464222740746,0.00993901933394048
2025-10-16 17:45:00,10/16,학습,0.8520469101733379,0.8422360828514727,0.009810827321865223
2025-10-16 17:46:00,10/16,학습,0.8521696661337479,0.8424800427525674,0.009689623381180512
2025-10-16 17:47:00,10/16,학습,0.8522185865599277,0.8508170783493452,0.0014015082105824916
2025-10-16 17:48:00,10/16,학습,0.8523624657467521,0.8545878203208525,-0.0022253545741003355
2025-10-16 17:49:00,10/16,학습,0.8524815858955745,0.8409887536293398,0.011492832266234765
2025-10-16 17:50:00,10/16,학습,0.8524999076858801,0.8278423868137652,0.024657520872114924
2025-10-16 17:51:00,10/16,학습,0.8526017641698613,0.8427871010193239,0.009814663150537473
2025-10-16 17:52:00,10/16,학습,0.8527149344139175,0.8436773623425968,0.00903757207132072
2025-10-16 17:53:00,10/16,학습,0.8528029446841354,0.8440598341270406,0.008743110557094869
2025-10-16 17:54:00,10/16,학습,0.8529355215627723,0.8443510164298759,0.008584505132896436
2025-10-16 17:55:00,10/16,학습,0.8530244324402063,0.844542398964057,0.008482033476149287
2025-10-16 17:56:00,10/16,학습,0.8530369161080449,0.8446265847960869,0.008410331311958008
2025-10-16 17:57:00,10/16,학습,0.8531095972932243,0.844751928631673,0.008357668661551299
2025-10-16 17:58:00,10/16,학습,0.8531684590638884,0.844851966810563,0.008316492253325425
2025-10-16 17:59:00,10/16,학습,0.8531530991674332,0.844870047998223,0.008283051169210243
2025-10-16 18:00:00,10/16,학습,0.853210454919213,0.8449546837344055,0.00825577118480747
2025-10-16 18:01:00,10/16,학습,0.8532229137537559,0.844993455233153,0.008229458520602972
2025-10-16 18:02:00,10/16,학습,0.8531458150311642,0.8449630631273628,0.008182751903801355
2025-10-16 18:03:00,10/16,학습,0.8527710263913959,0.8446962477704933,0.008074778620902556
2025-10-16 18:04:00,10/16,학습,0.8520990937983217,0.8442025524631819,0.00789654133513984
2025-10-16 18:05:00,10/16,학습,0.8512019873436163,0.8435188430047492,0.007683144338867076
2025-10-16 18:06:00,10/16,학습,0.8501083908728555,0.8426411177817305,0.0074672730911250484
2025-10-16 18:07:00,10/16,학습,0.8488039480854876,0.8415374934496059,0.007266454635881714
2025-10-16 18:08:00,10/16,학습,0.8473026622287798,0.8401518567904348,0.007150805438345009
2025-10-16 18:09:00,10/16,학습,0.8456405105879004,0.8386278652801508,0.007012645307749588
2025-10-16 18:10:00,10/16,학습,0.843748232599389,0.836834747092778,0.006913485506610972
2025-10-16 18:11:00,10/16,학습,0.8417671238469902,0.8349164219408451,0.006850701906145007
2025-10-16 18:12:00,10/16,학습,0.8395755904372799,0.8327549096184899,0.006820680818790059
2025-10-16 18:13:00,10/16,학습,0.8372417315016754,0.8304244829426295,0.006817248559045863
2025-10-16 18:14:00,10/16,학습,0.8347778680540077,0.8279446456453241,0.006833222408683559
2025-10-16 18:15:00,10/16,학습,0.8321868229185634,0.8253253131445419,0.006861509774021446
2025-10-16 18:16:00,10/16,학습,0.829475183525747,0.8225795905202271,0.0068955930055198955
2025-10-16 18:17:00,10/16,학습,0.8265792339896931,0.8196491925354982,0.006930041454194957
2025-10-16 18:18:00,10/16,학습,0.8236374724079254,0.816678400131538,0.006959072276387368
2025-10-16 18:19:00,10/16,학습,0.820514899365447,0.8135349955358252,0.00697990382962177
2025-10-16 18:20:00,10/16,학습,0.817289346633697,0.8102995370429444,0.0069898095907525715
2025-10-16 18:21:00,10/16,학습,0.8140306855120933,0.8070439165541603,0.006986768957933043
2025-10-16 18:22:00,10/16,학습,0.8105999244704969,0.8036284610403054,0.006971463430191505
2025-10-16 18:23:00,10/16,학습,0.8070740396840548,0.8001300834629722,0.00694395622108257
2025-10-16 18:24:00,10/16,학습,0.803454751921741,0.7965494448649144,0.006905307056826571
2025-10-16 18:25:00,10/16,학습,0.7997462807098448,0.7928891257787268,0.006857154931117937
2025-10-16 18:26:00,10/16,학습,0.7958773239508796,0.7890754264319569,0.006801897518922684
2025-10-16 18:27:00,10/16,학습,0.7919925025757693,0.785252000050981,0.0067405025247883055
2025-10-16 18:28:00,10/16,학습,0.7880323859155625,0.7813569336272489,0.006675452288313566
2025-10-16 18:29:00,10/16,학습,0.7839170157481785,0.7773076894141634,0.00660932633401512
2025-10-16 18:30:00,10/16,학습,0.7798000403062377,0.7732573700491081,0.006542670257129624
2025-10-16 18:31:00,10/16,학습,0.7755421646081009,0.7690639605442727,0.006478204063828152
2025-10-16 18:32:00,10/16,학습,0.7712782897768058,0.7648622218104127,0.0064160679663930464
2025-10-16 18:33:00,10/16,학습,0.7668783554706577,0.760519729025578,0.006358626445079785
2025-10-16 18:34:00,10/16,학습,0.7624824793451852,0.7561772420011063,0.006305237344078951
2025-10-16 18:35:00,10/16,학습,0.7579543397505648,0.751696210059201,0.006258129691363856
2025-10-16 18:36:00,10/16,학습,0.7534367283095109,0.7472206212931694,0.0062161070163415655
2025-10-16 18:37:00,10/16,학습,0.7487869727162542,0.7426056317065773,0.006181341009676822
2025-10-16 18:38:00,10/16,학습,0.7440811934709388,0.7379281742763525,0.006153019194586329
2025-10-16 18:39:00,10/16,학습,0.7393910680447859,0.733260626630462,0.0061304414143239505
2025-10-16 18:40:00,10/16,학습,0.7345744673662375,0.7284589206364253,0.006115546729812293
2025-10-16 18:41:00,10/16,학습,0.7297067476367134,0.7235993341997801,0.006107413436933329
2025-10-16 18:42:00,10/16,학습,0.7248587918304106,0.7187538860008381,0.00610490582957246
2025-10-16 18:43:00,10/16,학습,0.7198901475663038,0.7137800193716,0.006110128194703801
2025-10-16 18:44:00,10/16,학습,0.7149480122975094,0.7088272192660604,0.006120793031448968
2025-10-16 18:45:00,10/16,학습,0.7098831342572405,0.7037440099545033,0.00613912430273722
2025-10-16 18:46:00,10/16,학습,0.7048454475611516,0.6986826963038323,0.006162751257319354
2025-10-16 18:47:00,10/16,학습,0.6996964009106263,0.6935026383740704,0.006193762536555902
2025-10-16 18:48:00,10/16,학습,0.694575284252239,0.6882930019895576,0.00628228226268146
2025-10-16 18:49:00,10/16,학습,0.6894100951719297,0.6829559143941556,0.0064541807777741544
2025-10-16 18:50:00,10/16,학습,0.6841345943735742,0.6775151561988053,0.0066194381747688436
2025-10-16 18:51:00,10/16,학습,0.6788926049523154,0.6721173568917399,0.0067752480605755006
2025-10-16 18:52:00,10/16,학습,0.6736129879996398,0.6666897065164501,0.006923281483189658
2025-10-16 18:53:00,10/16,학습,0.6682993901781602,0.6612354636995382,0.0070639264786219735
2025-10-16 18:54:00,10/16,학습,0.6629476030158696,0.6557498283725198,0.007197774643349808
2025-10-16 18:55:00,10/16,학습,0.6575624549458732,0.650237184246411,0.007325270699462205
2025-10-16 18:56:00,10/16,학습,0.6522124924369355,0.6447666368987196,0.007445855538215862
2025-10-16 18:57:00,10/16,학습,0.6467622786397311,0.6392003418496105,0.007561936790120627
2025-10-16 18:58:00,10/16,학습,0.6413509377400495,0.633678922491217,0.007672015248832431
2025-10-16 18:59:00,10/16,학습,0.6359141175908227,0.6281366882943129,0.007777429296509819
2025-10-16 19:00:00,10/16,학습,0.6303760443747002,0.6224965296926429,0.007879514682057276
2025-10-16 19:01:00,10/16,학습,0.6248851900821284,0.6169084338354605,0.007976756246667938
2025-10-16 19:02:00,10/16,학습,0.6193722912676156,0.6113018552410635,0.008070436026552108
2025-10-16 19:03:00,10/16,학습,0.6139171703814474,0.6057572396370247,0.008159930744422783
2025-10-16 19:04:00,10/16,학습,0.6083686064098619,0.600121171458032,0.00824743495182989
2025-10-16 19:05:00,10/16,학습,0.6028777772437326,0.5945463145828941,0.008331462660838507
2025-10-16 19:06:00,10/16,학습,0.5973721832263275,0.5889589849705087,0.008413198255818766
2025-10-16 19:07:00,10/16,학습,0.5917777128413246,0.5832838934650078,0.00849381937631688
2025-10-16 19:08:00,10/16,학습,0.586326911892658,0.577756061668722,0.008570850223936
2025-10-16 19:09:00,10/16,학습,0.580793606048569,0.5721463199019872,0.008647286146581834
2025-10-16 19:10:00,10/16,학습,0.5752505435591908,0.5665280680706642,0.00872247548852656
2025-10-16 19:11:00,10/16,학습,0.5697798445677713,0.5609841170933247,0.008795727474446569
2025-10-16 19:12:00,10/16,학습,0.5643060966463047,0.5554379124791669,0.00886818416713786
2025-10-16 19:13:00,10/16,학습,0.5588292868335261,0.5498892514972966,0.008940035336229446
2025-10-16 19:14:00,10/16,학습,0.5533529593415814,0.5443500911621675,0.00900286817941387
2025-10-16 19:15:00,10/16,학습,0.5478830311627154,0.5388081035277572,0.009074927634958208
2025-10-16 19:16:00,10/16,학습,0.5424971237134977,0.5333511493646345,0.009145974348863217
2025-10-16 19:17:00,10/16,학습,0.5370401043346844,0.5278220956845779,0.009218008650106468
2025-10-16 19:18:00,10/16,학습,0.5316674569009565,0.5223781014705212,0.009289355430435298
2025-10-16 19:19:00,10/16,학습,0.5263043506858045,0.5169432896366044,0.009361061049200092
2025-10-16 19:20:00,10/16,학습,0.5210261901108455,0.5115938207018225,0.009432369409023034
2025-10-16 19:21:00,10/16,학습,0.5156880883298502,0.5061829004859099,0.009505187843940388
2025-10-16 19:22:00,10/16,학습,0.5104421118482994,0.5008642817163241,0.009577830131975218
2025-10-16 19:23:00,10/16,학습,0.5052118856126744,0.4955605018564019,0.009651383756272502
2025-10-16 19:24:00,10/16,학습,0.4999975520597449,0.49027157252240033,0.009725979537344553
2025-10-16 19:25:00,10/16,학습,0.4947992540088606,0.4849975388494368,0.009801715159423796
2025-10-16 19:26:00,10/16,학습,0.4896283954856723,0.4797498858665794,0.009878509619092868
2025-10-16 19:27:00,10/16,학습,0.4845498699882365,0.4745997150510011,0.00995015493723539
2025-10-16 19:28:00,10/16,학습,0.4794042782863791,0.4694155101760093,0.009988768110369806
2025-10-16 19:29:00,10/16,학습,0.4744178259860291,0.46435199604245414,0.010065829943574967
2025-10-16 19:30:00,10/16,학습,0.469382907575862,0.4592037055361472,0.010179202039714785
2025-10-16 19:31:00,10/16,학습,0.4644682787947895,0.45419055435775235,0.010277724437037172
2025-10-16 19:32:00,10/16,학습,0.459538546085366,0.44920671929698214,0.010331826788383847
2025-10-16 19:33:00,10/16,학습,0.4547477221787193,0.4443396752867729,0.01040804689194641
2025-10-16 19:34:00,10/16,학습,0.4499143623429004,0.43940819708344475,0.010506165259455635
2025-10-16 19:35:00,10/16,학습,0.4451698294213957,0.4345879952032223,0.010581834218173436
2025-10-16 19:36:00,10/16,학습,0.4403648541459958,0.42969130512898435,0.010673549017011452
2025-10-16 19:37:00,10/16,학습,0.4356469987030787,0.42488341198997454,0.010763586713104178
2025-10-16 19:38:00,10/16,학습,0.4310306843473136,0.4201781457579035,0.010852538589410099
2025-10-16 19:39:00,10/16,학습,0.4263542627985811,0.41540716778899245,0.010947095009588625
2025-10-16 19:40:00,10/16,학습,0.4217869569069649,0.4107462054085346,0.011040751498430257
2025-10-16 19:41:00,10/16,학습,0.4172593476567459,0.4061089535547114,0.0111503941020345
2025-10-16 19:42:00,10/16,학습,0.4126714680361229,0.40142445203431837,0.011247016001804555
2025-10-16 19:43:00,10/16,학습,0.4082741086304001,0.3969307849845853,0.011343323645814807
2025-10-16 19:44:00,10/16,학습,0.4038363773881407,0.39239586453798514,0.01144051285015557
2025-10-16 19:45:00,10/16,학습,0.3994271861345201,0.38788841956291037,0.011538766571609738
2025-10-16 19:46:00,10/16,학습,0.3951324997135891,0.3834960405310516,0.011636459182537529
2025-10-16 19:47:00,10/16,학습,0.3908741587640082,0.37913710989689575,0.011737048867112465
2025-10-16 19:48:00,10/16,학습,0.3865762639373829,0.3747350765937943,0.011841187343588633
2025-10-16 19:49:00,10/16,학습,0.3823986050631479,0.37045270744678704,0.011945897616360834
2025-10-16 19:50:00,10/16,학습,0.3783308982991332,0.3662798521681404,0.012051046130992782
2025-10-16 19:51:00,10/16,학습,0.3742279045407932,0.3620689752380516,0.012158929302741595
2025-10-16 19:52:00,10/16,학습,0.3701626197947773,0.35789431740728755,0.012268302387489771
2025-10-16 19:53:00,10/16,학습,0.3662117288032524,0.3538339370076283,0.012377791795624149
2025-10-16 19:54:00,10/16,학습,0.3622237334038531,0.34973383019850157,0.012489903205351538
2025-10-16 19:55:00,10/16,학습,0.3583507662517976,0.34574873628574065,0.012602029966056971
2025-10-16 19:56:00,10/16,학습,0.3545067901949713,0.34179118321429636,0.01271560698067492
2025-10-16 19:57:00,10/16,학습,0.3506276213449433,0.33779585693587255,0.012831764409070745
2025-10-16 19:58:00,10/16,학습,0.3468557264811026,0.3339077630019938,0.01294796347910876
2025-10-16 19:59:00,10/16,학습,0.3431196237201117,0.33005416203997046,0.013065461680141222
2025-10-16 20:00:00,10/16,학습,0.3394863322186809,0.32630286640612594,0.013183465812554973
2025-10-16 20:01:00,10/16,학습,0.3359094575312546,0.32260853573984066,0.013300921791413955
2025-10-16 20:02:00,10/16,학습,0.3327151865145938,0.3193039456071572,0.013411240907436617
2025-10-16 20:03:00,10/16,학습,0.3298406161827713,0.31632150860769,0.01351910757508129
2025-10-16 20:04:00,10/16,학습,0.3273741240429247,0.31374967487478433,0.013624449168140373
2025-10-16 20:05:00,10/16,학습,0.3252122736038118,0.3114842024692141,0.013728071134597675
2025-10-16 20:06:00,10/16,학습,0.3233813093266853,0.30955302873603047,0.013828280590654829
2025-10-16 20:07:00,10/16,학습,0.3217458686961833,0.30781880628664376,0.013927062409539559
2025-10-16 20:08:00,10/16,학습,0.3203364789733776,0.3063134380950861,0.014023040878291482
2025-10-16 20:09:00,10/16,학습,0.319043397491621,0.30492553957008917,0.014117857921531807
2025-10-16 20:10:00,10/16,학습,0.3179885904641832,0.30378012663290666,0.014208463831276552
2025-10-16 20:11:00,10/16,학습,0.3169975524309026,0.3026994995449546,0.014298052885947987
2025-10-16 20:12:00,10/16,학습,0.3160543900660161,0.30166764134190577,0.014386748724110332
2025-10-16 20:13:00,10/16,학습,0.3152932588000309,0.30082180079643245,0.014471458003598447
2025-10-16 20:14:00,10/16,학습,0.3146010541873091,0.300078569247576,0.014522484939733127
2025-10-16 20:15:00,10/16,학습,0.3139475388044382,0.2993431777145903,0.014604361089847917
2025-10-16 20:16:00,10/16,학습,0.3134479648823413,0.2987654438963644,0.014682520985976888
2025-10-16 20:17:00,10/16,학습,0.3129447440256714,0.29818452432974735,0.01476021969592406
2025-10-16 20:18:00,10/16,학습,0.3125012127171788,0.2976652978852207,0.014835914831958064
2025-10-16 20:19:00,10/16,학습,0.3121187058366773,0.29720925188745295,0.014909453949224327
2025-10-16 20:20:00,10/16,학습,0.3117772151061059,0.29679606878799486,0.014981146318111038
2025-10-16 20:21:00,10/16,학습,0.3114868666086499,0.29643629095572277,0.015050575652927112
2025-10-16 20:22:00,10/16,학습,0.3112351671649799,0.2961171956800773,0.01511797148490257
2025-10-16 20:23:00,10/16,학습,0.3110234174519783,0.29584025465087244,0.015183162801105876
2025-10-16 20:24:00,10/16,학습,0.3108315641357919,0.29558498438341707,0.015246579752374811
2025-10-16 20:25:00,10/16,학습,0.3106759826207274,0.2953683704230557,0.015307612197671683
2025-10-16 20:26:00,10/16,학습,0.3105415988331875,0.29517497110340396,0.015366627729783533
2025-10-16 20:27:00,10/16,학습,0.3104247075065963,0.295001011275276,0.015423696231320283
2025-10-16 20:28:00,10/16,학습,0.3103315838432087,0.2948530100209809,0.015478573822227781
2025-10-16 20:29:00,10/16,학습,0.3102559658133238,0.294724625845773,0.015531339967550795
2025-10-16 20:30:00,10/16,학습,0.3101915884186864,0.2946093796397516,0.015582208778934792
2025-10-16 20:31:00,10/16,학습,0.3101410093584358,0.2945099416984106,0.0156310676600252
2025-10-16 20:32:00,10/16,학습,0.3100966833524209,0.294418584432451,0.015678098919969907
2025-10-16 20:33:00,10/16,학습,0.3100698772538756,0.2943468057041293,0.01572307154974628
2025-10-16 20:34:00,10/16,학습,0.3100456115345094,0.29427928347637433,0.01576632805813505
2025-10-16 20:35:00,10/16,학습,0.3099544204691864,0.2941446577218231,0.015809762747363343
2025-10-16 20:36:00,10/16,학습,0.3099502261782309,0.2941008789816393,0.015849347196591645
2025-10-16 20:37:00,10/16,학습,0.3100241893110385,0.2941388258917408,0.015885363419297693
2025-10-16 20:38:00,10/16,학습,0.3100275173357497,0.2941057351462216,0.015921782189528055
2025-10-16 20:39:00,10/16,학습,0.3100383849701129,0.2940818180352185,0.01595656693489439
2025-10-16 20:40:00,10/16,학습,0.3100505194235755,0.2940606190012527,0.01598990042232279
2025-10-16 20:41:00,10/16,학습,0.3100701947556926,0.29404842806057047,0.01602176669512212
2025-10-16 20:42:00,10/16,학습,0.3100911375646694,0.2940388817697772,0.016052255794892167
2025-10-16 20:43:00,10/16,학습,0.3101133478989614,0.2940318655152689,0.016081482383692502
2025-10-16 20:44:00,10/16,학습,0.3101431005764135,0.2940337450862154,0.016109355490198096
2025-10-16 20:45:00,10/16,학습,0.3101741213705146,0.29403802060133105,0.016136100769183537
2025-10-16 20:46:00,10/16,학습,0.3102845326948255,0.29412494063230143,0.016159592062524042
2025-10-16 20:47:00,10/16,학습,0.3103180848412984,0.29413397262897284,0.016184112212325574
2025-10-16 20:48:00,10/16,학습,0.3103541828135747,0.294146534063085,0.01620764875048969
2025-10-16 20:49:00,10/16,학습,0.3103902714355488,0.29416009799958726,0.01623017343596156
2025-10-16 20:50:00,10/16,학습,0.310505725818902,0.29425599464345503,0.01624973117544698
2025-10-16 20:51:00,10/16,학습,0.3105443459258089,0.29427389778005136,0.01627044814575751
2025-10-16 20:52:00,10/16,학습,0.3105905107502344,0.2943002974702963,0.016290213279938126
2025-10-16 20:53:00,10/16,학습,0.3107097450020996,0.2944025055561986,0.016307239445900956
2025-10-16 20:54:00,10/16,학습,0.310752165239652,0.29442657495476343,0.016325590284888558
2025-10-16 20:55:00,10/16,학습,0.3108021308149945,0.2944591010258975,0.01634302978909702
2025-10-16 20:56:00,10/16,학습,0.3109238671685631,0.2945660144394977,0.01635785272906537
2025-10-16 20:57:00,10/16,학습,0.3109750872570639,0.29460114258239445,0.01637394467466946
2025-10-16 20:58:00,10/16,학습,0.3110212988494128,0.29463176765619,0.01638953119322284
2025-10-16 20:59:00,10/16,학습,0.3111468148377743,0.29474443856474847,0.01640237627302582
2025-10-16 21:00:00,10/16,학습,0.3111954476420228,0.29477816568677123,0.01641728195525155
2025-10-16 21:01:00,10/16,학습,0.3114167166614134,0.2949913384294366,0.016425378231976817
2025-10-16 21:02:00,10/16,학습,0.3118293615089378,0.29540955615056125,0.01641980535837656
2025-10-16 21:03:00,10/16,학습,0.3126699602385037,0.2964082755770535,0.01626168466145017
2025-10-16 21:04:00,10/16,학습,0.3137074155451749,0.29762072488586383,0.016086690659311065
2025-10-16 21:05:00,10/16,학습,0.3151536851026071,0.2992436324030744,0.015910052699532717
2025-10-16 21:06:00,10/16,학습,0.3167379454155649,0.3010003806392741,0.01573756477629079
2025-10-16 21:07:00,10/16,학습,0.3185589634234477,0.3029924614544215,0.015566501969026203
2025-10-16 21:08:00,10/16,학습,0.3205822864653857,0.3051849350320765,0.015397351433309225
2025-10-16 21:09:00,10/16,학습,0.3226969981396655,0.3074645483211552,0.015232449818510296
2025-10-16 21:10:00,10/16,학습,0.3249604423586075,0.3098898187642732,0.01507062359433431
2025-10-16 21:11:00,10/16,학습,0.3273521655746617,0.3124398618983874,0.014912303676274274
2025-10-16 21:12:00,10/16,학습,0.3298629626024153,0.3151051903365907,0.014757772265824642
2025-10-16 21:13:00,10/16,학습,0.3324836623846125,0.3178763031308562,0.014607359253756336
2025-10-16 21:14:00,10/16,학습,0.3351298753312337,0.3206672163921167,0.014462658939116968
2025-10-16 21:15:00,10/16,학습,0.3379503671850084,0.32362948727922314,0.014320879905785289
2025-10-16 21:16:00,10/16,학습,0.3407757534029364,0.32659058424274295,0.014185169160193467
2025-10-16 21:17:00,10/16,학습,0.3436592010012909,0.3296318373057261,0.014027363695564787
2025-10-16 21:18:00,10/16,학습,0.3467290110203912,0.3328290920337669,0.013899918986624293
2025-10-16 21:19:00,10/16,학습,0.3497890640638148,0.336010673946919,0.0137783901168958
2025-10-16 21:20:00,10/16,학습,0.3529141687550199,0.3392526942206033,0.013661474534416629
2025-10-16 21:21:00,10/16,학습,0.3561800658921798,0.3426322279899571,0.013547837902222692
2025-10-16 21:22:00,10/16,학습,0.3594292336689714,0.34598943701866963,0.01343979665030176
2025-10-16 21:23:00,10/16,학습,0.3627338964017485,0.3493978536135671,0.013336042788181401
2025-10-16 21:24:00,10/16,학습,0.3661697076456196,0.35293435085074987,0.013235356794869757
2025-10-16 21:25:00,10/16,학습,0.3695734106625418,0.3564335494784986,0.0131398611840432
2025-10-16 21:26:00,10/16,학습,0.3730268255939132,0.3599786373084529,0.013048188285460283
2025-10-16 21:27:00,10/16,학습,0.3765971597085727,0.3636378079520654,0.012959351756507309
2025-10-16 21:28:00,10/16,학습,0.3802142460321232,0.3673401847080907,0.012874061324032515
2025-10-16 21:29:00,10/16,학습,0.3837935095758221,0.3710002769114155,0.012793232664406573
2025-10-16 21:30:00,10/16,학습,0.3874852472250787,0.3747704318967134,0.012714815328365325
2025-10-16 21:31:00,10/16,학습,0.3912109263352209,0.37857131889711,0.012639607438110934
2025-10-16 21:32:00,10/16,학습,0.3949860697545956,0.3824006382743257,0.012585431480269915
2025-10-16 21:33:00,10/16,학습,0.3987833282257996,0.386267847903983,0.012515480321816597
2025-10-16 21:34:00,10/16,학습,0.4026044180786538,0.39015603921617825,0.012448378862475573
2025-10-16 21:35:00,10/16,학습,0.406534276677485,0.3941512617759081,0.012383014901576894
2025-10-16 21:36:00,10/16,학습,0.4104168413251696,0.3980957930880254,0.012321048237144194
2025-10-16 21:37:00,10/16,학습,0.4144076526359211,0.40214707349780165,0.012260579138119454
2025-10-16 21:38:00,10/16,학습,0.4183701230010602,0.41575074415467966,0.0026193788463805268
2025-10-16 21:39:00,10/16,학습,0.422456732881162,0.41614912332660137,0.0063076095545606115
2025-10-16 21:40:00,10/16,학습,0.4264725587509689,0.4199239808509441,0.006548577900024777
2025-10-16 21:41:00,10/16,학습,0.4306008289931671,0.4238127034332436,0.006788125559923475
2025-10-16 21:42:00,10/16,학습,0.4347263694752245,0.42770480081345885,0.00702156866176562
2025-10-16 21:43:00,10/16,학습,0.4388424373861355,0.431593967978661,0.007248469407474478
2025-10-16 21:44:00,10/16,학습,0.4430334569873106,0.4355613913030287,0.007472065684281937
2025-10-16 21:45:00,10/16,학습,0.4472244484355797,0.43953603036834277,0.007688418067236913
2025-10-16 21:46:00,10/16,학습,0.4514282330252707,0.44353029018008605,0.007897942845184636
2025-10-16 21:47:00,10/16,학습,0.4556401743062727,0.44753976888137004,0.008100405424902646
2025-10-16 21:48:00,10/16,학습,0.4598659919096454,0.45156978425723954,0.008296207652405851
2025-10-16 21:49:00,10/16,학습,0.4641858422838697,0.45569747170752517,0.00848837057634455
2025-10-16 21:50:00,10/16,학습,0.4684493165942953,0.45977960268586693,0.008669713908428356
2025-10-16 21:51:00,10/16,학습,0.4728006931636747,0.4639536261217244,0.008847067041950263
2025-10-16 21:52:00,10/16,학습,0.4771755933897025,0.46815696836266074,0.00901862502704176
2025-10-16 21:53:00,10/16,학습,0.4815681510128681,0.4723832259998591,0.009184925013008993
2025-10-16 21:54:00,10/16,학습,0.4859782396690359,0.47663156045423943,0.009346679214796483
2025-10-16 21:55:00,10/16,학습,0.4904069509847812,0.48090230556819025,0.009504645416590962
2025-10-16 21:56:00,10/16,학습,0.4949200161113915,0.4852580478629494,0.009661968248442121
2025-10-16 21:57:00,10/16,학습,0.4993818742892728,0.4895677722428891,0.009814102046383666
2025-10-16 21:58:00,10/16,학습,0.5039289186957656,0.49396208695251687,0.00996683174324875
2025-10-16 21:59:00,10/16,학습,0.5084971299195362,0.4983788374604646,0.010118292459071643
2025-10-16 22:00:00,10/16,학습,0.5130787747687482,0.5028100291882535,0.010268745580494731
2025-10-16 22:01:00,10/16,학습,0.5175964282280978,0.5071805764397652,0.010415851788332597
2025-10-16 22:02:00,10/16,학습,0.5218079626662642,0.5112573174789842,0.010550645187279994
2025-10-16 22:03:00,10/16,학습,0.5256571595159834,0.5149867750613614,0.010670384454621984
2025-10-16 22:04:00,10/16,학습,0.5290239640942249,0.5182558287932622,0.010768135300962767
2025-10-16 22:05:00,10/16,학습,0.5320937645764279,0.5212627029951441,0.010831061581283774
2025-10-16 22:06:00,10/16,학습,0.5348301722723281,0.5239404274931883,0.010889744779139843
2025-10-16 22:07:00,10/16,학습,0.5372560896463328,0.5263160014493563,0.01094008819697645
2025-10-16 22:08:00,10/16,학습,0.5395023115022755,0.5285189116781848,0.01098339982409069
2025-10-16 22:09:00,10/16,학습,0.5414418552942402,0.5304258653717178,0.011015989922522396
2025-10-16 22:10:00,10/16,학습,0.5432602906925081,0.532215944178976,0.011044346513532144
2025-10-16 22:11:00,10/16,학습,0.5448260911857243,0.5337615065151261,0.011064584670598232
2025-10-16 22:12:00,10/16,학습,0.546313332721758,0.5352311143564202,0.011082218365337737
2025-10-16 22:13:00,10/16,학습,0.5475836921094226,0.5364907885005584,0.011092903608864169
2025-10-16 22:14:00,10/16,학습,0.5488066289380291,0.5377049549314158,0.011101674006613327
2025-10-16 22:15:00,10/16,학습,0.5498425934950024,0.5387384407982241,0.011104152696778335
2025-10-16 22:16:00,10/16,학습,0.550852236643447,0.5397472577444765,0.011104978898970441
2025-10-16 22:17:00,10/16,학습,0.5516960205549974,0.5405960920215936,0.011099928533403802
2025-10-16 22:18:00,10/16,학습,0.5525332340323561,0.5414396518589593,0.011093582173396843
2025-10-16 22:19:00,10/16,학습,0.5532200810930636,0.5421382957707677,0.011081785322295978
2025-10-16 22:20:00,10/16,학습,0.5538471610238769,0.5427799740141384,0.011067187009738522
2025-10-16 22:21:00,10/16,학습,0.554412132200901,0.5433623073981393,0.011049824802761732
2025-10-16 22:22:00,10/16,학습,0.5549338593423845,0.5439035412474305,0.011030318094954028
2025-10-16 22:23:00,10/16,학습,0.5554045065184201,0.5443958991003196,0.011008607418100502
2025-10-16 22:24:00,10/16,학습,0.5558417175421009,0.5448563975141808,0.010985320027920076
2025-10-16 22:25:00,10/16,학습,0.5562431177656546,0.5452825674259342,0.010960550339720432
2025-10-16 22:26:00,10/16,학습,0.5565414161675313,0.5456086225386123,0.010932793628918969
2025-10-16 22:27:00,10/16,학습,0.5568888587366176,0.5459828009740956,0.01090605776252207
2025-10-16 22:28:00,10/16,학습,0.557218134873879,0.5463394072907468,0.01087872758313213
2025-10-16 22:29:00,10/16,학습,0.5574541024095465,0.5466048908972938,0.01084921151225271
2025-10-16 22:30:00,10/16,학습,0.5576773960398624,0.5468578412586447,0.010819554781217766
2025-10-16 22:31:00,10/16,학습,0.5578922885233948,0.5471023238412459,0.010789964682148878
2025-10-16 22:32:00,10/16,학습,0.5580933161154724,0.5473329422760623,0.010760373839410087
2025-10-16 22:33:00,10/16,학습,0.5582926074798187,0.5475614821256588,0.010731125354159876
2025-10-16 22:34:00,10/16,학습,0.558484698011956,0.547782563960122,0.010702134051833956
2025-10-16 22:35:00,10/16,학습,0.5586695889448821,0.5479961559994452,0.010673432945436878
2025-10-16 22:36:00,10/16,학습,0.5588582068498726,0.5482129254097576,0.010645281440115006
2025-10-16 22:37:00,10/16,학습,0.5590450871637016,0.5484275082804763,0.010617578883225343
2025-10-16 22:38:00,10/16,학습,0.5591508397443206,0.5485619992026809,0.010588840541639666
2025-10-16 22:39:00,10/16,학습,0.5593354421103822,0.5487733511992784,0.010562090911103827
2025-10-16 22:40:00,10/16,학습,0.5594510334406171,0.5489164245212178,0.01053460891939928
2025-10-16 22:41:00,10/16,학습,0.5595606198694711,0.5490530449660234,0.01050757490344778
2025-10-16 22:42:00,10/16,학습,0.5596763158036042,0.5491951208380573,0.010481194965546892
2025-10-16 22:43:00,10/16,학습,0.5598653969037959,0.5494088547844524,0.010456542119343437
2025-10-16 22:44:00,10/16,학습,0.5599811941674251,0.5495500061735157,0.010431187993909408
2025-10-16 22:45:00,10/16,학습,0.5600988326692002,0.5496924591629218,0.010406373506278488
2025-10-16 22:46:00,10/16,학습,0.5602213765008854,0.5498392150708241,0.01038216143006132
2025-10-16 22:47:00,10/16,학습,0.5603403019645352,0.5499819154915494,0.010358386472985814
2025-10-16 22:48:00,10/16,학습,0.5604622598880391,0.5501271181505968,0.010335141737442322
2025-10-16 22:49:00,10/16,학습,0.5605163682507612,0.5502049216008971,0.010311446649864164
2025-10-16 22:50:00,10/16,학습,0.5606365395832098,0.5503473786899253,0.010289160893284466
2025-10-16 22:51:00,10/16,학습,0.5607639978818919,0.5504965404859659,0.01026745739592605
2025-10-16 22:52:00,10/16,학습,0.5608890300484661,0.5506428580387559,0.01024617200971023
2025-10-16 22:53:00,10/16,학습,0.5609431314310833,0.5507186793615624,0.01022445206952094
2025-10-16 22:54:00,10/16,학습,0.5610687606308769,0.5508646559559921,0.01020410467488475
2025-10-16 22:55:00,10/16,학습,0.5611986085313123,0.5510143887824657,0.010184219748846646
2025-10-16 22:56:00,10/16,학습,0.5612520617874412,0.5510881660575464,0.010163895729894845
2025-10-16 22:57:00,10/16,학습,0.5613782477036775,0.5512334044152162,0.010144843288461325
2025-10-16 22:58:00,10/16,학습,0.5614292257332898,0.5513038519039417,0.010125373829348083
2025-10-16 22:59:00,10/16,학습,0.5615529453727948,0.551445820069129,0.010107125303665754
2025-10-16 23:00:00,10/16,학습,0.561621273846876,0.5515198505102341,0.01010142333664188
2025-10-17 15:00:00,10/17-18,검증,0.6158854538416734,0.6063760175128937,0.009509436328779652
2025-10-17 15:01:00,10/17-18,검증,0.6158854538416734,0.6063760175128937,0.009509436328779652
2025-10-17 15:02:00,10/17-18,검증,0.6158854538416734,0.6063760175128937,0.009509436328779652
2025-10-17 15:03:00,10/17-18,검증,0.6158854538416734,0.6063760175128937,0.009509436328779652
2025-10-17 15:04:00,10/17-18,검증,0.6158854538416734,0.6063760175128937,0.009509436328779652
2025-10-17 15:05:00,10/17-18,검증,0.6158854538416734,0.6063760175128937,0.009509436328779652
2025-10-17 15:06:00,10/17-18,검증,0.6158854538416734,0.6063760175128937,0.009509436328779652
2025-10-17 15:07:00,10/17-18,검증,0.6158854538416734,0.6063760175128937,0.009509436328779652
2025-10-17 15:08:00,10/17-18,검증,0.6158854538416734,0.6063760175128937,0.009509436328779652
2025-10-17 15:09:00,10/17-18,검증,0.6158854538416734,0.6063760175128937,0.009509436328779652
2025-10-17 15:10:00,10/17-18,검증,0.6158854538416734,0.6063760175128937,0.009509436328779652
2025-10-17 15:11:00,10/17-18,검증,0.6158854538416734,0.6063760175128937,0.009509436328779652
2025-10-17 15:12:00,10/17-18,검증,0.6158854538416734,0.6063760175128937,0.009509436328779652
2025-10-17 15:13:00,10/17-18,검증,0.6158854538416734,0.6063760175128937,0.009509436328779652
2025-10-17 15:14:00,10/17-18,검증,0.6158854538416734,0.6063760175128937,0.009509436328779652
2025-10-17 15:15:00,10/17-18,검증,0.6158854538416734,0.6063760175128937,0.009509436328779652
2025-10-17 15:16:00,10/17-18,검증,0.6158854538416734,0.6063760175128937,0.009509436328779652
2025-10-17 15:17:00,10/17-18,검증,0.6158854538416734,0.6063760175128937,0.009509436328779652
2025-10-17 15:18:00,10/17-18,검증,0.6158854538416734,0.6063760175128937,0.009509436328779652
2025-10-17 15:19:00,10/17-18,검증,0.6158854538416734,0.6063760175128937,0.009509436328779652
2025-10-17 15:20:00,10/17-18,검증,0.6158854538416734,0.6063760175128937,0.009509436328779652
2025-10-17 15:21:00,10/17-18,검증,0.6158854538416734,0.6063760175128937,0.009509436328779652
2025-10-17 15:22:00,10/17-18,검증,0.6158854538416734,0.6063760175128937,0.009509436328779652
2025-10-17 15:23:00,10/17-18,검증,0.6158854538416734,0.6063760175128937,0.009509436328779652
2025-10-17 15:24:00,10/17-18,검증,0.6158854538416734,0.6063760175128937,0.009509436328779652
2025-10-17 15:25:00,10/17-18,검증,0.6158854538416734,0.6063760175128937,0.009509436328779652
2025-10-17 15:26:00,10/17-18,검증,0.6158854538416734,0.6063760175128937,0.009509436328779652
2025-10-17 15:27:00,10/17-18,검증,0.6158854538416734,0.6063760175128937,0.009509436328779652
2025-10-17 15:28:00,10/17-18,검증,0.6158854538416734,0.6063760175128937,0.009509436328779652
2025-10-17 15:29:00,10/17-18,검증,0.6158854538416734,0.6063760175128937,0.009509436328779652
2025-10-17 15:30:00,10/17-18,검증,0.6158854538416734,0.6063760175128937,0.009509436328779652
2025-10-17 15:31:00,10/17-18,검증,0.6158854538416734,0.6063760175128937,0.009509436328779652
2025-10-17 15:32:00,10/17-18,검증,0.6158854538416734,0.6063760175128937,0.009509436328779652
2025-10-17 15:33:00,10/17-18,검증,0.6158854538416734,0.6063760175128937,0.009509436328779652
2025-10-17 15:34:00,10/17-18,검증,0.6158854538416734,0.6063760175128937,0.009509436328779652
2025-10-17 15:35:00,10/17-18,검증,0.6158854538416734,0.6063760175128937,0.009509436328779652
2025-10-17 15:36:00,10/17-18,검증,0.6158854538416734,0.6063760175128937,0.009509436328779652
2025-10-17 15:37:00,10/17-18,검증,0.6158854538416734,0.6063760175128937,0.009509436328779652
2025-10-17 15:38:00,10/17-18,검증,0.6158854538416734,0.6063760175128937,0.009509436328779652
2025-10-17 15:39:00,10/17-18,검증,0.6158854538416734,0.6063760175128937,0.009509436328779652
2025-10-17 15:40:00,10/17-18,검증,0.6158854538416734,0.6063760175128937,0.009509436328779652
2025-10-17 15:41:00,10/17-18,검증,0.6158854538416734,0.6063760175128937,0.009509436328779652
2025-10-17 15:42:00,10/17-18,검증,0.6158854538416734,0.6063760175128937,0.009509436328779652
2025-10-17 15:43:00,10/17-18,검증,0.6158854538416734,0.6063760175128937,0.009509436328779652
2025-10-17 15:44:00,10/17-18,검증,0.6158854538416734,0.6063760175128937,0.009509436328779652
2025-10-17 15:45:00,10/17-18,검증,0.6158854538416734,0.6063760175128937,0.009509436328779652
2025-10-17 15:46:00,10/17-18,검증,0.6158854538416734,0.6063760175128937,0.009509436328779652
2025-10-17 15:47:00,10/17-18,검증,0.6158854538416734,0.6063760175128937,0.009509436328779652
2025-10-17 15:48:00,10/17-18,검증,0.6158854538416734,0.6063760175128937,0.009509436328779652
2025-10-17 15:49:00,10/17-18,검증,0.6158854538416734,0.6063760175128937,0.009509436328779652
2025-10-17 15:50:00,10/17-18,검증,0.6158854538416734,0.6063760175128937,0.009509436328779652
2025-10-17 15:51:00,10/17-18,검증,0.6158854538416734,0.6063760175128937,0.009509436328779652
2025-10-17 15:52:00,10/17-18,검증,0.6158854538416734,0.6063760175128937,0.009509436328779652
2025-10-17 15:53:00,10/17-18,검증,0.6158854538416734,0.6063760175128937,0.009509436328779652
2025-10-17 15:54:00,10/17-18,검증,0.6158854538416734,0.6063760175128937,0.009509436328779652
2025-10-17 15:55:00,10/17-18,검증,0.6158854538416734,0.6063760175128937,0.009509436328779652
2025-10-17 15:56:00,10/17-18,검증,0.6158854538416734,0.6063760175128937,0.009509436328779652
2025-10-17 15:57:00,10/17-18,검증,0.6158854538416734,0.6063760175128937,0.009509436328779652
2025-10-17 15:58:00,10/17-18,검증,0.6158854538416734,0.6063760175128937,0.009509436328779652
2025-10-17 15:59:00,10/17-18,검증,0.6158854538416734,0.6063760175128937,0.009509436328779652
2025-10-17 16:00:00,10/17-18,검증,0.6155622424164715,0.6061362534883741,0.009425988928097428
2025-10-17 16:01:00,10/17-18,검증,0.6152202537282765,0.6059145177820622,0.00930573594621431
2025-10-17 16:02:00,10/17-18,검증,0.6168965464582596,0.6076012193251253,0.009295327133134301
2025-10-17 16:03:00,10/17-18,검증,0.620244516579475,0.6108892835175348,0.009355233061940194
2025-10-17 16:04:00,10/17-18,검증,0.62678827477298,0.6172021977788862,0.009586076994093862
2025-10-17 16:05:00,10/17-18,검증,0.6350584617955435,0.6252130290841785,0.009845432711364954
2025-10-17 16:06:00,10/17-18,검증,0.6441723708064557,0.6340291109095376,0.010143259896918111
2025-10-17 16:07:00,10/17-18,검증,0.6537491329996796,0.6434293252253,0.010319807774379575
2025-10-17 16:08:00,10/17-18,검증,0.6628268375337127,0.6524317377075157,0.010395099826197018
2025-10-17 16:09:00,10/17-18,검증,0.6710426548155624,0.6607923471387284,0.010250307676833992
2025-10-17 16:10:00,10/17-18,검증,0.6780459493833777,0.6681412204352698,0.0099047289481079
2025-10-17 16:11:00,10/17-18,검증,0.6841722970997224,0.6747473023032752,0.009424994796447206
2025-10-17 16:12:00,10/17-18,검증,0.6886797834604115,0.6798855265343815,0.008794256926029975
2025-10-17 16:13:00,10/17-18,검증,0.6924971864158156,0.6843722120839182,0.008124974331897405
2025-10-17 16:14:00,10/17-18,검증,0.6951469564160324,0.6877412968947983,0.007405659521234065
2025-10-17 16:15:00,10/17-18,검증,0.6969066137367164,0.690136218942133,0.006770394794583412
2025-10-17 16:16:00,10/17-18,검증,0.6980988814480922,0.6919642140952126,0.006134667352879597
2025-10-17 16:17:00,10/17-18,검증,0.698312606736122,0.6926523811300239,0.005660225606098135
2025-10-17 16:18:00,10/17-18,검증,0.6981094676288822,0.6929002360243214,0.005209231604560771
2025-10-17 16:19:00,10/17-18,검증,0.697299763986533,0.6924056590437849,0.004894104942748112
2025-10-17 16:20:00,10/17-18,검증,0.6958381009260886,0.691201109375722,0.004636991550366565
2025-10-17 16:21:00,10/17-18,검증,0.6941290649545464,0.6896984135199348,0.004430651434611632
2025-10-17 16:22:00,10/17-18,검증,0.6917490676995892,0.6873988369560095,0.004350230743579764
2025-10-17 16:23:00,10/17-18,검증,0.6891610673377313,0.6848937232119862,0.004267344125745143
2025-10-17 16:24:00,10/17-18,검증,0.6860809936284717,0.6818452673160498,0.004235726312421972
2025-10-17 16:25:00,10/17-18,검증,0.6826661309312689,0.6784000263337797,0.0042661045974892176
2025-10-17 16:26:00,10/17-18,검증,0.6790905009945871,0.6748087070704999,0.004281793924087229
2025-10-17 16:27:00,10/17-18,검증,0.6750142844355773,0.6706910869261692,0.004323197509408128
2025-10-17 16:28:00,10/17-18,검증,0.6707935560364378,0.6663918623748926,0.004401693661545192
2025-10-17 16:29:00,10/17-18,검증,0.6662718893449424,0.6618104228374205,0.004461466507521883
2025-10-17 16:30:00,10/17-18,검증,0.6615901348130651,0.6570653524291169,0.004524782383948156
2025-10-17 16:31:00,10/17-18,검증,0.6566901261515508,0.6520931131016183,0.00459701304993243
2025-10-17 16:32:00,10/17-18,검증,0.6516434049222004,0.6469472802224254,0.004696124699774984
2025-10-17 16:33:00,10/17-18,검증,0.6463805351400091,0.6416021338442737,0.004778401295735479
2025-10-17 16:34:00,10/17-18,검증,0.6410423969122903,0.6361785082426593,0.004863888669630945
2025-10-17 16:35:00,10/17-18,검증,0.6355805983710252,0.6306243531959143,0.0049562451751109515
2025-10-17 16:36:00,10/17-18,검증,0.6300361370642427,0.6249785793844017,0.005057557679840952
2025-10-17 16:37:00,10/17-18,검증,0.6244012672735031,0.6192170802007878,0.005184187072715285
2025-10-17 16:38:00,10/17-18,검증,0.6186901180772995,0.6133890527274164,0.005301065349883061
2025-10-17 16:39:00,10/17-18,검증,0.6130063006810613,0.6075795902422634,0.005426710438797944
2025-10-17 16:40:00,10/17-18,검증,0.6071918783378598,0.60162306131086,0.0055688170269998505
2025-10-17 16:41:00,10/17-18,검증,0.6014345661952591,0.5957137473592273,0.005720818836031816
2025-10-17 16:42:00,10/17-18,검증,0.5956785860668607,0.5897762289327654,0.005902357134095371
2025-10-17 16:43:00,10/17-18,검증,0.5898983912478684,0.5838173413523486,0.006081049895519719
2025-10-17 16:44:00,10/17-18,검증,0.5841215238966742,0.5778475953893728,0.006273928507301352
2025-10-17 16:45:00,10/17-18,검증,0.5784475515027958,0.5719705761031874,0.006476975399608453
2025-10-17 16:46:00,10/17-18,검증,0.5726844592190417,0.5659857013957631,0.006698757823278556
2025-10-17 16:47:00,10/17-18,검증,0.5670558109484223,0.5601259496645512,0.006929861283871075
2025-10-17 16:48:00,10/17-18,검증,0.5614540121133844,0.5542690674097537,0.007184944703630736
2025-10-17 16:49:00,10/17-18,검증,0.5558737074323004,0.548431524471737,0.007442182960563315
2025-10-17 16:50:00,10/17-18,검증,0.5503423059456187,0.5426305697394164,0.0077117362062023576
2025-10-17 16:51:00,10/17-18,검증,0.5449174543165782,0.5369283507492346,0.007989103567343614
2025-10-17 16:52:00,10/17-18,검증,0.5394721078446298,0.5311900565455379,0.008282051299091986
2025-10-17 16:53:00,10/17-18,검증,0.5341416198114115,0.5255604972358744,0.008581122575537115
2025-10-17 16:54:00,10/17-18,검증,0.5288571657431707,0.5199670302332345,0.008890135509936115
2025-10-17 16:55:00,10/17-18,검증,0.5236324450917529,0.514420675681035,0.009211769410717885
2025-10-17 16:56:00,10/17-18,검증,0.5184224797637778,0.5088844103285995,0.00953806943517821
2025-10-17 16:57:00,10/17-18,검증,0.5132907453968614,0.5034205946213419,0.009870150775519448
2025-10-17 16:58:00,10/17-18,검증,0.5081778527282592,0.4979674697407192,0.010210382987540012
2025-10-17 16:59:00,10/17-18,검증,0.5031167068591325,0.4925606119629704,0.01055609489616205
2025-10-17 17:00:00,10/17-18,검증,0.4987390828706729,0.4878713247360897,0.010867758134583239
2025-10-17 17:01:00,10/17-18,검증,0.4944356134476368,0.4832643468321574,0.011171266615479403
2025-10-17 17:02:00,10/17-18,검증,0.4883653942037676,0.4767484492044103,0.011616944999357337
2025-10-17 17:03:00,10/17-18,검증,0.4808732673727566,0.46868092093558644,0.012192346437170154
2025-10-17 17:04:00,10/17-18,검증,0.4708039676564356,0.4577795389979988,0.013024428658436837
2025-10-17 17:05:00,10/17-18,검증,0.4610096858214937,0.44716300870038095,0.01384667712111276
2025-10-17 17:06:00,10/17-18,검증,0.451354778957046,0.4366970711139219,0.01465770784312409
2025-10-17 17:07:00,10/17-18,검증,0.443610643870246,0.4284557301586762,0.015154913711569795
2025-10-17 17:08:00,10/17-18,검증,0.4367244663353107,0.42121963905622645,0.015504827279084255
2025-10-17 17:09:00,10/17-18,검증,0.431259892398098,0.415643357728138,0.015616534669959992
2025-10-17 17:10:00,10/17-18,검증,0.4268932374181758,0.4112998862688838,0.015593351149292
2025-10-17 17:11:00,10/17-18,검증,0.4231015660349946,0.407609988280601,0.015491577754393582
2025-10-17 17:12:00,10/17-18,검증,0.420367965561213,0.4050171970714923,0.015350768489720668
2025-10-17 17:13:00,10/17-18,검증,0.4180136063180285,0.40280574140268505,0.015207864915343428
2025-10-17 17:14:00,10/17-18,검증,0.4161657952600195,0.4010728469568685,0.015092948303151
2025-10-17 17:15:00,10/17-18,검증,0.4147442252263748,0.39972718572511656,0.015017039501258211
2025-10-17 17:16:00,10/17-18,검증,0.4135634105823977,0.39859954102660594,0.014963869555791764
2025-10-17 17:17:00,10/17-18,검증,0.4126762802110453,0.39771287214937096,0.014963408061674344
2025-10-17 17:18:00,10/17-18,검증,0.4119189507161684,0.3969441058648073,0.014974844851361135
2025-10-17 17:19:00,10/17-18,검증,0.4113667157772548,0.39636105856005843,0.015005657217196378
2025-10-17 17:20:00,10/17-18,검증,0.4109517808040644,0.3959141354790128,0.01503764532505164
2025-10-17 17:21:00,10/17-18,검증,0.410623321509592,0.39555459440841895,0.015068727101173074
2025-10-17 17:22:00,10/17-18,검증,0.4104238970268572,0.3953416171688101,0.01508227985804711
2025-10-17 17:23:00,10/17-18,검증,0.4102642913683361,0.39518022287058957,0.015084068497746517
2025-10-17 17:24:00,10/17-18,검증,0.4101786515941123,0.39511452994479157,0.01506412164932075
2025-10-17 17:25:00,10/17-18,검증,0.4101343346080611,0.39511397614694266,0.015020358461118433
2025-10-17 17:26:00,10/17-18,검증,0.4101214563477542,0.3951589229981897,0.014962533349564489
2025-10-17 17:27:00,10/17-18,검증,0.4101502001579128,0.39527508257333144,0.014875117584581377
2025-10-17 17:28:00,10/17-18,검증,0.4101891147591298,0.39541204885648934,0.01477706590264044
2025-10-17 17:29:00,10/17-18,검증,0.4102525745372702,0.395591482467925,0.014661092069345183
2025-10-17 17:30:00,10/17-18,검증,0.4103235100326411,0.39579071263137966,0.014532797401261455
2025-10-17 17:31:00,10/17-18,검증,0.410497988121816,0.3961034857057692,0.014394502416046784
2025-10-17 17:32:00,10/17-18,검증,0.4105811873297821,0.3963313779609454,0.014249809368836686
2025-10-17 17:33:00,10/17-18,검증,0.4106589889543929,0.39655582914298915,0.014103159811403754
2025-10-17 17:34:00,10/17-18,검증,0.4108334608962152,0.396883009770225,0.013950451125990193
2025-10-17 17:35:00,10/17-18,검증,0.410902286163881,0.39710185763809847,0.01380042852578256
2025-10-17 17:36:00,10/17-18,검증,0.4110632895161835,0.39741544583253263,0.013647843683650851
2025-10-17 17:37:00,10/17-18,검증,0.4111117791975261,0.3976123189736763,0.01349946022384979
2025-10-17 17:38:00,10/17-18,검증,0.411246768120732,0.3978969970922824,0.013349771028449642
2025-10-17 17:39:00,10/17-18,검증,0.4113751872933982,0.3981736290285991,0.01320155826479913
2025-10-17 17:40:00,10/17-18,검증,0.4114799871465368,0.3984254876125674,0.013054499533969366
2025-10-17 17:41:00,10/17-18,검증,0.4115850946842717,0.3986773024212643,0.012907792263007367
2025-10-17 17:42:00,10/17-18,검증,0.4116582186917457,0.39889794622514546,0.01276027246660022
2025-10-17 17:43:00,10/17-18,검증,0.4117331523125783,0.39912198317974373,0.012611169132834554
2025-10-17 17:44:00,10/17-18,검증,0.4117829772939282,0.3993237542434779,0.01245922305045033
2025-10-17 17:45:00,10/17-18,검증,0.4119196019806849,0.3996194438402848,0.012300158140400086
2025-10-17 17:46:00,10/17-18,검증,0.4119491256979532,0.3998103818027742,0.01213874389517905
2025-10-17 17:47:00,10/17-18,검증,0.4120498869561183,0.4000859891652074,0.011963897790910949
2025-10-17 17:48:00,10/17-18,검증,0.4120492397517422,0.4002668032568218,0.01178243649492039
2025-10-17 17:49:00,10/17-18,검증,0.4121281877829394,0.400541383827089,0.011586803955850433
2025-10-17 17:50:00,10/17-18,검증,0.4121921932987863,0.4008188122911023,0.011373381007684036
2025-10-17 17:51:00,10/17-18,검증,0.4122523115458054,0.4011029895463583,0.01114932199944707
2025-10-17 17:52:00,10/17-18,검증,0.4122876122681002,0.4013916393139688,0.010895972954131361
2025-10-17 17:53:00,10/17-18,검증,0.4123148343746104,0.4016861460869086,0.010628688287701804
2025-10-17 17:54:00,10/17-18,검증,0.4123256020587105,0.40198860820749593,0.01033699385121456
2025-10-17 17:55:00,10/17-18,검증,0.4123214088866312,0.402299444790979,0.010021964095652203
2025-10-17 17:56:00,10/17-18,검증,0.4123076257895576,0.4026138318142013,0.009693793975356302
2025-10-17 17:57:00,10/17-18,검증,0.4122719938904454,0.4029293298227829,0.009342664067662487
2025-10-17 17:58:00,10/17-18,검증,0.4123242141270739,0.40333524433140533,0.008988969795668544
2025-10-17 17:59:00,10/17-18,검증,0.4122624873490438,0.4036345458722167,0.008627941476827106
2025-10-17 18:00:00,10/17-18,검증,0.4188086174201945,0.4105128876044304,0.008295729815764097
2025-10-17 18:01:00,10/17-18,검증,0.4188788223950191,0.41000827511967036,0.00887054727534875
2025-10-17 18:02:00,10/17-18,검증,0.4099856511976894,0.401250296134493,0.008735355063196448
2025-10-17 18:03:00,10/17-18,검증,0.397605330753073,0.3898118083309847,0.007793522422088306
2025-10-17 18:04:00,10/17-18,검증,0.3944285826681665,0.3880516855849236,0.006376897083242905
2025-10-17 18:05:00,10/17-18,검증,0.4012675880177755,0.39621685259185613,0.005050735425919384
2025-10-17 18:06:00,10/17-18,검증,0.4120501058491709,0.40775599199104323,0.004294113858127668
2025-10-17 18:07:00,10/17-18,검증,0.4225216788798777,0.4183918693830838,0.004129809496793868
2025-10-17 18:08:00,10/17-18,검증,0.4312047085318652,0.42687374750471513,0.004330961027150082
2025-10-17 18:09:00,10/17-18,검증,0.4378232368401923,0.433122585898686,0.00470065094150629
2025-10-17 18:10:00,10/17-18,검증,0.4425374114456699,0.4374388433862722,0.005098568059397679
2025-10-17 18:11:00,10/17-18,검증,0.4456765191196087,0.44021404574196904,0.005462473377639665
2025-10-17 18:12:00,10/17-18,검증,0.4477006889849143,0.44192731767105703,0.005773371313857245
2025-10-17 18:13:00,10/17-18,검증,0.4489775092985828,0.4429503272873919,0.006027182011190901
2025-10-17 18:14:00,10/17-18,검증,0.4498080374425599,0.4435799950739468,0.006228042368613129
2025-10-17 18:15:00,10/17-18,검증,0.4503788388854755,0.44399748680795115,0.006381352077524327
2025-10-17 18:16:00,10/17-18,검증,0.4507307163273861,0.44424047589199106,0.006490240435395034
2025-10-17 18:17:00,10/17-18,검증,0.4509305369442129,0.44436849446136334,0.006562042482849584
2025-10-17 18:18:00,10/17-18,검증,0.4511162395917276,0.4445078418215692,0.00660839777015837
2025-10-17 18:19:00,10/17-18,검증,0.4511398189140496,0.44451088366586694,0.006628935248182644
2025-10-17 18:20:00,10/17-18,검증,0.4511883731442409,0.4445510517874712,0.006637321356769699
2025-10-17 18:21:00,10/17-18,검증,0.4511128586883889,0.4444803953267163,0.006632463361672614
2025-10-17 18:22:00,10/17-18,검증,0.4510914763824604,0.4444655858531281,0.006625890529332268
2025-10-17 18:23:00,10/17-18,검증,0.4510458287298096,0.4444282125933192,0.006617616136490367
2025-10-17 18:24:00,10/17-18,검증,0.4509796645607889,0.44436947800461174,0.006610186556177178
2025-10-17 18:25:00,10/17-18,검증,0.4508173258983063,0.44421513990282685,0.006602185995479459
2025-10-17 18:26:00,10/17-18,검증,0.4507369327234162,0.4441353674492431,0.006601565274173105
2025-10-17 18:27:00,10/17-18,검증,0.4506435277093588,0.4440386547595202,0.0066048729498385805
2025-10-17 18:28:00,10/17-18,검증,0.4505537404465905,0.44394108961277395,0.006612650833816569
2025-10-17 18:29:00,10/17-18,검증,0.4503689062685301,0.4437480973024481,0.006620808966082026
2025-10-17 18:30:00,10/17-18,검증,0.4502772690677826,0.4436413617840743,0.0066359072837082755
2025-10-17 18:31:00,10/17-18,검증,0.4501852541929533,0.443531511948007,0.0066537422449463035
2025-10-17 18:32:00,10/17-18,검증,0.450012205450261,0.4433414535294971,0.006670751920763884
2025-10-17 18:33:00,10/17-18,검증,0.4499296690117184,0.4432371987185218,0.006692470293196584
2025-10-17 18:34:00,10/17-18,검증,0.4497699025693791,0.44305748123559296,0.006712421333786134
2025-10-17 18:35:00,10/17-18,검증,0.4497044162793765,0.44296839661247495,0.0067360196669015715
2025-10-17 18:36:00,10/17-18,검증,0.4495604013482315,0.4428033788255204,0.006757022522711098
2025-10-17 18:37:00,10/17-18,검증,0.4494249445195736,0.44264682893999313,0.006778115579580468
2025-10-17 18:38:00,10/17-18,검증,0.4493004961906187,0.44250135409048685,0.0067991421001318275
2025-10-17 18:39:00,10/17-18,검증,0.4491884007631556,0.44236842185995845,0.0068199789031971325
2025-10-17 18:40:00,10/17-18,검증,0.4490937815123452,0.44225304272920635,0.006840738783138844
2025-10-17 18:41:00,10/17-18,검증,0.4490050858601463,0.4421440732959371,0.0068610125642092346
2025-10-17 18:42:00,10/17-18,검증,0.4489338853501569,0.4420527574283004,0.006881127921856467
2025-10-17 18:43:00,10/17-18,검증,0.4487880617893165,0.4418895651119954,0.00689849667732112
2025-10-17 18:44:00,10/17-18,검증,0.4487454374493461,0.44182717230395513,0.006918265145390956
2025-10-17 18:45:00,10/17-18,검증,0.4487101007829716,0.4417723978022704,0.006937702980701177
2025-10-17 18:46:00,10/17-18,검증,0.4486039645885921,0.4416491725866671,0.006954792001925003
2025-10-17 18:47:00,10/17-18,검증,0.448511592834583,0.4415396775519078,0.006971915282675156
2025-10-17 18:48:00,10/17-18,검증,0.4484303211617173,0.4414412717759923,0.006989049385725032
2025-10-17 18:49:00,10/17-18,검증,0.4483628255822356,0.44135654197689467,0.007006283605340946
2025-10-17 18:50:00,10/17-18,검증,0.4483077759169497,0.4412841479543453,0.007023627962604417
2025-10-17 18:51:00,10/17-18,검증,0.4482651767227123,0.44122409958090486,0.007041077141807461
2025-10-17 18:52:00,10/17-18,검증,0.44823124666773,0.44117266367960645,0.007058582988123563
2025-10-17 18:53:00,10/17-18,검증,0.4482059885127492,0.44112987593524083,0.007076112577508342
2025-10-17 18:54:00,10/17-18,검증,0.4481945261480892,0.4411007188183834,0.00709380732970577
2025-10-17 18:55:00,10/17-18,검증,0.4481061107009491,0.44099647337293296,0.007109637328016116
2025-10-17 18:56:00,10/17-18,검증,0.4481082224856486,0.4409808720803768,0.007127350405271793
2025-10-17 18:57:00,10/17-18,검증,0.44803717410285,0.4408938057504464,0.00714336835240359
2025-10-17 18:58:00,10/17-18,검증,0.4480593239823589,0.4408980967465882,0.0071612272357707285
2025-10-17 18:59:00,10/17-18,검증,0.4480045334188479,0.4408271842687832,0.0071773491500646824
2025-10-17 19:00:00,10/17-18,검증,0.4496814529760472,0.44245002463286137,0.007231428343185853
2025-10-17 19:01:00,10/17-18,검증,0.4583342433992535,0.451009893776517,0.007324349622736481
2025-10-17 19:02:00,10/17-18,검증,0.4819230867829977,0.47425174347829185,0.007671343304705869
2025-10-17 19:03:00,10/17-18,검증,0.5178701900006177,0.5092812039611427,0.008588986039475
2025-10-17 19:04:00,10/17-18,검증,0.5524337365576386,0.5424843231700438,0.009949413387594808
2025-10-17 19:05:00,10/17-18,검증,0.580027373378663,0.5688522584923792,0.011175114886283755
2025-10-17 19:06:00,10/17-18,검증,0.6026079210299451,0.5905927450907205,0.012015175939224632
2025-10-17 19:07:00,10/17-18,검증,0.6215842833098655,0.6090904169409408,0.012493866368924689
2025-10-17 19:08:00,10/17-18,검증,0.6372718531776771,0.6246199203906312,0.012651932787045905
2025-10-17 19:09:00,10/17-18,검증,0.650268893115163,0.6377126246037145,0.012556268511448532
2025-10-17 19:10:00,10/17-18,검증,0.6609675877948056,0.6486762514891472,0.012291336305658374
2025-10-17 19:11:00,10/17-18,검증,0.670028845181992,0.6580789411436407,0.011949904038351278
2025-10-17 19:12:00,10/17-18,검증,0.6775883696938374,0.6659976433209901,0.011590726372847304
2025-10-17 19:13:00,10/17-18,검증,0.6839502420473047,0.672691833664691,0.011258408382613716
2025-10-17 19:14:00,10/17-18,검증,0.6892237172910087,0.6782432675763677,0.010980449714641072
2025-10-17 19:15:00,10/17-18,검증,0.6937388152042891,0.682962514997185,0.010776300207104184
2025-10-17 19:16:00,10/17-18,검증,0.6974580641138621,0.6868082969779711,0.010649767135891053
2025-10-17 19:17:00,10/17-18,검증,0.7004959895646894,0.6898967538369172,0.010599235727772216
2025-10-17 19:18:00,10/17-18,검증,0.7031124499535251,0.6924927698242467,0.010619680129278386
2025-10-17 19:19:00,10/17-18,검증,0.7052115334377156,0.6945130153168383,0.010698518120877298
2025-10-17 19:20:00,10/17-18,검증,0.7069574163279104,0.6961328443406561,0.010824571987254283
2025-10-17 19:21:00,10/17-18,검증,0.7084006632341608,0.6974159084881567,0.010984754746004133
2025-10-17 19:22:00,10/17-18,검증,0.7095080323199001,0.6983432016719179,0.011164830647982238
2025-10-17 19:23:00,10/17-18,검증,0.7104781603831161,0.6991230146446763,0.011355145738439765
2025-10-17 19:24:00,10/17-18,검증,0.7111827028704985,0.6996400948702838,0.011542608000214671
2025-10-17 19:25:00,10/17-18,검증,0.7118198805557536,0.7000983386051647,0.011721541950588943
2025-10-17 19:26:00,10/17-18,검증,0.7122424759396941,0.7003603018992418,0.011882174040452331
2025-10-17 19:27:00,10/17-18,검증,0.7125570620912625,0.7005361318092166,0.012020930282045872
2025-10-17 19:28:00,10/17-18,검증,0.712862623510846,0.7007267370803894,0.0121358864304566
2025-10-17 19:29:00,10/17-18,검증,0.7130118781671544,0.700790032119533,0.012221846047621443
2025-10-17 19:30:00,10/17-18,검증,0.7130981664854228,0.7008185713980695,0.012279595087353323
2025-10-17 19:31:00,10/17-18,검증,0.7131389686643643,0.7008294372827087,0.01230953138165558
2025-10-17 19:32:00,10/17-18,검증,0.7131430235041842,0.7008303234315331,0.012312700072651173
2025-10-17 19:33:00,10/17-18,검증,0.7131190666491964,0.7008281817537415,0.012290884895454934
2025-10-17 19:34:00,10/17-18,검증,0.712996860019659,0.7007524075493454,0.012244452470313583
2025-10-17 19:35:00,10/17-18,검증,0.7129443157033437,0.7007651168796613,0.012179198823682458
2025-10-17 19:36:00,10/17-18,검증,0.7128855946807955,0.700789621246864,0.01209597343393154
2025-10-17 19:37:00,10/17-18,검증,0.7128350347058974,0.7008377044987939,0.011997330207103474
2025-10-17 19:38:00,10/17-18,검증,0.7127080487930568,0.7008239976687622,0.011884051124294581
2025-10-17 19:39:00,10/17-18,검증,0.7126738108983577,0.7009122623444953,0.011761548553862355
2025-10-17 19:40:00,10/17-18,검증,0.7126577056355397,0.7010273754879779,0.011630330147561763
2025-10-17 19:41:00,10/17-18,검증,0.7125751358620265,0.7010843982663867,0.011490737595639788
2025-10-17 19:42:00,10/17-18,검증,0.712513822441891,0.7011678447823454,0.011345977659545592
2025-10-17 19:43:00,10/17-18,검증,0.7125533428794026,0.7013547201234908,0.01119862275591188
2025-10-17 19:44:00,10/17-18,검증,0.7125338805987844,0.7014865265219039,0.011047354076880511
2025-10-17 19:45:00,10/17-18,검증,0.7125393725279263,0.7016449951737531,0.010894377354173201
2025-10-17 19:46:00,10/17-18,검증,0.7126413293798215,0.7018997461448934,0.010741583234928131
2025-10-17 19:47:00,10/17-18,검증,0.7126867506095453,0.7020992326703769,0.010587517939168456
2025-10-17 19:48:00,10/17-18,검증,0.7127483777574861,0.7023145954080454,0.010433782349440701
2025-10-17 19:49:00,10/17-18,검증,0.7128318053358609,0.7025507870500801,0.010281018285780763
2025-10-17 19:50:00,10/17-18,검증,0.7129270619865746,0.7027976762009077,0.010129385785666911
2025-10-17 19:51:00,10/17-18,검증,0.7130397414340319,0.703060283333378,0.009979458100653926
2025-10-17 19:52:00,10/17-18,검증,0.713166708080579,0.7033352289389884,0.00983147914159066
2025-10-17 19:53:00,10/17-18,검증,0.7133011241114855,0.7036154182501664,0.009685705861319116
2025-10-17 19:54:00,10/17-18,검증,0.7134454549394702,0.7039029616689646,0.009542493270505603
2025-10-17 19:55:00,10/17-18,검증,0.7135996961156277,0.7041976711520002,0.00940202496362752
2025-10-17 19:56:00,10/17-18,검증,0.7137551226089789,0.7044904993529635,0.009264623256015403
2025-10-17 19:57:00,10/17-18,검증,0.7139160936489994,0.7047855975578717,0.009130496091127704
2025-10-17 19:58:00,10/17-18,검증,0.7140770137858645,0.705077202110302,0.008999811675562519
2025-10-17 19:59:00,10/17-18,검증,0.7141613124528616,0.7052887502432008,0.008872562209660817
2025-10-17 20:00:00,10/17-18,검증,0.7143239427090782,0.7048596804877851,0.00946426222129304
2025-10-17 20:01:00,10/17-18,검증,0.7144876815824395,0.7044340073936681,0.010053674188771344
2025-10-17 20:02:00,10/17-18,검증,0.7146519515675902,0.7046678125969762,0.00998413897061401
2025-10-17 20:03:00,10/17-18,검증,0.7148031080426338,0.7051801416468569,0.009622966395776866
2025-10-17 20:04:00,10/17-18,검증,0.7149436973919432,0.7058589174750618,0.009084779916881391
2025-10-17 20:05:00,10/17-18,검증,0.7149922041258754,0.7065392145930002,0.00845298953287521
2025-10-17 20:06:00,10/17-18,검증,0.7151863666486036,0.7073944795008503,0.007791887147753251
2025-10-17 20:07:00,10/17-18,검증,0.7152853348601704,0.7081375617183855,0.007147773141784941
2025-10-17 20:08:00,10/17-18,검증,0.7153687464269451,0.7088146333080814,0.00655411311886378
2025-10-17 20:09:00,10/17-18,검증,0.7154521284735531,0.7094197260557242,0.006032402417828875
2025-10-17 20:10:00,10/17-18,검증,0.7155354810067605,0.7099408090570756,0.005594671949684882
2025-10-17 20:11:00,10/17-18,검증,0.7157040323201844,0.7104597152681956,0.0052443170519888005
2025-10-17 20:12:00,10/17-18,검증,0.7158090107662123,0.7108274162828957,0.004981594483316587
2025-10-17 20:13:00,10/17-18,검증,0.715923237382194,0.7111232741970325,0.004799963185161515
2025-10-17 20:14:00,10/17-18,검증,0.7161338197107183,0.7114447628499034,0.004689056860814889
2025-10-17 20:15:00,10/17-18,검증,0.716283278142984,0.7116422000674503,0.004641078075533711
2025-10-17 20:16:00,10/17-18,검증,0.7164388574658425,0.7117951467120311,0.004643710753811314
2025-10-17 20:17:00,10/17-18,검증,0.7166851953347921,0.7120007409070148,0.004684454427777318
2025-10-17 20:18:00,10/17-18,검증,0.7168617041686511,0.7121062041560855,0.004755500012565639
2025-10-17 20:19:00,10/17-18,검증,0.7170375171529659,0.7121910225837579,0.0048464945692080486
2025-10-17 20:20:00,10/17-18,검증,0.7172941556617518,0.7123461486083403,0.004948007053411474
2025-10-17 20:21:00,10/17-18,검증,0.7174654703342074,0.7124092508107815,0.005056219523425831
2025-10-17 20:22:00,10/17-18,검증,0.7176317519183715,0.7124671558523917,0.005164596065979743
2025-10-17 20:23:00,10/17-18,검증,0.7177861971676529,0.7125166463105033,0.005269550857149641
2025-10-17 20:24:00,10/17-18,검증,0.718011559816004,0.7126441498605504,0.005367409955453595
2025-10-17 20:25:00,10/17-18,검증,0.7181392409077785,0.7126801410767775,0.005459099831001013
2025-10-17 20:26:00,10/17-18,검증,0.7182606750409064,0.7127180136705888,0.005542661370317559
2025-10-17 20:27:00,10/17-18,검증,0.7184406638674785,0.712823238356214,0.00561742551126454
2025-10-17 20:28:00,10/17-18,검증,0.7185341338227318,0.7128482554080475,0.0056858784146842645
2025-10-17 20:29:00,10/17-18,검증,0.7186089944612988,0.7128609614931568,0.0057480329681419695
2025-10-17 20:30:00,10/17-18,검증,0.7187535684300836,0.7129497187242457,0.005803849705837916
2025-10-17 20:31:00,10/17-18,검증,0.718809168944279,0.7129526957045824,0.005856473239696625
2025-10-17 20:32:00,10/17-18,검증,0.7189320249936704,0.7130269761612436,0.005905048832426818
2025-10-17 20:33:00,10/17-18,검증,0.7189683759722962,0.7130159298633728,0.005952446108923426
2025-10-17 20:34:00,10/17-18,검증,0.719075093795932,0.713077449093767,0.005997644702165017
2025-10-17 20:35:00,10/17-18,검증,0.7191755918035159,0.7131332734134531,0.006042318390062751
2025-10-17 20:36:00,10/17-18,검증,0.7191914643132107,0.7131038350317742,0.0060876292814364685
2025-10-17 20:37:00,10/17-18,검증,0.7192832755409357,0.7131508768902003,0.006132398650735449
2025-10-17 20:38:00,10/17-18,검증,0.7192929242526154,0.7131146445414492,0.006178279711166135
2025-10-17 20:39:00,10/17-18,검증,0.719377283351424,0.7131533585827777,0.006223924768646305
2025-10-17 20:40:00,10/17-18,검증,0.7194640994827424,0.7131941954748584,0.006269904007883964
2025-10-17 20:41:00,10/17-18,검증,0.7194662913067917,0.713149266985916,0.006317024320875775
2025-10-17 20:42:00,10/17-18,검증,0.7195499935828606,0.7131865125221738,0.006363481060686849
2025-10-17 20:43:00,10/17-18,검증,0.7196293553259832,0.7132193652671024,0.006409990058880766
2025-10-17 20:44:00,10/17-18,검증,0.7197099433222538,0.7132537550655146,0.006456188256739215
2025-10-17 20:45:00,10/17-18,검증,0.7197102444064629,0.7132075454923906,0.006502698914072291
2025-10-17 20:46:00,10/17-18,검증,0.7197920550155816,0.7132442036555834,0.006547851359998247
2025-10-17 20:47:00,10/17-18,검증,0.7198738603501029,0.7132815988851201,0.006592261464982818
2025-10-17 20:48:00,10/17-18,검증,0.7199568916783567,0.7133210542976932,0.006635837380663534
2025-10-17 20:49:00,10/17-18,검증,0.7200399176576395,0.7133615477620598,0.006678369895579683
2025-10-17 20:50:00,10/17-18,검증,0.720046992986995,0.7133265570493892,0.006720435937605851
2025-10-17 20:51:00,10/17-18,검증,0.7201300097591525,0.7133691553418903,0.006760854417262263
2025-10-17 20:52:00,10/17-18,검증,0.7202142523393911,0.7134140347707743,0.006800217568616818
2025-10-17 20:53:00,10/17-18,검증,0.7202984894972573,0.7134600630184321,0.006838426478825155
2025-10-17 20:54:00,10/17-18,검증,0.7203870534427572,0.7135115253274312,0.006875528115325991
2025-10-17 20:55:00,10/17-18,검증,0.7203910045042048,0.7134788641158799,0.006912140388324883
2025-10-17 20:56:00,10/17-18,검증,0.7204795586966679,0.7135323679361861,0.006947190760481781
2025-10-17 20:57:00,10/17-18,검증,0.7205650064399227,0.713583737023763,0.00698126941615973
2025-10-17 20:58:00,10/17-18,검증,0.7206535489548525,0.7136391424405859,0.007014406514266547
2025-10-17 20:59:00,10/17-18,검증,0.7207433164396313,0.7136966729294624,0.007046643510168926
2025-10-17 21:00:00,10/17-18,검증,0.7210563552381659,0.7138509937375754,0.007205361500590479
2025-10-17 21:01:00,10/17-18,검증,0.7217116212780068,0.7143458811279981,0.007365740150008682
2025-10-17 21:02:00,10/17-18,검증,0.7218130566555159,0.7144035982833041,0.007409458372211741
2025-10-17 21:03:00,10/17-18,검증,0.7205037727456716,0.7131936496019657,0.007310123143705827
2025-10-17 21:04:00,10/17-18,검증,0.7177138035636577,0.7107150202902086,0.00699878327344905
2025-10-17 21:05:00,10/17-18,검증,0.7144382531854945,0.7077609613362169,0.006677291849277567
2025-10-17 21:06:00,10/17-18,검증,0.711421670768934,0.7048963712133757,0.0065252995555583615
2025-10-17 21:07:00,10/17-18,검증,0.7089616934598675,0.7023616286992532,0.006600064760614255
2025-10-17 21:08:00,10/17-18,검증,0.7071074641901238,0.7002409453164836,0.006866518873640204
2025-10-17 21:09:00,10/17-18,검증,0.7056865235058585,0.6984237818271922,0.007262741678666251
2025-10-17 21:10:00,10/17-18,검증,0.7048274443767542,0.6971020385015507,0.007725405875203428
2025-10-17 21:11:00,10/17-18,검증,0.7044671585043258,0.6962655593424762,0.008201599161849593
2025-10-17 21:12:00,10/17-18,검증,0.7043828083461934,0.6957320014514738,0.008650806894719532
2025-10-17 21:13:00,10/17-18,검증,0.7045965796409621,0.6955515714562336,0.009045008184728531
2025-10-17 21:14:00,10/17-18,검증,0.7051287252933292,0.695759345469205,0.009369379824124113
2025-10-17 21:15:00,10/17-18,검증,0.7057822270611498,0.6961641974818525,0.00961802957929725
2025-10-17 21:16:00,10/17-18,검증,0.7066760566164496,0.6968820060184724,0.009794050597977222
2025-10-17 21:17:00,10/17-18,검증,0.7077003192379974,0.6977954273656949,0.00990489187230248
2025-10-17 21:18:00,10/17-18,검증,0.7088304970383972,0.6988685026203365,0.009961994418060671
2025-10-17 21:19:00,10/17-18,검증,0.7100421018288621,0.7000638528018457,0.009978249027016384
2025-10-17 21:20:00,10/17-18,검증,0.7113262402007998,0.7013592162313474,0.009967023969452371
2025-10-17 21:21:00,10/17-18,검증,0.7126672458326857,0.7027267124978845,0.00994053333480116
2025-10-17 21:22:00,10/17-18,검증,0.7140499099800284,0.7041403210675213,0.009909588912507039
2025-10-17 21:23:00,10/17-18,검증,0.7154773244653259,0.7055943306562474,0.009882993809078422
2025-10-17 21:24:00,10/17-18,검증,0.7170093460275448,0.7071414220022244,0.00986792402532044
2025-10-17 21:25:00,10/17-18,검증,0.7184865232799371,0.7086187412729105,0.009867782007026649
2025-10-17 21:26:00,10/17-18,검증,0.7200666752536566,0.7101803421393469,0.009886333114309753
2025-10-17 21:27:00,10/17-18,검증,0.7215846704243905,0.7116614362505096,0.009923234173880857
2025-10-17 21:28:00,10/17-18,검증,0.7231153600085221,0.7131366790394323,0.009978680969089715
2025-10-17 21:29:00,10/17-18,검증,0.7247321567176122,0.7146805267949836,0.010051629922628535
2025-10-17 21:30:00,10/17-18,검증,0.7262772944213103,0.7161384924883372,0.010138801932973118
2025-10-17 21:31:00,10/17-18,검증,0.7279038178209907,0.7176650803578994,0.01023873746309123
2025-10-17 21:32:00,10/17-18,검증,0.729528396701328,0.7191802544476467,0.010348142253681303
2025-10-17 21:33:00,10/17-18,검증,0.7310730879186409,0.7206094456619672,0.010463642256673733
2025-10-17 21:34:00,10/17-18,검증,0.7326876275138814,0.7221036032209742,0.010584024292907168
2025-10-17 21:35:00,10/17-18,검증,0.7342226162006338,0.7235168727460722,0.010705743454561545
2025-10-17 21:36:00,10/17-18,검증,0.7358216503965203,0.7249933223493654,0.010828328047154834
2025-10-17 21:37:00,10/17-18,검증,0.7374069662968228,0.7264573766831014,0.010949589613721389
2025-10-17 21:38:00,10/17-18,검증,0.7389054334783518,0.7278378959344568,0.011067537543895
2025-10-17 21:39:00,10/17-18,검증,0.7404655560966948,0.729282410011331,0.01118314608536386
2025-10-17 21:40:00,10/17-18,검증,0.7419392031688796,0.7306450295437366,0.011294173625143067
2025-10-17 21:41:00,10/17-18,검증,0.7434676084780476,0.7320656705941155,0.011401937883932067
2025-10-17 21:42:00,10/17-18,검증,0.7449812917118039,0.7334755188783769,0.01150577283342702
2025-10-17 21:43:00,10/17-18,검증,0.7464047569733863,0.7348001837885153,0.011604573184870959
2025-10-17 21:44:00,10/17-18,검증,0.747886944015212,0.7361863620341487,0.011700581981063385
2025-10-17 21:45:00,10/17-18,검증,0.7493490524862834,0.7375561626771592,0.011792889809124185
2025-10-17 21:46:00,10/17-18,검증,0.7508464620833897,0.7389189766529228,0.011927485430466844
2025-10-17 21:47:00,10/17-18,검증,0.7522079318745767,0.7401954627667925,0.012012469107784196
2025-10-17 21:48:00,10/17-18,검증,0.7536331067901916,0.741537365620148,0.012095741170043528
2025-10-17 21:49:00,10/17-18,검증,0.7550414983302662,0.7428652442182614,0.012176254112004847
2025-10-17 21:50:00,10/17-18,검증,0.7563621100972873,0.7441090317493242,0.012253078347963076
2025-10-17 21:51:00,10/17-18,검증,0.757743775019821,0.7454153031958191,0.012328471824001985
2025-10-17 21:52:00,10/17-18,검증,0.7591153291259116,0.7467136871265532,0.012401641999358448
2025-10-17 21:53:00,10/17-18,검증,0.7604745214824336,0.7480020473976166,0.012472474084816998
2025-10-17 21:54:00,10/17-18,검증,0.7617509253842836,0.7492110375764373,0.012539887807846317
2025-10-17 21:55:00,10/17-18,검증,0.7630878967274382,0.750481710115314,0.012606186612124204
2025-10-17 21:56:00,10/17-18,검증,0.7644137220366345,0.7517434494006513,0.012670272635983193
2025-10-17 21:57:00,10/17-18,검증,0.7657327047666329,0.7530004815701127,0.012732223196520231
2025-10-17 21:58:00,10/17-18,검증,0.766968444258695,0.7541777995103914,0.012790644748303603
2025-10-17 21:59:00,10/17-18,검증,0.7682696693122084,0.7554215700167849,0.01284809929542352
2025-10-17 22:00:00,10/17-18,검증,0.7751082300097558,0.7602358844177359,0.014872345592019887
2025-10-17 22:01:00,10/17-18,검증,0.7685305451707938,0.7501733074208182,0.018357237749975552
2025-10-17 22:02:00,10/17-18,검증,0.7704644458532239,0.7507906682752922,0.01967377757793176
2025-10-17 22:03:00,10/17-18,검증,0.7875968190043849,0.7663056879113789,0.021291131093006066
2025-10-17 22:04:00,10/17-18,검증,0.7974794792127742,0.7756981746647916,0.02178130454798255
2025-10-17 22:05:00,10/17-18,검증,0.7926056462317499,0.7748509403996476,0.017754705832102258
2025-10-17 22:06:00,10/17-18,검증,0.7819638009552745,0.7710028235769149,0.01096097737835966
2025-10-17 22:07:00,10/17-18,검증,0.7721188289176799,0.7673354389111852,0.004783390006494748
2025-10-17 22:08:00,10/17-18,검증,0.7645232932035007,0.7637166138396076,0.0008066793638930037
2025-10-17 22:09:00,10/17-18,검증,0.7588617804173245,0.7599268979988377,-0.0010651175815131753
2025-10-17 22:10:00,10/17-18,검증,0.754863087921017,0.7562975394266805,-0.0014344515056635698
2025-10-17 22:11:00,10/17-18,검증,0.7523983297824528,0.753131094653059,-0.0007327648706062506
2025-10-17 22:12:00,10/17-18,검증,0.7508707579391238,0.7503132119441105,0.0005575459950133421
2025-10-17 22:13:00,10/17-18,검증,0.749960910896273,0.7478755571451768,0.0020853537510961973
2025-10-17 22:14:00,10/17-18,검증,0.7495068507074603,0.7458978772751266,0.003608973432333684
2025-10-17 22:15:00,10/17-18,검증,0.7492679757338339,0.7442838921420839,0.004984083591749955
2025-10-17 22:16:00,10/17-18,검증,0.7492256888221318,0.7430974001085751,0.006128288713556751
2025-10-17 22:17:00,10/17-18,검증,0.7492924018701126,0.7422839131391826,0.007008488730929963
2025-10-17 22:18:00,10/17-18,검증,0.7494247983145534,0.741801191324307,0.007623606990246445
2025-10-17 22:19:00,10/17-18,검증,0.749488029819589,0.7414927766349931,0.007995253184595819
2025-10-17 22:20:00,10/17-18,검증,0.7496326749585978,0.7414760794164301,0.008156595542167633
2025-10-17 22:21:00,10/17-18,검증,0.7496708928595157,0.7415206854834665,0.008150207376049212
2025-10-17 22:22:00,10/17-18,검증,0.7497580474055541,0.7417393357939004,0.008018711611653684
2025-10-17 22:23:00,10/17-18,검증,0.7497231728154865,0.7419181782611302,0.007804994554356348
2025-10-17 22:24:00,10/17-18,검증,0.7497445490312764,0.7421990202814004,0.007545528749876018
2025-10-17 22:25:00,10/17-18,검증,0.7497379552963572,0.7424656863115482,0.007272268984809038
2025-10-17 22:26:00,10/17-18,검증,0.7496287267776651,0.7426178096586963,0.00701091711896884
2025-10-17 22:27:00,10/17-18,검증,0.7495903703371136,0.7428127483739743,0.0067776219631393575
2025-10-17 22:28:00,10/17-18,검증,0.7495421769687631,0.7429575441622948,0.006584632806468371
2025-10-17 22:29:00,10/17-18,검증,0.749421563306097,0.7429828227051883,0.0064387406009086545
2025-10-17 22:30:00,10/17-18,검증,0.7493851838291814,0.7430459336612347,0.006339250167946675
2025-10-17 22:31:00,10/17-18,검증,0.7493631482587733,0.743078332941858,0.006284815316915271
2025-10-17 22:32:00,10/17-18,검증,0.7493554567410603,0.7430845053885394,0.0062709513525208704
2025-10-17 22:33:00,10/17-18,검증,0.7492791297052268,0.7429867074005476,0.0062924223046791905
2025-10-17 22:34:00,10/17-18,검증,0.7492991359442225,0.7429587953190315,0.006340340625190954
2025-10-17 22:35:00,10/17-18,검증,0.7493347487765611,0.7429258635467285,0.006408885229832628
2025-10-17 22:36:00,10/17-18,검증,0.7493017199730954,0.7428091144424024,0.006492605530692974
2025-10-17 22:37:00,10/17-18,검증,0.7493554642824873,0.7427713414942201,0.006584122788267255
2025-10-17 22:38:00,10/17-18,검증,0.749426075507114,0.7427468676123253,0.006679207894788708
2025-10-17 22:39:00,10/17-18,검증,0.7494172148919598,0.7426419319974857,0.006775282894474044
2025-10-17 22:40:00,10/17-18,검증,0.7494903469777427,0.7426225848873155,0.006867762090427276
2025-10-17 22:41:00,10/17-18,검증,0.7495695186564051,0.7426137929494313,0.006955725706973781
2025-10-17 22:42:00,10/17-18,검증,0.7495692167686037,0.7425300780030489,0.007039138765554731
2025-10-17 22:43:00,10/17-18,검증,0.749644864708366,0.7425289295028961,0.0071159352054699365
2025-10-17 22:44:00,10/17-18,검증,0.749723035829684,0.7425360078285852,0.0071870280010988274
2025-10-17 22:45:00,10/17-18,검증,0.7497951598281658,0.7425419975013968,0.00725316232676898
2025-10-17 22:46:00,10/17-18,검증,0.7497842961694166,0.7424686218529857,0.007315674316430876
2025-10-17 22:47:00,10/17-18,검증,0.749849383930298,0.7424753988891535,0.007373985041144504
2025-10-17 22:48:00,10/17-18,검증,0.749909690101171,0.7424800471410467,0.007429642960124383
2025-10-17 22:49:00,10/17-18,검증,0.7499677425088775,0.7424843562729508,0.007483386235926703
2025-10-17 22:50:00,10/17-18,검증,0.7500245289133038,0.742488500273797,0.007536028639506864
2025-10-17 22:51:00,10/17-18,검증,0.7499935520637677,0.7424047915376237,0.0075887605261439894
2025-10-17 22:52:00,10/17-18,검증,0.7500433064892478,0.7424026078791783,0.007640698610069441
2025-10-17 22:53:00,10/17-18,검증,0.7500895449457059,0.742396821413278,0.007692723532427892
2025-10-17 22:54:00,10/17-18,검증,0.7501357818969554,0.7423905828860484,0.007745199010906978
2025-10-17 22:55:00,10/17-18,검증,0.7501785033841311,0.7423803857016936,0.007798117682437433
2025-10-17 22:56:00,10/17-18,검증,0.750216446234675,0.7423647704588204,0.00785167577585455
2025-10-17 22:57:00,10/17-18,검증,0.750256915082236,0.7423511608731495,0.007905754209086568
2025-10-17 22:58:00,10/17-18,검증,0.7502973828556068,0.742336762758016,0.007960620097590798
2025-10-17 22:59:00,10/17-18,검증,0.7503330725360635,0.7423165846944029,0.008016487841660647
2025-10-17 23:00:00,10/17-18,검증,0.7510950205680613,0.743045863621995,0.008049156946066338
2025-10-17 23:01:00,10/17-18,검증,0.7558104958907783,0.747372016118349,0.008438479772429286
2025-10-17 23:02:00,10/17-18,검증,0.7769049241543358,0.7663890454057651,0.010515878748570628
2025-10-17 23:03:00,10/17-18,검증,0.8115292922003403,0.7948401438128017,0.016689148387538655
2025-10-17 23:04:00,10/17-18,검증,0.8409764066139107,0.8160858979687999,0.024890508645110776
2025-10-17 23:05:00,10/17-18,검증,0.8618239892046202,0.8311874138476967,0.030636575356923545
2025-10-17 23:06:00,10/17-18,검증,0.8784451858115794,0.8454343307272159,0.03301085508436352
2025-10-17 23:07:00,10/17-18,검증,0.8922974173325113,0.8594061962059143,0.03289122112659704
2025-10-17 23:08:00,10/17-18,검증,0.9034757650121665,0.8723931891730451,0.03108257583912144
2025-10-17 23:09:00,10/17-18,검증,0.9125778728777509,0.8844402488139612,0.028137624063789723
2025-10-17 23:10:00,10/17-18,검증,0.9200956055429903,0.8950673204147637,0.025028285128226635
2025-10-17 23:11:00,10/17-18,검증,0.9262653881002054,0.9041726339829048,0.022092754117300606
2025-10-17 23:12:00,10/17-18,검증,0.9314158620591788,0.9126079795143686,0.01880788254481025
2025-10-17 23:13:00,10/17-18,검증,0.9356149564741998,0.9203118869819527,0.015303069492247134
2025-10-17 23:14:00,10/17-18,검증,0.9391535991735267,0.9272143795037825,0.011939219669744205
2025-10-17 23:15:00,10/17-18,검증,0.941928490425493,0.9329486786275405,0.008979811797952486
2025-10-17 23:16:00,10/17-18,검증,0.9442526376092548,0.9377027065484633,0.006549931060791492
2025-10-17 23:17:00,10/17-18,검증,0.946054337964118,0.9413780265066887,0.004676311457429305
2025-10-17 23:18:00,10/17-18,검증,0.9475516700493882,0.9442198434246666,0.0033318266247216455
2025-10-17 23:19:00,10/17-18,검증,0.9486584276048431,0.9461906317840928,0.002467795820750296
2025-10-17 23:20:00,10/17-18,검증,0.949492314383727,0.947470011111133,0.002022303272594006
2025-10-17 23:21:00,10/17-18,검증,0.950102491188177,0.9481705429361382,0.0019319482520387954
2025-10-17 23:22:00,10/17-18,검증,0.9505184636231248,0.9483824796084032,0.0021359840147215925
2025-10-17 23:23:00,10/17-18,검증,0.950781215676689,0.9482032875417246,0.002577928134964491
2025-10-17 23:24:00,10/17-18,검증,0.950831676096694,0.9476230305761844,0.00320864552050959
2025-10-17 23:25:00,10/17-18,검증,0.9508508904514985,0.9468695530954843,0.003981337356014247
2025-10-17 23:26:00,10/17-18,검증,0.9507675881462341,0.9459087565319912,0.004858831614242831
2025-10-17 23:27:00,10/17-18,검증,0.9506073600147358,0.9447987929806618,0.005808567034073953
2025-10-17 23:28:00,10/17-18,검증,0.9503338514750166,0.973067355673899,-0.022733504198882426
2025-10-17 23:29:00,10/17-18,검증,0.9500446500518742,0.9564156108620121,-0.006370960810137882
2025-10-17 23:30:00,10/17-18,검증,0.9497028586215785,0.9387309069855364,0.010971951636042143
2025-10-17 23:31:00,10/17-18,검증,0.9492906921177586,0.9086635190345523,0.04062717308320629
2025-10-17 23:32:00,10/17-18,검증,0.9488227958047297,0.9351604449488967,0.013662350855833005
2025-10-17 23:33:00,10/17-18,검증,0.9484437921756141,0.9359772571086515,0.012466535066962603
2025-10-17 23:34:00,10/17-18,검증,0.9480201273404245,0.935186368921989,0.012833758418435481
2025-10-17 23:35:00,10/17-18,검증,0.9475157493507782,0.9340845285710349,0.013431220779743347
2025-10-17 23:36:00,10/17-18,검증,0.94702306438431,0.9329802762168665,0.014042788167443532
2025-10-17 23:37:00,10/17-18,검증,0.9464984796842844,0.9319111196173854,0.01458736006689898
2025-10-17 23:38:00,10/17-18,검증,0.945950006559009,0.9309050131645061,0.015044993394502826
2025-10-17 23:39:00,10/17-18,검증,0.9453990021560756,0.9299893197200115,0.01540968243606411
2025-10-17 23:40:00,10/17-18,검증,0.9447642256457993,0.929086484862289,0.015677740783510363
2025-10-17 23:41:00,10/17-18,검증,0.9442057452966948,0.9283549362778999,0.015850809018794876
2025-10-17 23:42:00,10/17-18,검증,0.9436539777683906,0.927724714200277,0.015929263568113528
2025-10-17 23:43:00,10/17-18,검증,0.9430331124031608,0.9271186076387534,0.015914504764407367
2025-10-17 23:44:00,10/17-18,검증,0.9425002592332279,0.9266873836917855,0.015812875541442395
2025-10-17 23:45:00,10/17-18,검증,0.9419827127436675,0.9263538801121047,0.015628832631562783
2025-10-17 23:46:00,10/17-18,검증,0.9414046174236936,0.9260356499337529,0.015368967489940766
2025-10-17 23:47:00,10/17-18,검증,0.940914624931593,0.9258704712983484,0.015044153633244517
2025-10-17 23:48:00,10/17-18,검증,0.940370756327314,0.9257080473510728,0.014662708976241223
2025-10-17 23:49:00,10/17-18,검증,0.9399193376424924,0.9256821450119269,0.014237192630565443
2025-10-17 23:50:00,10/17-18,검증,0.9394097519222273,0.9256328099434004,0.013776941978826951
2025-10-17 23:51:00,10/17-18,검증,0.9389981605892026,0.9257033696355053,0.013294790953697344
2025-10-17 23:52:00,10/17-18,검증,0.9385307917007442,0.9257309037970753,0.012799887903668816
2025-10-17 23:53:00,10/17-18,검증,0.9380781057290903,0.9257754099118037,0.012302695817286602
2025-10-17 23:54:00,10/17-18,검증,0.9377270931441397,0.9259148100572475,0.011812283086892195
2025-10-17 23:55:00,10/17-18,검증,0.9373159951966636,0.9259810797702109,0.011334915426452707
2025-10-17 23:56:00,10/17-18,검증,0.9370023275824391,0.926124732118554,0.010877595463885115
2025-10-17 23:57:00,10/17-18,검증,0.9366309581803518,0.9261868100784458,0.01044414810190597
2025-10-17 23:58:00,10/17-18,검증,0.9362748142588024,0.926236932992799,0.010037881266003468
2025-10-17 23:59:00,10/17-18,검증,0.9360173627382304,0.9263562677974395,0.009661094940790926
2025-10-18 00:00:00,10/17-18,검증,0.9356935968751885,0.9264662332191573,0.009227363656031162
2025-10-18 00:01:00,10/17-18,검증,0.9353893649970895,0.9266286758804022,0.00876068911668726
2025-10-18 00:02:00,10/17-18,검증,0.935097281439331,0.9266923220307524,0.00840495940857866
2025-10-18 00:03:00,10/17-18,검증,0.9348910769694161,0.9267642487141777,0.00812682825523836
2025-10-18 00:04:00,10/17-18,검증,0.9346221123165013,0.9267143458467239,0.007907766469777422
2025-10-18 00:05:00,10/17-18,검증,0.9344414510736594,0.9267067529271179,0.0077346981465414855
2025-10-18 00:06:00,10/17-18,검증,0.9341980110162433,0.9265993968512678,0.007598614164975537
2025-10-18 00:07:00,10/17-18,검증,0.9339581382655715,0.926467405581709,0.007490732683862467
2025-10-18 00:08:00,10/17-18,검증,0.9338035105662417,0.9264001962495149,0.007403314316726806
2025-10-18 00:09:00,10/17-18,검증,0.9335774813175628,0.9262464729851732,0.0073310083323896436
2025-10-18 00:10:00,10/17-18,검증,0.9334355198305853,0.9261674062109603,0.007268113619624983
2025-10-18 00:11:00,10/17-18,검증,0.9332221376989853,0.9260104817406599,0.0072116559583254025
2025-10-18 00:12:00,10/17-18,검증,0.933088547823802,0.9259301496297571,0.007158398194044957
2025-10-18 00:13:00,10/17-18,검증,0.9328780226172784,0.9257702964269894,0.007107726190288988
2025-10-18 00:14:00,10/17-18,검증,0.9327473093978005,0.9256890680391858,0.007058241358614659
2025-10-18 00:15:00,10/17-18,검증,0.9325439385620913,0.9255331283647883,0.007010810197302986
2025-10-18 00:16:00,10/17-18,검증,0.9324130048574362,0.9254472967102493,0.006965708147186889
2025-10-18 00:17:00,10/17-18,검증,0.9322844622781368,0.9253603901920798,0.006924072086056943
2025-10-18 00:18:00,10/17-18,검증,0.9320746421146373,0.9251867635595646,0.0068878785550726684
2025-10-18 00:19:00,10/17-18,검증,0.9319434799690605,0.9250862614362446,0.006857218532815845
2025-10-18 00:20:00,10/17-18,검증,0.9318068131185286,0.932077363433,-0.0002705503144713184
2025-10-18 00:21:00,10/17-18,검증,0.9316389507624088,0.929773322083203,0.0018656286792058108
2025-10-18 00:22:00,10/17-18,검증,0.9315137622010656,0.9223352950900283,0.009178467111037314
2025-10-18 00:23:00,10/17-18,검증,0.931410960538563,0.9164527600380751,0.014958200500487906
2025-10-18 00:24:00,10/17-18,검증,0.9312185414536058,0.9240325754313365,0.007185966022269286
2025-10-18 00:25:00,10/17-18,검증,0.9311175723526701,0.9335480922293928,-0.0024305198767227143
2025-10-18 00:26:00,10/17-18,검증,0.9309808564580171,0.9247377966087242,0.0062430598492928535
2025-10-18 00:27:00,10/17-18,검증,0.9308930185453881,0.9176488712823925,0.01324414726299561
2025-10-18 00:28:00,10/17-18,검증,0.9307782867523497,0.9247086039928069,0.006069682759542894
2025-10-18 00:29:00,10/17-18,검증,0.9305993628870488,0.927000199499273,0.0035991633877757723
2025-10-18 00:30:00,10/17-18,검증,0.9305508716001665,0.9187367599002296,0.011814111699936847
2025-10-18 00:31:00,10/17-18,검증,0.9304370205535064,0.928131005041891,0.002306015511615356
2025-10-18 00:32:00,10/17-18,검증,0.9302788698553182,0.922876250027927,0.00740261982739121
2025-10-18 00:33:00,10/17-18,검증,0.9301615050742165,0.9177442367998254,0.012417268274391047
2025-10-18 00:34:00,10/17-18,검증,0.9300146348941456,0.9303075052941738,-0.0002928704000282334
2025-10-18 00:35:00,10/17-18,검증,0.9299290405840117,0.9221786291346722,0.007750411449339523
2025-10-18 00:36:00,10/17-18,검증,0.9298231565891537,0.9151604461377273,0.01466271045142642
2025-10-18 00:37:00,10/17-18,검증,0.9296935659584893,0.9287087885606617,0.000984777397827541
2025-10-18 00:38:00,10/17-18,검증,0.9295835641269603,0.9257476275308542,0.0038359365961061487
2025-10-18 00:39:00,10/17-18,검증,0.9294668618740665,0.9167660258391026,0.012700836034963858
2025-10-18 00:40:00,10/17-18,검증,0.9293813549309622,0.9156949883572448,0.013686366573717357
2025-10-18 00:41:00,10/17-18,검증,0.929289645106163,0.9310760312445657,-0.0017863861384027624
2025-10-18 00:42:00,10/17-18,검증,0.9291942335969736,0.9241611324197324,0.005033101177241206
2025-10-18 00:43:00,10/17-18,검증,0.9290983154454215,0.9152898790108489,0.013808436434572635
2025-10-18 00:44:00,10/17-18,검증,0.9290113910170499,0.9142701037863149,0.014741287230734978
2025-10-18 00:45:00,10/17-18,검증,0.9289249717390544,0.9299005936960548,-0.0009756219570004054
2025-10-18 00:46:00,10/17-18,검증,0.928830050430923,0.9230145211447757,0.0058155292861473695
2025-10-18 00:47:00,10/17-18,검증,0.9287444185027973,0.914099736212991,0.01464468228980631
2025-10-18 00:48:00,10/17-18,검증,0.9286538764630052,0.9168054046351459,0.011848471827859308
2025-10-18 00:49:00,10/17-18,검증,0.9285621465741265,0.9273038155751605,0.0012583309989659952
2025-10-18 00:50:00,10/17-18,검증,0.9284943241397978,0.9176464860407163,0.01084783809908152
2025-10-18 00:51:00,10/17-18,검증,0.9284192793433841,0.912394850810463,0.016024428532921076
2025-10-18 00:52:00,10/17-18,검증,0.9282889063759612,0.9273273217630709,0.0009615846128903094
2025-10-18 00:53:00,10/17-18,검증,0.9281999702694945,0.9207725397446141,0.007427430524880374
2025-10-18 00:54:00,10/17-18,검증,0.9281843647505101,0.9119937254515079,0.01619063929900222
2025-10-18 00:55:00,10/17-18,검증,0.9280829920752327,0.9224888565054578,0.0055941355697749495
2025-10-18 00:56:00,10/17-18,검증,0.9280005527745587,0.9202846629085508,0.007715889866007908
2025-10-18 00:57:00,10/17-18,검증,0.9278991709162261,0.9120139378045891,0.01588523311163703
2025-10-18 00:58:00,10/17-18,검증,0.927870857696351,0.9254655041602006,0.0024053535361504563
2025-10-18 00:59:00,10/17-18,검증,0.9277857153661104,0.9223193524697513,0.005466362896359156
2025-10-18 01:00:00,10/17-18,검증,0.9276042543116347,0.9126245185210947,0.014979735790540016
2025-10-18 01:01:00,10/17-18,검증,0.9269793674802624,0.9145663890158169,0.012412978464445557
2025-10-18 01:02:00,10/17-18,검증,0.9201981294367787,0.9195967301740957,0.0006013992626829889
2025-10-18 01:03:00,10/17-18,검증,0.9042475528849891,0.8992015577513721,0.005045995133617032
2025-10-18 01:04:00,10/17-18,검증,0.8864906059205011,0.8827775697322683,0.003713036188232821
2025-10-18 01:05:00,10/17-18,검증,0.8707077000527588,0.8795443142216861,-0.008836614168927337
2025-10-18 01:06:00,10/17-18,검증,0.8558140159163861,0.8628623975035958,-0.007048381587209773
2025-10-18 01:07:00,10/17-18,검증,0.8411855862873785,0.84649173500904,-0.005306148721661463
2025-10-18 01:08:00,10/17-18,검증,0.8274508593518737,0.8311116536075823,-0.0036607942557086437
2025-10-18 01:09:00,10/17-18,검증,0.8148916745530226,0.8171603695217399,-0.0022686949687172886
2025-10-18 01:10:00,10/17-18,검증,0.8032609486060958,0.8042640246681487,-0.0010030760620529655
2025-10-18 01:11:00,10/17-18,검증,0.7926671781433843,0.7925797393650132,8.743877837102954e-05
2025-10-18 01:12:00,10/17-18,검증,0.7832343325823039,0.7822873093767763,0.0009470232055276417
2025-10-18 01:13:00,10/17-18,검증,0.7747288237526198,0.7730117950649981,0.0017170286876216911
2025-10-18 01:14:00,10/17-18,검증,0.7672888221832856,0.757981348965032,0.009307473218253648
2025-10-18 01:15:00,10/17-18,검증,0.7607012497164019,0.7454737781698656,0.015227471546536253
2025-10-18 01:16:00,10/17-18,검증,0.7551193346658422,0.7454551327432964,0.009664201922545801
2025-10-18 01:17:00,10/17-18,검증,0.7503337189947101,0.7446028235017426,0.005730895492967569
2025-10-18 01:18:00,10/17-18,검증,0.7462933130802265,0.7357070561098656,0.010586256970360863
2025-10-18 01:19:00,10/17-18,검증,0.742923015687821,0.7320363904130371,0.010886625274783901
2025-10-18 01:20:00,10/17-18,검증,0.7400139362147768,0.7336999218751528,0.0063140143396240855
2025-10-18 01:21:00,10/17-18,검증,0.7376960918575528,0.7286651200842754,0.009030971773277385
2025-10-18 01:22:00,10/17-18,검증,0.7359522028920193,0.7287133363970892,0.007238866494930107
2025-10-18 01:23:00,10/17-18,검증,0.734565490405239,0.7254109649509789,0.009154525454260098
2025-10-18 01:24:00,10/17-18,검증,0.733594570749085,0.7285571218597537,0.00503744888933122
2025-10-18 01:25:00,10/17-18,검증,0.7329654805838841,0.7252194790217107,0.007746001562173421
2025-10-18 01:26:00,10/17-18,검증,0.7326513100070728,0.7253643277552271,0.007286982251845764
2025-10-18 01:27:00,10/17-18,검증,0.732561894789598,0.724133442044351,0.00842845274524695
2025-10-18 01:28:00,10/17-18,검증,0.7327224323187878,0.721442092725928,0.01128033959285979
2025-10-18 01:29:00,10/17-18,검증,0.7330556892893989,0.7255909425706144,0.0074647467187844985
2025-10-18 01:30:00,10/17-18,검증,0.7336091627594066,0.7260803673920885,0.007528795367318097
2025-10-18 01:31:00,10/17-18,검증,0.7342929258017044,0.7266302477495123,0.007662678052192007
2025-10-18 01:32:00,10/17-18,검증,0.7349915713000483,0.7271661534519177,0.007825417848130622
2025-10-18 01:33:00,10/17-18,검증,0.735831747891087,0.7278303901300327,0.008001357761054262
2025-10-18 01:34:00,10/17-18,검증,0.7367140289078968,0.7285327221472323,0.00818130676066453
2025-10-18 01:35:00,10/17-18,검증,0.7375388310789439,0.7291795367613981,0.008359294317545785
2025-10-18 01:36:00,10/17-18,검증,0.7384423824084387,0.7299124722445504,0.008529910163888377
2025-10-18 01:37:00,10/17-18,검증,0.7393445728117936,0.7306535879490632,0.008690984862730344
2025-10-18 01:38:00,10/17-18,검증,0.7402224695367126,0.7313812724459774,0.008841197090735164
2025-10-18 01:39:00,10/17-18,검증,0.741072587422448,0.7320926334265422,0.008979953995905787
2025-10-18 01:40:00,10/17-18,검증,0.7418876525946119,0.7327802784617192,0.009107374132892643
2025-10-18 01:41:00,10/17-18,검증,0.7426641931667259,0.7334400423342018,0.009224150832524147
2025-10-18 01:42:00,10/17-18,검증,0.7434761470789866,0.7341453734397201,0.009330773639266488
2025-10-18 01:43:00,10/17-18,검증,0.7441659211623799,0.7347372835336299,0.009428637628750014
2025-10-18 01:44:00,10/17-18,검증,0.7448160394095837,0.7352976724058462,0.009518367003737538
2025-10-18 01:45:00,10/17-18,검증,0.7454157292117012,0.7358149619497337,0.009600767261967458
2025-10-18 01:46:00,10/17-18,검증,0.7460556976652961,0.7363790921042142,0.009676605561081963
2025-10-18 01:47:00,10/17-18,검증,0.7465737172762419,0.7368271835702038,0.009746533706038063
2025-10-18 01:48:00,10/17-18,검증,0.7470449216786026,0.7372337663153304,0.00981115536327215
2025-10-18 01:49:00,10/17-18,검증,0.7475624742473723,0.7376917339753175,0.009870740272054812
2025-10-18 01:50:00,10/17-18,검증,0.7479617121655882,0.7380359923284288,0.009925719837159397
2025-10-18 01:51:00,10/17-18,검증,0.7484060420360432,0.7384295905984708,0.00997645143757242
2025-10-18 01:52:00,10/17-18,검증,0.7487381531712094,0.7387150664241402,0.010023086747069199
2025-10-18 01:53:00,10/17-18,검증,0.7491201218711947,0.739054094559578,0.010066027311616654
2025-10-18 01:54:00,10/17-18,검증,0.7493899237379735,0.7392847160647192,0.01010520767325429
2025-10-18 01:55:00,10/17-18,검증,0.7497178431364886,0.7395768240876271,0.010141019048861444
2025-10-18 01:56:00,10/17-18,검증,0.7499396642641667,0.7397661555915972,0.010173508672569498
2025-10-18 01:57:00,10/17-18,검증,0.7501338628843472,0.7399308701921868,0.010202992692160406
2025-10-18 01:58:00,10/17-18,검증,0.7503934497109024,0.7401637958879416,0.010229653822960816
2025-10-18 01:59:00,10/17-18,검증,0.7505539854608849,0.7403004493553722,0.010253536105512717
2025-10-18 02:00:00,10/17-18,검증,0.7506562701507113,0.74039525516721,0.010261014983501293
